                                       1                                        2                                        3                                        4                                        5                                        6                                        7                                        8                                        9                                       10                                       11                                       12                                       13                                       14                                       15                                       16                                       17                                       18                                       19                                       20                                       21                                       22                                       23                                       24                                       25                                       26                                       27                                       28                                       29                                       30                                       31                                       32                                       33                                       34                                       35                                       36                                       37                                       38                                       39                                       40                                       41                                       42                                       43                                       44                                       45                                       46                                       47                                       48                                       49                                       50                                       51                                       52 
                            model_number                                num_zones                             initial_mass                                initial_z                                 star_age                                time_step                                     Teff                            photosphere_L                            photosphere_r                               center_eta                                center_h1                               center_he3                               center_he4                               center_c12                               center_n14                               center_o16                              center_ne20                                star_mass                                star_mdot                             star_mass_h1                            star_mass_he3                            star_mass_he4                            star_mass_c12                            star_mass_n14                            star_mass_o16                           star_mass_ne20                             he_core_mass                              c_core_mass                              o_core_mass                             si_core_mass                             fe_core_mass                   neutron_rich_core_mass                               tau10_mass                             tau10_radius                              tau100_mass                            tau100_radius                             dynamic_time                             kh_timescale                            nuc_timescale                           power_nuc_burn                             power_h_burn                            power_he_burn                                power_neu                                burn_min1                                burn_min2                             time_seconds                           version_number                                 compiler                                    build                         MESA_SDK_version                             math_backend                                     date 
                                     138                                      411                  1.0000000000000000E+000                  2.0000000000000000E-002                  4.8019427687373674E+004                  3.5467639936079718E+003                  4.3715124881782940E+003                  1.5472911637075862E+001                  6.8672271406437781E+000                 -6.0392801903917306E+000                  6.9999999999999996E-001                  2.9797635251139983E-005                  2.7997020236474884E-001                  4.1193902129486454E-003                  1.2067031330276047E-003                  1.1203876416666529E-002                  2.5129237964844941E-003                  9.9999916800195676E-001                 -4.5921502300832883E-012                  6.9999941760136963E-001                  2.9797610459565747E-005                  2.7996996943008806E-001                  4.1193867856240450E-003                  1.2067021290529589E-003                  1.1203867095063283E-002                  2.5129217057368119E-003                  0.0000000000000000E+000                  0.0000000000000000E+000                  0.0000000000000000E+000                  0.0000000000000000E+000                  0.0000000000000000E+000                  0.0000000000000000E+000                  9.9999910660179780E-001                  6.8564796363591993E+000                  9.9999907908172103E-001                  6.8528999031923368E+000                  1.8017970466566720E+005                  2.2091507801235720E+005                  6.4629023383406389E+008                  4.9290091910979115E-012                  4.9290091910979115E-012                  0.0000000000000000E+000                  1.9719502349230653E-013                  5.0000000000000000E+001                  1.0000000000000000E+003                  1.5154043011039807E+012                                  "12778"                               "gfortran"                                  "9.2.0"                    "x86_64-linux-20.3.2"                                 "CRMATH"                               "20260329" 

                                       1                                        2                                        3                                        4                                        5                                        6                                        7                                        8                                        9                                       10                                       11                                       12                                       13                                       14                                       15                                       16                                       17                                       18                                       19                                       20                                       21                                       22                                       23                                       24                                       25                                       26                                       27                                       28                                       29                                       30                                       31                                       32                                       33                                       34                                       35                                       36                                       37                                       38                                       39                                       40                                       41                                       42                                       43                                       44                                       45                                       46                                       47                                       48                                       49                                       50                                       51                                       52                                       53                                       54                                       55                                       56 
                                    mass                                   radius                               luminosity                                 pressure                                   logRho                                     logT                                   energy                                  entropy                                       cp                                   gamma1                                    grada                                       mu                                   free_e                                       ye                                     pgas                                     prad                                    gradr                                    gradT                                 velocity                                 conv_vel                                  opacity                                  eps_nuc                                       pp                                      cno                                 tri_alfa                        eps_nuc_neu_total                              non_nuc_neu                                 eps_grav                                       h1                                      he3                                      he4                                      c12                                      n14                                      o16                                     ne20                                     mg24                                     si28                                      s32                                     ar36                                     ca40                                     ti44                                     cr48                                     fe52                                     fe54                                     fe56                                     ni56                                      eta                                log_omega                                    v_rot                                    j_rot                           dynamo_log_B_r                         dynamo_log_B_phi                               log_D_conv                               log_D_semi                                log_D_ovr                               log_D_thrm 
                 9.9999916800195676E-001                  6.8672271406437781E+000                  1.5472911637075862E+001                  9.1128074432892827E+003                 -7.4857790942884535E+000                  3.6406329230965957E+000                  1.9210454619714387E+012                  1.9687149170275550E+001                  1.6880981808033288E+008                  1.6274827423794307E+000                  3.8206836375044673E-001                  1.2984804904245308E+000                  3.5188631342802760E-004                  8.5000496627254174E-001                  9.1118864352481760E+003                  9.2100804110737389E-001                  1.2500769825865693E-001                  1.2500769825865693E-001                  0.0000000000000000E+000                  0.0000000000000000E+000                  4.2522056404090715E-002                  4.7929184469585963E-027                  4.7929184469585963E-027                  0.0000000000000000E+000                  0.0000000000000000E+000                  1.9174845399837389E-028                  0.0000000000000000E+000                 -1.1566715780787340E+000                  7.0000000000000007E-001                  2.9797635251138946E-005                  2.7997020236474879E-001                  4.1193902129486445E-003                  1.2067031330276049E-003                  1.1203876416666527E-002                  2.5129237964844936E-003                  9.5710644087274640E-004                  0.0000000000000000E+000                  0.0000000000000000E+000                  0.0000000000000000E+000                  0.0000000000000000E+000                  0.0000000000000000E+000                  0.0000000000000000E+000                  0.0000000000000000E+000                  0.0000000000000000E+000                  0.0000000000000000E+000                  0.0000000000000000E+000                 -1.8883940585774617E+001                 -9.8999999999999986E+001                  0.0000000000000000E+000                  0.0000000000000000E+000                 -9.8999999999999986E+001                 -9.8999999999999986E+001                 -9.9000000000000000E+001                 -9.9000000000000000E+001                 -9.9000000000000000E+001                 -9.9000000000000000E+001 
                 9.9999916800095678E-001                  6.8672268359285153E+000                  1.5472911637076463E+001                  9.1135122599704137E+003                 -7.4857492495866893E+000                  3.6406371221438052E+000                  1.9210499456293992E+012                  1.9687090423556690E+001                  1.6880905873657545E+008                  1.6274849655203536E+000                  3.8206935946569931E-001                  1.2984828584406070E+000                  3.5156374898642696E-004                  8.5000496627254174E-001                  9.1125912163089506E+003                  9.2104366146352612E-001                  1.2501236242433089E-001                  1.2501236242433089E-001                  0.0000000000000000E+000                  0.0000000000000000E+000                  4.2525965009294599E-002                  4.7932478848307214E-027                  4.7932478848307221E-027                  0.0000000000000000E+000                  0.0000000000000000E+000                  1.9176163369324450E-028                  0.0000000000000000E+000                 -1.1565112068530501E+000                  7.0000000000000007E-001                  2.9797635251138946E-005                  2.7997020236474879E-001                  4.1193902129486445E-003                  1.2067031330276049E-003                  1.1203876416666527E-002                  2.5129237964844936E-003                  9.5710644087274629E-004                  0.0000000000000000E+000                  0.0000000000000000E+000                  0.0000000000000000E+000                  0.0000000000000000E+000                  0.0000000000000000E+000                  0.0000000000000000E+000                  0.0000000000000000E+000                  0.0000000000000000E+000                  0.0000000000000000E+000                  0.0000000000000000E+000                 -1.8884734099290938E+001                 -9.8999999999999986E+001                  0.0000000000000000E+000                  0.0000000000000000E+000                 -9.8999999999999986E+001                 -9.8999999999999986E+001                 -9.9000000000000000E+001                 -9.9000000000000000E+001                 -9.9000000000000000E+001                 -9.9000000000000000E+001 
                 9.9999916799845678E-001                  6.8672260741925406E+000                  1.5472911637077960E+001                  9.1145191413903249E+003                 -7.4857066194969688E+000                  3.6406431212539978E+000                  1.9210563512914575E+012                  1.9687006517564377E+001                  1.6880797379409993E+008                  1.6274881426359928E+000                  3.8207078247884468E-001                  1.2984862401043413E+000                  3.5110360853230085E-004                  8.5000496627254174E-001                  9.1135980468362504E+003                  9.2109455407488872E-001                  1.2503568378184246E-001                  1.2503568378184246E-001                  0.0000000000000000E+000                  0.0000000000000000E+000                  4.2531548989400932E-002                  4.7937184922550654E-027                  4.7937184922550654E-027                  0.0000000000000000E+000                  0.0000000000000000E+000                  1.9178046110436347E-028                  0.0000000000000000E+000                 -1.1562663405659068E+000                  7.0000000000000007E-001                  2.9797635251138946E-005                  2.7997020236474879E-001                  4.1193902129486445E-003                  1.2067031330276049E-003                  1.1203876416666527E-002                  2.5129237964844936E-003                  9.5710644087274629E-004                  0.0000000000000000E+000                  0.0000000000000000E+000                  0.0000000000000000E+000                  0.0000000000000000E+000                  0.0000000000000000E+000                  0.0000000000000000E+000                  0.0000000000000000E+000                  0.0000000000000000E+000                  0.0000000000000000E+000                  0.0000000000000000E+000                 -1.8885867358787543E+001                 -9.8999999999999986E+001                  0.0000000000000000E+000                  0.0000000000000000E+000                 -9.8999999999999986E+001                 -9.8999999999999986E+001                 -9.9000000000000000E+001                 -9.9000000000000000E+001                 -9.9000000000000000E+001                 -9.9000000000000000E+001 
                 9.9999916799595689E-001                  6.8672253125311356E+000                  1.5472911637079454E+001                  9.1160294641902019E+003                 -7.4856426854500651E+000                  3.6406521205764637E+000                  1.9210659603480374E+012                  1.9686880696095809E+001                  1.6880634613008153E+008                  1.6274929104754818E+000                  3.8207291801994253E-001                  1.2984913099572606E+000                  3.5041486020669679E-004                  8.5000496627254174E-001                  9.1151082932863610E+003                  9.2117090384033684E-001                  1.2505900609056034E-001                  1.2505900609056034E-001                  0.0000000000000000E+000                  0.0000000000000000E+000                  4.2539925393504513E-002                  4.7944243676101285E-027                  4.7944243676101285E-027                  0.0000000000000000E+000                  0.0000000000000000E+000                  1.9180870078954717E-028                  0.0000000000000000E+000                 -1.1558991382496495E+000                  7.0000000000000007E-001                  2.9797635251138946E-005                  2.7997020236474879E-001                  4.1193902129486445E-003                  1.2067031330276049E-003                  1.1203876416666527E-002                  2.5129237964844936E-003                  9.5710644087274629E-004                  0.0000000000000000E+000                  0.0000000000000000E+000                  0.0000000000000000E+000                  0.0000000000000000E+000                  0.0000000000000000E+000                  0.0000000000000000E+000                  0.0000000000000000E+000                  0.0000000000000000E+000                  0.0000000000000000E+000                  0.0000000000000000E+000                 -1.8887566525378556E+001                 -9.8999999999999986E+001                  0.0000000000000000E+000                  0.0000000000000000E+000                 -9.8999999999999986E+001                 -9.8999999999999986E+001                 -9.9000000000000000E+001                 -9.9000000000000000E+001                 -9.9000000000000000E+001                 -9.9000000000000000E+001 
                 9.9999916799095689E-001                  6.8672237894321064E+000                  1.5472911637082447E+001                  9.1195535538497807E+003                 -7.4854935577349062E+000                  3.6406731220617541E+000                  1.9210883841046587E+012                  1.9686587288059943E+001                  1.6880254708512443E+008                  1.6275040455319605E+000                  3.8207790571069034E-001                  1.2985031272473320E+000                  3.4881458382623678E-004                  8.5000496627254174E-001                  9.1186322047458561E+003                  9.2134910392499070E-001                  1.2510565369282178E-001                  1.2510565369282178E-001                  0.0000000000000000E+000                  0.0000000000000000E+000                  4.2559472357477639E-002                  4.7960712430323157E-027                  4.7960712430323157E-027                  0.0000000000000000E+000                  0.0000000000000000E+000                  1.9187458670428500E-028                  0.0000000000000000E+000                 -1.1550427878681395E+000                  7.0000000000000007E-001                  2.9797635251138946E-005                  2.7997020236474879E-001                  4.1193902129486445E-003                  1.2067031330276049E-003                  1.1203876416666527E-002                  2.5129237964844936E-003                  9.5710644087274640E-004                  0.0000000000000000E+000                  0.0000000000000000E+000                  0.0000000000000000E+000                  0.0000000000000000E+000                  0.0000000000000000E+000                  0.0000000000000000E+000                  0.0000000000000000E+000                  0.0000000000000000E+000                  0.0000000000000000E+000                  0.0000000000000000E+000                 -1.8891527862202349E+001                 -9.8999999999999986E+001                  0.0000000000000000E+000                  0.0000000000000000E+000                 -9.8999999999999986E+001                 -9.8999999999999986E+001                 -9.9000000000000000E+001                 -9.9000000000000000E+001                 -9.9000000000000000E+001                 -9.9000000000000000E+001 
                 9.9999916797845689E-001                  6.8672199829889244E+000                  1.5472911637089924E+001                  9.1245879788111415E+003                 -7.4852806479861833E+000                  3.6407031359585171E+000                  1.9211204289102126E+012                  1.9686168583314814E+001                  1.6879711578322726E+008                  1.6275199826669273E+000                  3.8208504501139529E-001                  1.2985199784168815E+000                  3.4654495595254174E-004                  8.5000496627254174E-001                  9.1236663749759173E+003                  9.2160383522463796E-001                  1.2522228891675835E-001                  1.2522228891675835E-001                  0.0000000000000000E+000                  0.0000000000000000E+000                  4.2587403018807563E-002                  4.7984234687821760E-027                  4.7984234687821760E-027                  0.0000000000000000E+000                  0.0000000000000000E+000                  1.9196869129963665E-028                  0.0000000000000000E+000                 -1.1538205933415813E+000                  7.0000000000000007E-001                  2.9797635251138946E-005                  2.7997020236474879E-001                  4.1193902129486445E-003                  1.2067031330276049E-003                  1.1203876416666527E-002                  2.5129237964844936E-003                  9.5710644087274640E-004                  0.0000000000000000E+000                  0.0000000000000000E+000                  0.0000000000000000E+000                  0.0000000000000000E+000                  0.0000000000000000E+000                  0.0000000000000000E+000                  0.0000000000000000E+000                  0.0000000000000000E+000                  0.0000000000000000E+000                  0.0000000000000000E+000                 -1.8897178534432996E+001                 -9.8999999999999986E+001                  0.0000000000000000E+000                  0.0000000000000000E+000                 -9.8999999999999986E+001                 -9.8999999999999986E+001                 -9.9000000000000000E+001                 -9.9000000000000000E+001                 -9.9000000000000000E+001                 -9.9000000000000000E+001 
                 9.9999916796595678E-001                  6.8672161784070926E+000                  1.5472911637097392E+001                  9.1321396329881845E+003                 -7.4849615601259014E+000                  3.6407481732108522E+000                  1.9211685100578267E+012                  1.9685541472676000E+001                  1.6878896274197125E+008                  1.6275439422073368E+000                  3.8209577935097405E-001                  1.2985451881353836E+000                  3.4317646663348955E-004                  8.5000496627254174E-001                  9.1312176467846275E+003                  9.2198620355786731E-001                  1.2533894766978948E-001                  1.2533894766978948E-001                  0.0000000000000000E+000                  0.0000000000000000E+000                  4.2629309742658689E-002                  4.8019509101837879E-027                  4.8019509101837879E-027                  0.0000000000000000E+000                  0.0000000000000000E+000                  1.9210981229779984E-028                  0.0000000000000000E+000                 -1.1519897287259906E+000                  7.0000000000000007E-001                  2.9797635251138946E-005                  2.7997020236474879E-001                  4.1193902129486445E-003                  1.2067031330276049E-003                  1.1203876416666527E-002                  2.5129237964844936E-003                  9.5710644087274640E-004                  0.0000000000000000E+000                  0.0000000000000000E+000                  0.0000000000000000E+000                  0.0000000000000000E+000                  0.0000000000000000E+000                  0.0000000000000000E+000                  0.0000000000000000E+000                  0.0000000000000000E+000                  0.0000000000000000E+000                  0.0000000000000000E+000                 -1.8905636112118486E+001                 -9.8999999999999986E+001                  0.0000000000000000E+000                  0.0000000000000000E+000                 -9.8999999999999986E+001                 -9.8999999999999986E+001                 -9.9000000000000000E+001                 -9.9000000000000000E+001                 -9.9000000000000000E+001                 -9.9000000000000000E+001 
                 9.9999916794095689E-001                  6.8672085748194220E+000                  1.5472911637112304E+001                  9.1472430082334286E+003                 -7.4843243874482877E+000                  3.6408383148350212E+000                  1.9212647305473350E+012                  1.9684290726888587E+001                  1.6877263283102414E+008                  1.6275920643128163E+000                  3.8211734363092686E-001                  1.2985953623538207E+000                  3.3656714919208237E-004                  8.5000496627254174E-001                  9.1463202562467723E+003                  9.2275198665671232E-001                  1.2557233701230935E-001                  1.2557233701230935E-001                  0.0000000000000000E+000                  0.0000000000000000E+000                  4.2713164341080578E-002                  4.8090024661189950E-027                  4.8090024661189950E-027                  0.0000000000000000E+000                  0.0000000000000000E+000                  1.9239192119739071E-028                  0.0000000000000000E+000                 -1.1483368549843234E+000                  7.0000000000000007E-001                  2.9797635251138946E-005                  2.7997020236474879E-001                  4.1193902129486445E-003                  1.2067031330276049E-003                  1.1203876416666527E-002                  2.5129237964844936E-003                  9.5710644087274640E-004                  0.0000000000000000E+000                  0.0000000000000000E+000                  0.0000000000000000E+000                  0.0000000000000000E+000                  0.0000000000000000E+000                  0.0000000000000000E+000                  0.0000000000000000E+000                  0.0000000000000000E+000                  0.0000000000000000E+000                  0.0000000000000000E+000                 -1.8922483603469828E+001                 -9.8999999999999986E+001                  0.0000000000000000E+000                  0.0000000000000000E+000                 -9.8999999999999986E+001                 -9.8999999999999986E+001                 -9.9000000000000000E+001                 -9.9000000000000000E+001                 -9.9000000000000000E+001                 -9.9000000000000000E+001 
                 9.9999916789095689E-001                  6.8671933898884490E+000                  1.5472911637142033E+001                  9.1698982714830036E+003                 -7.4833711705788506E+000                  3.6409737352616656E+000                  1.9214092471589053E+012                  1.9682423612912508E+001                  1.6874806843065891E+008                  1.6276648016013948E+000                  3.8214995030278814E-001                  1.2986699941738555E+000                  3.2696524695861179E-004                  8.5000496627254174E-001                  9.1689743678590658E+003                  9.2390362393810843E-001                  1.2603938789488536E-001                  1.2603938789488536E-001                  0.0000000000000000E+000                  0.0000000000000000E+000                  4.2839061956381368E-002                  4.8195710057673849E-027                  4.8195710057673849E-027                  0.0000000000000000E+000                  0.0000000000000000E+000                  1.9281473271840604E-028                  0.0000000000000000E+000                 -1.1428801844326060E+000                  7.0000000000000007E-001                  2.9797635251138946E-005                  2.7997020236474879E-001                  4.1193902129486445E-003                  1.2067031330276049E-003                  1.1203876416666529E-002                  2.5129237964844936E-003                  9.5710644087274640E-004                  0.0000000000000000E+000                  0.0000000000000000E+000                  0.0000000000000000E+000                  0.0000000000000000E+000                  0.0000000000000000E+000                  0.0000000000000000E+000                  0.0000000000000000E+000                  0.0000000000000000E+000                  0.0000000000000000E+000                  0.0000000000000000E+000                 -1.8947580209439806E+001                 -9.8999999999999986E+001                  0.0000000000000000E+000                  0.0000000000000000E+000                 -9.8999999999999986E+001                 -9.8999999999999986E+001                 -9.9000000000000000E+001                 -9.9000000000000000E+001                 -9.9000000000000000E+001                 -9.9000000000000000E+001 
                 9.9999916782845688E-001                  6.8671744502460115E+000                  1.5472911637179019E+001                  9.1950710639070658E+003                 -7.4823156031469624E+000                  3.6411244898286648E+000                  1.9215700744087429E+012                  1.9680361896151879E+001                  1.6872068237119475E+008                  1.6277463863932289E+000                  3.8218653955181370E-001                  1.2987520106580792E+000                  3.1672127178940961E-004                  8.5000496627254174E-001                  9.1941458765511125E+003                  9.2518735595334312E-001                  1.2662369404751336E-001                  1.2662369404751336E-001                  0.0000000000000000E+000                  0.0000000000000000E+000                  4.2979106405547994E-002                  4.8313014353898909E-027                  4.8313014353898909E-027                  0.0000000000000000E+000                  0.0000000000000000E+000                  1.9328402752694774E-028                  0.0000000000000000E+000                 -1.1368488363837552E+000                  7.0000000000000007E-001                  2.9797635251138946E-005                  2.7997020236474879E-001                  4.1193902129486445E-003                  1.2067031330276049E-003                  1.1203876416666529E-002                  2.5129237964844936E-003                  9.5710644087274640E-004                  0.0000000000000000E+000                  0.0000000000000000E+000                  0.0000000000000000E+000                  0.0000000000000000E+000                  0.0000000000000000E+000                  0.0000000000000000E+000                  0.0000000000000000E+000                  0.0000000000000000E+000                  0.0000000000000000E+000                  0.0000000000000000E+000                 -1.8975211137693570E+001                 -9.8999999999999986E+001                  0.0000000000000000E+000                  0.0000000000000000E+000                 -9.8999999999999986E+001                 -9.8999999999999986E+001                 -9.9000000000000000E+001                 -9.9000000000000000E+001                 -9.9000000000000000E+001                 -9.9000000000000000E+001 
                 9.9999916776595688E-001                  6.8671555564770079E+000                  1.5472911637215807E+001                  9.2328306680935839E+003                 -7.4807390964081746E+000                  3.6413510278643115E+000                  1.9218116396694602E+012                  1.9677294405804762E+001                  1.6867947967276776E+008                  1.6278700524334635E+000                  3.8224203117362354E-001                  1.2988732044715494E+000                  3.0215494709229631E-004                  8.5000496627254174E-001                  9.2319035483259486E+003                  9.2711976763456638E-001                  1.2720854786065985E-001                  1.2720854786065985E-001                  0.0000000000000000E+000                  0.0000000000000000E+000                  4.3189420787500571E-002                  4.8488742076663580E-027                  4.8488742076663580E-027                  0.0000000000000000E+000                  0.0000000000000000E+000                  1.9398705470211702E-028                  0.0000000000000000E+000                 -1.1278617570780438E+000                  7.0000000000000007E-001                  2.9797635251138946E-005                  2.7997020236474879E-001                  4.1193902129486445E-003                  1.2067031330276049E-003                  1.1203876416666527E-002                  2.5129237964844936E-003                  9.5710644087274651E-004                  0.0000000000000000E+000                  0.0000000000000000E+000                  0.0000000000000000E+000                  0.0000000000000000E+000                  0.0000000000000000E+000                  0.0000000000000000E+000                  0.0000000000000000E+000                  0.0000000000000000E+000                  0.0000000000000000E+000                  0.0000000000000000E+000                 -1.9016137601607383E+001                 -9.8999999999999986E+001                  0.0000000000000000E+000                  0.0000000000000000E+000                 -9.8999999999999986E+001                 -9.8999999999999986E+001                 -9.9000000000000000E+001                 -9.9000000000000000E+001                 -9.9000000000000000E+001                 -9.9000000000000000E+001 
                 9.9999916764095709E-001                  6.8671179055506579E+000                  1.5472911637288805E+001                  9.3083515326928573E+003                 -7.4776107521296371E+000                  3.6418057592382085E+000                  1.9222960995804592E+012                  1.9671253852466350E+001                  1.6859663126773226E+008                  1.6281221398388814E+000                  3.8235525219815553E-001                  1.2991086659499971E+000                  2.7569690660852775E-004                  8.5000496627254174E-001                  9.3074205217909239E+003                  9.3101090193324099E-001                  1.2837982745239399E-001                  1.2837982745239399E-001                  0.0000000000000000E+000                  0.0000000000000000E+000                  4.3610965100293879E-002                  4.8839342741587403E-027                  4.8839342741587410E-027                  0.0000000000000000E+000                  0.0000000000000000E+000                  1.9538968936440097E-028                  0.0000000000000000E+000                 -1.1079645402914342E+000                  7.0000000000000007E-001                  2.9797635251138946E-005                  2.7997020236474879E-001                  4.1193902129486445E-003                  1.2067031330276049E-003                  1.1203876416666529E-002                  2.5129237964844936E-003                  9.5710644087274629E-004                  0.0000000000000000E+000                  0.0000000000000000E+000                  0.0000000000000000E+000                  0.0000000000000000E+000                  0.0000000000000000E+000                  0.0000000000000000E+000                  0.0000000000000000E+000                  0.0000000000000000E+000                  0.0000000000000000E+000                  0.0000000000000000E+000                 -1.9095992096509590E+001                 -9.8999999999999986E+001                  0.0000000000000000E+000                  0.0000000000000000E+000                 -9.8999999999999986E+001                 -9.8999999999999986E+001                 -9.9000000000000000E+001                 -9.9000000000000000E+001                 -9.9000000000000000E+001                 -9.9000000000000000E+001 
                 9.9999916739095718E-001                  6.8670431429453762E+000                  1.5472911637432224E+001                  9.4593998396237766E+003                 -7.4714514161798782E+000                  3.6427217699218422E+000                  1.9232700032675820E+012                  1.9659572564737040E+001                  1.6842962035191488E+008                  1.6286442148392501E+000                  3.8259010057782017E-001                  1.2995498241156671E+000                  2.3205332938601705E-004                  8.5000496627254174E-001                  9.4584609407691951E+003                  9.3889885458230748E-001                  1.3072795605169005E-001                  1.3072795605169005E-001                  0.0000000000000000E+000                  0.0000000000000000E+000                  4.4457336626724270E-002                  4.9537060622498206E-027                  4.9537060622498214E-027                  0.0000000000000000E+000                  0.0000000000000000E+000                  1.9818102258812457E-028                  0.0000000000000000E+000                 -1.0692315927654341E+000                  7.0000000000000007E-001                  2.9797635251138946E-005                  2.7997020236474879E-001                  4.1193902129486445E-003                  1.2067031330276049E-003                  1.1203876416666529E-002                  2.5129237964844936E-003                  9.5710644087274629E-004                  0.0000000000000000E+000                  0.0000000000000000E+000                  0.0000000000000000E+000                  0.0000000000000000E+000                  0.0000000000000000E+000                  0.0000000000000000E+000                  0.0000000000000000E+000                  0.0000000000000000E+000                  0.0000000000000000E+000                  0.0000000000000000E+000                 -1.9246878533706948E+001                 -9.8999999999999986E+001                  0.0000000000000000E+000                  0.0000000000000000E+000                 -9.8999999999999986E+001                 -9.8999999999999986E+001                 -9.9000000000000000E+001                 -9.9000000000000000E+001                 -9.9000000000000000E+001                 -9.9000000000000000E+001 
                 9.9999916689095780E-001                  6.8668957186236304E+000                  1.5472911637709036E+001                  9.8118761563664048E+003                 -7.4575649692756167E+000                  3.6448881585202515E+000                  1.9255612946228176E+012                  1.9634577352044147E+001                  1.6803896252390182E+008                  1.6299364297426364E+000                  3.8317256144267126E-001                  1.3004091615077455E+000                  1.6537612786955030E-004                  8.5000496627254174E-001                  9.8109183353465178E+003                  9.5782101988675883E-001                  1.3544046954501171E-001                  1.3544046954501171E-001                  0.0000000000000000E+000                  0.0000000000000000E+000                  4.6443188681344422E-002                  5.1146881387446592E-027                  5.1146881387446585E-027                  0.0000000000000000E+000                  0.0000000000000000E+000                  2.0462137091283882E-028                  0.0000000000000000E+000                 -9.8542756000138676E-001                  7.0000000000000007E-001                  2.9797635251139021E-005                  2.7997020236474884E-001                  4.1193902129486454E-003                  1.2067031330276049E-003                  1.1203876416666531E-002                  2.5129237964844941E-003                  9.5710644087274640E-004                  0.0000000000000000E+000                  0.0000000000000000E+000                  0.0000000000000000E+000                  0.0000000000000000E+000                  0.0000000000000000E+000                  0.0000000000000000E+000                  0.0000000000000000E+000                  0.0000000000000000E+000                  0.0000000000000000E+000                  0.0000000000000000E+000                 -1.9546276163094703E+001                 -9.8999999999999986E+001                  0.0000000000000000E+000                  0.0000000000000000E+000                 -9.8999999999999986E+001                 -9.8999999999999986E+001                 -9.9000000000000000E+001                 -9.9000000000000000E+001                 -9.9000000000000000E+001                 -9.9000000000000000E+001 
                 9.9999916564095881E-001                  6.8665387298147156E+000                  1.5472911638346826E+001                  1.0315518474183235E+004                 -7.4388766746438932E+000                  3.6480886159774673E+000                  1.9289166971609009E+012                  1.9605012015140616E+001                  1.6748338045267281E+008                  1.6319446264915967E+000                  3.8407820218650696E-001                  1.3012011257026714E+000                  1.2010607144738859E-004                  8.5000496627254152E-001                  1.0314531998933478E+004                  9.8647524975581302E-001                  1.4725197689863756E-001                  1.4725197689863756E-001                  0.0000000000000000E+000                  0.0000000000000000E+000                  4.9297579087193330E-002                  5.3396261457377632E-027                  5.3396261457377632E-027                  0.0000000000000000E+000                  0.0000000000000000E+000                  2.1362037967237978E-028                  0.0000000000000000E+000                 -8.7015725637241870E-001                  6.9999999999999996E-001                  2.9797635251139082E-005                  2.7997020236474884E-001                  4.1193902129486445E-003                  1.2067031330276047E-003                  1.1203876416666529E-002                  2.5129237964844936E-003                  9.5710644087274629E-004                  0.0000000000000000E+000                  0.0000000000000000E+000                  0.0000000000000000E+000                  0.0000000000000000E+000                  0.0000000000000000E+000                  0.0000000000000000E+000                  0.0000000000000000E+000                  0.0000000000000000E+000                  0.0000000000000000E+000                  0.0000000000000000E+000                 -1.9832935223786656E+001                 -9.8999999999999986E+001                  0.0000000000000000E+000                  0.0000000000000000E+000                 -9.8999999999999986E+001                 -9.8999999999999986E+001                 -9.9000000000000000E+001                 -9.9000000000000000E+001                 -9.9000000000000000E+001                 -9.9000000000000000E+001 
                 9.9999916439095982E-001                  6.8661967420914403E+000                  1.5472911638910011E+001                  1.1071132472034533E+004                 -7.4130374621407622E+000                  3.6530148077536437E+000                  1.9340266359085615E+012                  1.9571958220853741E+001                  1.6671333442554602E+008                  1.6349917170007575E+000                  3.8545610326810947E-001                  1.3015885779324972E+000                  1.0076856490514941E-004                  8.5000496627254152E-001                  1.1070100207609323E+004                  1.0322644252092659E+000                  1.5893219465495056E-001                  1.5893219465495056E-001                  0.0000000000000000E+000                  0.0000000000000000E+000                  5.3498460466729403E-002                  5.6670217995027358E-027                  5.6670217995027358E-027                  0.0000000000000000E+000                  0.0000000000000000E+000                  2.2671837229470806E-028                  0.0000000000000000E+000                 -7.3073286501865697E-001                  6.9999999999999996E-001                  2.9797635251139082E-005                  2.7997020236474884E-001                  4.1193902129486445E-003                  1.2067031330276047E-003                  1.1203876416666529E-002                  2.5129237964844936E-003                  9.5710644087274629E-004                  0.0000000000000000E+000                  0.0000000000000000E+000                  0.0000000000000000E+000                  0.0000000000000000E+000                  0.0000000000000000E+000                  0.0000000000000000E+000                  0.0000000000000000E+000                  0.0000000000000000E+000                  0.0000000000000000E+000                  0.0000000000000000E+000                 -1.9992756054413650E+001                 -9.8999999999999986E+001                  0.0000000000000000E+000                  0.0000000000000000E+000                 -9.8999999999999986E+001                 -9.8999999999999986E+001                 -9.9000000000000000E+001                 -9.9000000000000000E+001                 -9.9000000000000000E+001                 -9.9000000000000000E+001 
                 9.9999916189096194E-001                  6.8655521815731424E+000                  1.5472911639855905E+001                  1.2582928060012300E+004                 -7.3677198907579964E+000                  3.6632522745703704E+000                  1.9445857178682288E+012                  1.9521268465239718E+001                  1.6542181330905205E+008                  1.6402481136898948E+000                  3.8788780788634936E-001                  1.3015019808951163E+000                  1.0001951193911277E-004                  8.5000496627254152E-001                  1.2581793726330392E+004                  1.1343336819086636E+000                  1.8118738277547281E-001                  1.8118738277547281E-001                  0.0000000000000000E+000                  0.0000000000000000E+000                  6.1402468718432961E-002                  6.2904434230469812E-027                  6.2904434230469819E-027                  0.0000000000000000E+000                  0.0000000000000000E+000                  2.5165936259781478E-028                  0.0000000000000000E+000                 -5.1686497258783015E-001                  6.9999999999999996E-001                  2.9797635251139143E-005                  2.7997020236474890E-001                  4.1193902129486445E-003                  1.2067031330276047E-003                  1.1203876416666531E-002                  2.5129237964844941E-003                  9.5710644087274629E-004                  0.0000000000000000E+000                  0.0000000000000000E+000                  0.0000000000000000E+000                  0.0000000000000000E+000                  0.0000000000000000E+000                  0.0000000000000000E+000                  0.0000000000000000E+000                  0.0000000000000000E+000                  0.0000000000000000E+000                  0.0000000000000000E+000                 -2.0000004190939364E+001                 -9.8999999999999986E+001                  0.0000000000000000E+000                  0.0000000000000000E+000                 -9.8999999999999986E+001                 -9.8999999999999986E+001                 -9.9000000000000000E+001                 -9.9000000000000000E+001                 -9.9000000000000000E+001                 -9.9000000000000000E+001 
                 9.9999915689096597E-001                  6.8643904912180487E+000                  1.5472911641194010E+001                  1.4290683946693653E+004                 -7.3245436264382837E+000                  3.6753340447755787E+000                  1.9572212695187207E+012                  1.9473221861097972E+001                  1.6436120067545095E+008                  1.6442867228536950E+000                  3.8982402057295928E-001                  1.3014599224861469E+000                  1.0005093861026559E-004                  8.5000496627254185E-001                  1.4289416096595338E+004                  1.2678500983147061E+000                  2.2083415831918382E-001                  2.2083415831918382E-001                  0.0000000000000000E+000                  0.0000000000000000E+000                  6.9642648534123802E-002                  6.9481046583512063E-027                  6.9481046583512063E-027                  0.0000000000000000E+000                  0.0000000000000000E+000                  2.7797016394495548E-028                  0.0000000000000000E+000                 -3.2893648790794383E-001                  7.0000000000000007E-001                  2.9797635251139204E-005                  2.7997020236474890E-001                  4.1193902129486445E-003                  1.2067031330276049E-003                  1.1203876416666531E-002                  2.5129237964844936E-003                  9.5710644087274618E-004                  0.0000000000000000E+000                  0.0000000000000000E+000                  0.0000000000000000E+000                  0.0000000000000000E+000                  0.0000000000000000E+000                  0.0000000000000000E+000                  0.0000000000000000E+000                  0.0000000000000000E+000                  0.0000000000000000E+000                  0.0000000000000000E+000                 -2.0000011659969939E+001                 -9.8999999999999986E+001                  0.0000000000000000E+000                  0.0000000000000000E+000                 -9.8999999999999986E+001                 -9.8999999999999986E+001                 -9.9000000000000000E+001                 -9.9000000000000000E+001                 -9.9000000000000000E+001                 -9.9000000000000000E+001 
                 9.9999915342454482E-001                  6.8636611253292337E+000                  1.5472911641784398E+001                  1.5689697913360120E+004                 -7.2939237806313937E+000                  3.6852562687941592E+000                  1.9679263637027046E+012                  1.9447229475903082E+001                  1.6369485337863347E+008                  1.6468137269417864E+000                  3.9105108480487777E-001                  1.3014092193921307E+000                  9.9891085106415225E-005                  8.5000496627254152E-001                  1.5688308738853648E+004                  1.3891745064721663E+000                  2.4478846036893548E-001                  2.4478846036893548E-001                  0.0000000000000000E+000                  0.0000000000000000E+000                  7.6274299429367781E-002                  7.4557738647204775E-027                  7.4557738647204760E-027                  0.0000000000000000E+000                  0.0000000000000000E+000                  2.9828029159412718E-028                  0.0000000000000000E+000                 -2.1904124897735802E-001                  6.9999999999999996E-001                  2.9797635251139356E-005                  2.7997020236474890E-001                  4.1193902129486445E-003                  1.2067031330276049E-003                  1.1203876416666531E-002                  2.5129237964844936E-003                  9.5710644087274629E-004                  0.0000000000000000E+000                  0.0000000000000000E+000                  0.0000000000000000E+000                  0.0000000000000000E+000                  0.0000000000000000E+000                  0.0000000000000000E+000                  0.0000000000000000E+000                  0.0000000000000000E+000                  0.0000000000000000E+000                  0.0000000000000000E+000                 -1.9999973632506396E+001                 -9.8999999999999986E+001                  0.0000000000000000E+000                  0.0000000000000000E+000                 -9.8999999999999986E+001                 -9.8999999999999986E+001                 -9.9000000000000000E+001                 -9.9000000000000000E+001                 -9.9000000000000000E+001                 -9.9000000000000000E+001 
                 9.9999914995812367E-001                  6.8629812727181214E+000                  1.5472911642177543E+001                  1.7789050504544317E+004                 -7.2542281201190111E+000                  3.7000428961553684E+000                  1.9844510368677402E+012                  1.9423081524130488E+001                  1.6296745341332141E+008                  1.6495365445636088E+000                  3.9240378666408371E-001                  1.3012688672832540E+000                  1.0000250975151159E-004                  8.5000496627254185E-001                  1.7787458650247012E+004                  1.5918542973047900E+000                  2.6729690392011118E-001                  2.6729690392011118E-001                  0.0000000000000000E+000                  0.0000000000000000E+000                  8.6955592557880060E-002                  8.1695324444628698E-027                  8.1695324444628698E-027                  0.0000000000000000E+000                  0.0000000000000000E+000                  3.2683535793160918E-028                  0.0000000000000000E+000                 -9.2806365584898354E-002                  7.0000000000000007E-001                  2.9797635251139445E-005                  2.7997020236474890E-001                  4.1193902129486445E-003                  1.2067031330276049E-003                  1.1203876416666531E-002                  2.5129237964844941E-003                  9.5710644087274640E-004                  0.0000000000000000E+000                  0.0000000000000000E+000                  0.0000000000000000E+000                  0.0000000000000000E+000                  0.0000000000000000E+000                  0.0000000000000000E+000                  0.0000000000000000E+000                  0.0000000000000000E+000                  0.0000000000000000E+000                  0.0000000000000000E+000                 -2.0000000643670262E+001                 -9.8999999999999986E+001                  0.0000000000000000E+000                  0.0000000000000000E+000                 -9.8999999999999986E+001                 -9.8999999999999986E+001                 -9.9000000000000000E+001                 -9.9000000000000000E+001                 -9.9000000000000000E+001                 -9.9000000000000000E+001 
                 9.9999914302528126E-001                  6.8617399900897151E+000                  1.5472911642510686E+001                  2.0462238158755739E+004                 -7.2124719125520711E+000                  3.7190307976987365E+000                  2.0064316558481880E+012                  1.9395923492536411E+001                  1.6277749169418448E+008                  1.6493945418493985E+000                  3.9258736273984907E-001                  1.3010904190942263E+000                  1.0019026785806331E-004                  8.5000496627254152E-001                  2.0460342086338966E+004                  1.8960724167736993E+000                  3.1347757879665511E-001                  3.1347757879665511E-001                  0.0000000000000000E+000                  0.0000000000000000E+000                  1.0423733427131160E-001                  8.9942120909577590E-027                  8.9942120909577590E-027                  0.0000000000000000E+000                  0.0000000000000000E+000                  3.5982800093641987E-028                  0.0000000000000000E+000                  5.8990399100449939E-002                  6.9999999999999996E-001                  2.9797635251139492E-005                  2.7997020236474884E-001                  4.1193902129486445E-003                  1.2067031330276049E-003                  1.1203876416666531E-002                  2.5129237964844936E-003                  9.5710644087274629E-004                  0.0000000000000000E+000                  0.0000000000000000E+000                  0.0000000000000000E+000                  0.0000000000000000E+000                  0.0000000000000000E+000                  0.0000000000000000E+000                  0.0000000000000000E+000                  0.0000000000000000E+000                  0.0000000000000000E+000                  0.0000000000000000E+000                 -2.0000049837526802E+001                 -9.8999999999999986E+001                  0.0000000000000000E+000                  0.0000000000000000E+000                 -9.8999999999999986E+001                 -9.8999999999999986E+001                 -9.9000000000000000E+001                 -9.9000000000000000E+001                 -9.9000000000000000E+001                 -9.9000000000000000E+001 
                 9.9999913672591245E-001                  6.8607151794971619E+000                  1.5472911642318280E+001                  2.3008971779578242E+004                 -7.1800274827989758E+000                  3.7374792728698911E+000                  2.0288136638726714E+012                  1.9395243732326104E+001                  1.6339617065238315E+008                  1.6452649634946728E+000                  3.9108684583209186E-001                  1.3009717718495808E+000                  9.8384408670047684E-005                  8.5000496627254152E-001                  2.3006724542866636E+004                  2.2472367116078868E+000                  3.6249254226947714E-001                  3.6249254226947714E-001                  0.0000000000000000E+000                  0.0000000000000000E+000                  1.2769819258586051E-001                  9.6920451884592981E-027                  9.6920451884592981E-027                  0.0000000000000000E+000                  0.0000000000000000E+000                  3.8774594260126697E-028                  0.0000000000000000E+000                  2.4615512176820531E-001                  6.9999999999999996E-001                  2.9797635251139990E-005                  2.7997020236474884E-001                  4.1193902129486445E-003                  1.2067031330276047E-003                  1.1203876416666529E-002                  2.5129237964844936E-003                  9.5710644087274629E-004                  0.0000000000000000E+000                  0.0000000000000000E+000                  0.0000000000000000E+000                  0.0000000000000000E+000                  0.0000000000000000E+000                  0.0000000000000000E+000                  0.0000000000000000E+000                  0.0000000000000000E+000                  0.0000000000000000E+000                  0.0000000000000000E+000                 -1.9999583916832030E+001                 -9.8999999999999986E+001                  0.0000000000000000E+000                  0.0000000000000000E+000                 -9.8999999999999986E+001                 -9.8999999999999986E+001                 -9.9000000000000000E+001                 -9.9000000000000000E+001                 -9.9000000000000000E+001                 -9.9000000000000000E+001 
                 9.9999913042654354E-001                  6.8597638646657080E+000                  1.5472911641515401E+001                  2.4920081749734680E+004                 -7.1603083038938378E+000                  3.7523705788702739E+000                  2.0478018672458206E+012                  1.9404219236452292E+001                  1.6460699549256867E+008                  1.6384259599740525E+000                  3.8840425586202310E-001                  1.3008457911373856E+000                  1.2240651502298862E-004                  8.5000496627254152E-001                  2.4917504158507061E+004                  2.5775912276194188E+000                  4.3316115644327452E-001                  4.3316047362998633E-001                  0.0000000000000000E+000                  1.4827421958492641E+002                  1.5801595933634993E-001                  1.0142372138236720E-026                  1.0142372138236720E-026                  0.0000000000000000E+000                  0.0000000000000000E+000                  4.0576200053703709E-028                  0.0000000000000000E+000                  4.4345363496205081E-001                  6.9999999999999996E-001                  2.9797635251139990E-005                  2.7997020236474884E-001                  4.1193902129486445E-003                  1.2067031330276047E-003                  1.1203876416666529E-002                  2.5129237964844936E-003                  9.5710644087274629E-004                  0.0000000000000000E+000                  0.0000000000000000E+000                  0.0000000000000000E+000                  0.0000000000000000E+000                  0.0000000000000000E+000                  0.0000000000000000E+000                  0.0000000000000000E+000                  0.0000000000000000E+000                  0.0000000000000000E+000                  0.0000000000000000E+000                 -2.0000980257603242E+001                 -9.8999999999999986E+001                  0.0000000000000000E+000                  0.0000000000000000E+000                 -9.8999999999999986E+001                 -9.8999999999999986E+001                  1.0796074366343557E+001                 -9.9000000000000000E+001                 -9.9000000000000000E+001                 -9.9000000000000000E+001 
                 9.9999912727685936E-001                  6.8593092283711830E+000                  1.5472911640792200E+001                  2.6194492876009303E+004                 -7.1493166349915285E+000                  3.7629975395798230E+000                  2.0619302851540425E+012                  1.9412063912356253E+001                  1.6597370684522271E+008                  1.6311836989609336E+000                  3.8547716918071312E-001                  1.3007265596747974E+000                  1.6396092088624117E-004                  8.5000496627254152E-001                  2.6191650235845773E+004                  2.8426401635303251E+000                  4.9071052039425739E-001                  4.9069122944912369E-001                  0.0000000000000000E+000                  3.8711194083708042E+003                  1.9193311175315034E-001                  1.0402410988680629E-026                  1.0402410988680629E-026                  0.0000000000000000E+000                  0.0000000000000000E+000                  4.1616527530770118E-028                  0.0000000000000000E+000                  6.1234376955653413E-001                  6.9999999999999996E-001                  2.9797635251139990E-005                  2.7997020236474884E-001                  4.1193902129486445E-003                  1.2067031330276047E-003                  1.1203876416666529E-002                  2.5129237964844936E-003                  9.5710644087274629E-004                  0.0000000000000000E+000                  0.0000000000000000E+000                  0.0000000000000000E+000                  0.0000000000000000E+000                  0.0000000000000000E+000                  0.0000000000000000E+000                  0.0000000000000000E+000                  0.0000000000000000E+000                  0.0000000000000000E+000                  0.0000000000000000E+000                 -1.9986254621323429E+001                 -9.8999999999999986E+001                  0.0000000000000000E+000                  0.0000000000000000E+000                 -9.8999999999999986E+001                 -9.8999999999999986E+001                  1.2221575834760282E+001                 -9.9000000000000000E+001                 -9.9000000000000000E+001                 -9.9000000000000000E+001 
                 9.9999912412717473E-001                  6.8588658961579698E+000                  1.5472911639793566E+001                  2.7469233523466908E+004                 -7.1407117290364344E+000                  3.7749735636186599E+000                  2.0785146085382439E+012                  1.9428221639287390E+001                  1.6816680444177669E+008                  1.6201569414177190E+000                  3.8092658828872611E-001                  1.3005505777907269E+000                  2.3952401276092379E-004                  8.5000496627254152E-001                  2.7466059384153905E+004                  3.1741393130036717E+000                  5.8073231627292909E-001                  5.8040323581313513E-001                  0.0000000000000000E+000                  1.1201159391856932E+004                  2.4585147465191387E-001                  1.0610628993382971E-026                  1.0610628993382971E-026                  0.0000000000000000E+000                  0.0000000000000000E+000                  4.2449537333507858E-028                  0.0000000000000000E+000                  7.6897235805268405E-001                  6.9999999999999996E-001                  2.9797635251139990E-005                  2.7997020236474884E-001                  4.1193902129486445E-003                  1.2067031330276047E-003                  1.1203876416666529E-002                  2.5129237964844936E-003                  9.5710644087274629E-004                  0.0000000000000000E+000                  0.0000000000000000E+000                  0.0000000000000000E+000                  0.0000000000000000E+000                  0.0000000000000000E+000                  0.0000000000000000E+000                  0.0000000000000000E+000                  0.0000000000000000E+000                  0.0000000000000000E+000                  0.0000000000000000E+000                 -1.9928489655236891E+001                 -9.8999999999999986E+001                  0.0000000000000000E+000                  0.0000000000000000E+000                 -9.8999999999999986E+001                 -9.8999999999999986E+001                  1.2692297267890405E+001                 -9.9000000000000000E+001                 -9.9000000000000000E+001                 -9.9000000000000000E+001 
                 9.9999912097749044E-001                  6.8584312058288202E+000                  1.5472911638539498E+001                  2.8744297372083158E+004                 -7.1351134849720230E+000                  3.7889942078970948E+000                  2.0990676603251423E+012                  1.9459136345171782E+001                  1.7186920518905213E+008                  1.6027650882644346E+000                  3.7356728856945565E-001                  1.3002913709085646E+000                  3.7207947918469554E-004                  8.5000496627254152E-001                  2.8740685697930239E+004                  3.6116741529197269E+000                  7.1597574491352578E-001                  7.1158187734472000E-001                  0.0000000000000000E+000                  2.5613243408247861E+004                  3.3501628206205319E-001                  1.0748325906328308E-026                  1.0748325906328308E-026                  0.0000000000000000E+000                  0.0000000000000000E+000                  4.3000416103354951E-028                  0.0000000000000000E+000                  8.7882203189345764E-001                  6.9999999999999996E-001                  2.9797635251139990E-005                  2.7997020236474884E-001                  4.1193902129486445E-003                  1.2067031330276047E-003                  1.1203876416666529E-002                  2.5129237964844936E-003                  9.5710644087274629E-004                  0.0000000000000000E+000                  0.0000000000000000E+000                  0.0000000000000000E+000                  0.0000000000000000E+000                  0.0000000000000000E+000                  0.0000000000000000E+000                  0.0000000000000000E+000                  0.0000000000000000E+000                  0.0000000000000000E+000                  0.0000000000000000E+000                 -1.9770685769168090E+001                 -9.8999999999999986E+001                  0.0000000000000000E+000                  0.0000000000000000E+000                 -9.8999999999999986E+001                 -9.8999999999999986E+001                  1.3061642606361140E+001                 -9.9000000000000000E+001                 -9.9000000000000000E+001                 -9.9000000000000000E+001 
                 9.9999911782780604E-001                  6.8580020288318320E+000                  1.5472911637106282E+001                  3.0025317400310902E+004                 -7.1329667872343858E+000                  3.8056279827321462E+000                  2.1255038509786353E+012                  1.9507185038720785E+001                  1.7843966328603187E+008                  1.5748605275873002E+000                  3.6133646529788555E-001                  1.2998517562284322E+000                  6.1627493478459607E-004                  8.5000496627254152E-001                  3.0021107772882267E+004                  4.2096274286354332E+000                  9.2232847325455047E-001                  8.7844643802530453E-001                  0.0000000000000000E+000                  5.3668638198440029E+004                  4.8989621592022398E-001                  1.0801599830283215E-026                  1.0801599830283215E-026                  0.0000000000000000E+000                  0.0000000000000000E+000                  4.3213547052085021E-028                  0.0000000000000000E+000                  9.2139289457408491E-001                  6.9999999999999996E-001                  2.9797635251139990E-005                  2.7997020236474884E-001                  4.1193902129486445E-003                  1.2067031330276047E-003                  1.1203876416666529E-002                  2.5129237964844936E-003                  9.5710644087274629E-004                  0.0000000000000000E+000                  0.0000000000000000E+000                  0.0000000000000000E+000                  0.0000000000000000E+000                  0.0000000000000000E+000                  0.0000000000000000E+000                  0.0000000000000000E+000                  0.0000000000000000E+000                  0.0000000000000000E+000                  0.0000000000000000E+000                 -1.9433261360768114E+001                 -9.8999999999999986E+001                  0.0000000000000000E+000                  0.0000000000000000E+000                 -9.8999999999999986E+001                 -9.8999999999999986E+001                  1.3394356822322720E+001                 -9.9000000000000000E+001                 -9.9000000000000000E+001                 -9.9000000000000000E+001 
                 9.9999911465027946E-001                  6.8575711388946807E+000                  1.5472911635590359E+001                  3.1312297816421356E+004                 -7.1330197362171228E+000                  3.8236567028383392E+000                  2.1574566968869143E+012                  1.9564994936698735E+001                  1.8928150560015693E+008                  1.5352401899743850E+000                  3.4312835697634037E-001                  1.2991141765606691E+000                  1.0462320802597045E-003                  8.5000496627254152E-001                  3.1307327791792173E+004                  4.9700246291824435E+000                  1.2101101588004588E+000                  9.8910677314762241E-001                  0.0000000000000000E+000                  1.0530187324427994E+005                  7.2600850412201279E-001                  1.0800282640814588E-026                  1.0800282640814588E-026                  0.0000000000000000E+000                  0.0000000000000000E+000                  4.3208277422587800E-028                  0.0000000000000000E+000                  9.1279179212882300E-001                  6.9999999999999996E-001                  2.9797635251139990E-005                  2.7997020236474884E-001                  4.1193902129486445E-003                  1.2067031330276047E-003                  1.1203876416666529E-002                  2.5129237964844936E-003                  9.5710644087274629E-004                  0.0000000000000000E+000                  0.0000000000000000E+000                  0.0000000000000000E+000                  0.0000000000000000E+000                  0.0000000000000000E+000                  0.0000000000000000E+000                  0.0000000000000000E+000                  0.0000000000000000E+000                  0.0000000000000000E+000                  0.0000000000000000E+000                 -1.8893978236274460E+001                 -9.8999999999999986E+001                  0.0000000000000000E+000                  0.0000000000000000E+000                 -9.8999999999999986E+001                 -9.8999999999999986E+001                  1.3700525749015510E+001                 -9.9000000000000000E+001                 -9.9000000000000000E+001                 -9.9000000000000000E+001 
                 9.9999911147275278E-001                  6.8571401422545337E+000                  1.5472911634088582E+001                  3.2599601824880578E+004                 -7.1331496217672044E+000                  3.8408990466063377E+000                  2.1925176393412627E+012                  1.9623447941094749E+001                  2.0468836299370554E+008                  1.4893814609528793E+000                  3.2072150976985425E-001                  1.2980099387512607E+000                  1.7050569724071207E-003                  8.5000496627254152E-001                  3.2593776395846955E+004                  5.8254290336215044E+000                  1.5579212489916769E+000                  9.8542949309708305E-001                  0.0000000000000000E+000                  1.7605110461886899E+005                  1.0411499678629905E+000                  1.0797052213191229E-026                  1.0797052213191229E-026                  0.0000000000000000E+000                  0.0000000000000000E+000                  4.3195353574426107E-028                  0.0000000000000000E+000                  8.8509100527376283E-001                  6.9999999999999996E-001                  2.9797635251139990E-005                  2.7997020236474884E-001                  4.1193902129486445E-003                  1.2067031330276047E-003                  1.1203876416666529E-002                  2.5129237964844936E-003                  9.5710644087274629E-004                  0.0000000000000000E+000                  0.0000000000000000E+000                  0.0000000000000000E+000                  0.0000000000000000E+000                  0.0000000000000000E+000                  0.0000000000000000E+000                  0.0000000000000000E+000                  0.0000000000000000E+000                  0.0000000000000000E+000                  0.0000000000000000E+000                 -1.8253978814090331E+001                 -9.8999999999999986E+001                  0.0000000000000000E+000                  0.0000000000000000E+000                 -9.8999999999999986E+001                 -9.8999999999999986E+001                  1.3939249728181933E+001                 -9.9000000000000000E+001                 -9.9000000000000000E+001                 -9.9000000000000000E+001 
                 9.9999910829522631E-001                  6.8567089624851878E+000                  1.5472911632632382E+001                  3.3887229664958300E+004                 -7.1322761822189396E+000                  3.8563362675373178E+000                  2.2290357801491763E+012                  1.9686775870344128E+001                  2.2415968422821990E+008                  1.4440001443842605E+000                  2.9697106667287687E-001                  1.2964759712805476E+000                  2.5963366139608616E-003                  8.5000496627254152E-001                  3.3880514188983732E+004                  6.7154759745680073E+000                  1.9764859634142611E+000                  9.1760203401139462E-001                  0.0000000000000000E+000                  2.3540502855515463E+005                  1.4635807438322215E+000                  1.0818794440087142E-026                  1.0818794440087142E-026                  0.0000000000000000E+000                  0.0000000000000000E+000                  4.3282336869475943E-028                  0.0000000000000000E+000                  8.5576391100327553E-001                  6.9999999999999996E-001                  2.9797635251139990E-005                  2.7997020236474884E-001                  4.1193902129486445E-003                  1.2067031330276047E-003                  1.1203876416666529E-002                  2.5129237964844936E-003                  9.5710644087274629E-004                  0.0000000000000000E+000                  0.0000000000000000E+000                  0.0000000000000000E+000                  0.0000000000000000E+000                  0.0000000000000000E+000                  0.0000000000000000E+000                  0.0000000000000000E+000                  0.0000000000000000E+000                  0.0000000000000000E+000                  0.0000000000000000E+000                 -1.7635104704881748E+001                 -9.8999999999999986E+001                  0.0000000000000000E+000                  0.0000000000000000E+000                 -9.8999999999999986E+001                 -9.8999999999999986E+001                  1.4082075092631126E+001                 -9.9000000000000000E+001                 -9.9000000000000000E+001                 -9.9000000000000000E+001 
                 9.9999910511769974E-001                  6.8562785949473639E+000                  1.5472911631224434E+001                  3.5175180828179888E+004                 -7.1301568722133899E+000                  3.8697867973639504E+000                  2.2661913346805596E+012                  1.9746704612010273E+001                  2.4676283443175635E+008                  1.4033748210944135E+000                  2.7425251372853399E-001                  1.2945882028073006E+000                  3.6981468297800748E-003                  8.5000496627254152E-001                  3.5167579684899276E+004                  7.6011432806152763E+000                  2.5068059001288874E+000                  8.3029554747612222E-001                  0.0000000000000000E+000                  2.7215613128887542E+005                  2.0293610706437573E+000                  1.0871731885303519E-026                  1.0871731885303519E-026                  0.0000000000000000E+000                  0.0000000000000000E+000                  4.3494121680594281E-028                  0.0000000000000000E+000                  8.3003617320176726E-001                  6.9999999999999996E-001                  2.9797635251139990E-005                  2.7997020236474884E-001                  4.1193902129486445E-003                  1.2067031330276047E-003                  1.1203876416666529E-002                  2.5129237964844936E-003                  9.5710644087274629E-004                  0.0000000000000000E+000                  0.0000000000000000E+000                  0.0000000000000000E+000                  0.0000000000000000E+000                  0.0000000000000000E+000                  0.0000000000000000E+000                  0.0000000000000000E+000                  0.0000000000000000E+000                  0.0000000000000000E+000                  0.0000000000000000E+000                 -1.7103333663979480E+001                 -9.8999999999999986E+001                  0.0000000000000000E+000                  0.0000000000000000E+000                 -9.8999999999999986E+001                 -9.8999999999999986E+001                  1.4161356577963790E+001                 -9.9000000000000000E+001                 -9.9000000000000000E+001                 -9.9000000000000000E+001 
                 9.9999910194017316E-001                  6.8558502687995473E+000                  1.5472911629858814E+001                  3.6463453881654561E+004                 -7.1269030050213455E+000                  3.8814306337584168E+000                  2.3034945309556123E+012                  1.9799887933634967E+001                  2.7157432440465909E+008                  1.3688923471246097E+000                  2.5378527009714330E-001                  1.2924693282720499E+000                  4.9729918955037427E-003                  8.5000496627254152E-001                  3.6454992247105482E+004                  8.4616345490830138E+000                  3.1683519783699761E+000                  7.4540989098507704E-001                  0.0000000000000000E+000                  2.9275236801401206E+005                  2.7474166755411158E+000                  1.0953513661904755E-026                  1.0953513661904755E-026                  0.0000000000000000E+000                  0.0000000000000000E+000                  4.3821302904388433E-028                  0.0000000000000000E+000                  8.1550099460842840E-001                  6.9999999999999996E-001                  2.9797635251139990E-005                  2.7997020236474884E-001                  4.1193902129486445E-003                  1.2067031330276047E-003                  1.1203876416666529E-002                  2.5129237964844936E-003                  9.5710644087274629E-004                  0.0000000000000000E+000                  0.0000000000000000E+000                  0.0000000000000000E+000                  0.0000000000000000E+000                  0.0000000000000000E+000                  0.0000000000000000E+000                  0.0000000000000000E+000                  0.0000000000000000E+000                  0.0000000000000000E+000                  0.0000000000000000E+000                 -1.6674299165905090E+001                 -9.8999999999999986E+001                  0.0000000000000000E+000                  0.0000000000000000E+000                 -9.8999999999999986E+001                 -9.8999999999999986E+001                  1.4208016576319263E+001                 -9.9000000000000000E+001                 -9.9000000000000000E+001                 -9.9000000000000000E+001 
                 9.9999909876264670E-001                  6.8554250868812669E+000                  1.5472911628517108E+001                  3.7752046561903146E+004                 -7.1227445319798655E+000                  3.8915568284623658E+000                  2.3406538156974434E+012                  1.9846435628640581E+001                  2.9767758311315870E+008                  1.3404879983659619E+000                  2.3607029807446314E-001                  1.2901420645979156E+000                  6.3902128945488822E-003                  8.5000496627254152E-001                  3.7742757774065591E+004                  9.2887878375573063E+000                  3.9427832121079436E+000                  6.7141532845178964E-001                  0.0000000000000000E+000                  3.0294141345200810E+005                  3.5950649358732885E+000                  1.1058927804687755E-026                  1.1058927804687755E-026                  0.0000000000000000E+000                  0.0000000000000000E+000                  4.4243029231136782E-028                  0.0000000000000000E+000                  7.9570404757466773E-001                  6.9999999999999996E-001                  2.9797635251139990E-005                  2.7997020236474884E-001                  4.1193902129486445E-003                  1.2067031330276047E-003                  1.1203876416666529E-002                  2.5129237964844936E-003                  9.5710644087274629E-004                  0.0000000000000000E+000                  0.0000000000000000E+000                  0.0000000000000000E+000                  0.0000000000000000E+000                  0.0000000000000000E+000                  0.0000000000000000E+000                  0.0000000000000000E+000                  0.0000000000000000E+000                  0.0000000000000000E+000                  0.0000000000000000E+000                 -1.6337912120293954E+001                 -9.8999999999999986E+001                  0.0000000000000000E+000                  0.0000000000000000E+000                 -9.8999999999999986E+001                 -9.8999999999999986E+001                  1.4236279953612128E+001                 -9.9000000000000000E+001                 -9.9000000000000000E+001                 -9.9000000000000000E+001 
                 9.9999909558512001E-001                  6.8550039047561890E+000                  1.5472911627207973E+001                  3.9040955959815939E+004                 -7.1179071230118742E+000                  3.9004408654606824E+000                  2.3776467781852720E+012                  1.9893431617663225E+001                  3.2462563026052678E+008                  1.3171650422520027E+000                  2.2084966485839744E-001                  1.2876057011668307E+000                  7.9100504935320590E-003                  8.5000496627254152E-001                  3.9030875155339847E+004                  1.0080804476095677E+001                  4.8073999406914334E+000                  6.0936873143708659E-001                  0.0000000000000000E+000                  3.0641347626537288E+005                  4.5619793585374762E+000                  1.1182829743833099E-026                  1.1182829743833101E-026                  0.0000000000000000E+000                  0.0000000000000000E+000                  4.4738718977249919E-028                  0.0000000000000000E+000                  7.7006209119497127E-001                  6.9999999999999996E-001                  2.9797635251139990E-005                  2.7997020236474884E-001                  4.1193902129486445E-003                  1.2067031330276047E-003                  1.1203876416666529E-002                  2.5129237964844936E-003                  9.5710644087274629E-004                  0.0000000000000000E+000                  0.0000000000000000E+000                  0.0000000000000000E+000                  0.0000000000000000E+000                  0.0000000000000000E+000                  0.0000000000000000E+000                  0.0000000000000000E+000                  0.0000000000000000E+000                  0.0000000000000000E+000                  0.0000000000000000E+000                 -1.6083700559446790E+001                 -9.8999999999999986E+001                  0.0000000000000000E+000                  0.0000000000000000E+000                 -9.8999999999999986E+001                 -9.8999999999999986E+001                  1.4253119936793079E+001                 -9.9000000000000000E+001                 -9.9000000000000000E+001                 -9.9000000000000000E+001 
                 9.9999909240759355E-001                  6.8545873370511581E+000                  1.5472911625941025E+001                  4.0338750369509726E+004                 -7.1125288528241279E+000                  3.9083620452822037E+000                  2.4145014294045952E+012                  1.9940813062261299E+001                  3.5196213659696507E+008                  1.2979864125972347E+000                  2.0788762445718931E-001                  1.2849088475196058E+000                  9.5216553834077487E-003                  8.5000496627254152E-001                  4.0327906609167476E+004                  1.0843760342251286E+001                  5.7552274863182822E+000                  5.5775872777319124E-001                  0.0000000000000000E+000                  3.0582384761824197E+005                  5.6506405749940223E+000                  1.1322215474518340E-026                  1.1322215474518340E-026                  0.0000000000000000E+000                  0.0000000000000000E+000                  4.5296354135600635E-028                  0.0000000000000000E+000                  7.5630863732743470E-001                  6.9999999999999996E-001                  2.9797635251139990E-005                  2.7997020236474884E-001                  4.1193902129486445E-003                  1.2067031330276047E-003                  1.1203876416666529E-002                  2.5129237964844936E-003                  9.5710644087274629E-004                  0.0000000000000000E+000                  0.0000000000000000E+000                  0.0000000000000000E+000                  0.0000000000000000E+000                  0.0000000000000000E+000                  0.0000000000000000E+000                  0.0000000000000000E+000                  0.0000000000000000E+000                  0.0000000000000000E+000                  0.0000000000000000E+000                 -1.5891218468491960E+001                 -9.8999999999999986E+001                  0.0000000000000000E+000                  0.0000000000000000E+000                 -9.8999999999999986E+001                 -9.8999999999999986E+001                  1.4262852631409057E+001                 -9.9000000000000000E+001                 -9.9000000000000000E+001                 -9.9000000000000000E+001 
                 9.9999908918781411E-001                  6.8541703744767153E+000                  1.5472911624680156E+001                  4.1645434355194411E+004                 -7.1067415497025719E+000                  3.9154803159562763E+000                  2.4512035718261577E+012                  1.9986734102480071E+001                  3.7953121913812661E+008                  1.2821112607804928E+000                  1.9678774571203389E-001                  1.2821109067956167E+000                  1.1202296345161407E-002                  8.5000496627254152E-001                  4.1633855836708266E+004                  1.1578518486145319E+001                  6.7966459442004803E+000                  5.1417384648035125E-001                  0.0000000000000000E+000                  3.0299856339265517E+005                  6.8567174396466282E+000                  1.1474143323699551E-026                  1.1474143323699552E-026                  0.0000000000000000E+000                  0.0000000000000000E+000                  4.5904166067422559E-028                  0.0000000000000000E+000                  7.4501504914709693E-001                  6.9999999999999996E-001                  2.9797635251139990E-005                  2.7997020236474884E-001                  4.1193902129486445E-003                  1.2067031330276047E-003                  1.1203876416666529E-002                  2.5129237964844936E-003                  9.5710644087274629E-004                  0.0000000000000000E+000                  0.0000000000000000E+000                  0.0000000000000000E+000                  0.0000000000000000E+000                  0.0000000000000000E+000                  0.0000000000000000E+000                  0.0000000000000000E+000                  0.0000000000000000E+000                  0.0000000000000000E+000                  0.0000000000000000E+000                 -1.5736398592178567E+001                 -9.8999999999999986E+001                  0.0000000000000000E+000                  0.0000000000000000E+000                 -9.8999999999999986E+001                 -9.8999999999999986E+001                  1.4268402618293230E+001                 -9.9000000000000000E+001                 -9.9000000000000000E+001                 -9.9000000000000000E+001 
                 9.9999908596803466E-001                  6.8537588816536292E+000                  1.5472911623438122E+001                  4.3605931081793286E+004                 -7.0978159109066992E+000                  3.9250544489765411E+000                  2.5066196996732339E+012                  2.0052563027509692E+001                  4.2152178350916159E+008                  1.2627697939593914E+000                  1.8276239133551980E-001                  1.2777482143039185E+000                  1.3867617055132200E-002                  8.5000496627254152E-001                  4.3593285188134141E+004                  1.2645893659143278E+001                  7.9441772660858829E+000                  4.7737471690552541E-001                  0.0000000000000000E+000                  2.9911163056524994E+005                  8.9027602189366046E+000                  1.1712465435714553E-026                  1.1712465435714554E-026                  0.0000000000000000E+000                  0.0000000000000000E+000                  4.6857612220190099E-028                  0.0000000000000000E+000                  7.1265297606721556E-001                  6.9999999999999996E-001                  2.9797635251139990E-005                  2.7997020236474884E-001                  4.1193902129486445E-003                  1.2067031330276047E-003                  1.1203876416666529E-002                  2.5129237964844936E-003                  9.5710644087274629E-004                  0.0000000000000000E+000                  0.0000000000000000E+000                  0.0000000000000000E+000                  0.0000000000000000E+000                  0.0000000000000000E+000                  0.0000000000000000E+000                  0.0000000000000000E+000                  0.0000000000000000E+000                  0.0000000000000000E+000                  0.0000000000000000E+000                 -1.5537279252487959E+001                 -9.8999999999999986E+001                  0.0000000000000000E+000                  0.0000000000000000E+000                 -9.8999999999999986E+001                 -9.8999999999999986E+001                  1.4271469018229054E+001                 -9.9000000000000000E+001                 -9.9000000000000000E+001                 -9.9000000000000000E+001 
                 9.9999907952847567E-001                  6.8529524941394424E+000                  1.5472911621061948E+001                  4.5567350725926488E+004                 -7.0881180048603118E+000                  3.9330363136813919E+000                  2.5583936487465781E+012                  2.0108276068697055E+001                  4.6059702665000677E+008                  1.2485906245804084E+000                  1.7212333693222065E-001                  1.2735561720689144E+000                  1.6478058422558041E-002                  8.5000496627254152E-001                  4.5553740134904554E+004                  1.3610591021932388E+001                  1.0401946541539388E+001                  4.1955257659806350E-001                  0.0000000000000000E+000                  2.9032981469348597E+005                  1.1079438487231961E+001                  1.1977022856407779E-026                  1.1977022856407780E-026                  0.0000000000000000E+000                  0.0000000000000000E+000                  4.7916016968344497E-028                  0.0000000000000000E+000                  6.9301476942073981E-001                  6.9999999999999996E-001                  2.9797635251139990E-005                  2.7997020236474884E-001                  4.1193902129486445E-003                  1.2067031330276047E-003                  1.1203876416666529E-002                  2.5129237964844936E-003                  9.5710644087274629E-004                  0.0000000000000000E+000                  0.0000000000000000E+000                  0.0000000000000000E+000                  0.0000000000000000E+000                  0.0000000000000000E+000                  0.0000000000000000E+000                  0.0000000000000000E+000                  0.0000000000000000E+000                  0.0000000000000000E+000                  0.0000000000000000E+000                 -1.5370047661686547E+001                 -9.8999999999999986E+001                  0.0000000000000000E+000                  0.0000000000000000E+000                 -9.8999999999999986E+001                 -9.8999999999999986E+001                  1.4273597438358520E+001                 -9.9000000000000000E+001                 -9.9000000000000000E+001                 -9.9000000000000000E+001 
                 9.9999907630869622E-001                  6.8525581349298115E+000                  1.5472911619906602E+001                  4.7529221915213449E+004                 -7.0785922258311951E+000                  3.9403263944638214E+000                  2.6109402890227651E+012                  2.0163475501012069E+001                  5.0006901585305363E+008                  1.2369749095337219E+000                  1.6315343133119925E-001                  1.2691848914079731E+000                  1.9218516580989588E-002                  8.5000496627254152E-001                  4.7514666074063949E+004                  1.4555841149498532E+001                  1.1733941577650999E+001                  3.9657584611894370E-001                  0.0000000000000000E+000                  2.8597022832223354E+005                  1.3522430524954753E+001                  1.2242702303280161E-026                  1.2242702303280159E-026                  0.0000000000000000E+000                  0.0000000000000000E+000                  4.8978910563696619E-028                  0.0000000000000000E+000                  6.4593623351710494E-001                  6.9999999999999996E-001                  2.9797635251139990E-005                  2.7997020236474884E-001                  4.1193902129486445E-003                  1.2067031330276047E-003                  1.1203876416666529E-002                  2.5129237964844936E-003                  9.5710644087274629E-004                  0.0000000000000000E+000                  0.0000000000000000E+000                  0.0000000000000000E+000                  0.0000000000000000E+000                  0.0000000000000000E+000                  0.0000000000000000E+000                  0.0000000000000000E+000                  0.0000000000000000E+000                  0.0000000000000000E+000                  0.0000000000000000E+000                 -1.5218845273023232E+001                 -9.8999999999999986E+001                  0.0000000000000000E+000                  0.0000000000000000E+000                 -9.8999999999999986E+001                 -9.8999999999999986E+001                  1.4273642671178694E+001                 -9.9000000000000000E+001                 -9.9000000000000000E+001                 -9.9000000000000000E+001 
                 9.9999906986913734E-001                  6.8517863965328436E+000                  1.5472911617752883E+001                  5.0800480603625416E+004                 -7.0625545700827050E+000                  3.9507406041658699E+000                  2.6953255129701587E+012                  2.0247976235721772E+001                  5.6253590355932701E+008                  1.2226017717229420E+000                  1.5168105354551914E-001                  1.2619903553046239E+000                  2.3740453862159349E-002                  8.5000496627254152E-001                  5.0784459436669276E+004                  1.6021166956140039E+001                  1.4672038672866547E+001                  3.5884290029047688E-001                  0.0000000000000000E+000                  2.7775313597656280E+005                  1.7960183863405838E+001                  1.2703384442641507E-026                  1.2703384442641507E-026                  0.0000000000000000E+000                  0.0000000000000000E+000                  5.0821943967999571E-028                  0.0000000000000000E+000                  5.8769238445704242E-001                  6.9999999999999996E-001                  2.9797635251139990E-005                  2.7997020236474884E-001                  4.1193902129486445E-003                  1.2067031330276047E-003                  1.1203876416666529E-002                  2.5129237964844936E-003                  9.5710644087274629E-004                  0.0000000000000000E+000                  0.0000000000000000E+000                  0.0000000000000000E+000                  0.0000000000000000E+000                  0.0000000000000000E+000                  0.0000000000000000E+000                  0.0000000000000000E+000                  0.0000000000000000E+000                  0.0000000000000000E+000                  0.0000000000000000E+000                 -1.5006414656531652E+001                 -9.8999999999999986E+001                  0.0000000000000000E+000                  0.0000000000000000E+000                 -9.8999999999999986E+001                 -9.8999999999999986E+001                  1.4272976546292474E+001                 -9.9000000000000000E+001                 -9.9000000000000000E+001                 -9.9000000000000000E+001 
                 9.9999906020979901E-001                  6.8506704500643476E+000                  1.5472911614813599E+001                  5.4073871280455576E+004                 -7.0463095297429970E+000                  3.9592976598975751E+000                  2.7734081127042964E+012                  2.0320959513283857E+001                  6.1896516694773889E+008                  1.2126772627590277E+000                  1.4346209198770071E-001                  1.2552249365671291E+000                  2.8007906896689253E-002                  8.5000496627254152E-001                  5.4056536339404440E+004                  1.7334941051138653E+001                  1.9389036931540055E+001                  3.1696789288879579E-001                  0.0000000000000000E+000                  2.6704705709514645E+005                  2.2655640912586225E+001                  1.3187701889056763E-026                  1.3187701889056763E-026                  0.0000000000000000E+000                  0.0000000000000000E+000                  5.2759534240704290E-028                  0.0000000000000000E+000                  5.7522981481372137E-001                  6.9999999999999996E-001                  2.9797635251139990E-005                  2.7997020236474884E-001                  4.1193902129486445E-003                  1.2067031330276047E-003                  1.1203876416666529E-002                  2.5129237964844936E-003                  9.5710644087274629E-004                  0.0000000000000000E+000                  0.0000000000000000E+000                  0.0000000000000000E+000                  0.0000000000000000E+000                  0.0000000000000000E+000                  0.0000000000000000E+000                  0.0000000000000000E+000                  0.0000000000000000E+000                  0.0000000000000000E+000                  0.0000000000000000E+000                 -1.4833531021694451E+001                 -9.8999999999999986E+001                  0.0000000000000000E+000                  0.0000000000000000E+000                 -9.8999999999999986E+001                 -9.8999999999999986E+001                  1.4271077921497261E+001                 -9.9000000000000000E+001                 -9.9000000000000000E+001                 -9.9000000000000000E+001 
                 9.9999905377024012E-001                  6.8499536083822647E+000                  1.5472911612895631E+001                  5.6693680161085416E+004                 -7.0336709612684558E+000                  3.9653729735532757E+000                  2.8343830468404438E+012                  2.0376675067886154E+001                  6.6217499400019634E+008                  1.2065137857031456E+000                  1.3820330475395837E-001                  1.2498985330184866E+000                  3.1375877150871090E-002                  8.5000496627254152E-001                  5.6675347579611720E+004                  1.8332581473698131E+001                  2.2770651997910946E+001                  2.9572651204775990E-001                  0.0000000000000000E+000                  2.6090461454266330E+005                  2.6684980488137732E+001                  1.3577235766275606E-026                  1.3577235766275609E-026                  0.0000000000000000E+000                  0.0000000000000000E+000                  5.4317927515567296E-028                  0.0000000000000000E+000                  5.4716737900672408E-001                  6.9999999999999996E-001                  2.9797635251139990E-005                  2.7997020236474884E-001                  4.1193902129486445E-003                  1.2067031330276047E-003                  1.1203876416666529E-002                  2.5129237964844936E-003                  9.5710644087274629E-004                  0.0000000000000000E+000                  0.0000000000000000E+000                  0.0000000000000000E+000                  0.0000000000000000E+000                  0.0000000000000000E+000                  0.0000000000000000E+000                  0.0000000000000000E+000                  0.0000000000000000E+000                  0.0000000000000000E+000                  0.0000000000000000E+000                 -1.4711971317675866E+001                 -9.8999999999999986E+001                  0.0000000000000000E+000                  0.0000000000000000E+000                 -9.8999999999999986E+001                 -9.8999999999999986E+001                  1.4269678619207362E+001                 -9.9000000000000000E+001                 -9.9000000000000000E+001                 -9.9000000000000000E+001 
                 9.9999904733068112E-001                  6.8492571834920906E+000                  1.5472911611071233E+001                  6.0660095407310037E+004                 -7.0152856622458479E+000                  3.9736082326311561E+000                  2.9248747524436245E+012                  2.0458570624207141E+001                  7.2487653084896111E+008                  1.1992144598155265E+000                  1.3178941568124208E-001                  1.2419543051870696E+000                  3.6428247844779833E-002                  8.5000496627254152E-001                  6.0640318213929255E+004                  1.9777193380780755E+001                  2.6448592203771181E+001                  2.7818879496130611E-001                  0.0000000000000000E+000                  2.5542868314412519E+005                  3.3246112701792633E+001                  1.4164527527350486E-026                  1.4164527527350486E-026                  0.0000000000000000E+000                  0.0000000000000000E+000                  5.6667483188058894E-028                  0.0000000000000000E+000                  4.7049686828602844E-001                  6.9999999999999996E-001                  2.9797635251139990E-005                  2.7997020236474884E-001                  4.1193902129486445E-003                  1.2067031330276047E-003                  1.1203876416666529E-002                  2.5129237964844936E-003                  9.5710644087274629E-004                  0.0000000000000000E+000                  0.0000000000000000E+000                  0.0000000000000000E+000                  0.0000000000000000E+000                  0.0000000000000000E+000                  0.0000000000000000E+000                  0.0000000000000000E+000                  0.0000000000000000E+000                  0.0000000000000000E+000                  0.0000000000000000E+000                 -1.4548749196421696E+001                 -9.8999999999999986E+001                  0.0000000000000000E+000                  0.0000000000000000E+000                 -9.8999999999999986E+001                 -9.8999999999999986E+001                  1.4268473725258730E+001                 -9.9000000000000000E+001                 -9.9000000000000000E+001                 -9.9000000000000000E+001 
                 9.9999903427906311E-001                  6.8479037803068161E+000                  1.5472911607891687E+001                  6.6011383090774063E+004                 -6.9911538488619644E+000                  3.9828100625604224E+000                  3.0356491905654810E+012                  2.0554204010798294E+001                  7.9873951408951616E+008                  1.1925127497159407E+000                  1.2567356994995124E-001                  1.2322289751126214E+000                  4.2703932190609431E-002                  8.5000496627254152E-001                  6.5989856662333346E+004                  2.1526428440719329E+001                  3.4464036152077625E+001                  2.5071131188616608E-001                  0.0000000000000000E+000                  2.4595801648657318E+005                  4.2406567820364472E+001                  1.4974116747796399E-026                  1.4974116747796396E-026                  0.0000000000000000E+000                  0.0000000000000000E+000                  5.9906375798815263E-028                  0.0000000000000000E+000                  4.0417031474943121E-001                  6.9999999999999996E-001                  2.9797635251139990E-005                  2.7997020236474884E-001                  4.1193902129486445E-003                  1.2067031330276047E-003                  1.1203876416666529E-002                  2.5129237964844936E-003                  9.5710644087274629E-004                  0.0000000000000000E+000                  0.0000000000000000E+000                  0.0000000000000000E+000                  0.0000000000000000E+000                  0.0000000000000000E+000                  0.0000000000000000E+000                  0.0000000000000000E+000                  0.0000000000000000E+000                  0.0000000000000000E+000                  0.0000000000000000E+000                 -1.4365887124073069E+001                 -9.8999999999999986E+001                  0.0000000000000000E+000                  0.0000000000000000E+000                 -9.8999999999999986E+001                 -9.8999999999999986E+001                  1.4266317697364874E+001                 -9.9000000000000000E+001                 -9.9000000000000000E+001                 -9.9000000000000000E+001 
                 9.9999902105494498E-001                  6.8466061054845211E+000                  1.5472911605124272E+001                  7.0054260815847985E+004                 -6.9735658351051963E+000                  3.9887123982763617E+000                  3.1117170432801064E+012                  2.0616957011741430E+001                  8.4755687917006946E+008                  1.1889483079243321E+000                  1.2230884348317909E-001                  1.2255761819354054E+000                  4.7094369339868151E-002                  8.5000496627254152E-001                  7.0031531763825624E+004                  2.2729052022366787E+001                  4.3100625486831113E+001                  2.3044027705005377E-001                  0.0000000000000000E+000                  2.3803152631435820E+005                  4.9491846873142840E+001                  1.5593179711864260E-026                  1.5593179711864260E-026                  0.0000000000000000E+000                  0.0000000000000000E+000                  6.2383037307260315E-028                  0.0000000000000000E+000                  3.9932637959173994E-001                  6.9999999999999996E-001                  2.9797635251139990E-005                  2.7997020236474884E-001                  4.1193902129486445E-003                  1.2067031330276047E-003                  1.1203876416666529E-002                  2.5129237964844936E-003                  9.5710644087274629E-004                  0.0000000000000000E+000                  0.0000000000000000E+000                  0.0000000000000000E+000                  0.0000000000000000E+000                  0.0000000000000000E+000                  0.0000000000000000E+000                  0.0000000000000000E+000                  0.0000000000000000E+000                  0.0000000000000000E+000                  0.0000000000000000E+000                 -1.4247900676264560E+001                 -9.8999999999999986E+001                  0.0000000000000000E+000                  0.0000000000000000E+000                 -9.8999999999999986E+001                 -9.8999999999999986E+001                  1.4264187059188750E+001                 -9.9000000000000000E+001                 -9.9000000000000000E+001                 -9.9000000000000000E+001 
                 9.9999901444288597E-001                  6.8459828448234399E+000                  1.5472911603757144E+001                  7.2750494255433732E+004                 -6.9623189729111550E+000                  3.9923579510148617E+000                  3.1610127199816807E+012                  2.0657322984875155E+001                  8.7850144089267778E+008                  1.1869761796441249E+000                  1.2040599497213396E-001                  1.2212773845707219E+000                  4.9971283413684606E-002                  8.5000496627254152E-001                  7.2726989078015598E+004                  2.3505177418127090E+001                  4.7674469503776912E+001                  2.2229602981291893E-001                  0.0000000000000000E+000                  2.3456323559799310E+005                  5.4394177626550736E+001                  1.6002398936096267E-026                  1.6002398936096270E-026                  0.0000000000000000E+000                  0.0000000000000000E+000                  6.4020184996597189E-028                  0.0000000000000000E+000                  3.8894372263813859E-001                  6.9999999999999996E-001                  2.9797635251139990E-005                  2.7997020236474884E-001                  4.1193902129486445E-003                  1.2067031330276047E-003                  1.1203876416666529E-002                  2.5129237964844936E-003                  9.5710644087274629E-004                  0.0000000000000000E+000                  0.0000000000000000E+000                  0.0000000000000000E+000                  0.0000000000000000E+000                  0.0000000000000000E+000                  0.0000000000000000E+000                  0.0000000000000000E+000                  0.0000000000000000E+000                  0.0000000000000000E+000                  0.0000000000000000E+000                 -1.4175341026629280E+001                 -9.8999999999999986E+001                  0.0000000000000000E+000                  0.0000000000000000E+000                 -9.8999999999999986E+001                 -9.8999999999999986E+001                  1.4263245792153928E+001                 -9.9000000000000000E+001                 -9.9000000000000000E+001                 -9.9000000000000000E+001 
                 9.9999900783082696E-001                  6.8453754082646618E+000                  1.5472911602425565E+001                  7.6796280109559797E+004                 -6.9461141584936357E+000                  3.9974496398362804E+000                  3.2330944540373726E+012                  2.0715835428721743E+001                  9.2279823821672571E+008                  1.1844911429007694E+000                  1.1795167865572653E-001                  1.2150150143149752E+000                  5.4191929452865502E-002                  8.5000496627254152E-001                  7.6771646373212556E+004                  2.4633736347239591E+001                  5.2487252489302790E+001                  2.1514535966935835E-001                  0.0000000000000000E+000                  2.3138251797197998E+005                  6.1980019004273551E+001                  1.6610974009320973E-026                  1.6610974009320973E-026                  0.0000000000000000E+000                  0.0000000000000000E+000                  6.6454888001555171E-028                  0.0000000000000000E+000                  3.5813683049730988E-001                  6.9999999999999996E-001                  2.9797635251139990E-005                  2.7997020236474884E-001                  4.1193902129486445E-003                  1.2067031330276047E-003                  1.1203876416666529E-002                  2.5129237964844936E-003                  9.5710644087274629E-004                  0.0000000000000000E+000                  0.0000000000000000E+000                  0.0000000000000000E+000                  0.0000000000000000E+000                  0.0000000000000000E+000                  0.0000000000000000E+000                  0.0000000000000000E+000                  0.0000000000000000E+000                  0.0000000000000000E+000                  0.0000000000000000E+000                 -1.4074614860349570E+001                 -9.8999999999999986E+001                  0.0000000000000000E+000                  0.0000000000000000E+000                 -9.8999999999999986E+001                 -9.8999999999999986E+001                  1.4262499352455109E+001                 -9.9000000000000000E+001                 -9.9000000000000000E+001                 -9.9000000000000000E+001 
                 9.9999899460670871E-001                  6.8442047263224968E+000                  1.5472911599973344E+001                  8.3543871096192001E+004                 -6.9204490329049806E+000                  4.0049249699281164E+000                  3.3454365751382695E+012                  2.0803175249853037E+001                  9.8935958155119824E+008                  1.1814109298548416E+000                  1.1477944812650348E-001                  1.2053375500692465E+000                  6.0736870767145998E-002                  8.5000496627254152E-001                  8.3517481568999283E+004                  2.6389527192710940E+001                  6.2615754961414574E+001                  2.0313104051763811E-001                  0.0000000000000000E+000                  2.2569979678106212E+005                  7.4872082746491486E+001                  1.7622545715426328E-026                  1.7622545715426328E-026                  0.0000000000000000E+000                  0.0000000000000000E+000                  7.0501844212824457E-028                  0.0000000000000000E+000                  2.8655868918025884E-001                  6.9999999999999996E-001                  2.9797635251139990E-005                  2.7997020236474884E-001                  4.1193902129486445E-003                  1.2067031330276047E-003                  1.1203876416666529E-002                  2.5129237964844936E-003                  9.5710644087274629E-004                  0.0000000000000000E+000                  0.0000000000000000E+000                  0.0000000000000000E+000                  0.0000000000000000E+000                  0.0000000000000000E+000                  0.0000000000000000E+000                  0.0000000000000000E+000                  0.0000000000000000E+000                  0.0000000000000000E+000                  0.0000000000000000E+000                 -1.3927381530572809E+001                 -9.8999999999999986E+001                  0.0000000000000000E+000                  0.0000000000000000E+000                 -9.8999999999999986E+001                 -9.8999999999999986E+001                  1.4261252217016370E+001                 -9.9000000000000000E+001                 -9.9000000000000000E+001                 -9.9000000000000000E+001 
                 9.9999897477053157E-001                  6.8425487870107764E+000                  1.5472911597030176E+001                  9.0297996156085544E+004                 -6.8960701432371607E+000                  4.0112726707708450E+000                  3.4453982848442349E+012                  2.0874322368131310E+001                  1.0457094861770797E+009                  1.1793321134614143E+000                  1.1250851489305674E-001                  1.1968403975553854E+000                  6.6562700598412919E-002                  8.5000496627254152E-001                  9.0270017785864547E+004                  2.7978370221000734E+001                  7.8619569475024804E+001                  1.8928099315258762E-001                  0.0000000000000000E+000                  2.1840800006720505E+005                  8.7701677524557951E+001                  1.8640423180237907E-026                  1.8640423180237907E-026                  0.0000000000000000E+000                  0.0000000000000000E+000                  7.4574027631677391E-028                  0.0000000000000000E+000                  2.8676998038898788E-001                  6.9999999999999996E-001                  2.9797635251139990E-005                  2.7997020236474884E-001                  4.1193902129486445E-003                  1.2067031330276047E-003                  1.1203876416666529E-002                  2.5129237964844936E-003                  9.5710644087274629E-004                  0.0000000000000000E+000                  0.0000000000000000E+000                  0.0000000000000000E+000                  0.0000000000000000E+000                  0.0000000000000000E+000                  0.0000000000000000E+000                  0.0000000000000000E+000                  0.0000000000000000E+000                  0.0000000000000000E+000                  0.0000000000000000E+000                 -1.3801528505582809E+001                 -9.8999999999999986E+001                  0.0000000000000000E+000                  0.0000000000000000E+000                 -9.8999999999999986E+001                 -9.8999999999999986E+001                  1.4259334422859080E+001                 -9.9000000000000000E+001                 -9.9000000000000000E+001                 -9.9000000000000000E+001 
                 9.9999896154641343E-001                  6.8415046784988842E+000                  1.5472911595066616E+001                  9.7056245163244457E+004                 -6.8733188919895394E+000                  4.0170114115445763E+000                  3.5397706629944712E+012                  2.0939727453814676E+001                  1.0969091919324486E+009                  1.1777733288166794E+000                  1.1071869405116733E-001                  1.1889030234291820E+000                  7.2161705133107018E-002                  8.5000496627254152E-001                  9.7026748195333770E+004                  2.9496967910693424E+001                  8.9911726058865653E+001                  1.8207697625014121E-001                  0.0000000000000000E+000                  2.1420194477256722E+005                  1.0092146680655651E+002                  1.9643320898803332E-026                  1.9643320898803334E-026                  0.0000000000000000E+000                  0.0000000000000000E+000                  7.8586282153056045E-028                  0.0000000000000000E+000                  2.5176481155183489E-001                  6.9999999999999996E-001                  2.9797635251139990E-005                  2.7997020236474884E-001                  4.1193902129486445E-003                  1.2067031330276047E-003                  1.1203876416666529E-002                  2.5129237964844936E-003                  9.5710644087274629E-004                  0.0000000000000000E+000                  0.0000000000000000E+000                  0.0000000000000000E+000                  0.0000000000000000E+000                  0.0000000000000000E+000                  0.0000000000000000E+000                  0.0000000000000000E+000                  0.0000000000000000E+000                  0.0000000000000000E+000                  0.0000000000000000E+000                 -1.3688117407945551E+001                 -9.8999999999999986E+001                  0.0000000000000000E+000                  0.0000000000000000E+000                 -9.8999999999999986E+001                 -9.8999999999999986E+001                  1.4258173832917054E+001                 -9.9000000000000000E+001                 -9.9000000000000000E+001                 -9.9000000000000000E+001 
                 9.9999894171023629E-001                  6.8400178998867904E+000                  1.5472911592480806E+001                  1.0532027204407270E+005                 -6.8471234769203519E+000                  4.0231643582652552E+000                  3.6442375242252695E+012                  2.1009867231717816E+001                  1.1510380776604764E+009                  1.1764532565510422E+000                  1.0908705713407779E-001                  1.1802173473936814E+000                  7.8421902454446760E-002                  8.5000496627254152E-001                  1.0528905518795959E+005                  3.1216856113106960E+001                  1.0780330268968842E+002                  1.7336802473507101E-001                  0.0000000000000000E+000                  2.0865903190528616E+005                  1.1704710306166487E+002                  2.0865061653277356E-026                  2.0865061653277354E-026                  0.0000000000000000E+000                  0.0000000000000000E+000                  8.3474053633054686E-028                  0.0000000000000000E+000                  2.4194591310400179E-001                  6.9999999999999996E-001                  2.9797635251139990E-005                  2.7997020236474884E-001                  4.1193902129486445E-003                  1.2067031330276047E-003                  1.1203876416666529E-002                  2.5129237964844936E-003                  9.5710644087274629E-004                  0.0000000000000000E+000                  0.0000000000000000E+000                  0.0000000000000000E+000                  0.0000000000000000E+000                  0.0000000000000000E+000                  0.0000000000000000E+000                  0.0000000000000000E+000                  0.0000000000000000E+000                  0.0000000000000000E+000                  0.0000000000000000E+000                 -1.3565804804082674E+001                 -9.8999999999999986E+001                  0.0000000000000000E+000                  0.0000000000000000E+000                 -9.8999999999999986E+001                 -9.8999999999999986E+001                  1.4256683326660305E+001                 -9.9000000000000000E+001                 -9.9000000000000000E+001                 -9.9000000000000000E+001 
                 9.9999892115521782E-001                  6.8385667999719963E+000                  1.5472911589905790E+001                  1.1523968838440193E+005                 -6.8180607626934506E+000                  4.0296949127855184E+000                  3.7610248470580928E+012                  2.1089155329337789E+001                  1.2088631321894028E+009                  1.1753573228898464E+000                  1.0759136032231140E-001                  1.1706014576284667E+000                  8.5337580608626284E-002                  8.5000496627254152E-001                  1.1520653625868018E+005                  3.3152125721751197E+001                  1.2734985507996372E+002                  1.6622508262452240E-001                  0.0000000000000000E+000                  2.0365802685865999E+005                  1.3656735073475733E+002                  2.2309667039591834E-026                  2.2309667039591837E-026                  0.0000000000000000E+000                  0.0000000000000000E+000                  8.9253431116651013E-028                  0.0000000000000000E+000                  2.0482548060650907E-001                  6.9999999999999996E-001                  2.9797635251139990E-005                  2.7997020236474884E-001                  4.1193902129486445E-003                  1.2067031330276047E-003                  1.1203876416666529E-002                  2.5129237964844936E-003                  9.5710644087274629E-004                  0.0000000000000000E+000                  0.0000000000000000E+000                  0.0000000000000000E+000                  0.0000000000000000E+000                  0.0000000000000000E+000                  0.0000000000000000E+000                  0.0000000000000000E+000                  0.0000000000000000E+000                  0.0000000000000000E+000                  0.0000000000000000E+000                 -1.3436957252333679E+001                 -9.8999999999999986E+001                  0.0000000000000000E+000                  0.0000000000000000E+000                 -9.8999999999999986E+001                 -9.8999999999999986E+001                  1.4255220179228898E+001                 -9.9000000000000000E+001                 -9.9000000000000000E+001                 -9.9000000000000000E+001 
                 9.9999889326929914E-001                  6.8367247100320778E+000                  1.5472911586948374E+001                  1.2524347867908927E+005                 -6.7907454119176220E+000                  4.0353982057749844E+000                  3.8665252874664917E+012                  2.1156460863872901E+001                  1.2581710816743469E+009                  1.1746874282051118E+000                  1.0651397889335837E-001                  1.1620406330680624E+000                  9.1509708850198032E-002                  8.5000496627254152E-001                  1.2520853854618143E+005                  3.4940132907839264E+001                  1.5527838789535423E+002                  1.5863217850878858E-001                  0.0000000000000000E+000                  1.9776570026331034E+005                  1.5590246089629932E+002                  2.3758489617289773E-026                  2.3758489617289776E-026                  0.0000000000000000E+000                  0.0000000000000000E+000                  9.5049680156527980E-028                  0.0000000000000000E+000                  2.0006562567690969E-001                  6.9999999999999996E-001                  2.9797635251139990E-005                  2.7997020236474884E-001                  4.1193902129486445E-003                  1.2067031330276047E-003                  1.1203876416666529E-002                  2.5129237964844936E-003                  9.5710644087274629E-004                  0.0000000000000000E+000                  0.0000000000000000E+000                  0.0000000000000000E+000                  0.0000000000000000E+000                  0.0000000000000000E+000                  0.0000000000000000E+000                  0.0000000000000000E+000                  0.0000000000000000E+000                  0.0000000000000000E+000                  0.0000000000000000E+000                 -1.3324016700346295E+001                 -9.8999999999999986E+001                  0.0000000000000000E+000                  0.0000000000000000E+000                 -9.8999999999999986E+001                 -9.8999999999999986E+001                  1.4253243016916409E+001                 -9.9000000000000000E+001                 -9.9000000000000000E+001                 -9.9000000000000000E+001 
                 9.9999887235485996E-001                  6.8354267652777310E+000                  1.5472911584781853E+001                  1.3382467055950576E+005                 -6.7688677756036215E+000                  4.0398322463565624E+000                  3.9503778767696514E+012                  2.1206018089576453E+001                  1.2956114382329998E+009                  1.1743172433032201E+000                  1.0580481723380064E-001                  1.1553268588774119E+000                  9.6478017801394603E-002                  8.5000496627254152E-001                  1.3378827396795416E+005                  3.6396591551597851E+001                  1.7720019664372117E+002                  1.5411609400365561E-001                  0.0000000000000000E+000                  1.9387445681375245E+005                  1.7248879339739361E+002                  2.4986476761760273E-026                  2.4986476761760270E-026                  0.0000000000000000E+000                  0.0000000000000000E+000                  9.9962441330189491E-028                  0.0000000000000000E+000                  2.0142986846021838E-001                  6.9999999999999996E-001                  2.9797635251139990E-005                  2.7997020236474884E-001                  4.1193902129486445E-003                  1.2067031330276047E-003                  1.1203876416666529E-002                  2.5129237964844936E-003                  9.5710644087274629E-004                  0.0000000000000000E+000                  0.0000000000000000E+000                  0.0000000000000000E+000                  0.0000000000000000E+000                  0.0000000000000000E+000                  0.0000000000000000E+000                  0.0000000000000000E+000                  0.0000000000000000E+000                  0.0000000000000000E+000                  0.0000000000000000E+000                 -1.3236132081900125E+001                 -9.8999999999999986E+001                  0.0000000000000000E+000                  0.0000000000000000E+000                 -9.8999999999999986E+001                 -9.8999999999999986E+001                  1.4251788870225569E+001                 -9.9000000000000000E+001                 -9.9000000000000000E+001                 -9.9000000000000000E+001 
                 9.9999885144042111E-001                  6.8341921277295734E+000                  1.5472911582600563E+001                  1.4384329730730061E+005                 -6.7448958659532732E+000                  4.0445651305137877E+000                  4.0410913778218706E+012                  2.1255381645720842E+001                  1.3344335898821402E+009                  1.1740547935153074E+000                  1.0516269727443958E-001                  1.1481553119451906E+000                  1.0194259801227745E-001                  8.5000496627254152E-001                  1.4380527904597117E+005                  3.8018261329451157E+001                  2.0002906397314484E+002                  1.5035528462166881E-001                  0.0000000000000000E+000                  1.9037141076092035E+005                  1.9179310757758358E+002                  2.6405023521141539E-026                  2.6405023521141539E-026                  0.0000000000000000E+000                  0.0000000000000000E+000                  1.0563756706257901E-027                  0.0000000000000000E+000                  1.9205143584926676E-001                  6.9999999999999996E-001                  2.9797635251139990E-005                  2.7997020236474884E-001                  4.1193902129486445E-003                  1.2067031330276047E-003                  1.1203876416666529E-002                  2.5129237964844936E-003                  9.5710644087274629E-004                  0.0000000000000000E+000                  0.0000000000000000E+000                  0.0000000000000000E+000                  0.0000000000000000E+000                  0.0000000000000000E+000                  0.0000000000000000E+000                  0.0000000000000000E+000                  0.0000000000000000E+000                  0.0000000000000000E+000                  0.0000000000000000E+000                 -1.3142169931649580E+001                 -9.8999999999999986E+001                  0.0000000000000000E+000                  0.0000000000000000E+000                 -9.8999999999999986E+001                 -9.8999999999999986E+001                  1.4250525084601835E+001                 -9.9000000000000000E+001                 -9.9000000000000000E+001                 -9.9000000000000000E+001 
                 9.9999882355450220E-001                  6.8326337102877455E+000                  1.5472911579827583E+001                  1.5530360584139742E+005                 -6.7192038123411093E+000                  4.0494305508922288E+000                  4.1355565080949600E+012                  2.1303458858238372E+001                  1.3728752658164587E+009                  1.1739339261702879E+000                  1.0462402219781447E-001                  1.1407979184034505E+000                  1.0763671963655518E-001                  8.5000496627254152E-001                  1.5526384514950597E+005                  3.9760691891447223E+001                  2.3162216069964882E+002                  1.4621425710361860E-001                  0.0000000000000000E+000                  1.8617091138030667E+005                  2.1350265101375317E+002                  2.8014909716990885E-026                  2.8014909716990879E-026                  0.0000000000000000E+000                  0.0000000000000000E+000                  1.1207817715599808E-027                  0.0000000000000000E+000                  1.9762337476252578E-001                  6.9999999999999996E-001                  2.9797635251139990E-005                  2.7997020236474884E-001                  4.1193902129486445E-003                  1.2067031330276047E-003                  1.1203876416666529E-002                  2.5129237964844936E-003                  9.5710644087274629E-004                  0.0000000000000000E+000                  0.0000000000000000E+000                  0.0000000000000000E+000                  0.0000000000000000E+000                  0.0000000000000000E+000                  0.0000000000000000E+000                  0.0000000000000000E+000                  0.0000000000000000E+000                  0.0000000000000000E+000                  0.0000000000000000E+000                 -1.3045386243177036E+001                 -9.8999999999999986E+001                  0.0000000000000000E+000                  0.0000000000000000E+000                 -9.8999999999999986E+001                 -9.8999999999999986E+001                  1.4248884669629190E+001                 -9.9000000000000000E+001                 -9.9000000000000000E+001                 -9.9000000000000000E+001 
                 9.9999879566858352E-001                  6.8311641608221141E+000                  1.5472911576974157E+001                  1.6964132204224699E+005                 -6.6895727000614302E+000                  4.0549456704583315E+000                  4.2467830130042490E+012                  2.1361764948165050E+001                  1.4160314882892685E+009                  1.1739296645804320E+000                  1.0411725374165078E-001                  1.1322687183263018E+000                  1.1418008005380451E-001                  8.5000496627254152E-001                  1.6959948948525675E+005                  4.1832556990239169E+001                  2.6445631107013719E+002                  1.4281272144818685E-001                  0.0000000000000000E+000                  1.8241687083462023E+005                  2.4046027096616143E+002                  2.9993902527087391E-026                  2.9993902527087391E-026                  0.0000000000000000E+000                  0.0000000000000000E+000                  1.1999545795551174E-027                  0.0000000000000000E+000                  2.0762736142266558E-001                  6.9999999999999996E-001                  2.9797635251139990E-005                  2.7997020236474884E-001                  4.1193902129486445E-003                  1.2067031330276047E-003                  1.1203876416666529E-002                  2.5129237964844936E-003                  9.5710644087274629E-004                  0.0000000000000000E+000                  0.0000000000000000E+000                  0.0000000000000000E+000                  0.0000000000000000E+000                  0.0000000000000000E+000                  0.0000000000000000E+000                  0.0000000000000000E+000                  0.0000000000000000E+000                  0.0000000000000000E+000                  0.0000000000000000E+000                 -1.2937118791181739E+001                 -9.8999999999999986E+001                  0.0000000000000000E+000                  0.0000000000000000E+000                 -9.8999999999999986E+001                 -9.8999999999999986E+001                  1.4247313113576846E+001                 -9.9000000000000000E+001                 -9.9000000000000000E+001                 -9.9000000000000000E+001 
                 9.9999875383970538E-001                  6.8291041535550825E+000                  1.5472911572477347E+001                  1.9291951076137010E+005                 -6.6462517782031245E+000                  4.0627942445659357E+000                  4.4107903663386719E+012                  2.1447711694858402E+001                  1.4752595717947550E+009                  1.1741599105492415E+000                  1.0359108048121556E-001                  1.1199374567310234E+000                  1.2371473733854685E-001                  8.5000496627254152E-001                  1.9287454222962057E+005                  4.4968531749528957E+001                  3.1600481824968790E+002                  1.3870975647167991E-001                  0.0000000000000000E+000                  1.7747460011569044E+005                  2.8353751500197524E+002                  3.3141576279088767E-026                  3.3141576279088767E-026                  0.0000000000000000E+000                  0.0000000000000000E+000                  1.3258823587441909E-027                  0.0000000000000000E+000                  1.8808425913275145E-001                  6.9999999999999996E-001                  2.9797635251139990E-005                  2.7997020236474884E-001                  4.1193902129486445E-003                  1.2067031330276047E-003                  1.1203876416666529E-002                  2.5129237964844936E-003                  9.5710644087274629E-004                  0.0000000000000000E+000                  0.0000000000000000E+000                  0.0000000000000000E+000                  0.0000000000000000E+000                  0.0000000000000000E+000                  0.0000000000000000E+000                  0.0000000000000000E+000                  0.0000000000000000E+000                  0.0000000000000000E+000                  0.0000000000000000E+000                 -1.2784380926045390E+001                 -9.8999999999999986E+001                  0.0000000000000000E+000                  0.0000000000000000E+000                 -9.8999999999999986E+001                 -9.8999999999999986E+001                  1.4245296328597240E+001                 -9.9000000000000000E+001                 -9.9000000000000000E+001                 -9.9000000000000000E+001 
                 9.9999868261866676E-001                  6.8259271846133958E+000                  1.5472911565541423E+001                  2.1367544116932972E+005                 -6.6109773670669991E+000                  4.0686133432408589E+000                  4.5285604195642959E+012                  2.1495428199846071E+001                  1.5130172614710541E+009                  1.1745906402630963E+000                  1.0342533969650840E-001                  1.1112842152857940E+000                  1.3083442131656714E-001                  8.5000496627254152E-001                  2.1362799675362441E+005                  4.7444415705300571E+001                  4.0833603103934882E+002                  1.3364947469258759E-001                  0.0000000000000000E+000                  1.7031713245666900E+005                  3.1980005435256152E+002                  3.5947109721852907E-026                  3.5947109721852907E-026                  0.0000000000000000E+000                  0.0000000000000000E+000                  1.4381222615221080E-027                  0.0000000000000000E+000                  2.0695710249767282E-001                  6.9999999999999996E-001                  2.9797635251139990E-005                  2.7997020236474884E-001                  4.1193902129486445E-003                  1.2067031330276047E-003                  1.1203876416666529E-002                  2.5129237964844936E-003                  9.5710644087274629E-004                  0.0000000000000000E+000                  0.0000000000000000E+000                  0.0000000000000000E+000                  0.0000000000000000E+000                  0.0000000000000000E+000                  0.0000000000000000E+000                  0.0000000000000000E+000                  0.0000000000000000E+000                  0.0000000000000000E+000                  0.0000000000000000E+000                 -1.2667220779238527E+001                 -9.8999999999999986E+001                  0.0000000000000000E+000                  0.0000000000000000E+000                 -9.8999999999999986E+001                 -9.8999999999999986E+001                  1.4241455066644404E+001                 -9.9000000000000000E+001                 -9.9000000000000000E+001                 -9.9000000000000000E+001 
                 9.9999865322650627E-001                  6.8247175872150958E+000                  1.5472911562391818E+001                  2.2581091134000997E+005                 -6.5919872382513285E+000                  4.0717808641433795E+000                  4.5945903706187305E+012                  2.1522297497577469E+001                  1.5333952286707830E+009                  1.1748633959405403E+000                  1.0336432183125616E-001                  1.1064724201662108E+000                  1.3482836705978790E-001                  8.5000496627254152E-001                  2.2576206239529009E+005                  4.8848944719890120E+001                  4.4809585192849158E+002                  1.3206630999739388E-001                  0.0000000000000000E+000                  1.6774047038789143E+005                  3.4102008126547798E+002                  3.7554606530313957E-026                  3.7554606530313957E-026                  0.0000000000000000E+000                  0.0000000000000000E+000                  1.5024327711572171E-027                  0.0000000000000000E+000                  2.2262855908416837E-001                  6.9999999999999996E-001                  2.9797635251139990E-005                  2.7997020236474884E-001                  4.1193902129486445E-003                  1.2067031330276047E-003                  1.1203876416666529E-002                  2.5129237964844936E-003                  9.5710644087274629E-004                  0.0000000000000000E+000                  0.0000000000000000E+000                  0.0000000000000000E+000                  0.0000000000000000E+000                  0.0000000000000000E+000                  0.0000000000000000E+000                  0.0000000000000000E+000                  0.0000000000000000E+000                  0.0000000000000000E+000                  0.0000000000000000E+000                 -1.2604369996965847E+001                 -9.8999999999999986E+001                  0.0000000000000000E+000                  0.0000000000000000E+000                 -9.8999999999999986E+001                 -9.8999999999999986E+001                  1.4239839490014685E+001                 -9.9000000000000000E+001                 -9.9000000000000000E+001                 -9.9000000000000000E+001 
                 9.9999862383434590E-001                  6.8235593396548051E+000                  1.5472911559003721E+001                  2.4424378103742265E+005                 -6.5650953126910201E+000                  4.0762843490493932E+000                  4.6916384483782969E+012                  2.1563278409378775E+001                  1.5622446568989389E+009                  1.1752967276115269E+000                  1.0331371431190170E-001                  1.0994703288761172E+000                  1.4054329594294429E-001                  8.5000496627254152E-001                  2.4419286329664447E+005                  5.0917740778193178E+001                  4.8914025994579936E+002                  1.3067875283289260E-001                  0.0000000000000000E+000                  1.6538431191584657E+005                  3.7311834301575851E+002                  3.9954747061226198E-026                  3.9954747061226198E-026                  0.0000000000000000E+000                  0.0000000000000000E+000                  1.5984542748580687E-027                  0.0000000000000000E+000                  2.2246101145228953E-001                  6.9999999999999996E-001                  2.9797635251139990E-005                  2.7997020236474884E-001                  4.1193902129486445E-003                  1.2067031330276047E-003                  1.1203876416666529E-002                  2.5129237964844936E-003                  9.5710644087274629E-004                  0.0000000000000000E+000                  0.0000000000000000E+000                  0.0000000000000000E+000                  0.0000000000000000E+000                  0.0000000000000000E+000                  0.0000000000000000E+000                  0.0000000000000000E+000                  0.0000000000000000E+000                  0.0000000000000000E+000                  0.0000000000000000E+000                 -1.2516440620383520E+001                 -9.8999999999999986E+001                  0.0000000000000000E+000                  0.0000000000000000E+000                 -9.8999999999999986E+001                 -9.8999999999999986E+001                  1.4238522944085199E+001                 -9.9000000000000000E+001                 -9.9000000000000000E+001                 -9.9000000000000000E+001 
                 9.9999856399812459E-001                  6.8213418736253573E+000                  1.5472911552111460E+001                  2.6606688468864915E+005                 -6.5354836301635393E+000                  4.0810278098397985E+000                  4.7943712775675264E+012                  2.1604231085285139E+001                  1.5902546488870034E+009                  1.1758531791837163E+000                  1.0334762488632461E-001                  1.0921915440240142E+000                  1.4639557519510693E-001                  8.5000496627254152E-001                  2.6601369309907907E+005                  5.3191589570077277E+001                  5.7542358805232050E+002                  1.2834049885030857E-001                  0.0000000000000000E+000                  1.6104481857962170E+005                  4.0981042966595430E+002                  4.2775503538640954E-026                  4.2775503538640948E-026                  0.0000000000000000E+000                  0.0000000000000000E+000                  1.7113031997671696E-027                  0.0000000000000000E+000                  2.3211316614056526E-001                  6.9999999999999996E-001                  2.9797635251139990E-005                  2.7997020236474884E-001                  4.1193902129486445E-003                  1.2067031330276047E-003                  1.1203876416666529E-002                  2.5129237964844936E-003                  9.5710644087274629E-004                  0.0000000000000000E+000                  0.0000000000000000E+000                  0.0000000000000000E+000                  0.0000000000000000E+000                  0.0000000000000000E+000                  0.0000000000000000E+000                  0.0000000000000000E+000                  0.0000000000000000E+000                  0.0000000000000000E+000                  0.0000000000000000E+000                 -1.2423854879900091E+001                 -9.8999999999999986E+001                  0.0000000000000000E+000                  0.0000000000000000E+000                 -9.8999999999999986E+001                 -9.8999999999999986E+001                  1.4235878170678737E+001                 -9.9000000000000000E+001                 -9.9000000000000000E+001                 -9.9000000000000000E+001 
                 9.9999851833203357E-001                  6.8197602000858799E+000                  1.5472911546623166E+001                  2.8497643497714784E+005                 -6.5116601044981968E+000                  4.0848106714573511E+000                  4.8761538071727061E+012                  2.1635321710091770E+001                  1.6111346110898447E+009                  1.1763496804759708E+000                  1.0342135238507945E-001                  1.0864732162437338E+000                  1.5114158694110177E-001                  8.5000496627254152E-001                  2.8492135745226190E+005                  5.5077524885951497E+001                  6.4348453918266932E+002                  1.2691353559874891E-001                  0.0000000000000000E+000                  1.5807454727554365E+005                  4.4113855801304339E+002                  4.5188835534742068E-026                  4.5188835534742063E-026                  0.0000000000000000E+000                  0.0000000000000000E+000                  1.8078524493739067E-027                  0.0000000000000000E+000                  2.4443823334934847E-001                  6.9999999999999996E-001                  2.9797635251139990E-005                  2.7997020236474884E-001                  4.1193902129486445E-003                  1.2067031330276047E-003                  1.1203876416666529E-002                  2.5129237964844936E-003                  9.5710644087274629E-004                  0.0000000000000000E+000                  0.0000000000000000E+000                  0.0000000000000000E+000                  0.0000000000000000E+000                  0.0000000000000000E+000                  0.0000000000000000E+000                  0.0000000000000000E+000                  0.0000000000000000E+000                  0.0000000000000000E+000                  0.0000000000000000E+000                 -1.2350213205555207E+001                 -9.8999999999999986E+001                  0.0000000000000000E+000                  0.0000000000000000E+000                 -9.8999999999999986E+001                 -9.8999999999999986E+001                  1.4233878981973930E+001                 -9.9000000000000000E+001                 -9.9000000000000000E+001                 -9.9000000000000000E+001 
                 9.9999847266594222E-001                  6.8182622772650276E+000                  1.5472911540843448E+001                  3.0432834494102368E+005                 -6.4887657107533521E+000                  4.0883990068906133E+000                  4.9528274649256924E+012                  2.1661952500705333E+001                  1.6294975541905203E+009                  1.1768658900480906E+000                  1.0352941358490590E-001                  1.0811765958791923E+000                  1.5572401917903039E-001                  8.5000496627254152E-001                  3.0427141670105082E+005                  5.6928239972827051E+001                  7.1351676434087460E+002                  1.2572394276733795E-001                  0.0000000000000000E+000                  1.5537080308482939E+005                  4.7264129968911925E+002                  4.7636283973139630E-026                  4.7636283973139630E-026                  0.0000000000000000E+000                  0.0000000000000000E+000                  1.9057665824345329E-027                  0.0000000000000000E+000                  2.6042620890112333E-001                  6.9999999999999996E-001                  2.9797635251139990E-005                  2.7997020236474884E-001                  4.1193902129486445E-003                  1.2067031330276047E-003                  1.1203876416666529E-002                  2.5129237964844936E-003                  9.5710644087274629E-004                  0.0000000000000000E+000                  0.0000000000000000E+000                  0.0000000000000000E+000                  0.0000000000000000E+000                  0.0000000000000000E+000                  0.0000000000000000E+000                  0.0000000000000000E+000                  0.0000000000000000E+000                  0.0000000000000000E+000                  0.0000000000000000E+000                 -1.2279993040959443E+001                 -9.8999999999999986E+001                  0.0000000000000000E+000                  0.0000000000000000E+000                 -9.8999999999999986E+001                 -9.8999999999999986E+001                  1.4232064773623007E+001                 -9.9000000000000000E+001                 -9.9000000000000000E+001                 -9.9000000000000000E+001 
                 9.9999842494536417E-001                  6.8167766942131545E+000                  1.5472911534408663E+001                  3.2907196138974198E+005                 -6.4615472583994942E+000                  4.0926585078966218E+000                  5.0455652992729609E+012                  2.1694914191034201E+001                  1.6505842567427044E+009                  1.1775191555515838E+000                  1.0368883681906103E-001                  1.0748521909493622E+000                  1.6120533420437086E-001                  8.5000496627254152E-001                  3.2901275538424629E+005                  5.9206005495698172E+001                  7.8862638089080167E+002                  1.2467395652999078E-001                  0.0000000000000000E+000                  1.5278524423590911E+005                  5.1227084331197079E+002                  5.0719085551963656E-026                  5.0719085551963651E-026                  0.0000000000000000E+000                  0.0000000000000000E+000                  2.0290990454451306E-027                  0.0000000000000000E+000                  2.7170595371122463E-001                  6.9999999999999996E-001                  2.9797635251139990E-005                  2.7997020236474884E-001                  4.1193902129486445E-003                  1.2067031330276047E-003                  1.1203876416666529E-002                  2.5129237964844936E-003                  9.5710644087274629E-004                  0.0000000000000000E+000                  0.0000000000000000E+000                  0.0000000000000000E+000                  0.0000000000000000E+000                  0.0000000000000000E+000                  0.0000000000000000E+000                  0.0000000000000000E+000                  0.0000000000000000E+000                  0.0000000000000000E+000                  0.0000000000000000E+000                 -1.2197417913296277E+001                 -9.8999999999999986E+001                  0.0000000000000000E+000                  0.0000000000000000E+000                 -9.8999999999999986E+001                 -9.8999999999999986E+001                  1.4230296399436664E+001                 -9.9000000000000000E+001                 -9.9000000000000000E+001                 -9.9000000000000000E+001 
                 9.9999835336449727E-001                  6.8146825923329093E+000                  1.5472911524338423E+001                  3.5880081277767953E+005                 -6.4313306487682045E+000                  4.0972899880746407E+000                  5.1484384226933330E+012                  2.1731242565486884E+001                  1.6721117967408133E+009                  1.1782898561641317E+000                  1.0391185953585649E-001                  1.0679623890897363E+000                  1.6706749632205600E-001                  8.5000496627254152E-001                  3.5873902654979931E+005                  6.1786227880235039E+001                  9.0442009688083317E+002                  1.2337619644261985E-001                  0.0000000000000000E+000                  1.4927313012592486E+005                  5.5836410010193674E+002                  5.4375759009753738E-026                  5.4375759009753738E-026                  0.0000000000000000E+000                  0.0000000000000000E+000                  2.1753901811094433E-027                  0.0000000000000000E+000                  2.7959090180058288E-001                  6.9999999999999996E-001                  2.9797635251139990E-005                  2.7997020236474884E-001                  4.1193902129486445E-003                  1.2067031330276047E-003                  1.1203876416666529E-002                  2.5129237964844936E-003                  9.5710644087274629E-004                  0.0000000000000000E+000                  0.0000000000000000E+000                  0.0000000000000000E+000                  0.0000000000000000E+000                  0.0000000000000000E+000                  0.0000000000000000E+000                  0.0000000000000000E+000                  0.0000000000000000E+000                  0.0000000000000000E+000                  0.0000000000000000E+000                 -1.2108040584843724E+001                 -9.8999999999999986E+001                  0.0000000000000000E+000                  0.0000000000000000E+000                 -9.8999999999999986E+001                 -9.8999999999999986E+001                  1.4227709516389540E+001                 -9.9000000000000000E+001                 -9.9000000000000000E+001                 -9.9000000000000000E+001 
                 9.9999828178363026E-001                  6.8127280764160014E+000                  1.5472911513975944E+001                  3.8414031909314374E+005                 -6.4074057010818883E+000                  4.1008956524339437E+000                  5.2290783189249756E+012                  2.1758414538604331E+001                  1.6875415271231871E+009                  1.1789298599911961E+000                  1.0412796335548503E-001                  1.0626509111943037E+000                  1.7162006230128682E-001                  8.5000496627254152E-001                  3.8407644653074053E+005                  6.3872562403218019E+001                  1.0234030768268856E+003                  1.2234557623918312E-001                  0.0000000000000000E+000                  1.4611545894583550E+005                  5.9647549103149242E+002                  5.7457194174161504E-026                  5.7457194174161516E-026                  0.0000000000000000E+000                  0.0000000000000000E+000                  2.2986679785118801E-027                  0.0000000000000000E+000                  2.9588082553190975E-001                  6.9999999999999996E-001                  2.9797635251139990E-005                  2.7997020236474884E-001                  4.1193902129486445E-003                  1.2067031330276047E-003                  1.1203876416666529E-002                  2.5129237964844936E-003                  9.5710644087274629E-004                  0.0000000000000000E+000                  0.0000000000000000E+000                  0.0000000000000000E+000                  0.0000000000000000E+000                  0.0000000000000000E+000                  0.0000000000000000E+000                  0.0000000000000000E+000                  0.0000000000000000E+000                  0.0000000000000000E+000                  0.0000000000000000E+000                 -1.2038571357776130E+001                 -9.8999999999999986E+001                  0.0000000000000000E+000                  0.0000000000000000E+000                 -9.8999999999999986E+001                 -9.8999999999999986E+001                  1.4225147699840806E+001                 -9.9000000000000000E+001                 -9.9000000000000000E+001                 -9.9000000000000000E+001 
                 9.9999823147993838E-001                  6.8114275335602210E+000                  1.5472911506269385E+001                  4.1553833529713686E+005                 -6.3799271480903821E+000                  4.1050960798151186E+000                  5.3233431529272480E+012                  2.1789044538836706E+001                  1.7046024261534681E+009                  1.1797057753166444E+000                  1.0440645116280763E-001                  1.0564971279511406E+000                  1.7715170323199647E-001                  8.5000496627254152E-001                  4.1547194325169793E+005                  6.6392045438904503E+001                  1.1090040225179193E+003                  1.2174979735066152E-001                  0.0000000000000000E+000                  1.4409892122844962E+005                  6.4311882135917733E+002                  6.1212439078889857E-026                  6.1212439078889857E-026                  0.0000000000000000E+000                  0.0000000000000000E+000                  2.4489026243446997E-027                  0.0000000000000000E+000                  3.1268803294988057E-001                  6.9999999999999996E-001                  2.9797635251139990E-005                  2.7997020236474884E-001                  4.1193902129486445E-003                  1.2067031330276047E-003                  1.1203876416666529E-002                  2.5129237964844936E-003                  9.5710644087274629E-004                  0.0000000000000000E+000                  0.0000000000000000E+000                  0.0000000000000000E+000                  0.0000000000000000E+000                  0.0000000000000000E+000                  0.0000000000000000E+000                  0.0000000000000000E+000                  0.0000000000000000E+000                  0.0000000000000000E+000                  0.0000000000000000E+000                 -1.1958269002848009E+001                 -9.8999999999999986E+001                  0.0000000000000000E+000                  0.0000000000000000E+000                 -9.8999999999999986E+001                 -9.8999999999999986E+001                  1.4223581418046443E+001                 -9.9000000000000000E+001                 -9.9000000000000000E+001                 -9.9000000000000000E+001 
                 9.9999813087255451E-001                  6.8089845823071515E+000                  1.5472911489980746E+001                  4.5995350139141548E+005                 -6.3441448370601785E+000                  4.1104323522881696E+000                  5.4404851930761318E+012                  2.1820038518273627E+001                  1.7232290886207004E+009                  1.1807768342219420E+000                  1.0482003164209575E-001                  1.0489553539200283E+000                  1.8416199004966738E-001                  8.5000496627254152E-001                  4.5988376473214326E+005                  6.9736659272222155E+001                  1.2846352632128574E+003                  1.2079563590654935E-001                  0.0000000000000000E+000                  1.4046146870225211E+005                  7.0665759251484974E+002                  6.6472890982927032E-026                  6.6472890982927020E-026                  0.0000000000000000E+000                  0.0000000000000000E+000                  2.6593555105927963E-027                  0.0000000000000000E+000                  3.3332531484791228E-001                  6.9999999999999996E-001                  2.9797635251139990E-005                  2.7997020236474884E-001                  4.1193902129486445E-003                  1.2067031330276047E-003                  1.1203876416666529E-002                  2.5129237964844936E-003                  9.5710644087274629E-004                  0.0000000000000000E+000                  0.0000000000000000E+000                  0.0000000000000000E+000                  0.0000000000000000E+000                  0.0000000000000000E+000                  0.0000000000000000E+000                  0.0000000000000000E+000                  0.0000000000000000E+000                  0.0000000000000000E+000                  0.0000000000000000E+000                 -1.1855453162968793E+001                 -9.8999999999999986E+001                  0.0000000000000000E+000                  0.0000000000000000E+000                 -9.8999999999999986E+001                 -9.8999999999999986E+001                  1.4220751151674211E+001                 -9.9000000000000000E+001                 -9.9000000000000000E+001                 -9.9000000000000000E+001 
                 9.9999801830944979E-001                  6.8064656576363340E+000                  1.5472911470553644E+001                  5.0942389765823871E+005                 -6.3081695326579670E+000                  4.1157639294460662E+000                  5.5613732735016572E+012                  2.1854182516632754E+001                  1.7404670830196104E+009                  1.1819042234565034E+000                  1.0528334972619285E-001                  1.0412969199463884E+000                  1.9091218825978182E-001                  8.5000496627254152E-001                  5.0935065106209152E+005                  7.3246596147203761E+001                  1.4872107447043797E+003                  1.2000484418159382E-001                  0.0000000000000000E+000                  1.3686527164725380E+005                  7.7502594370493671E+002                  7.2217676911359684E-026                  7.2217676911359684E-026                  0.0000000000000000E+000                  0.0000000000000000E+000                  2.8891849628252440E-027                  0.0000000000000000E+000                  3.4688502276465094E-001                  6.9999999999999996E-001                  2.9797635251139990E-005                  2.7997020236474884E-001                  4.1193902129486445E-003                  1.2067031330276047E-003                  1.1203876416666529E-002                  2.5129237964844936E-003                  9.5710644087274629E-004                  0.0000000000000000E+000                  0.0000000000000000E+000                  0.0000000000000000E+000                  0.0000000000000000E+000                  0.0000000000000000E+000                  0.0000000000000000E+000                  0.0000000000000000E+000                  0.0000000000000000E+000                  0.0000000000000000E+000                  0.0000000000000000E+000                 -1.1754987171192173E+001                 -9.8999999999999986E+001                  0.0000000000000000E+000                  0.0000000000000000E+000                 -9.8999999999999986E+001                 -9.8999999999999986E+001                  1.4217602926905641E+001                 -9.9000000000000000E+001                 -9.9000000000000000E+001                 -9.9000000000000000E+001 
                 9.9999789379062387E-001                  6.8038987908287956E+000                  1.5472911448188883E+001                  5.5745396127984778E+005                 -6.2763455572284457E+000                  4.1204164152844642E+000                  5.6675508261060352E+012                  2.1882394893339306E+001                  1.7534812032669823E+009                  1.1829488856079966E+000                  1.0573692671790105E-001                  1.0347052836113182E+000                  1.9668411102220823E-001                  8.5000496627254152E-001                  5.5737750777655258E+005                  7.6453503295226568E+001                  1.7183703033222127E+003                  1.1937256234195701E-001                  0.0000000000000000E+000                  1.3336376778422401E+005                  8.3915552521535426E+002                  7.7712204482662706E-026                  7.7712204482662717E-026                  0.0000000000000000E+000                  0.0000000000000000E+000                  3.1090024247480892E-027                  0.0000000000000000E+000                  3.6312051515919269E-001                  6.9999999999999996E-001                  2.9797635251139990E-005                  2.7997020236474884E-001                  4.1193902129486445E-003                  1.2067031330276047E-003                  1.1203876416666529E-002                  2.5129237964844936E-003                  9.5710644087274629E-004                  0.0000000000000000E+000                  0.0000000000000000E+000                  0.0000000000000000E+000                  0.0000000000000000E+000                  0.0000000000000000E+000                  0.0000000000000000E+000                  0.0000000000000000E+000                  0.0000000000000000E+000                  0.0000000000000000E+000                  0.0000000000000000E+000                 -1.1668011112596318E+001                 -9.8999999999999986E+001                  0.0000000000000000E+000                  0.0000000000000000E+000                 -9.8999999999999986E+001                 -9.8999999999999986E+001                  1.4214314171463947E+001                 -9.9000000000000000E+001                 -9.9000000000000000E+001                 -9.9000000000000000E+001 
                 9.9999778847716680E-001                  6.8018798624194652E+000                  1.5472911428388283E+001                  6.0651257504975912E+005                 -6.2465135739191595E+000                  4.1247891112554331E+000                  5.7659894735863789E+012                  2.1904568189711728E+001                  1.7640818808094263E+009                  1.1839660186384551E+000                  1.0620055255283828E-001                  1.0286844791814060E+000                  2.0234378774280085E-001                  8.5000496627254152E-001                  6.0643297961219132E+005                  7.9595437567826153E+001                  1.9195811571095278E+003                  1.1899074624063125E-001                  0.0000000000000000E+000                  1.3073283251958164E+005                  9.0329979835119218E+002                  8.3241964477927489E-026                  8.3241964477927501E-026                  0.0000000000000000E+000                  0.0000000000000000E+000                  3.3302294167891553E-027                  0.0000000000000000E+000                  3.8446492386222925E-001                  6.9999999999999996E-001                  2.9797635251139990E-005                  2.7997020236474884E-001                  4.1193902129486445E-003                  1.2067031330276047E-003                  1.1203876416666529E-002                  2.5129237964844936E-003                  9.5710644087274629E-004                  0.0000000000000000E+000                  0.0000000000000000E+000                  0.0000000000000000E+000                  0.0000000000000000E+000                  0.0000000000000000E+000                  0.0000000000000000E+000                  0.0000000000000000E+000                  0.0000000000000000E+000                  0.0000000000000000E+000                  0.0000000000000000E+000                 -1.1585995048717498E+001                 -9.8999999999999986E+001                  0.0000000000000000E+000                  0.0000000000000000E+000                 -9.8999999999999986E+001                 -9.8999999999999986E+001                  1.4211838109004923E+001                 -9.9000000000000000E+001                 -9.9000000000000000E+001                 -9.9000000000000000E+001 
                 9.9999765931503470E-001                  6.7995666427386254E+000                  1.5472911402676296E+001                  6.6965488425552170E+005                 -6.2114388506620157E+000                  4.1299207228550765E+000                  5.8812689978943506E+012                  2.1928203449241089E+001                  1.7748073353881295E+009                  1.1852047091801146E+000                  1.0678343278066756E-001                  1.0217440474982336E+000                  2.0912249697186502E-001                  8.5000496627254152E-001                  6.6957143650750618E+005                  8.3447748015489850E+001                  2.1733121563098553E+003                  1.1866091583440343E-001                  0.0000000000000000E+000                  1.2784765860059136E+005                  9.8377706308687254E+002                  9.0249083368822765E-026                  9.0249083368822754E-026                  0.0000000000000000E+000                  0.0000000000000000E+000                  3.6105605408445968E-027                  0.0000000000000000E+000                  4.0408539371312319E-001                  6.9999999999999996E-001                  2.9797635251139990E-005                  2.7997020236474884E-001                  4.1193902129486445E-003                  1.2067031330276047E-003                  1.1203876416666529E-002                  2.5129237964844936E-003                  9.5710644087274629E-004                  0.0000000000000000E+000                  0.0000000000000000E+000                  0.0000000000000000E+000                  0.0000000000000000E+000                  0.0000000000000000E+000                  0.0000000000000000E+000                  0.0000000000000000E+000                  0.0000000000000000E+000                  0.0000000000000000E+000                  0.0000000000000000E+000                 -1.1490043528566762E+001                 -9.8999999999999986E+001                  0.0000000000000000E+000                  0.0000000000000000E+000                 -9.8999999999999986E+001                 -9.8999999999999986E+001                  1.4209149391164166E+001                 -9.9000000000000000E+001                 -9.9000000000000000E+001                 -9.9000000000000000E+001 
                 9.9999748709885838E-001                  6.7967194917841072E+000                  1.5472911366644096E+001                  7.3120300157739373E+005                 -6.1802253466391113E+000                  4.1344083544972161E+000                  5.9842374184263867E+012                  2.1950944095787364E+001                  1.7825785978959596E+009                  1.1863370897473979E+000                  1.0733050241925399E-001                  1.0156629765786676E+000                  2.1475376025207540E-001                  8.5000496627254152E-001                  7.3111603244300210E+005                  8.6969134391595802E+001                  2.5216325894560223E+003                  1.1838663480069084E-001                  0.0000000000000000E+000                  1.2442869366590292E+005                  1.0592985965904779E+003                  9.6979537171862804E-026                  9.6979537171862804E-026                  0.0000000000000000E+000                  0.0000000000000000E+000                  3.8798232306248978E-027                  0.0000000000000000E+000                  4.1526048375565172E-001                  6.9999999999999996E-001                  2.9797635251139990E-005                  2.7997020236474884E-001                  4.1193902129486445E-003                  1.2067031330276047E-003                  1.1203876416666529E-002                  2.5129237964844936E-003                  9.5710644087274629E-004                  0.0000000000000000E+000                  0.0000000000000000E+000                  0.0000000000000000E+000                  0.0000000000000000E+000                  0.0000000000000000E+000                  0.0000000000000000E+000                  0.0000000000000000E+000                  0.0000000000000000E+000                  0.0000000000000000E+000                  0.0000000000000000E+000                 -1.1407141318368252E+001                 -9.8999999999999986E+001                  0.0000000000000000E+000                  0.0000000000000000E+000                 -9.8999999999999986E+001                 -9.8999999999999986E+001                  1.4205603655709893E+001                 -9.9000000000000000E+001                 -9.9000000000000000E+001                 -9.9000000000000000E+001 
                 9.9999736603748079E-001                  6.7948555614381831E+000                  1.5472911340614349E+001                  7.8298518700268154E+005                 -6.1559866607744818E+000                  4.1379235409197417E+000                  6.0660543772779463E+012                  2.1969805127970346E+001                  1.7879173626081944E+009                  1.1872441809188867E+000                  1.0777651153177523E-001                  1.0108860698303053E+000                  2.1920182844094310E-001                  8.5000496627254152E-001                  7.8289535607322550E+005                  8.9830929456010793E+001                  2.7727381558916732E+003                  1.1827692041991987E-001                  0.0000000000000000E+000                  1.2227599351406502E+005                  1.1215277617524976E+003                  1.0255052103781618E-025                  1.0255052103781618E-025                  0.0000000000000000E+000                  0.0000000000000000E+000                  4.1026994503395345E-027                  0.0000000000000000E+000                  4.2774099259646170E-001                  6.9999999999999996E-001                  2.9797635251139990E-005                  2.7997020236474884E-001                  4.1193902129486445E-003                  1.2067031330276047E-003                  1.1203876416666529E-002                  2.5129237964844936E-003                  9.5710644087274629E-004                  0.0000000000000000E+000                  0.0000000000000000E+000                  0.0000000000000000E+000                  0.0000000000000000E+000                  0.0000000000000000E+000                  0.0000000000000000E+000                  0.0000000000000000E+000                  0.0000000000000000E+000                  0.0000000000000000E+000                  0.0000000000000000E+000                 -1.1342946282921549E+001                 -9.8999999999999986E+001                  0.0000000000000000E+000                  0.0000000000000000E+000                 -9.8999999999999986E+001                 -9.8999999999999986E+001                  1.4203258499333000E+001                 -9.9000000000000000E+001                 -9.9000000000000000E+001                 -9.9000000000000000E+001 
                 9.9999724062661843E-001                  6.7930284861372998E+000                  1.5472911312838988E+001                  8.4513984944706142E+005                 -6.1288907963712393E+000                  4.1418636348432472E+000                  6.1564613586348506E+012                  2.1987499377429234E+001                  1.7927642780841584E+009                  1.1882884158495752E+000                  1.0829759690791810E-001                  1.0056584986169494E+000                  2.2434734128105069E-001                  8.5000496627254152E-001                  8.4504669871572801E+005                  9.3150731333399918E+001                  3.0381562342504226E+003                  1.1821871545488555E-001                  0.0000000000000000E+000                  1.2024851973937759E+005                  1.1946599675626130E+003                  1.0915803188611312E-025                  1.0915803188611312E-025                  0.0000000000000000E+000                  0.0000000000000000E+000                  4.3670436084163358E-027                  0.0000000000000000E+000                  4.4544932476464438E-001                  6.9999999999999996E-001                  2.9797635251139990E-005                  2.7997020236474884E-001                  4.1193902129486445E-003                  1.2067031330276047E-003                  1.1203876416666529E-002                  2.5129237964844936E-003                  9.5710644087274629E-004                  0.0000000000000000E+000                  0.0000000000000000E+000                  0.0000000000000000E+000                  0.0000000000000000E+000                  0.0000000000000000E+000                  0.0000000000000000E+000                  0.0000000000000000E+000                  0.0000000000000000E+000                  0.0000000000000000E+000                  0.0000000000000000E+000                 -1.1270883029970964E+001                 -9.8999999999999986E+001                  0.0000000000000000E+000                  0.0000000000000000E+000                 -9.8999999999999986E+001                 -9.8999999999999986E+001                  1.4201172274643191E+001                 -9.9000000000000000E+001                 -9.9000000000000000E+001                 -9.9000000000000000E+001 
                 9.9999707051247888E-001                  6.7906986165749501E+000                  1.5472911273603195E+001                  9.1775382746668230E+005                 -6.0995319532311409E+000                  4.1460949630334296E+000                  6.2512972943218555E+012                  2.2000677022648816E+001                  1.7964473711626501E+009                  1.1894398973173401E+000                  1.0888420724408954E-001                  1.0002430973587788E+000                  2.2994793063179894E-001                  8.5000496627254152E-001                  9.1765697480025294E+005                  9.6852666429334548E+001                  3.4056907321614131E+003                  1.1821061093615384E-001                  0.0000000000000000E+000                  1.1775223894508231E+005                  1.2775821216579980E+003                  1.1679899716033659E-025                  1.1679899716033661E-025                  0.0000000000000000E+000                  0.0000000000000000E+000                  4.6727327822768135E-027                  0.0000000000000000E+000                  4.6480128353024280E-001                  6.9999999999999996E-001                  2.9797635251139990E-005                  2.7997020236474884E-001                  4.1193902129486445E-003                  1.2067031330276047E-003                  1.1203876416666529E-002                  2.5129237964844936E-003                  9.5710644087274629E-004                  0.0000000000000000E+000                  0.0000000000000000E+000                  0.0000000000000000E+000                  0.0000000000000000E+000                  0.0000000000000000E+000                  0.0000000000000000E+000                  0.0000000000000000E+000                  0.0000000000000000E+000                  0.0000000000000000E+000                  0.0000000000000000E+000                 -1.1193219956670347E+001                 -9.8999999999999986E+001                  0.0000000000000000E+000                  0.0000000000000000E+000                 -9.8999999999999986E+001                 -9.8999999999999986E+001                  1.4198559975574716E+001                 -9.9000000000000000E+001                 -9.9000000000000000E+001                 -9.9000000000000000E+001 
                 9.9999689584436702E-001                  6.7884612452308426E+000                  1.5472911231566881E+001                  9.9088017716280813E+005                 -6.0722650390592827E+000                  4.1500297420966810E+000                  6.3417165133253164E+012                  2.2014588385638525E+001                  1.7991170982896276E+009                  1.1905411625380520E+000                  1.0945429699960851E-001                  9.9516402894274436E-001                  2.3498648888323287E-001                  8.5000496627254152E-001                  9.9077975011459668E+005                  1.0042704821150745E+002                  3.7909411090341050E+003                  1.1826627501440930E-001                  0.0000000000000000E+000                  1.1543215756922231E+005                  1.3586529800335677E+003                  1.2437399943525329E-025                  1.2437399943525329E-025                  0.0000000000000000E+000                  0.0000000000000000E+000                  4.9757829996942518E-027                  0.0000000000000000E+000                  4.7770252273857311E-001                  6.9999999999999996E-001                  2.9797635251139990E-005                  2.7997020236474884E-001                  4.1193902129486445E-003                  1.2067031330276047E-003                  1.1203876416666529E-002                  2.5129237964844936E-003                  9.5710644087274629E-004                  0.0000000000000000E+000                  0.0000000000000000E+000                  0.0000000000000000E+000                  0.0000000000000000E+000                  0.0000000000000000E+000                  0.0000000000000000E+000                  0.0000000000000000E+000                  0.0000000000000000E+000                  0.0000000000000000E+000                  0.0000000000000000E+000                 -1.1122376485410390E+001                 -9.8999999999999986E+001                  0.0000000000000000E+000                  0.0000000000000000E+000                 -9.8999999999999986E+001                 -9.8999999999999986E+001                  1.4195952867517761E+001                 -9.9000000000000000E+001                 -9.9000000000000000E+001                 -9.9000000000000000E+001 
                 9.9999672375471782E-001                  6.7863897308979624E+000                  1.5472911189001552E+001                  1.0794602734646131E+006                 -6.0419393924963716E+000                  4.1544587316137820E+000                  6.4469755941994951E+012                  2.2034149876995887E+001                  1.8014215394266448E+009                  1.1918126806213449E+000                  1.1012291866138726E-001                  9.8934108453131109E-001                  2.4052894215174658E-001                  8.5000496627254152E-001                  1.0793556650413801E+006                  1.0460842323294635E+002                  4.1775763972774330E+003                  1.1836955562019219E-001                  0.0000000000000000E+000                  1.1336118420546061E+005                  1.4542638430958327E+003                  1.3337742785596265E-025                  1.3337742785596265E-025                  0.0000000000000000E+000                  0.0000000000000000E+000                  5.3359797153728996E-027                  0.0000000000000000E+000                  4.8697925623524790E-001                  6.9999999999999996E-001                  2.9797635251139990E-005                  2.7997020236474884E-001                  4.1193902129486445E-003                  1.2067031330276047E-003                  1.1203876416666529E-002                  2.5129237964844936E-003                  9.5710644087274629E-004                  0.0000000000000000E+000                  0.0000000000000000E+000                  0.0000000000000000E+000                  0.0000000000000000E+000                  0.0000000000000000E+000                  0.0000000000000000E+000                  0.0000000000000000E+000                  0.0000000000000000E+000                  0.0000000000000000E+000                  0.0000000000000000E+000                 -1.1044570415805650E+001                 -9.8999999999999986E+001                  0.0000000000000000E+000                  0.0000000000000000E+000                 -9.8999999999999986E+001                 -9.8999999999999986E+001                  1.4193597275544622E+001                 -9.9000000000000000E+001                 -9.9000000000000000E+001                 -9.9000000000000000E+001 
                 9.9999647631889621E-001                  6.7836101419829955E+000                  1.5472911126611301E+001                  1.1622834444484692E+006                 -6.0155646338951847E+000                  4.1582316691699743E+000                  6.5335878145471748E+012                  2.2045516539638385E+001                  1.8016328728513753E+009                  1.1929280935518003E+000                  1.1071768569272455E-001                  9.8462688446101843E-001                  2.4525211071780181E-001                  8.5000496627254152E-001                  1.1621751369796796E+006                  1.0830746878971532E+002                  4.7444541978188918E+003                  1.1857950582724811E-001                  0.0000000000000000E+000                  1.1068064283332774E+005                  1.5404190164351035E+003                  1.4173641117281576E-025                  1.4173641117281576E-025                  0.0000000000000000E+000                  0.0000000000000000E+000                  5.6703943624141203E-027                  0.0000000000000000E+000                  5.0201328021383973E-001                  6.9999999999999996E-001                  2.9797635251139990E-005                  2.7997020236474884E-001                  4.1193902129486445E-003                  1.2067031330276047E-003                  1.1203876416666529E-002                  2.5129237964844936E-003                  9.5710644087274629E-004                  0.0000000000000000E+000                  0.0000000000000000E+000                  0.0000000000000000E+000                  0.0000000000000000E+000                  0.0000000000000000E+000                  0.0000000000000000E+000                  0.0000000000000000E+000                  0.0000000000000000E+000                  0.0000000000000000E+000                  0.0000000000000000E+000                 -1.0977480585930584E+001                 -9.8999999999999986E+001                  0.0000000000000000E+000                  0.0000000000000000E+000                 -9.8999999999999986E+001                 -9.8999999999999986E+001                  1.4190438124915739E+001                 -9.9000000000000000E+001                 -9.9000000000000000E+001                 -9.9000000000000000E+001 
                 9.9999633213686434E-001                  6.7820849308351354E+000                  1.5472911089133849E+001                  1.2255406799780319E+006                 -5.9966767870716806E+000                  4.1609657990163873E+000                  6.5958785953770996E+012                  2.2052719376593551E+001                  1.8014186568190713E+009                  1.1937434553344419E+000                  1.1115587060373264E-001                  9.8125729897063407E-001                  2.4883784111377041E-001                  8.5000496627254152E-001                  1.2254296104502061E+006                  1.1106952782584106E+002                  5.0804814737494398E+003                  1.1872444101600722E-001                  0.0000000000000000E+000                  1.0925914833002356E+005                  1.6050642341750909E+003                  1.4804275598716380E-025                  1.4804275598716378E-025                  0.0000000000000000E+000                  0.0000000000000000E+000                  5.9226898863390545E-027                  0.0000000000000000E+000                  5.1694910416779927E-001                  6.9999999999999996E-001                  2.9797635251139990E-005                  2.7997020236474884E-001                  4.1193902129486445E-003                  1.2067031330276047E-003                  1.1203876416666529E-002                  2.5129237964844936E-003                  9.5710644087274629E-004                  0.0000000000000000E+000                  0.0000000000000000E+000                  0.0000000000000000E+000                  0.0000000000000000E+000                  0.0000000000000000E+000                  0.0000000000000000E+000                  0.0000000000000000E+000                  0.0000000000000000E+000                  0.0000000000000000E+000                  0.0000000000000000E+000                 -1.0928948091572400E+001                 -9.8999999999999986E+001                  0.0000000000000000E+000                  0.0000000000000000E+000                 -9.8999999999999986E+001                 -9.8999999999999986E+001                  1.4188740717261014E+001                 -9.9000000000000000E+001                 -9.9000000000000000E+001                 -9.9000000000000000E+001 
                 9.9999617748471414E-001                  6.7805178732347402E+000                  1.5472911047738892E+001                  1.3363497170053464E+006                 -5.9659695640252224E+000                  4.1655031149200408E+000                  6.7011112099283154E+012                  2.2066612492291011E+001                  1.8007913159084005E+009                  1.1951130917755983E+000                  1.1189612987562288E-001                  9.7560675881257108E-001                  2.5496111728723103E-001                  8.5000496627254152E-001                  1.3362339075046391E+006                  1.1580950070724454E+002                  5.4454836506365018E+003                  1.1889137782098114E-001                  0.0000000000000000E+000                  1.0784976664534620E+005                  1.7162175460049846E+003                  1.5890014424687611E-025                  1.5890014424687611E-025                  0.0000000000000000E+000                  0.0000000000000000E+000                  6.3570572640162687E-027                  0.0000000000000000E+000                  5.3521329964613906E-001                  6.9999999999999996E-001                  2.9797635251139990E-005                  2.7997020236474884E-001                  4.1193902129486445E-003                  1.2067031330276047E-003                  1.1203876416666529E-002                  2.5129237964844936E-003                  9.5710644087274629E-004                  0.0000000000000000E+000                  0.0000000000000000E+000                  0.0000000000000000E+000                  0.0000000000000000E+000                  0.0000000000000000E+000                  0.0000000000000000E+000                  0.0000000000000000E+000                  0.0000000000000000E+000                  0.0000000000000000E+000                  0.0000000000000000E+000                 -1.0849594553017489E+001                 -9.8999999999999986E+001                  0.0000000000000000E+000                  0.0000000000000000E+000                 -9.8999999999999986E+001                 -9.8999999999999986E+001                  1.4187192735689928E+001                 -9.9000000000000000E+001                 -9.9000000000000000E+001                 -9.9000000000000000E+001 
                 9.9999580914627251E-001                  6.7770377701501330E+000                  1.5472910945664301E+001                  1.4799693788442223E+006                 -5.9296213057778786E+000                  4.1707679634709303E+000                  6.8245005956595576E+012                  2.2083585502332209E+001                  1.7978965539331839E+009                  1.1967700488671007E+000                  1.1280238102973504E-001                  9.6914757633375848E-001                  2.6151922657006743E-001                  8.5000496627254152E-001                  1.4798478152356613E+006                  1.2156360856088050E+002                  6.3304554243759567E+003                  1.1933477779691781E-001                  0.0000000000000000E+000                  1.0481770327184413E+005                  1.8537696342826791E+003                  1.7278630996105531E-025                  1.7278630996105531E-025                  0.0000000000000000E+000                  0.0000000000000000E+000                  6.9125957824811957E-027                  0.0000000000000000E+000                  5.4548423163166937E-001                  6.9999999999999996E-001                  2.9797635251139990E-005                  2.7997020236474884E-001                  4.1193902129486445E-003                  1.2067031330276047E-003                  1.1203876416666529E-002                  2.5129237964844936E-003                  9.5710644087274629E-004                  0.0000000000000000E+000                  0.0000000000000000E+000                  0.0000000000000000E+000                  0.0000000000000000E+000                  0.0000000000000000E+000                  0.0000000000000000E+000                  0.0000000000000000E+000                  0.0000000000000000E+000                  0.0000000000000000E+000                  0.0000000000000000E+000                 -1.0758628089392229E+001                 -9.8999999999999986E+001                  0.0000000000000000E+000                  0.0000000000000000E+000                 -9.8999999999999986E+001                 -9.8999999999999986E+001                  1.4183597343218965E+001                 -9.9000000000000000E+001                 -9.9000000000000000E+001                 -9.9000000000000000E+001 
                 9.9999550102658619E-001                  6.7743579170206507E+000                  1.5472910858639040E+001                  1.6009592398411455E+006                 -5.9016596647405732E+000                  4.1748407233764286E+000                  6.9205433221026738E+012                  2.2096899009839770E+001                  1.7945781011208196E+009                  1.1980788908460402E+000                  1.1352970150733374E-001                  9.6420485554869306E-001                  2.6655125302512900E-001                  8.5000496627254152E-001                  1.6008330295922905E+006                  1.2621024885487630E+002                  7.0861518157201745E+003                  1.1974281019737495E-001                  0.0000000000000000E+000                  1.0256889178644121E+005                  1.9658997922287458E+003                  1.8428938446217635E-025                  1.8428938446217632E-025                  0.0000000000000000E+000                  0.0000000000000000E+000                  7.3727948827008349E-027                  0.0000000000000000E+000                  5.5802176922819047E-001                  6.9999999999999996E-001                  2.9797635251139990E-005                  2.7997020236474884E-001                  4.1193902129486445E-003                  1.2067031330276047E-003                  1.1203876416666529E-002                  2.5129237964844936E-003                  9.5710644087274629E-004                  0.0000000000000000E+000                  0.0000000000000000E+000                  0.0000000000000000E+000                  0.0000000000000000E+000                  0.0000000000000000E+000                  0.0000000000000000E+000                  0.0000000000000000E+000                  0.0000000000000000E+000                  0.0000000000000000E+000                  0.0000000000000000E+000                 -1.0689238238196459E+001                 -9.8999999999999986E+001                  0.0000000000000000E+000                  0.0000000000000000E+000                 -9.8999999999999986E+001                 -9.8999999999999986E+001                  1.4180662716389401E+001                 -9.9000000000000000E+001                 -9.9000000000000000E+001                 -9.9000000000000000E+001 
                 9.9999524017667518E-001                  6.7722291464001350E+000                  1.5472910783271294E+001                  1.7340890683723001E+006                 -5.8732456453262554E+000                  4.1790292930808377E+000                  7.0178996890236357E+012                  2.2107750730506186E+001                  1.7904617833169329E+009                  1.1994379814688580E+000                  1.1428922221411736E-001                  9.5923130127379985E-001                  2.7200689990225935E-001                  8.5000496627254152E-001                  1.7339578940280294E+006                  1.3117434427061980E+002                  7.7365020202198011E+003                  1.2009935233100322E-001                  0.0000000000000000E+000                  1.0086026424884540E+005                  2.0863442878316960E+003                  1.9676377000492474E-025                  1.9676377000492471E-025                  0.0000000000000000E+000                  0.0000000000000000E+000                  7.8718528521917525E-027                  0.0000000000000000E+000                  5.7766762412542261E-001                  6.9999999999999996E-001                  2.9797635251139990E-005                  2.7997020236474884E-001                  4.1193902129486445E-003                  1.2067031330276047E-003                  1.1203876416666529E-002                  2.5129237964844936E-003                  9.5710644087274629E-004                  0.0000000000000000E+000                  0.0000000000000000E+000                  0.0000000000000000E+000                  0.0000000000000000E+000                  0.0000000000000000E+000                  0.0000000000000000E+000                  0.0000000000000000E+000                  0.0000000000000000E+000                  0.0000000000000000E+000                  0.0000000000000000E+000                 -1.0618083078793559E+001                 -9.8999999999999986E+001                  0.0000000000000000E+000                  0.0000000000000000E+000                 -9.8999999999999986E+001                 -9.8999999999999986E+001                  1.4178564287055595E+001                 -9.9000000000000000E+001                 -9.9000000000000000E+001                 -9.9000000000000000E+001 
                 9.9999487575370516E-001                  6.7694414518214776E+000                  1.5472910674271050E+001                  1.8931952052997830E+006                 -5.8419723044192624E+000                  4.1836285027491895E+000                  7.1240588507717354E+012                  2.2116755763898869E+001                  1.7848395512927103E+009                  1.2009651824848382E+000                  1.1515468624243445E-001                  9.5386552189322737E-001                  2.7796284155873285E-001                  8.5000496627254152E-001                  1.8930583550039581E+006                  1.3685029582503969E+002                  8.6601237868543521E+003                  1.2060716055148137E-001                  0.0000000000000000E+000                  9.8705405066124746E+004                  2.2257656120681240E+003                  2.1147232637285826E-025                  2.1147232637285831E-025                  0.0000000000000000E+000                  0.0000000000000000E+000                  8.4602924391537552E-027                  0.0000000000000000E+000                  5.9435231169582647E-001                  6.9999999999999996E-001                  2.9797635251139990E-005                  2.7997020236474884E-001                  4.1193902129486445E-003                  1.2067031330276047E-003                  1.1203876416666529E-002                  2.5129237964844936E-003                  9.5710644087274629E-004                  0.0000000000000000E+000                  0.0000000000000000E+000                  0.0000000000000000E+000                  0.0000000000000000E+000                  0.0000000000000000E+000                  0.0000000000000000E+000                  0.0000000000000000E+000                  0.0000000000000000E+000                  0.0000000000000000E+000                  0.0000000000000000E+000                 -1.0540157688580399E+001                 -9.8999999999999986E+001                  0.0000000000000000E+000                  0.0000000000000000E+000                 -9.8999999999999986E+001                 -9.8999999999999986E+001                  1.4175925068985888E+001                 -9.9000000000000000E+001                 -9.9000000000000000E+001                 -9.9000000000000000E+001 
                 9.9999449412986552E-001                  6.7667227920339235E+000                  1.5472910556829127E+001                  2.0329974754485849E+006                 -5.8166113242731532E+000                  4.1873561929092489E+000                  7.2118360777154805E+012                  2.2124985312975824E+001                  1.7794166723914382E+009                  1.2022377993062028E+000                  1.1588244103219464E-001                  9.4949538274466450E-001                  2.8255389827149952E-001                  8.5000496627254152E-001                  2.0328558450422327E+006                  1.4163040635222288E+002                  9.6444213222226190E+003                  1.2115267667122223E-001                  0.0000000000000000E+000                  9.6668576314083461E+004                  2.3445866744147029E+003                  2.2420427610917877E-025                  2.2420427610917877E-025                  0.0000000000000000E+000                  0.0000000000000000E+000                  8.9696546809634783E-027                  0.0000000000000000E+000                  6.0212570378495944E-001                  6.9999999999999996E-001                  2.9797635251139990E-005                  2.7997020236474884E-001                  4.1193902129486445E-003                  1.2067031330276047E-003                  1.1203876416666529E-002                  2.5129237964844936E-003                  9.5710644087274629E-004                  0.0000000000000000E+000                  0.0000000000000000E+000                  0.0000000000000000E+000                  0.0000000000000000E+000                  0.0000000000000000E+000                  0.0000000000000000E+000                  0.0000000000000000E+000                  0.0000000000000000E+000                  0.0000000000000000E+000                  0.0000000000000000E+000                 -1.0478245532149682E+001                 -9.8999999999999986E+001                  0.0000000000000000E+000                  0.0000000000000000E+000                 -9.8999999999999986E+001                 -9.8999999999999986E+001                  1.4173193232390622E+001                 -9.9000000000000000E+001                 -9.9000000000000000E+001                 -9.9000000000000000E+001 
                 9.9999422127468185E-001                  6.7648880169553429E+000                  1.5472910471761745E+001                  2.1496923206239417E+006                 -5.7968132288313177E+000                  4.1903016912739695E+000                  7.2829503789301289E+012                  2.2133015304054183E+001                  1.7747262690095119E+009                  1.2032639654299819E+000                  1.1647114058493610E-001                  9.4599614131958687E-001                  2.8611740388104739E-001                  8.5000496627254152E-001                  2.1495467953268262E+006                  1.4552529711575528E+002                  1.0358261919013868E+004                  1.2154771506558072E-001                  0.0000000000000000E+000                  9.5337689190098143E+004                  2.4418560439461157E+003                  2.3467428838415164E-025                  2.3467428838415159E-025                  0.0000000000000000E+000                  0.0000000000000000E+000                  9.3885244562438985E-027                  0.0000000000000000E+000                  6.0846541510367758E-001                  6.9999999999999996E-001                  2.9797635251139990E-005                  2.7997020236474884E-001                  4.1193902129486445E-003                  1.2067031330276047E-003                  1.1203876416666529E-002                  2.5129237964844936E-003                  9.5710644087274629E-004                  0.0000000000000000E+000                  0.0000000000000000E+000                  0.0000000000000000E+000                  0.0000000000000000E+000                  0.0000000000000000E+000                  0.0000000000000000E+000                  0.0000000000000000E+000                  0.0000000000000000E+000                  0.0000000000000000E+000                  0.0000000000000000E+000                 -1.0430307972917127E+001                 -9.8999999999999986E+001                  0.0000000000000000E+000                  0.0000000000000000E+000                 -9.8999999999999986E+001                 -9.8999999999999986E+001                  1.4171379721533928E+001                 -9.9000000000000000E+001                 -9.9000000000000000E+001                 -9.9000000000000000E+001 
                 9.9999394841949829E-001                  6.7631340753657048E+000                  1.5472910385798695E+001                  2.3333785354961441E+006                 -5.7678172817984157E+000                  4.1946990962143822E+000                  7.3892771189189502E+012                  2.2144133904887624E+001                  1.7673339481708763E+009                  1.2048141232598022E+000                  1.1736226717350061E-001                  9.4080866611779512E-001                  2.9171579669625269E-001                  8.5000496627254152E-001                  2.3332269952060068E+006                  1.5154029013709072E+002                  1.1080426410045293E+004                  1.2194158254707257E-001                  0.0000000000000000E+000                  9.4112967689136480E+004                  2.5924211081488147E+003                  2.5089781442082111E-025                  2.5089781442082111E-025                  0.0000000000000000E+000                  0.0000000000000000E+000                  1.0037572855415409E-026                  0.0000000000000000E+000                  6.2362577029266375E-001                  6.9999999999999996E-001                  2.9797635251139990E-005                  2.7997020236474884E-001                  4.1193902129486445E-003                  1.2067031330276047E-003                  1.1203876416666529E-002                  2.5129237964844936E-003                  9.5710644087274629E-004                  0.0000000000000000E+000                  0.0000000000000000E+000                  0.0000000000000000E+000                  0.0000000000000000E+000                  0.0000000000000000E+000                  0.0000000000000000E+000                  0.0000000000000000E+000                  0.0000000000000000E+000                  0.0000000000000000E+000                  0.0000000000000000E+000                 -1.0359394788684897E+001                 -9.8999999999999986E+001                  0.0000000000000000E+000                  0.0000000000000000E+000                 -9.8999999999999986E+001                 -9.8999999999999986E+001                  1.4169877723856796E+001                 -9.9000000000000000E+001                 -9.9000000000000000E+001                 -9.9000000000000000E+001 
                 9.9999336317694443E-001                  6.7596122999125701E+000                  1.5472910196824003E+001                  2.5935471582934060E+006                 -5.7302065768754789E+000                  4.2003393516821070E+000                  7.5204115429811719E+012                  2.2150351448973385E+001                  1.7563204436521111E+009                  1.2068327470620646E+000                  1.1853408247157506E-001                  9.3453501173933040E-001                  2.9906886507716735E-001                  8.5000496627254152E-001                  2.5933875376208797E+006                  1.5962067252628600E+002                  1.2655629479259445E+004                  1.2277106604763822E-001                  0.0000000000000000E+000                  9.1747311059200758E+004                  2.7985260424390272E+003                  2.7362470328611322E-025                  2.7362470328611322E-025                  0.0000000000000000E+000                  0.0000000000000000E+000                  1.0946798803365345E-026                  0.0000000000000000E+000                  6.4848060615118819E-001                  6.9999999999999996E-001                  2.9797635251139990E-005                  2.7997020236474884E-001                  4.1193902129486445E-003                  1.2067031330276047E-003                  1.1203876416666529E-002                  2.5129237964844936E-003                  9.5710644087274629E-004                  0.0000000000000000E+000                  0.0000000000000000E+000                  0.0000000000000000E+000                  0.0000000000000000E+000                  0.0000000000000000E+000                  0.0000000000000000E+000                  0.0000000000000000E+000                  0.0000000000000000E+000                  0.0000000000000000E+000                  0.0000000000000000E+000                 -1.0267525275530856E+001                 -9.8999999999999986E+001                  0.0000000000000000E+000                  0.0000000000000000E+000                 -9.8999999999999986E+001                 -9.8999999999999986E+001                  1.4167031040398053E+001                 -9.9000000000000000E+001                 -9.9000000000000000E+001                 -9.9000000000000000E+001 
                 9.9999273555991086E-001                  6.7561452603131356E+000                  1.5472909986089615E+001                  2.8731211741139451E+006                 -5.6938834526455242E+000                  4.2058403491576382E+000                  7.6512808255493174E+012                  2.2159943928626184E+001                  1.7442939578839083E+009                  1.2088571538887818E+000                  1.1972084094882544E-001                  9.2840082744671182E-001                  3.0589578890617131E-001                  8.5000496627254152E-001                  2.8729532577095176E+006                  1.6791640442756577E+002                  1.4380267251880086E+004                  1.2364228526278867E-001                  0.0000000000000000E+000                  8.9507310830003538E+004                  3.0123856687656607E+003                  2.9752707509893507E-025                  2.9752707509893507E-025                  0.0000000000000000E+000                  0.0000000000000000E+000                  1.1903051848159725E-026                  0.0000000000000000E+000                  6.6099570282135400E-001                  6.9999999999999996E-001                  2.9797635251139990E-005                  2.7997020236474884E-001                  4.1193902129486445E-003                  1.2067031330276047E-003                  1.1203876416666529E-002                  2.5129237964844936E-003                  9.5710644087274629E-004                  0.0000000000000000E+000                  0.0000000000000000E+000                  0.0000000000000000E+000                  0.0000000000000000E+000                  0.0000000000000000E+000                  0.0000000000000000E+000                  0.0000000000000000E+000                  0.0000000000000000E+000                  0.0000000000000000E+000                  0.0000000000000000E+000                 -1.0180186488460965E+001                 -9.8999999999999986E+001                  0.0000000000000000E+000                  0.0000000000000000E+000                 -9.8999999999999986E+001                 -9.8999999999999986E+001                  1.4164066280550664E+001                 -9.9000000000000000E+001                 -9.9000000000000000E+001                 -9.9000000000000000E+001 
                 9.9999206252393869E-001                  6.7527221401759521E+000                  1.5472909755743647E+001                  3.1735300252571614E+006                 -5.6586945092786261E+000                  4.2112238923591949E+000                  7.7819941429224160E+012                  2.2171021331157295E+001                  1.7311014386239512E+009                  1.2109113599271046E+000                  1.2093001941053878E-001                  9.2239125155046586E-001                  3.1223546346493208E-001                  8.5000496627254152E-001                  3.1733535729671707E+006                  1.7645228999040009E+002                  1.6264179699842874E+004                  1.2456348443575516E-001                  0.0000000000000000E+000                  8.7393111715555046E+004                  3.2343168668432322E+003                  3.2267396936501090E-025                  3.2267396936501090E-025                  0.0000000000000000E+000                  0.0000000000000000E+000                  1.2909094026935284E-026                  0.0000000000000000E+000                  6.7173726913922660E-001                  6.9999999999999996E-001                  2.9797635251139990E-005                  2.7997020236474884E-001                  4.1193902129486445E-003                  1.2067031330276047E-003                  1.1203876416666529E-002                  2.5129237964844936E-003                  9.5710644087274629E-004                  0.0000000000000000E+000                  0.0000000000000000E+000                  0.0000000000000000E+000                  0.0000000000000000E+000                  0.0000000000000000E+000                  0.0000000000000000E+000                  0.0000000000000000E+000                  0.0000000000000000E+000                  0.0000000000000000E+000                  0.0000000000000000E+000                 -1.0097278898045607E+001                 -9.8999999999999986E+001                  0.0000000000000000E+000                  0.0000000000000000E+000                 -9.8999999999999986E+001                 -9.8999999999999986E+001                  1.4161199109707736E+001                 -9.9000000000000000E+001                 -9.9000000000000000E+001                 -9.9000000000000000E+001 
                 9.9999134080703356E-001                  6.7493336995694326E+000                  1.5472909504722669E+001                  3.4963090103872800E+006                 -5.6243432583189268E+000                  4.2165079573342625E+000                  7.9070843087041299E+012                  2.2176156540268586E+001                  1.7173061075124788E+009                  1.2129472705643931E+000                  1.2213647543435671E-001                  9.1672687240671946E-001                  3.1879618995266418E-001                  8.5000496627254152E-001                  3.4961237581085139E+006                  1.8525227876597720E+002                  1.8320234742682540E+004                  1.2552115947312584E-001                  0.0000000000000000E+000                  8.5401098555913384E+004                  3.4653636676422625E+003                  3.4927253072830736E-025                  3.4927253072830741E-025                  0.0000000000000000E+000                  0.0000000000000000E+000                  1.3973212496269749E-026                  0.0000000000000000E+000                  6.9403477412362058E-001                  6.9999999999999996E-001                  2.9797635251139990E-005                  2.7997020236474884E-001                  4.1193902129486445E-003                  1.2067031330276047E-003                  1.1203876416666529E-002                  2.5129237964844936E-003                  9.5710644087274629E-004                  0.0000000000000000E+000                  0.0000000000000000E+000                  0.0000000000000000E+000                  0.0000000000000000E+000                  0.0000000000000000E+000                  0.0000000000000000E+000                  0.0000000000000000E+000                  0.0000000000000000E+000                  0.0000000000000000E+000                  0.0000000000000000E+000                 -1.0015624530741222E+001                 -9.8999999999999986E+001                  0.0000000000000000E+000                  0.0000000000000000E+000                 -9.8999999999999986E+001                 -9.8999999999999986E+001                  1.4158582281383573E+001                 -9.9000000000000000E+001                 -9.9000000000000000E+001                 -9.9000000000000000E+001 
                 9.9999056691451982E-001                  6.7459732555952421E+000                  1.5472909226619731E+001                  3.8431064779476291E+006                 -5.5908283930108578E+000                  4.2217075539442011E+000                  8.0298689996114053E+012                  2.2181294091498199E+001                  1.7029008537910905E+009                  1.2149933943251929E+000                  1.2335605567575296E-001                  9.1123603687408949E-001                  3.2535111297201563E-001                  8.5000496627254152E-001                  3.8429121380608720E+006                  1.9433988675707948E+002                  2.0562867356552080E+004                  1.2650574561601782E-001                  0.0000000000000000E+000                  8.3513110745926344E+004                  3.7059801918371841E+003                  3.7733686208760875E-025                  3.7733686208760875E-025                  0.0000000000000000E+000                  0.0000000000000000E+000                  1.5095971465498289E-026                  0.0000000000000000E+000                  7.1221223702271730E-001                  6.9999999999999996E-001                  2.9797635251139990E-005                  2.7997020236474884E-001                  4.1193902129486445E-003                  1.2067031330276047E-003                  1.1203876416666529E-002                  2.5129237964844936E-003                  9.5710644087274629E-004                  0.0000000000000000E+000                  0.0000000000000000E+000                  0.0000000000000000E+000                  0.0000000000000000E+000                  0.0000000000000000E+000                  0.0000000000000000E+000                  0.0000000000000000E+000                  0.0000000000000000E+000                  0.0000000000000000E+000                  0.0000000000000000E+000                 -9.9360153550522021E+000                 -9.8999999999999986E+001                  0.0000000000000000E+000                  0.0000000000000000E+000                 -9.8999999999999986E+001                 -9.8999999999999986E+001                  1.4156119632591878E+001                 -9.9000000000000000E+001                 -9.9000000000000000E+001                 -9.9000000000000000E+001 
                 9.9998973710363437E-001                  6.7426342928572680E+000                  1.5472908920612099E+001                  4.2156919564564507E+006                 -5.5581632016225662E+000                  4.2268363043205941E+000                  8.1546191191666426E+012                  2.2191432347310290E+001                  1.6874867720560136E+009                  1.2170796530882999E+000                  1.2461029010599578E-001                  9.0575814576627045E-001                  3.3148513459881701E-001                  8.5000496627254152E-001                  4.2154882161538573E+006                  2.0374030259355391E+002                  2.3005792196610309E+004                  1.2753389885715227E-001                  0.0000000000000000E+000                  8.1710497554334434E+004                  3.9566357726897613E+003                  4.0685996696722871E-025                  4.0685996696722866E-025                  0.0000000000000000E+000                  0.0000000000000000E+000                  1.6277091029356312E-026                  0.0000000000000000E+000                  7.1979764981983874E-001                  6.9999999999999996E-001                  2.9797635251139990E-005                  2.7997020236474884E-001                  4.1193902129486445E-003                  1.2067031330276047E-003                  1.1203876416666529E-002                  2.5129237964844936E-003                  9.5710644087274629E-004                  0.0000000000000000E+000                  0.0000000000000000E+000                  0.0000000000000000E+000                  0.0000000000000000E+000                  0.0000000000000000E+000                  0.0000000000000000E+000                  0.0000000000000000E+000                  0.0000000000000000E+000                  0.0000000000000000E+000                  0.0000000000000000E+000                 -9.8599304362133910E+000                 -9.8999999999999986E+001                  0.0000000000000000E+000                  0.0000000000000000E+000                 -9.8999999999999986E+001                 -9.8999999999999986E+001                  1.4153681564588684E+001                 -9.9000000000000000E+001                 -9.9000000000000000E+001                 -9.9000000000000000E+001 
                 9.9998884736622939E-001                  6.7393103139165635E+000                  1.5472908589010995E+001                  4.6159652335201725E+006                 -5.5261847010236806E+000                  4.2319061583893003E+000                  8.2786645093596758E+012                  2.2201609636152092E+001                  1.6712690149041445E+009                  1.2191953382396772E+000                  1.2588306771303412E-001                  9.0042008203601642E-001                  3.3750586431063800E-001                  8.5000496627254152E-001                  4.6157517539286660E+006                  2.1347959150614051E+002                  2.5664788469458723E+004                  1.2860681489354486E-001                  0.0000000000000000E+000                  7.9992866694574041E+004                  4.2182346754856017E+003                  4.3800067609136330E-025                  4.3800067609136330E-025                  0.0000000000000000E+000                  0.0000000000000000E+000                  1.7522925467939960E-026                  0.0000000000000000E+000                  7.3230070271518410E-001                  6.9999999999999996E-001                  2.9797635251139990E-005                  2.7997020236474884E-001                  4.1193902129486445E-003                  1.2067031330276047E-003                  1.1203876416666529E-002                  2.5129237964844936E-003                  9.5710644087274629E-004                  0.0000000000000000E+000                  0.0000000000000000E+000                  0.0000000000000000E+000                  0.0000000000000000E+000                  0.0000000000000000E+000                  0.0000000000000000E+000                  0.0000000000000000E+000                  0.0000000000000000E+000                  0.0000000000000000E+000                  0.0000000000000000E+000                 -9.7858347332177935E+000                 -9.8999999999999986E+001                  0.0000000000000000E+000                  0.0000000000000000E+000                 -9.8999999999999986E+001                 -9.8999999999999986E+001                  1.4151385595616690E+001                 -9.9000000000000000E+001                 -9.9000000000000000E+001                 -9.9000000000000000E+001 
                 9.9998789340967920E-001                  6.7359961477178656E+000                  1.5472908227299969E+001                  5.0459660725368410E+006                 -5.4947323701614303E+000                  4.2369269532305935E+000                  8.3984109095593379E+012                  2.2205941517621042E+001                  1.6548876659193349E+009                  1.2213128534453406E+000                  1.2716099648768003E-001                  8.9534367660449055E-001                  3.4385963699035516E-001                  8.5000496627254152E-001                  5.0457424891438661E+006                  2.2358339297487271E+002                  2.8557299882859748E+004                  1.2970656888779619E-001                  0.0000000000000000E+000                  7.8358466571404249E+004                  4.4913988100864926E+003                  4.7095502763129691E-025                  4.7095502763129691E-025                  0.0000000000000000E+000                  0.0000000000000000E+000                  1.8841317605463681E-026                  0.0000000000000000E+000                  7.5308117585233547E-001                  6.9999999999999996E-001                  2.9797635251139990E-005                  2.7997020236474884E-001                  4.1193902129486445E-003                  1.2067031330276047E-003                  1.1203876416666529E-002                  2.5129237964844936E-003                  9.5710644087274629E-004                  0.0000000000000000E+000                  0.0000000000000000E+000                  0.0000000000000000E+000                  0.0000000000000000E+000                  0.0000000000000000E+000                  0.0000000000000000E+000                  0.0000000000000000E+000                  0.0000000000000000E+000                  0.0000000000000000E+000                  0.0000000000000000E+000                 -9.7120643349745883E+000                 -9.8999999999999986E+001                  0.0000000000000000E+000                  0.0000000000000000E+000                 -9.8999999999999986E+001                 -9.8999999999999986E+001                  1.4149313372777687E+001                 -9.9000000000000000E+001                 -9.9000000000000000E+001                 -9.9000000000000000E+001 
                 9.9998687063576053E-001                  6.7326878851166985E+000                  1.5472907828490799E+001                  5.5078843840511926E+006                 -5.4638451219251083E+000                  4.2419073416073187E+000                  8.5175329745812109E+012                  2.2209776652367996E+001                  1.6380601713016138E+009                  1.2234501707118055E+000                  1.2846043537466884E-001                  8.9037560975574548E-001                  3.5015861359061495E-001                  8.5000496627254152E-001                  5.5076503057828508E+006                  2.3407826834181409E+002                  3.1698049145120091E+004                  1.3083220273776688E-001                  0.0000000000000000E+000                  7.6792582576049303E+004                  4.7758510559002070E+003                  5.0573140174382468E-025                  5.0573140174382468E-025                  0.0000000000000000E+000                  0.0000000000000000E+000                  2.0232602703745314E-026                  0.0000000000000000E+000                  7.6912985002217304E-001                  6.9999999999999996E-001                  2.9797635251139990E-005                  2.7997020236474884E-001                  4.1193902129486445E-003                  1.2067031330276047E-003                  1.1203876416666529E-002                  2.5129237964844936E-003                  9.5710644087274629E-004                  0.0000000000000000E+000                  0.0000000000000000E+000                  0.0000000000000000E+000                  0.0000000000000000E+000                  0.0000000000000000E+000                  0.0000000000000000E+000                  0.0000000000000000E+000                  0.0000000000000000E+000                  0.0000000000000000E+000                  0.0000000000000000E+000                 -9.6399842755246379E+000                 -9.8999999999999986E+001                  0.0000000000000000E+000                  0.0000000000000000E+000                 -9.8999999999999986E+001                 -9.8999999999999986E+001                  1.4147337809407828E+001                 -9.9000000000000000E+001                 -9.9000000000000000E+001                 -9.9000000000000000E+001 
                 9.9998577411970502E-001                  6.7293813375985057E+000                  1.5472907391815770E+001                  6.0040710007368214E+006                 -5.4335436478722121E+000                  4.2468556770925110E+000                  8.6391305955079551E+012                  2.2217790718828930E+001                  1.6202849493480463E+009                  1.2256491034068424E+000                  1.2980147615536269E-001                  8.8539706819095987E-001                  3.5600999154825808E-001                  8.5000496627254152E-001                  6.0038260073068803E+006                  2.4499342994111308E+002                  3.5099017005382135E+004                  1.3200146691347273E-001                  0.0000000000000000E+000                  7.5284213463375694E+004                  5.0713573045391486E+003                  5.4234477842216940E-025                  5.4234477842216940E-025                  0.0000000000000000E+000                  0.0000000000000000E+000                  2.1697380061740144E-026                  0.0000000000000000E+000                  7.7618617023681380E-001                  6.9999999999999996E-001                  2.9797635251139990E-005                  2.7997020236474884E-001                  4.1193902129486445E-003                  1.2067031330276047E-003                  1.1203876416666529E-002                  2.5129237964844936E-003                  9.5710644087274629E-004                  0.0000000000000000E+000                  0.0000000000000000E+000                  0.0000000000000000E+000                  0.0000000000000000E+000                  0.0000000000000000E+000                  0.0000000000000000E+000                  0.0000000000000000E+000                  0.0000000000000000E+000                  0.0000000000000000E+000                  0.0000000000000000E+000                 -9.5707285495281731E+000                 -9.8999999999999986E+001                  0.0000000000000000E+000                  0.0000000000000000E+000                 -9.8999999999999986E+001                 -9.8999999999999986E+001                  1.4145375765281722E+001                 -9.9000000000000000E+001                 -9.9000000000000000E+001                 -9.9000000000000000E+001 
                 9.9998459858851907E-001                  6.7260721650471664E+000                  1.5472906919378929E+001                  6.5370492472657626E+006                 -5.4037046080430304E+000                  4.2517796789172957E+000                  8.7603105477518350E+012                  2.2225352640325692E+001                  1.6018894952274790E+009                  1.2278944538854606E+000                  1.3117671504004252E-001                  8.8051601846898409E-001                  3.6174037384457058E-001                  8.5000496627254152E-001                  6.5367928871581480E+006                  2.5636010761501478E+002                  3.8775288797835485E+004                  1.3322007752449591E-001                  0.0000000000000000E+000                  7.3835809142605169E+004                  5.3785583777209749E+003                  5.8099125090182126E-025                  5.8099125090182126E-025                  0.0000000000000000E+000                  0.0000000000000000E+000                  2.3243494706631428E-026                  0.0000000000000000E+000                  7.8826489171477343E-001                  6.9999999999999996E-001                  2.9797635251139990E-005                  2.7997020236474884E-001                  4.1193902129486445E-003                  1.2067031330276047E-003                  1.1203876416666529E-002                  2.5129237964844936E-003                  9.5710644087274629E-004                  0.0000000000000000E+000                  0.0000000000000000E+000                  0.0000000000000000E+000                  0.0000000000000000E+000                  0.0000000000000000E+000                  0.0000000000000000E+000                  0.0000000000000000E+000                  0.0000000000000000E+000                  0.0000000000000000E+000                  0.0000000000000000E+000                 -9.5030529402135819E+000                 -9.8999999999999986E+001                  0.0000000000000000E+000                  0.0000000000000000E+000                 -9.8999999999999986E+001                 -9.8999999999999986E+001                  1.4143535849705177E+001                 -9.9000000000000000E+001                 -9.9000000000000000E+001                 -9.9000000000000000E+001 
                 9.9998333839703601E-001                  6.7227569592979988E+000                  1.5472906405036419E+001                  7.1095276242942056E+006                 -5.3742311856405234E+000                  4.2566856690822226E+000                  8.8787942632671504E+012                  2.2228365514682999E+001                  1.5834309905091188E+009                  1.2301526542446948E+000                  1.3256005797765186E-001                  8.7580423268721264E-001                  3.6770063725467639E-001                  8.5000496627254152E-001                  7.1092594146402134E+006                  2.6820965399244517E+002                  4.2747798154035459E+004                  1.3446964270047609E-001                  0.0000000000000000E+000                  7.2448115284837128E+004                  5.6985975484850969E+003                  6.2186954525933548E-025                  6.2186954525933548E-025                  0.0000000000000000E+000                  0.0000000000000000E+000                  2.4878896996689147E-026                  0.0000000000000000E+000                  8.0660797691710706E-001                  6.9999999999999996E-001                  2.9797635251139990E-005                  2.7997020236474884E-001                  4.1193902129486445E-003                  1.2067031330276047E-003                  1.1203876416666529E-002                  2.5129237964844936E-003                  9.5710644087274629E-004                  0.0000000000000000E+000                  0.0000000000000000E+000                  0.0000000000000000E+000                  0.0000000000000000E+000                  0.0000000000000000E+000                  0.0000000000000000E+000                  0.0000000000000000E+000                  0.0000000000000000E+000                  0.0000000000000000E+000                  0.0000000000000000E+000                 -9.4358255140250940E+000                 -9.8999999999999986E+001                  0.0000000000000000E+000                  0.0000000000000000E+000                 -9.8999999999999986E+001                 -9.8999999999999986E+001                  1.4141891501962608E+001                 -9.9000000000000000E+001                 -9.9000000000000000E+001                 -9.9000000000000000E+001 
                 9.9998198750031564E-001                  6.7194330316334812E+000                  1.5472905840842554E+001                  7.7244138746608142E+006                 -5.3451289957751040E+000                  4.2615789749234496E+000                  8.9962961501326934E+012                  2.2228744849077412E+001                  1.5647771834724016E+009                  1.2324383936809034E+000                  1.3395889227251448E-001                  8.7118801895944598E-001                  3.7368679083684098E-001                  8.5000496627254152E-001                  7.7241333005280318E+006                  2.8057413278241989E+002                  4.7041308649016981E+004                  1.3573902255302411E-001                  0.0000000000000000E+000                  7.1111329690359737E+004                  6.0326897913410157E+003                  6.6505707469547516E-025                  6.6505707469547516E-025                  0.0000000000000000E+000                  0.0000000000000000E+000                  2.6606683972372285E-026                  0.0000000000000000E+000                  8.2368667169537979E-001                  6.9999999999999996E-001                  2.9797635251139990E-005                  2.7997020236474884E-001                  4.1193902129486445E-003                  1.2067031330276047E-003                  1.1203876416666529E-002                  2.5129237964844936E-003                  9.5710644087274629E-004                  0.0000000000000000E+000                  0.0000000000000000E+000                  0.0000000000000000E+000                  0.0000000000000000E+000                  0.0000000000000000E+000                  0.0000000000000000E+000                  0.0000000000000000E+000                  0.0000000000000000E+000                  0.0000000000000000E+000                  0.0000000000000000E+000                 -9.3695323998866140E+000                 -9.8999999999999986E+001                  0.0000000000000000E+000                  0.0000000000000000E+000                 -9.8999999999999986E+001                 -9.8999999999999986E+001                  1.4140348040360967E+001                 -9.9000000000000000E+001                 -9.9000000000000000E+001                 -9.9000000000000000E+001 
                 9.9998053942409770E-001                  6.7160976229248428E+000                  1.5472905223256959E+001                  8.3848294607104929E+006                 -5.3164634429676374E+000                  4.2664652830349148E+000                  9.1166701733252695E+012                  2.2232708465383237E+001                  1.5452287107394309E+009                  1.2347980421868630E+000                  1.3541510151368047E-001                  8.6653172167154469E-001                  3.7918690262336313E-001                  8.5000496627254152E-001                  8.3845359710122682E+006                  2.9348969822513504E+002                  5.1681013647343956E+004                  1.3705229484025086E-001                  0.0000000000000000E+000                  6.9816822627488495E+004                  6.3816878366514011E+003                  7.1053083325648620E-025                  7.1053083325648620E-025                  0.0000000000000000E+000                  0.0000000000000000E+000                  2.8425935243435424E-026                  0.0000000000000000E+000                  8.3197326409202421E-001                  6.9999999999999996E-001                  2.9797635251139990E-005                  2.7997020236474884E-001                  4.1193902129486445E-003                  1.2067031330276047E-003                  1.1203876416666529E-002                  2.5129237964844936E-003                  9.5710644087274629E-004                  0.0000000000000000E+000                  0.0000000000000000E+000                  0.0000000000000000E+000                  0.0000000000000000E+000                  0.0000000000000000E+000                  0.0000000000000000E+000                  0.0000000000000000E+000                  0.0000000000000000E+000                  0.0000000000000000E+000                  0.0000000000000000E+000                 -9.3057077783143107E+000                 -9.8999999999999986E+001                  0.0000000000000000E+000                  0.0000000000000000E+000                 -9.8999999999999986E+001                 -9.8999999999999986E+001                  1.4138825508027633E+001                 -9.9000000000000000E+001                 -9.9000000000000000E+001                 -9.9000000000000000E+001 
                 9.9997898723720569E-001                  6.7127474407928958E+000                  1.5472904554609682E+001                  9.0941246424655598E+006                 -5.2881566601810635E+000                  4.2713503740283203E+000                  9.2380618821737363E+012                  2.2239002154040602E+001                  1.5250264734732814E+009                  1.2372252052585495E+000                  1.3691715706055321E-001                  8.6191357504934640E-001                  3.8453861460489158E-001                  8.5000496627254152E-001                  9.0938176461059079E+006                  3.0699635965189600E+002                  5.6695592644083466E+004                  1.3842524230212694E-001                  0.0000000000000000E+000                  6.8565448951388957E+004                  6.7474008495322305E+003                  7.5848907470957742E-025                  7.5848907470957742E-025                  0.0000000000000000E+000                  0.0000000000000000E+000                  3.0344582272700803E-026                  0.0000000000000000E+000                  8.4083385111180020E-001                  6.9999999999999996E-001                  2.9797635251139990E-005                  2.7997020236474884E-001                  4.1193902129486445E-003                  1.2067031330276047E-003                  1.1203876416666529E-002                  2.5129237964844936E-003                  9.5710644087274629E-004                  0.0000000000000000E+000                  0.0000000000000000E+000                  0.0000000000000000E+000                  0.0000000000000000E+000                  0.0000000000000000E+000                  0.0000000000000000E+000                  0.0000000000000000E+000                  0.0000000000000000E+000                  0.0000000000000000E+000                  0.0000000000000000E+000                 -9.2433454734085210E+000                 -9.8999999999999986E+001                  0.0000000000000000E+000                  0.0000000000000000E+000                 -9.8999999999999986E+001                 -9.8999999999999986E+001                  1.4137383622557417E+001                 -9.9000000000000000E+001                 -9.9000000000000000E+001                 -9.9000000000000000E+001 
                 9.9997732352109392E-001                  6.7093797557200201E+000                  1.5472903830285292E+001                  9.8558950400012154E+006                 -5.2601124841145399E+000                  4.2762389333075639E+000                  9.3579250926859316E+012                  2.2243603911581083E+001                  1.5047692454773266E+009                  1.2396870017169870E+000                  1.3844011774195653E-001                  8.5743258275085910E-001                  3.9019814844725309E-001                  8.5000496627254152E-001                  9.8555739051331598E+006                  3.2113486805499997E+002                  6.2120944693366968E+004                  1.3983850352702437E-001                  0.0000000000000000E+000                  6.7361369772711056E+004                  7.1318826832744571E+003                  8.0919740957619934E-025                  8.0919740957619934E-025                  0.0000000000000000E+000                  0.0000000000000000E+000                  3.2373251238934473E-026                  0.0000000000000000E+000                  8.5761120154733017E-001                  6.9999999999999996E-001                  2.9797635251139990E-005                  2.7997020236474884E-001                  4.1193902129486445E-003                  1.2067031330276047E-003                  1.1203876416666529E-002                  2.5129237964844936E-003                  9.5710644087274629E-004                  0.0000000000000000E+000                  0.0000000000000000E+000                  0.0000000000000000E+000                  0.0000000000000000E+000                  0.0000000000000000E+000                  0.0000000000000000E+000                  0.0000000000000000E+000                  0.0000000000000000E+000                  0.0000000000000000E+000                  0.0000000000000000E+000                 -9.1810149015841471E+000                 -9.8999999999999986E+001                  0.0000000000000000E+000                  0.0000000000000000E+000                 -9.8999999999999986E+001                 -9.8999999999999986E+001                  1.4136126324376031E+001                 -9.9000000000000000E+001                 -9.9000000000000000E+001                 -9.9000000000000000E+001 
                 9.9997554033460867E-001                  6.7059925460672494E+000                  1.5472903038457199E+001                  1.0674000187209580E+007                 -5.2323203877232070E+000                  4.2811347457599886E+000                  9.4765503006467324E+012                  2.2245386210322934E+001                  1.4845666011278846E+009                  1.2421702406153452E+000                  1.3997954886148517E-001                  8.5306275704383161E-001                  3.9610035932356147E-001                  8.5000496627254152E-001                  1.0673664240251824E+007                  3.3594695775603913E+002                  6.7993203797078182E+004                  1.4127599194520737E-001                  0.0000000000000000E+000                  6.6199451522338757E+004                  7.5363372760692528E+003                  8.6279764062017312E-025                  8.6279764062017312E-025                  0.0000000000000000E+000                  0.0000000000000000E+000                  3.4517615191309812E-026                  0.0000000000000000E+000                  8.7571509369377853E-001                  6.9999999999999996E-001                  2.9797635251139990E-005                  2.7997020236474884E-001                  4.1193902129486445E-003                  1.2067031330276047E-003                  1.1203876416666529E-002                  2.5129237964844936E-003                  9.5710644087274629E-004                  0.0000000000000000E+000                  0.0000000000000000E+000                  0.0000000000000000E+000                  0.0000000000000000E+000                  0.0000000000000000E+000                  0.0000000000000000E+000                  0.0000000000000000E+000                  0.0000000000000000E+000                  0.0000000000000000E+000                  0.0000000000000000E+000                 -9.1189944413217550E+000                 -9.8999999999999986E+001                  0.0000000000000000E+000                  0.0000000000000000E+000                 -9.8999999999999986E+001                 -9.8999999999999986E+001                  1.4135009017235145E+001                 -9.9000000000000000E+001                 -9.9000000000000000E+001                 -9.9000000000000000E+001 
                 9.9997362917491606E-001                  6.7025838340323913E+000                  1.5472902171887476E+001                  1.1552583168239115E+007                 -5.2048327669894796E+000                  4.2860417135203788E+000                  9.5967423457845195E+012                  2.2247320806379022E+001                  1.4638764583720193E+009                  1.2447199511038023E+000                  1.4156463924102064E-001                  8.4870408684019161E-001                  4.0174196963870029E-001                  8.5000496627254152E-001                  1.1552231689885331E+007                  3.5147835378399282E+002                  7.4341396476852009E+004                  1.4274943965972062E-001                  0.0000000000000000E+000                  6.5070779425458430E+004                  7.9608475664050320E+003                  9.1930625039461460E-025                  9.1930625039461478E-025                  0.0000000000000000E+000                  0.0000000000000000E+000                  3.6778333541261699E-026                  0.0000000000000000E+000                  8.8784271332043885E-001                  6.9999999999999996E-001                  2.9797635251139990E-005                  2.7997020236474884E-001                  4.1193902129486445E-003                  1.2067031330276047E-003                  1.1203876416666529E-002                  2.5129237964844936E-003                  9.5710644087274629E-004                  0.0000000000000000E+000                  0.0000000000000000E+000                  0.0000000000000000E+000                  0.0000000000000000E+000                  0.0000000000000000E+000                  0.0000000000000000E+000                  0.0000000000000000E+000                  0.0000000000000000E+000                  0.0000000000000000E+000                  0.0000000000000000E+000                 -9.0585644010354063E+000                 -9.8999999999999986E+001                  0.0000000000000000E+000                  0.0000000000000000E+000                 -9.8999999999999986E+001                 -9.8999999999999986E+001                  1.4133927688969012E+001                 -9.9000000000000000E+001                 -9.9000000000000000E+001                 -9.9000000000000000E+001 
                 9.9997158093958238E-001                  6.6991511893112072E+000                  1.5472901230302355E+001                  1.2496090743485844E+007                 -5.1776575002831287E+000                  4.2909643991157012E+000                  9.7196927452789102E+012                  2.2251668306871892E+001                  1.4423568179193330E+009                  1.2473742968312638E+000                  1.4321984033951163E-001                  8.4432089387996856E-001                  4.0689287644987598E-001                  8.5000496627254152E-001                  1.2495722962454766E+007                  3.6778103107709939E+002                  8.1189857645313998E+004                  1.4428597461024464E-001                  0.0000000000000000E+000                  6.3973519476658075E+004                  8.4056172709596049E+003                  9.7881445333827902E-025                  9.7881445333827902E-025                  0.0000000000000000E+000                  0.0000000000000000E+000                  3.9159055470224014E-026                  0.0000000000000000E+000                  8.9531399937861622E-001                  6.9999999999999996E-001                  2.9797635251139990E-005                  2.7997020236474884E-001                  4.1193902129486445E-003                  1.2067031330276047E-003                  1.1203876416666529E-002                  2.5129237964844936E-003                  9.5710644087274629E-004                  0.0000000000000000E+000                  0.0000000000000000E+000                  0.0000000000000000E+000                  0.0000000000000000E+000                  0.0000000000000000E+000                  0.0000000000000000E+000                  0.0000000000000000E+000                  0.0000000000000000E+000                  0.0000000000000000E+000                  0.0000000000000000E+000                 -9.0002340810175632E+000                 -9.8999999999999986E+001                  0.0000000000000000E+000                  0.0000000000000000E+000                 -9.8999999999999986E+001                 -9.8999999999999986E+001                  1.4132888620349938E+001                 -9.9000000000000000E+001                 -9.9000000000000000E+001                 -9.9000000000000000E+001 
                 9.9996938588772954E-001                  6.6956920719182165E+000                  1.5472900212733379E+001                  1.3509295157093911E+007                 -5.1507064311879178E+000                  4.2959070483429098E+000                  9.8425814624348633E+012                  2.2255480067174648E+001                  1.4205679605599613E+009                  1.2500914672135353E+000                  1.4491637768447474E-001                  8.4000761600757423E-001                  4.1208488282357175E-001                  8.5000496627254152E-001                  1.3508910246448100E+007                  3.8491064581030832E+002                  8.8567477065927029E+004                  1.4588377786275517E-001                  0.0000000000000000E+000                  6.2911898842342576E+004                  8.8717001618166905E+003                  1.0416403609322822E-024                  1.0416403609322820E-024                  0.0000000000000000E+000                  0.0000000000000000E+000                  4.1672507542910614E-026                  0.0000000000000000E+000                  9.0750875319986379E-001                  6.9999999999999996E-001                  2.9797635251139990E-005                  2.7997020236474884E-001                  4.1193902129486445E-003                  1.2067031330276047E-003                  1.1203876416666529E-002                  2.5129237964844936E-003                  9.5710644087274629E-004                  0.0000000000000000E+000                  0.0000000000000000E+000                  0.0000000000000000E+000                  0.0000000000000000E+000                  0.0000000000000000E+000                  0.0000000000000000E+000                  0.0000000000000000E+000                  0.0000000000000000E+000                  0.0000000000000000E+000                  0.0000000000000000E+000                 -8.9425742073274552E+000                 -9.8999999999999986E+001                  0.0000000000000000E+000                  0.0000000000000000E+000                 -9.8999999999999986E+001                 -9.8999999999999986E+001                  1.4131986199088733E+001                 -9.9000000000000000E+001                 -9.9000000000000000E+001                 -9.9000000000000000E+001 
                 9.9996703359531702E-001                  6.6922045951395042E+000                  1.5472899107418977E+001                  1.4597318066244200E+007                 -5.1239282495100831E+000                  4.3008727996945808E+000                  9.9640052267922539E+012                  2.2256651237573735E+001                  1.3989295633428044E+009                  1.2528395940489150E+000                  1.4663279616407790E-001                  8.3581352814483512E-001                  4.1766280641424575E-001                  8.5000496627254152E-001                  1.4596915142437546E+007                  4.0292380665449122E+002                  9.6506605502262450E+004                  1.4751658863826733E-001                  0.0000000000000000E+000                  6.1887217816781951E+004                  9.3597434865719842E+003                  1.1080616977315902E-024                  1.1080616977315902E-024                  0.0000000000000000E+000                  0.0000000000000000E+000                  4.4329800579770460E-026                  0.0000000000000000E+000                  9.2595552162708328E-001                  6.9999999999999996E-001                  2.9797635251139990E-005                  2.7997020236474884E-001                  4.1193902129486445E-003                  1.2067031330276047E-003                  1.1203876416666529E-002                  2.5129237964844936E-003                  9.5710644087274629E-004                  0.0000000000000000E+000                  0.0000000000000000E+000                  0.0000000000000000E+000                  0.0000000000000000E+000                  0.0000000000000000E+000                  0.0000000000000000E+000                  0.0000000000000000E+000                  0.0000000000000000E+000                  0.0000000000000000E+000                  0.0000000000000000E+000                 -8.8846342073716560E+000                 -9.8999999999999986E+001                  0.0000000000000000E+000                  0.0000000000000000E+000                 -9.8999999999999986E+001                 -9.8999999999999986E+001                  1.4131262641728556E+001                 -9.9000000000000000E+001                 -9.9000000000000000E+001                 -9.9000000000000000E+001 
                 9.9996451290612864E-001                  6.6886872440804499E+000                  1.5472897898900980E+001                  1.5765656759246418E+007                 -5.0973551157438504E+000                  4.3058645934028146E+000                  1.0085885280969303E+013                  2.2257206697242850E+001                  1.3771040527337589E+009                  1.2556550010480241E+000                  1.4839156718114405E-001                  8.3168472063473198E-001                  4.2327357180757968E-001                  8.5000496627254152E-001                  1.5765234878113918E+007                  4.2188113250007797E+002                  1.0503446426465682E+005                  1.4918383918102898E-001                  0.0000000000000000E+000                  6.0892973341638353E+004                  9.8696192972899262E+003                  1.1781662559994440E-024                  1.1781662559994438E-024                  0.0000000000000000E+000                  0.0000000000000000E+000                  4.7134446852689941E-026                  0.0000000000000000E+000                  9.4238540936204485E-001                  6.9999999999999996E-001                  2.9797635251139990E-005                  2.7997020236474884E-001                  4.1193902129486445E-003                  1.2067031330276047E-003                  1.1203876416666529E-002                  2.5129237964844936E-003                  9.5710644087274629E-004                  0.0000000000000000E+000                  0.0000000000000000E+000                  0.0000000000000000E+000                  0.0000000000000000E+000                  0.0000000000000000E+000                  0.0000000000000000E+000                  0.0000000000000000E+000                  0.0000000000000000E+000                  0.0000000000000000E+000                  0.0000000000000000E+000                 -8.8272730856815169E+000                 -9.8999999999999986E+001                  0.0000000000000000E+000                  0.0000000000000000E+000                 -9.8999999999999986E+001                 -9.8999999999999986E+001                  1.4130637513492648E+001                 -9.9000000000000000E+001                 -9.9000000000000000E+001                 -9.9000000000000000E+001 
                 9.9996181187863609E-001                  6.6851382023336283E+000                  1.5472896580943932E+001                  1.7020211861826051E+007                 -5.0710271797742550E+000                  4.3108860066828170E+000                  1.0210142496795682E+013                  2.2259020618111087E+001                  1.3547357840667953E+009                  1.2585727710835874E+000                  1.5021774245020780E-001                  8.2755811188977446E-001                  4.2852731759813206E-001                  8.5000496627254152E-001                  1.7019770010913491E+007                  4.4185091255851762E+002                  1.1417689278656495E+005                  1.5090946415633461E-001                  0.0000000000000000E+000                  5.9923286391472669E+004                  1.0401838173675786E+004                  1.2520032725135260E-024                  1.2520032725135262E-024                  0.0000000000000000E+000                  0.0000000000000000E+000                  5.0088416159008376E-026                  0.0000000000000000E+000                  9.5283617292530376E-001                  6.9999999999999996E-001                  2.9797635251139990E-005                  2.7997020236474884E-001                  4.1193902129486445E-003                  1.2067031330276047E-003                  1.1203876416666529E-002                  2.5129237964844936E-003                  9.5710644087274629E-004                  0.0000000000000000E+000                  0.0000000000000000E+000                  0.0000000000000000E+000                  0.0000000000000000E+000                  0.0000000000000000E+000                  0.0000000000000000E+000                  0.0000000000000000E+000                  0.0000000000000000E+000                  0.0000000000000000E+000                  0.0000000000000000E+000                 -8.7715913638389349E+000                 -9.8999999999999986E+001                  0.0000000000000000E+000                  0.0000000000000000E+000                 -9.8999999999999986E+001                 -9.8999999999999986E+001                  1.4130042414668063E+001                 -9.9000000000000000E+001                 -9.9000000000000000E+001                 -9.9000000000000000E+001 
                 9.9995891773387835E-001                  6.6815552771498901E+000                  1.5472895153095255E+001                  1.8367315857983105E+007                 -5.0449284091893078E+000                  4.3159408503617369E+000                  1.0336687695527869E+013                  2.2261678009536300E+001                  1.3319189231479373E+009                  1.2615890733626003E+000                  1.5210920350177917E-001                  8.2343359642734582E-001                  4.3345016715358498E-001                  8.5000496627254152E-001                  1.8366852949509159E+007                  4.6290847394698125E+002                  1.2396911085651148E+005                  1.5270532233581896E-001                  0.0000000000000000E+000                  5.8979705545552919E+004                  1.0958077165167679E+004                  1.3297704436248915E-024                  1.3297704436248915E-024                  0.0000000000000000E+000                  0.0000000000000000E+000                  5.3199617661526467E-026                  0.0000000000000000E+000                  9.6168325905392871E-001                  6.9999999999999996E-001                  2.9797635251139990E-005                  2.7997020236474884E-001                  4.1193902129486445E-003                  1.2067031330276047E-003                  1.1203876416666529E-002                  2.5129237964844936E-003                  9.5710644087274629E-004                  0.0000000000000000E+000                  0.0000000000000000E+000                  0.0000000000000000E+000                  0.0000000000000000E+000                  0.0000000000000000E+000                  0.0000000000000000E+000                  0.0000000000000000E+000                  0.0000000000000000E+000                  0.0000000000000000E+000                  0.0000000000000000E+000                 -8.7175674948795070E+000                 -9.8999999999999986E+001                  0.0000000000000000E+000                  0.0000000000000000E+000                 -9.8999999999999986E+001                 -9.8999999999999986E+001                  1.4129526177794530E+001                 -9.9000000000000000E+001                 -9.9000000000000000E+001                 -9.9000000000000000E+001 
                 9.9995581680109591E-001                  6.6779363554633946E+000                  1.5472893609021266E+001                  1.9813764101941850E+007                 -5.0189857898277461E+000                  4.3210321879326274E+000                  1.0463271091200213E+013                  2.2262640328575475E+001                  1.3093017801173394E+009                  1.2646586552052101E+000                  1.5403200946287829E-001                  8.1937369129848647E-001                  4.3857412543639246E-001                  8.5000496627254152E-001                  1.9813278969317384E+007                  4.8513262446500698E+002                  1.3446176451869457E+005                  1.5455326123150143E-001                  0.0000000000000000E+000                  5.8065710224685230E+004                  1.1541321178510814E+004                  1.4118658926044265E-024                  1.4118658926044267E-024                  0.0000000000000000E+000                  0.0000000000000000E+000                  5.6483978926315512E-026                  0.0000000000000000E+000                  9.7586179506919557E-001                  6.9999999999999996E-001                  2.9797635251139990E-005                  2.7997020236474884E-001                  4.1193902129486445E-003                  1.2067031330276047E-003                  1.1203876416666529E-002                  2.5129237964844936E-003                  9.5710644087274629E-004                  0.0000000000000000E+000                  0.0000000000000000E+000                  0.0000000000000000E+000                  0.0000000000000000E+000                  0.0000000000000000E+000                  0.0000000000000000E+000                  0.0000000000000000E+000                  0.0000000000000000E+000                  0.0000000000000000E+000                  0.0000000000000000E+000                 -8.6636951718127051E+000                 -9.8999999999999986E+001                  0.0000000000000000E+000                  0.0000000000000000E+000                 -9.8999999999999986E+001                 -9.8999999999999986E+001                  1.4129166719546422E+001                 -9.9000000000000000E+001                 -9.9000000000000000E+001                 -9.9000000000000000E+001 
                 9.9995249445518963E-001                  6.6742798838133641E+000                  1.5472891930306691E+001                  2.1366849388935152E+007                 -4.9931651593922117E+000                  4.3261620980092914E+000                  1.0588907597926967E+013                  2.2260988040496436E+001                  1.2872456211861274E+009                  1.2677544625422261E+000                  1.5596966100017767E-001                  8.1539450909496458E-001                  4.4418024169011938E-001                  8.5000496627254152E-001                  2.1366340784525085E+007                  5.0860441006785845E+002                  1.4571662844464913E+005                  1.5642698722853085E-001                  0.0000000000000000E+000                  5.7179895162191475E+004                  1.2154506728753833E+004                  1.4986149637809779E-024                  1.4986149637809779E-024                  0.0000000000000000E+000                  0.0000000000000000E+000                  5.9954515880202976E-026                  0.0000000000000000E+000                  9.9538353668410717E-001                  6.9999999999999996E-001                  2.9797635251139990E-005                  2.7997020236474884E-001                  4.1193902129486445E-003                  1.2067031330276047E-003                  1.1203876416666529E-002                  2.5129237964844936E-003                  9.5710644087274629E-004                  0.0000000000000000E+000                  0.0000000000000000E+000                  0.0000000000000000E+000                  0.0000000000000000E+000                  0.0000000000000000E+000                  0.0000000000000000E+000                  0.0000000000000000E+000                  0.0000000000000000E+000                  0.0000000000000000E+000                  0.0000000000000000E+000                 -8.6092621719311389E+000                 -9.8999999999999986E+001                  0.0000000000000000E+000                  0.0000000000000000E+000                 -9.8999999999999986E+001                 -9.8999999999999986E+001                  1.4128961793937043E+001                 -9.9000000000000000E+001                 -9.9000000000000000E+001                 -9.9000000000000000E+001 
                 9.9994893504666282E-001                  6.6705845561723924E+000                  1.5472890095830884E+001                  2.3034399446620546E+007                 -4.9675124843774974E+000                  4.3313327944118933E+000                  1.0715827070462918E+013                  2.2259945588617324E+001                  1.2652090251980791E+009                  1.2709212620066799E+000                  1.5795458955189873E-001                  8.1143164077134855E-001                  4.4975536480320011E-001                  8.5000496627254152E-001                  2.3033866034466341E+007                  5.3341215420433423E+002                  1.5779000847816470E+005                  1.5833358793927196E-001                  0.0000000000000000E+000                  5.6315945436224305E+004                  1.2799132022535738E+004                  1.5900854145003096E-024                  1.5900854145003094E-024                  0.0000000000000000E+000                  0.0000000000000000E+000                  6.3613939266047760E-026                  0.0000000000000000E+000                  1.0121799118880339E+000                  6.9999999999999996E-001                  2.9797635251139990E-005                  2.7997020236474884E-001                  4.1193902129486445E-003                  1.2067031330276047E-003                  1.1203876416666529E-002                  2.5129237964844936E-003                  9.5710644087274629E-004                  0.0000000000000000E+000                  0.0000000000000000E+000                  0.0000000000000000E+000                  0.0000000000000000E+000                  0.0000000000000000E+000                  0.0000000000000000E+000                  0.0000000000000000E+000                  0.0000000000000000E+000                  0.0000000000000000E+000                  0.0000000000000000E+000                 -8.5555501727140619E+000                 -9.8999999999999986E+001                  0.0000000000000000E+000                  0.0000000000000000E+000                 -9.8999999999999986E+001                 -9.8999999999999986E+001                  1.4128828653734866E+001                 -9.9000000000000000E+001                 -9.9000000000000000E+001                 -9.9000000000000000E+001 
                 9.9994512182912587E-001                  6.6668486338349355E+000                  1.5472888097382233E+001                  2.4824815260882054E+007                 -4.9420630302626156E+000                  4.3365473069496243E+000                  1.0845459631692375E+013                  2.2261418809248358E+001                  1.2428157849793530E+009                  1.2741892242870843E+000                  1.6000914569925009E-001                  8.0745544670011249E-001                  4.5492312532924983E-001                  8.5000496627254152E-001                  2.4824255605148531E+007                  5.5965573352290778E+002                  1.7072370503445802E+005                  1.6030100873640965E-001                  0.0000000000000000E+000                  5.5469778919260323E+004                  1.3475723768624892E+004                  1.6863559803821102E-024                  1.6863559803821102E-024                  0.0000000000000000E+000                  0.0000000000000000E+000                  6.7465399030366672E-026                  0.0000000000000000E+000                  1.0231348792805446E+000                  6.9999999999999996E-001                  2.9797635251139990E-005                  2.7997020236474884E-001                  4.1193902129486445E-003                  1.2067031330276047E-003                  1.1203876416666529E-002                  2.5129237964844936E-003                  9.5710644087274629E-004                  0.0000000000000000E+000                  0.0000000000000000E+000                  0.0000000000000000E+000                  0.0000000000000000E+000                  0.0000000000000000E+000                  0.0000000000000000E+000                  0.0000000000000000E+000                  0.0000000000000000E+000                  0.0000000000000000E+000                  0.0000000000000000E+000                 -8.5035271105167851E+000                 -9.8999999999999986E+001                  0.0000000000000000E+000                  0.0000000000000000E+000                 -9.8999999999999986E+001                 -9.8999999999999986E+001                  1.4128718527325923E+001                 -9.9000000000000000E+001                 -9.9000000000000000E+001                 -9.9000000000000000E+001 
                 9.9994103689091085E-001                  6.6630700260854345E+000                  1.5472885933358196E+001                  2.6747111332636062E+007                 -4.9167901629286161E+000                  4.3418088332303988E+000                  1.0977034946279855E+013                  2.2264159859572331E+001                  1.2202156182167392E+009                  1.2775451709106529E+000                  1.6212646545075862E-001                  8.0349692174982712E-001                  4.5981554493741439E-001                  8.5000496627254152E-001                  2.6746523887837891E+007                  5.8744479816975070E+002                  1.8455565351212167E+005                  1.6233746742041427E-001                  0.0000000000000000E+000                  5.4644130017797252E+004                  1.4185407321281202E+004                  1.7877352555982653E-024                  1.7877352555982653E-024                  0.0000000000000000E+000                  0.0000000000000000E+000                  7.1521240983059185E-026                  0.0000000000000000E+000                  1.0338957033447240E+000                  6.9999999999999996E-001                  2.9797635251139990E-005                  2.7997020236474884E-001                  4.1193902129486445E-003                  1.2067031330276047E-003                  1.1203876416666529E-002                  2.5129237964844936E-003                  9.5710644087274629E-004                  0.0000000000000000E+000                  0.0000000000000000E+000                  0.0000000000000000E+000                  0.0000000000000000E+000                  0.0000000000000000E+000                  0.0000000000000000E+000                  0.0000000000000000E+000                  0.0000000000000000E+000                  0.0000000000000000E+000                  0.0000000000000000E+000                 -8.4528509013154185E+000                 -9.8999999999999986E+001                  0.0000000000000000E+000                  0.0000000000000000E+000                 -9.8999999999999986E+001                 -9.8999999999999986E+001                  1.4128690606759783E+001                 -9.9000000000000000E+001                 -9.9000000000000000E+001                 -9.9000000000000000E+001 
                 9.9993666107699752E-001                  6.6592468193907521E+000                  1.5472883590859952E+001                  2.8810961093404341E+007                 -4.8916436044985678E+000                  4.3471199730174863E+000                  1.1109071781925973E+013                  2.2265817771180242E+001                  1.1978033354460869E+009                  1.2809513611139285E+000                  1.6428222305183254E-001                  7.9960074846487506E-001                  4.6484920256767903E-001                  8.5000496627254152E-001                  2.8810344197876833E+007                  6.1689552750864004E+002                  1.9932866186691140E+005                  1.6442722673450758E-001                  0.0000000000000000E+000                  5.3842709944470982E+004                  1.4929501808010358E+004                  1.8946664269909289E-024                  1.8946664269909289E-024                  0.0000000000000000E+000                  0.0000000000000000E+000                  7.5799195531701400E-026                  0.0000000000000000E+000                  1.0497671343774615E+000                  6.9999999999999996E-001                  2.9797635251139990E-005                  2.7997020236474884E-001                  4.1193902129486445E-003                  1.2067031330276047E-003                  1.1203876416666529E-002                  2.5129237964844936E-003                  9.5710644087274629E-004                  0.0000000000000000E+000                  0.0000000000000000E+000                  0.0000000000000000E+000                  0.0000000000000000E+000                  0.0000000000000000E+000                  0.0000000000000000E+000                  0.0000000000000000E+000                  0.0000000000000000E+000                  0.0000000000000000E+000                  0.0000000000000000E+000                 -8.4023996044928673E+000                 -9.8999999999999986E+001                  0.0000000000000000E+000                  0.0000000000000000E+000                 -9.8999999999999986E+001                 -9.8999999999999986E+001                  1.4128820625528990E+001                 -9.9000000000000000E+001                 -9.9000000000000000E+001                 -9.9000000000000000E+001 
                 9.9993197389861299E-001                  6.6553774914478323E+000                  1.5472881043160744E+001                  3.1026746767683838E+007                 -4.8666114478840177E+000                  4.3524826066314724E+000                  1.1241085229938223E+013                  2.2265704656937675E+001                  1.1757996679253345E+009                  1.2843834263716236E+000                  1.6646172551520547E-001                  7.9578203086446975E-001                  4.7024252477307893E-001                  8.5000496627254152E-001                  3.1026098637636133E+007                  6.4813004770469365E+002                  2.1508012211564046E+005                  1.6655017285375606E-001                  0.0000000000000000E+000                  5.3064024823540676E+004                  1.5708231069942889E+004                  2.0074738623476587E-024                  2.0074738623476587E-024                  0.0000000000000000E+000                  0.0000000000000000E+000                  8.0312239535444236E-026                  0.0000000000000000E+000                  1.0686845825748801E+000                  6.9999999999999996E-001                  2.9797635251139990E-005                  2.7997020236474884E-001                  4.1193902129486445E-003                  1.2067031330276047E-003                  1.1203876416666529E-002                  2.5129237964844936E-003                  9.5710644087274629E-004                  0.0000000000000000E+000                  0.0000000000000000E+000                  0.0000000000000000E+000                  0.0000000000000000E+000                  0.0000000000000000E+000                  0.0000000000000000E+000                  0.0000000000000000E+000                  0.0000000000000000E+000                  0.0000000000000000E+000                  0.0000000000000000E+000                 -8.3517437087365618E+000                 -9.8999999999999986E+001                  0.0000000000000000E+000                  0.0000000000000000E+000                 -9.8999999999999986E+001                 -9.8999999999999986E+001                  1.4129097483614588E+001                 -9.9000000000000000E+001                 -9.9000000000000000E+001                 -9.9000000000000000E+001 
                 9.9992695343741000E-001                  6.6514605813357015E+000                  1.5472878265131214E+001                  3.3405611244105313E+007                 -4.8417278688631846E+000                  4.3578986381394991E+000                  1.1374623890371545E+013                  2.2266512807257943E+001                  1.1539072668919139E+009                  1.2878751769864403E+000                  1.6868620363664116E-001                  7.9200048376870913E-001                  4.7553369607541118E-001                  8.5000496627254152E-001                  3.3404929963097654E+007                  6.8128100766019918E+002                  2.3183253616651217E+005                  1.6870891444821379E-001                  0.0000000000000000E+000                  5.2303248673477457E+004                  1.6520919412965766E+004                  2.1262795436064523E-024                  2.1262795436064519E-024                  0.0000000000000000E+000                  0.0000000000000000E+000                  8.5065253080117653E-026                  0.0000000000000000E+000                  1.0848731641859501E+000                  6.9999999999999996E-001                  2.9797635251139990E-005                  2.7997020236474884E-001                  4.1193902129486445E-003                  1.2067031330276047E-003                  1.1203876416666529E-002                  2.5129237964844936E-003                  9.5710644087274629E-004                  0.0000000000000000E+000                  0.0000000000000000E+000                  0.0000000000000000E+000                  0.0000000000000000E+000                  0.0000000000000000E+000                  0.0000000000000000E+000                  0.0000000000000000E+000                  0.0000000000000000E+000                  0.0000000000000000E+000                  0.0000000000000000E+000                 -8.3020458566386530E+000                 -9.8999999999999986E+001                  0.0000000000000000E+000                  0.0000000000000000E+000                 -9.8999999999999986E+001                 -9.8999999999999986E+001                  1.4129452733582205E+001                 -9.9000000000000000E+001                 -9.9000000000000000E+001                 -9.9000000000000000E+001 
                 9.9992157625116684E-001                  6.6474942753991710E+000                  1.5472875244638839E+001                  3.5959511637569234E+007                 -4.8170157368844446E+000                  4.3633706026673451E+000                  1.1511077816180539E+013                  2.2270375488240699E+001                  1.1318695513926725E+009                  1.2914610483524060E+000                  1.7097722433460461E-001                  7.8822350117373574E-001                  4.8024410340681079E-001                  8.5000496627254152E-001                  3.5958795140958764E+007                  7.1649661046844585E+002                  2.4960369185287782E+005                  1.7092504164670960E-001                  0.0000000000000000E+000                  5.1557734460198655E+004                  1.7367679190279145E+004                  2.2512369844516051E-024                  2.2512369844516051E-024                  0.0000000000000000E+000                  0.0000000000000000E+000                  9.0064377730175189E-026                  0.0000000000000000E+000                  1.0967911921628675E+000                  6.9999999999999996E-001                  2.9797635251139990E-005                  2.7997020236474884E-001                  4.1193902129486445E-003                  1.2067031330276047E-003                  1.1203876416666529E-002                  2.5129237964844936E-003                  9.5710644087274629E-004                  0.0000000000000000E+000                  0.0000000000000000E+000                  0.0000000000000000E+000                  0.0000000000000000E+000                  0.0000000000000000E+000                  0.0000000000000000E+000                  0.0000000000000000E+000                  0.0000000000000000E+000                  0.0000000000000000E+000                  0.0000000000000000E+000                 -8.2542373607240194E+000                 -9.8999999999999986E+001                  0.0000000000000000E+000                  0.0000000000000000E+000                 -9.8999999999999986E+001                 -9.8999999999999986E+001                  1.4129857064792644E+001                 -9.9000000000000000E+001                 -9.9000000000000000E+001                 -9.9000000000000000E+001 
                 9.9991581727698919E-001                  6.6434764991459243E+000                  1.5472871974149152E+001                  3.8701278087294824E+007                 -4.7924425691205004E+000                  4.3689010427563639E+000                  1.1649508193538594E+013                  2.2275211375274790E+001                  1.1099544858968246E+009                  1.2951132421567779E+000                  1.7331636478198925E-001                  7.8448005982060032E-001                  4.8465092943704707E-001                  8.5000496627254152E-001                  3.8700524148830630E+007                  7.5393846419549379E+002                  2.6842571144948807E+005                  1.7320070855338685E-001                  0.0000000000000000E+000                  5.0829228203812556E+004                  1.8250322328564773E+004                  2.3827862304126223E-024                  2.3827862304126226E-024                  0.0000000000000000E+000                  0.0000000000000000E+000                  9.5327218220377317E-026                  0.0000000000000000E+000                  1.1098923545657828E+000                  6.9999999999999996E-001                  2.9797635251139990E-005                  2.7997020236474884E-001                  4.1193902129486445E-003                  1.2067031330276047E-003                  1.1203876416666529E-002                  2.5129237964844936E-003                  9.5710644087274629E-004                  0.0000000000000000E+000                  0.0000000000000000E+000                  0.0000000000000000E+000                  0.0000000000000000E+000                  0.0000000000000000E+000                  0.0000000000000000E+000                  0.0000000000000000E+000                  0.0000000000000000E+000                  0.0000000000000000E+000                  0.0000000000000000E+000                 -8.2075239022855815E+000                 -9.8999999999999986E+001                  0.0000000000000000E+000                  0.0000000000000000E+000                 -9.8999999999999986E+001                 -9.8999999999999986E+001                  1.4130356643992815E+001                 -9.9000000000000000E+001                 -9.9000000000000000E+001                 -9.9000000000000000E+001 
                 9.9990964971837093E-001                  6.6394054202749162E+000                  1.5472868429789012E+001                  4.1644678723055720E+007                 -4.7679697984791023E+000                  4.3744916817364059E+000                  1.1788490770323361E+013                  2.2278098829747321E+001                  1.0884979282946672E+009                  1.2987913253351517E+000                  1.7567436869362713E-001                  7.8080204041399215E-001                  4.8931085323289936E-001                  8.5000496627254152E-001                  4.1643884946155153E+007                  7.9377690056456970E+002                  2.8834814760018722E+005                  1.7551187524534093E-001                  0.0000000000000000E+000                  5.0119891022527525E+004                  1.9171346270812319E+004                  2.5214519834891478E-024                  2.5214519834891478E-024                  0.0000000000000000E+000                  0.0000000000000000E+000                  1.0087476610476988E-025                  0.0000000000000000E+000                  1.1279546222064538E+000                  6.9999999999999996E-001                  2.9797635251139990E-005                  2.7997020236474884E-001                  4.1193902129486445E-003                  1.2067031330276047E-003                  1.1203876416666529E-002                  2.5129237964844936E-003                  9.5710644087274629E-004                  0.0000000000000000E+000                  0.0000000000000000E+000                  0.0000000000000000E+000                  0.0000000000000000E+000                  0.0000000000000000E+000                  0.0000000000000000E+000                  0.0000000000000000E+000                  0.0000000000000000E+000                  0.0000000000000000E+000                  0.0000000000000000E+000                 -8.1607697324497046E+000                 -9.8999999999999986E+001                  0.0000000000000000E+000                  0.0000000000000000E+000                 -9.8999999999999986E+001                 -9.8999999999999986E+001                  1.4131002157831674E+001                 -9.9000000000000000E+001                 -9.9000000000000000E+001                 -9.9000000000000000E+001 
                 9.9990304492291426E-001                  6.6352795172967269E+000                  1.5472864572388808E+001                  4.4804488621420205E+007                 -4.7435976889597313E+000                  4.3801436481008515E+000                  1.1927824440407018E+013                  2.2278251208898546E+001                  1.0675773018107896E+009                  1.3024867826004973E+000                  1.7804716140213572E-001                  7.7719232189618781E-001                  4.9449086634385936E-001                  8.5000496627254152E-001                  4.4803652428816214E+007                  8.3619260398813628E+002                  3.0942338688752614E+005                  1.7784117651641115E-001                  0.0000000000000000E+000                  4.9427642759105940E+004                  2.0132720240855986E+004                  2.6675824333393788E-024                  2.6675824333393788E-024                  0.0000000000000000E+000                  0.0000000000000000E+000                  1.0672095127568882E-025                  0.0000000000000000E+000                  1.1478743942634710E+000                  6.9999999999999996E-001                  2.9797635251139990E-005                  2.7997020236474884E-001                  4.1193902129486445E-003                  1.2067031330276047E-003                  1.1203876416666529E-002                  2.5129237964844936E-003                  9.5710644087274629E-004                  0.0000000000000000E+000                  0.0000000000000000E+000                  0.0000000000000000E+000                  0.0000000000000000E+000                  0.0000000000000000E+000                  0.0000000000000000E+000                  0.0000000000000000E+000                  0.0000000000000000E+000                  0.0000000000000000E+000                  0.0000000000000000E+000                 -8.1136012974747711E+000                 -9.8999999999999986E+001                  0.0000000000000000E+000                  0.0000000000000000E+000                 -9.8999999999999986E+001                 -9.8999999999999986E+001                  1.4131767605544058E+001                 -9.9000000000000000E+001                 -9.9000000000000000E+001                 -9.9000000000000000E+001 
                 9.9989597225595650E-001                  6.6310972235851064E+000                  1.5472860368789856E+001                  4.8196562550767586E+007                 -4.7193486154785269E+000                  4.3858582256344629E+000                  1.2068626254013000E+013                  2.2277014681497938E+001                  1.0470241034004569E+009                  1.3062162565600612E+000                  1.8045170875503597E-001                  7.7363182639547345E-001                  4.9994257441700823E-001                  8.5000496627254152E-001                  4.8195681167843789E+007                  8.8138292379305358E+002                  3.3169908205344237E+005                  1.8019469160675566E-001                  0.0000000000000000E+000                  4.8748327176404207E+004                  2.1136342567195814E+004                  2.8213963060096982E-024                  2.8213963060096982E-024                  0.0000000000000000E+000                  0.0000000000000000E+000                  1.1287452422429780E-025                  0.0000000000000000E+000                  1.1653999152277554E+000                  6.9999999999999996E-001                  2.9797635251139990E-005                  2.7997020236474884E-001                  4.1193902129486445E-003                  1.2067031330276047E-003                  1.1203876416666529E-002                  2.5129237964844936E-003                  9.5710644087274629E-004                  0.0000000000000000E+000                  0.0000000000000000E+000                  0.0000000000000000E+000                  0.0000000000000000E+000                  0.0000000000000000E+000                  0.0000000000000000E+000                  0.0000000000000000E+000                  0.0000000000000000E+000                  0.0000000000000000E+000                  0.0000000000000000E+000                 -8.0666263452558375E+000                 -9.8999999999999986E+001                  0.0000000000000000E+000                  0.0000000000000000E+000                 -9.8999999999999986E+001                 -9.8999999999999986E+001                  1.4132588612479120E+001                 -9.9000000000000000E+001                 -9.9000000000000000E+001                 -9.9000000000000000E+001 
                 9.9988839896954396E-001                  6.6268567118482649E+000                  1.5472855798928105E+001                  5.1837913823777854E+007                 -4.6952347213489363E+000                  4.3916370334589416E+000                  1.2212082710325006E+013                  2.2276908940383535E+001                  1.0266797077490975E+009                  1.3099849485630615E+000                  1.8289391974904584E-001                  7.7009514974021176E-001                  5.0510070914929439E-001                  8.5000496627254152E-001                  5.1836984258563608E+007                  9.2956521424899665E+002                  3.5522569030387618E+005                  1.8258414905012010E-001                  0.0000000000000000E+000                  4.8080458334559247E+004                  2.2184780999209099E+004                  2.9831649814093753E-024                  2.9831649814093753E-024                  0.0000000000000000E+000                  0.0000000000000000E+000                  1.1934634194493258E-025                  0.0000000000000000E+000                  1.1802800826916451E+000                  6.9999999999999996E-001                  2.9797635251139990E-005                  2.7997020236474884E-001                  4.1193902129486445E-003                  1.2067031330276047E-003                  1.1203876416666529E-002                  2.5129237964844936E-003                  9.5710644087274629E-004                  0.0000000000000000E+000                  0.0000000000000000E+000                  0.0000000000000000E+000                  0.0000000000000000E+000                  0.0000000000000000E+000                  0.0000000000000000E+000                  0.0000000000000000E+000                  0.0000000000000000E+000                  0.0000000000000000E+000                  0.0000000000000000E+000                 -8.0208889540525394E+000                 -9.8999999999999986E+001                  0.0000000000000000E+000                  0.0000000000000000E+000                 -9.8999999999999986E+001                 -9.8999999999999986E+001                  1.4133450076204438E+001                 -9.9000000000000000E+001                 -9.9000000000000000E+001                 -9.9000000000000000E+001 
                 9.9988029005759660E-001                  6.6225559803071317E+000                  1.5472850843383824E+001                  5.5746800981356114E+007                 -4.6712460117083436E+000                  4.3974814438207908E+000                  1.2357959612849727E+013                  2.2278727953851494E+001                  1.0066985477773036E+009                  1.3137673865356878E+000                  1.8535346701518646E-001                  7.6658476961867161E-001                  5.0985998262906740E-001                  8.5000496627254152E-001                  5.5745820007338136E+007                  9.8097401798053716E+002                  3.8006726309662726E+005                  1.8500273827431923E-001                  0.0000000000000000E+000                  4.7425344377346213E+004                  2.3281757249862374E+004                  3.1533156729901504E-024                  3.1533156729901504E-024                  0.0000000000000000E+000                  0.0000000000000000E+000                  1.2615349580524742E-025                  0.0000000000000000E+000                  1.1949702860768434E+000                  6.9999999999999996E-001                  2.9797635251139990E-005                  2.7997020236474884E-001                  4.1193902129486445E-003                  1.2067031330276047E-003                  1.1203876416666529E-002                  2.5129237964844936E-003                  9.5710644087274629E-004                  0.0000000000000000E+000                  0.0000000000000000E+000                  0.0000000000000000E+000                  0.0000000000000000E+000                  0.0000000000000000E+000                  0.0000000000000000E+000                  0.0000000000000000E+000                  0.0000000000000000E+000                  0.0000000000000000E+000                  0.0000000000000000E+000                 -7.9764042899302288E+000                 -9.8999999999999986E+001                  0.0000000000000000E+000                  0.0000000000000000E+000                 -9.8999999999999986E+001                 -9.8999999999999986E+001                  1.4134388080329146E+001                 -9.9000000000000000E+001                 -9.9000000000000000E+001                 -9.9000000000000000E+001 
                 9.9987160809745668E-001                  6.6181930630792465E+000                  1.5472845471599193E+001                  5.9942819287267819E+007                 -4.6473520691429844E+000                  4.4033919729708462E+000                  1.2504857078188381E+013                  2.2280860607148885E+001                  9.8743166167688453E+008                  1.3175227985202262E+000                  1.8779830773662090E-001                  7.6313090365548741E-001                  5.1470489637533823E-001                  8.5000496627254152E-001                  5.9941783430706173E+007                  1.0358565616480503E+003                  4.0630914342165936E+005                  1.8742420097628026E-001                  0.0000000000000000E+000                  4.6783890392203772E+004                  2.4432181573940772E+004                  3.3324619952681204E-024                  3.3324619952681204E-024                  0.0000000000000000E+000                  0.0000000000000000E+000                  1.3332053444949525E-025                  0.0000000000000000E+000                  1.2124251486052302E+000                  6.9999999999999996E-001                  2.9797635251139990E-005                  2.7997020236474884E-001                  4.1193902129486445E-003                  1.2067031330276047E-003                  1.1203876416666529E-002                  2.5129237964844936E-003                  9.5710644087274629E-004                  0.0000000000000000E+000                  0.0000000000000000E+000                  0.0000000000000000E+000                  0.0000000000000000E+000                  0.0000000000000000E+000                  0.0000000000000000E+000                  0.0000000000000000E+000                  0.0000000000000000E+000                  0.0000000000000000E+000                  0.0000000000000000E+000                 -7.9322395412026090E+000                 -9.8999999999999986E+001                  0.0000000000000000E+000                  0.0000000000000000E+000                 -9.8999999999999986E+001                 -9.8999999999999986E+001                  1.4135430283848221E+001                 -9.9000000000000000E+001                 -9.9000000000000000E+001                 -9.9000000000000000E+001 
                 9.9986231308977469E-001                  6.6137662438116758E+000                  1.5472839636498060E+001                  6.4446995170410156E+007                 -4.6235402280641393E+000                  4.4093684478470729E+000                  1.2652404344677219E+013                  2.2281494897164610E+001                  9.6897102378391516E+008                  1.3212380282850809E+000                  1.9021961501898726E-001                  7.5974529685084913E-001                  5.1994882148837651E-001                  8.5000496627254152E-001                  6.4445900696229003E+007                  1.0944741811565807E+003                  4.3402429373889510E+005                  1.8982747058572888E-001                  0.0000000000000000E+000                  4.6154627991455272E+004                  2.5637757739438646E+004                  3.5211400788523579E-024                  3.5211400788523579E-024                  0.0000000000000000E+000                  0.0000000000000000E+000                  1.4086890665311088E-025                  0.0000000000000000E+000                  1.2326550653444139E+000                  6.9999999999999996E-001                  2.9797635251139990E-005                  2.7997020236474884E-001                  4.1193902129486445E-003                  1.2067031330276047E-003                  1.1203876416666529E-002                  2.5129237964844936E-003                  9.5710644087274629E-004                  0.0000000000000000E+000                  0.0000000000000000E+000                  0.0000000000000000E+000                  0.0000000000000000E+000                  0.0000000000000000E+000                  0.0000000000000000E+000                  0.0000000000000000E+000                  0.0000000000000000E+000                  0.0000000000000000E+000                  0.0000000000000000E+000                 -7.8879452595938808E+000                 -9.8999999999999986E+001                  0.0000000000000000E+000                  0.0000000000000000E+000                 -9.8999999999999986E+001                 -9.8999999999999986E+001                  1.4136562271342443E+001                 -9.9000000000000000E+001                 -9.9000000000000000E+001                 -9.9000000000000000E+001 
                 9.9985236229243846E-001                  6.6092738920102407E+000                  1.5472833285482977E+001                  6.9281888825505748E+007                 -4.5998310024240343E+000                  4.4154107360288544E+000                  1.2801873239763129E+013                  2.2281381660679099E+001                  9.5112638693621087E+008                  1.3249250755832818E+000                  1.9263107014541136E-001                  7.5640338865987800E-001                  5.2524902841526588E-001                  8.5000496627254152E-001                  6.9280731715434358E+007                  1.1571100713938727E+003                  4.6321923116404033E+005                  1.9221459879821540E-001                  0.0000000000000000E+000                  4.5534614525622346E+004                  2.6895681101440827E+004                  3.7196422929895979E-024                  3.7196422929895979E-024                  0.0000000000000000E+000                  0.0000000000000000E+000                  1.4881030912387353E-025                  0.0000000000000000E+000                  1.2516617519366133E+000                  6.9999999999999996E-001                  2.9797635251139990E-005                  2.7997020236474884E-001                  4.1193902129486445E-003                  1.2067031330276047E-003                  1.1203876416666529E-002                  2.5129237964844936E-003                  9.5710644087274629E-004                  0.0000000000000000E+000                  0.0000000000000000E+000                  0.0000000000000000E+000                  0.0000000000000000E+000                  0.0000000000000000E+000                  0.0000000000000000E+000                  0.0000000000000000E+000                  0.0000000000000000E+000                  0.0000000000000000E+000                  0.0000000000000000E+000                 -7.8441601266474894E+000                 -9.8999999999999986E+001                  0.0000000000000000E+000                  0.0000000000000000E+000                 -9.8999999999999986E+001                 -9.8999999999999986E+001                  1.4137739696448437E+001                 -9.9000000000000000E+001                 -9.9000000000000000E+001                 -9.9000000000000000E+001 
                 9.9984171003473210E-001                  6.6047141199658483E+000                  1.5472826381935047E+001                  7.4471708840877905E+007                 -4.5762384801952560E+000                  4.4215189969465083E+000                  1.2954292450949490E+013                  2.2282292261469561E+001                  9.3378453434962559E+008                  1.3285880032385222E+000                  1.9503830138078287E-001                  7.5308535086571182E-001                  5.3015032723874467E-001                  8.5000496627254152E-001                  7.4470484766754016E+007                  1.2240741238907444E+003                  4.9384345971371752E+005                  1.9459547983690489E-001                  0.0000000000000000E+000                  4.4922275905892027E+004                  2.8202022535211152E+004                  3.9283005791227620E-024                  3.9283005791227627E-024                  0.0000000000000000E+000                  0.0000000000000000E+000                  1.5715802171960213E-025                  0.0000000000000000E+000                  1.2679074745124326E+000                  6.9999999999999996E-001                  2.9797635251139990E-005                  2.7997020236474884E-001                  4.1193902129486445E-003                  1.2067031330276047E-003                  1.1203876416666529E-002                  2.5129237964844936E-003                  9.5710644087274629E-004                  0.0000000000000000E+000                  0.0000000000000000E+000                  0.0000000000000000E+000                  0.0000000000000000E+000                  0.0000000000000000E+000                  0.0000000000000000E+000                  0.0000000000000000E+000                  0.0000000000000000E+000                  0.0000000000000000E+000                  0.0000000000000000E+000                 -7.8016474973911212E+000                 -9.8999999999999986E+001                  0.0000000000000000E+000                  0.0000000000000000E+000                 -9.8999999999999986E+001                 -9.8999999999999986E+001                  1.4138937844920868E+001                 -9.9000000000000000E+001                 -9.9000000000000000E+001                 -9.9000000000000000E+001 
                 9.9983030751301316E-001                  6.6000848332193032E+000                  1.5472818896239348E+001                  8.0042436022049576E+007                 -4.5527527058423880E+000                  4.4276933582881171E+000                  1.3109487815021922E+013                  2.2284742910861159E+001                  9.1700704077165747E+008                  1.3322212792643719E+000                  1.9743423858867198E-001                  7.4979911044801340E-001                  5.3457175183255112E-001                  8.5000496627254152E-001                  8.0041140319949403E+007                  1.2957021001680862E+003                  5.2582555028994731E+005                  1.9696959412958451E-001                  0.0000000000000000E+000                  4.4318500480315888E+004                  2.9552687557239751E+004                  4.1476675697238912E-024                  4.1476675697238912E-024                  0.0000000000000000E+000                  0.0000000000000000E+000                  1.6593415340039913E-025                  0.0000000000000000E+000                  1.2841439152753797E+000                  6.9999999999999996E-001                  2.9797635251139990E-005                  2.7997020236474884E-001                  4.1193902129486445E-003                  1.2067031330276047E-003                  1.1203876416666529E-002                  2.5129237964844936E-003                  9.5710644087274629E-004                  0.0000000000000000E+000                  0.0000000000000000E+000                  0.0000000000000000E+000                  0.0000000000000000E+000                  0.0000000000000000E+000                  0.0000000000000000E+000                  0.0000000000000000E+000                  0.0000000000000000E+000                  0.0000000000000000E+000                  0.0000000000000000E+000                 -7.7605530929242139E+000                 -9.8999999999999986E+001                  0.0000000000000000E+000                  0.0000000000000000E+000                 -9.8999999999999986E+001                 -9.8999999999999986E+001                  1.4140179771339310E+001                 -9.9000000000000000E+001                 -9.9000000000000000E+001                 -9.9000000000000000E+001 
                 9.9981810257602299E-001                  6.5953839779656587E+000                  1.5472810781156870E+001                  8.6021951722699016E+007                 -4.5293541113120677E+000                  4.4339336853146385E+000                  1.3266582148062348E+013                  2.2286986109760981E+001                  9.0088559949199390E+008                  1.3358244367001215E+000                  1.9981037271243784E-001                  7.4656638672099906E-001                  5.3891623212184581E-001                  8.5000496627254152E-001                  8.6020579367693141E+007                  1.3723550058777664E+003                  5.5912261804784602E+005                  1.9932907093384133E-001                  0.0000000000000000E+000                  4.3724344966245895E+004                  3.0947874709642856E+004                  4.3784315977344501E-024                  4.3784315977344501E-024                  0.0000000000000000E+000                  0.0000000000000000E+000                  1.7516624204381257E-025                  0.0000000000000000E+000                  1.3028107043135198E+000                  6.9999999999999996E-001                  2.9797635251139990E-005                  2.7997020236474884E-001                  4.1193902129486445E-003                  1.2067031330276047E-003                  1.1203876416666529E-002                  2.5129237964844936E-003                  9.5710644087274629E-004                  0.0000000000000000E+000                  0.0000000000000000E+000                  0.0000000000000000E+000                  0.0000000000000000E+000                  0.0000000000000000E+000                  0.0000000000000000E+000                  0.0000000000000000E+000                  0.0000000000000000E+000                  0.0000000000000000E+000                  0.0000000000000000E+000                 -7.7201327048093855E+000                 -9.8999999999999986E+001                  0.0000000000000000E+000                  0.0000000000000000E+000                 -9.8999999999999986E+001                 -9.8999999999999986E+001                  1.4141494191467231E+001                 -9.9000000000000000E+001                 -9.9000000000000000E+001                 -9.9000000000000000E+001 
                 9.9980503950944788E-001                  6.5906096548484614E+000                  1.5472801969244761E+001                  9.2440171941338822E+007                 -4.5060267892590922E+000                  4.4402395265657288E+000                  1.3424843028852834E+013                  2.2286338519848403E+001                  8.8547321968542564E+008                  1.3393958194529181E+000                  2.0215630196865636E-001                  7.4340251824236858E-001                  5.4369479018693001E-001                  8.5000496627254152E-001                  9.2438717521346092E+007                  1.4544199927363604E+003                  5.9378356830340030E+005                  2.0166439916325310E-001                  0.0000000000000000E+000                  4.3139369575459263E+004                  3.2393856712598463E+004                  4.6213049665180623E-024                  4.6213049665180615E-024                  0.0000000000000000E+000                  0.0000000000000000E+000                  1.8488278450344919E-025                  0.0000000000000000E+000                  1.3240065039068016E+000                  6.9999999999999996E-001                  2.9797635251139990E-005                  2.7997020236474884E-001                  4.1193902129486445E-003                  1.2067031330276047E-003                  1.1203876416666529E-002                  2.5129237964844936E-003                  9.5710644087274629E-004                  0.0000000000000000E+000                  0.0000000000000000E+000                  0.0000000000000000E+000                  0.0000000000000000E+000                  0.0000000000000000E+000                  0.0000000000000000E+000                  0.0000000000000000E+000                  0.0000000000000000E+000                  0.0000000000000000E+000                  0.0000000000000000E+000                 -7.6793826482544292E+000                 -9.8999999999999986E+001                  0.0000000000000000E+000                  0.0000000000000000E+000                 -9.8999999999999986E+001                 -9.8999999999999986E+001                  1.4142875999061028E+001                 -9.9000000000000000E+001                 -9.9000000000000000E+001                 -9.9000000000000000E+001 
                 9.9979105880632357E-001                  6.5857600926295552E+000                  1.5472792384891102E+001                  9.9329195039308861E+007                 -4.4827721778658773E+000                  4.4466102910423650E+000                  1.3584572800579211E+013                  2.2282159696040676E+001                  8.7070199644285524E+008                  1.3429447268799000E+000                  2.0447513723588223E-001                  7.4030433070811785E-001                  5.4895141362285560E-001                  8.5000496627254152E-001                  9.9327652724978909E+007                  1.5423143299453479E+003                  6.2992320324523468E+005                  2.0397165749013652E-001                  0.0000000000000000E+000                  4.2562371626154265E+004                  3.3897514331061764E+004                  4.8768649052236027E-024                  4.8768649052236027E-024                  0.0000000000000000E+000                  0.0000000000000000E+000                  1.9510687377072193E-025                  0.0000000000000000E+000                  1.3461545648079056E+000                  6.9999999999999996E-001                  2.9797635251139990E-005                  2.7997020236474884E-001                  4.1193902129486445E-003                  1.2067031330276047E-003                  1.1203876416666529E-002                  2.5129237964844936E-003                  9.5710644087274629E-004                  0.0000000000000000E+000                  0.0000000000000000E+000                  0.0000000000000000E+000                  0.0000000000000000E+000                  0.0000000000000000E+000                  0.0000000000000000E+000                  0.0000000000000000E+000                  0.0000000000000000E+000                  0.0000000000000000E+000                  0.0000000000000000E+000                 -7.6382055547146939E+000                 -9.8999999999999986E+001                  0.0000000000000000E+000                  0.0000000000000000E+000                 -9.8999999999999986E+001                 -9.8999999999999986E+001                  1.4144299816175534E+001                 -9.9000000000000000E+001                 -9.9000000000000000E+001                 -9.9000000000000000E+001 
                 9.9977609690615643E-001                  6.5808334580531067E+000                  1.5472781956306250E+001                  1.0672346520737366E+008                 -4.4596095180628792E+000                  4.4530458167928009E+000                  1.3747049088970361E+013                  2.2278052571191107E+001                  8.5639067108824050E+008                  1.3465034123766899E+000                  2.0679262328795267E-001                  7.3725133186543645E-001                  5.5408437759266682E-001                  8.5000496627254152E-001                  1.0672182871119054E+008                  1.6364961831333578E+003                  6.6766339175059472E+005                  2.0626497647659420E-001                  0.0000000000000000E+000                  4.1992471654755820E+004                  3.5465643724092399E+004                  5.1454997657540880E-024                  5.1454997657540888E-024                  0.0000000000000000E+000                  0.0000000000000000E+000                  2.0585404649739045E-025                  0.0000000000000000E+000                  1.3666332280167399E+000                  6.9999999999999996E-001                  2.9797635251139990E-005                  2.7997020236474884E-001                  4.1193902129486445E-003                  1.2067031330276047E-003                  1.1203876416666529E-002                  2.5129237964844936E-003                  9.5710644087274629E-004                  0.0000000000000000E+000                  0.0000000000000000E+000                  0.0000000000000000E+000                  0.0000000000000000E+000                  0.0000000000000000E+000                  0.0000000000000000E+000                  0.0000000000000000E+000                  0.0000000000000000E+000                  0.0000000000000000E+000                  0.0000000000000000E+000                 -7.5977836689527658E+000                 -9.8999999999999986E+001                  0.0000000000000000E+000                  0.0000000000000000E+000                 -9.8999999999999986E+001                 -9.8999999999999986E+001                  1.4145745188914891E+001                 -9.9000000000000000E+001                 -9.9000000000000000E+001                 -9.9000000000000000E+001 
                 9.9976008591553267E-001                  6.5758276450394808E+000                  1.5472770626724500E+001                  1.1465994684583002E+008                 -4.4365482356471571E+000                  4.4595465793619073E+000                  1.3912863536487279E+013                  2.2277317344103459E+001                  8.4244768512982500E+008                  1.3500992596527066E+000                  2.0912412737093017E-001                  7.3423152510534051E-001                  5.5880243244058214E-001                  8.5000496627254152E-001                  1.1465820937289989E+008                  1.7374729301401710E+003                  7.0705870836375421E+005                  2.0856515935887893E-001                  0.0000000000000000E+000                  4.1429898640668798E+004                  3.7098133576326174E+004                  5.4276983856629101E-024                  5.4276983856629101E-024                  0.0000000000000000E+000                  0.0000000000000000E+000                  2.1714385942689516E-025                  0.0000000000000000E+000                  1.3850724939328958E+000                  6.9999999999999996E-001                  2.9797635251139990E-005                  2.7997020236474884E-001                  4.1193902129486445E-003                  1.2067031330276047E-003                  1.1203876416666529E-002                  2.5129237964844936E-003                  9.5710644087274629E-004                  0.0000000000000000E+000                  0.0000000000000000E+000                  0.0000000000000000E+000                  0.0000000000000000E+000                  0.0000000000000000E+000                  0.0000000000000000E+000                  0.0000000000000000E+000                  0.0000000000000000E+000                  0.0000000000000000E+000                  0.0000000000000000E+000                 -7.5586711912422127E+000                 -9.8999999999999986E+001                  0.0000000000000000E+000                  0.0000000000000000E+000                 -9.8999999999999986E+001                 -9.8999999999999986E+001                  1.4147214944508105E+001                 -9.9000000000000000E+001                 -9.9000000000000000E+001                 -9.9000000000000000E+001 
                 9.9974295332107788E-001                  6.5707403741703505E+000                  1.5472758339908971E+001                  1.2317830593054970E+008                 -4.4135746893218197E+000                  4.4661132369609939E+000                  1.4081312007937488E+013                  2.2280123772680007E+001                  8.2889963339327788E+008                  1.3537473703337910E+000                  2.1146631165883922E-001                  7.3125097816442675E-001                  5.6342533195254452E-001                  8.5000496627254152E-001                  1.2317646013039778E+008                  1.8458001519175953E+003                  7.4800682402652549E+005                  2.1087852241012439E-001                  0.0000000000000000E+000                  4.0876040433361217E+004                  3.8786363549476293E+004                  5.7242542295173653E-024                  5.7242542295173660E-024                  0.0000000000000000E+000                  0.0000000000000000E+000                  2.2900805640044103E-025                  0.0000000000000000E+000                  1.4043263451276151E+000                  6.9999999999999996E-001                  2.9797635251139990E-005                  2.7997020236474884E-001                  4.1193902129486445E-003                  1.2067031330276047E-003                  1.1203876416666529E-002                  2.5129237964844936E-003                  9.5710644087274629E-004                  0.0000000000000000E+000                  0.0000000000000000E+000                  0.0000000000000000E+000                  0.0000000000000000E+000                  0.0000000000000000E+000                  0.0000000000000000E+000                  0.0000000000000000E+000                  0.0000000000000000E+000                  0.0000000000000000E+000                  0.0000000000000000E+000                 -7.5202159361974745E+000                 -9.8999999999999986E+001                  0.0000000000000000E+000                  0.0000000000000000E+000                 -9.8999999999999986E+001                 -9.8999999999999986E+001                  1.4148738954491034E+001                 -9.9000000000000000E+001                 -9.9000000000000000E+001                 -9.9000000000000000E+001 
                 9.9972462169679877E-001                  6.5655694621744649E+000                  1.5472745010444880E+001                  1.3232110282682578E+008                 -4.3906686180467176E+000                  4.4727464042122484E+000                  1.4251444750793133E+013                  2.2282923635971716E+001                  8.1574452174312937E+008                  1.3574638913022541E+000                  2.1382113797644359E-001                  7.2832287786841265E-001                  5.6834129518470100E-001                  8.5000496627254152E-001                  1.3231914074395476E+008                  1.9620828710167109E+003                  7.9028895854163053E+005                  2.1320423022148693E-001                  0.0000000000000000E+000                  4.0332194357139299E+004                  4.0519853123154673E+004                  6.0361164588833702E-024                  6.0361164588833709E-024                  0.0000000000000000E+000                  0.0000000000000000E+000                  2.4148461017069306E-025                  0.0000000000000000E+000                  1.4270164332186253E+000                  6.9999999999999996E-001                  2.9797635251139990E-005                  2.7997020236474884E-001                  4.1193902129486445E-003                  1.2067031330276047E-003                  1.1203876416666529E-002                  2.5129237964844936E-003                  9.5710644087274629E-004                  0.0000000000000000E+000                  0.0000000000000000E+000                  0.0000000000000000E+000                  0.0000000000000000E+000                  0.0000000000000000E+000                  0.0000000000000000E+000                  0.0000000000000000E+000                  0.0000000000000000E+000                  0.0000000000000000E+000                  0.0000000000000000E+000                 -7.4816425388252981E+000                 -9.8999999999999986E+001                  0.0000000000000000E+000                  0.0000000000000000E+000                 -9.8999999999999986E+001                 -9.8999999999999986E+001                  1.4150345898130860E+001                 -9.9000000000000000E+001                 -9.9000000000000000E+001                 -9.9000000000000000E+001 
                 9.9970500838192322E-001                  6.5603129112258296E+000                  1.5472730518600113E+001                  1.4213400462233230E+008                 -4.3678281791274554E+000                  4.4794469781004942E+000                  1.4423366322765701E+013                  2.2283269424922075E+001                  8.0289032415493226E+008                  1.3612726684895327E+000                  2.1620627165562528E-001                  7.2544655393470570E-001                  5.7347485118449215E-001                  8.5000496627254152E-001                  1.4213191763582182E+008                  2.0869865104798455E+003                  8.3362856626219873E+005                  2.1555183237288322E-001                  0.0000000000000000E+000                  3.9798530174152751E+004                  4.2285747891807485E+004                  6.3640517750529311E-024                  6.3640517750529311E-024                  0.0000000000000000E+000                  0.0000000000000000E+000                  2.5460419387230278E-025                  0.0000000000000000E+000                  1.4521042126360286E+000                  6.9999999999999996E-001                  2.9797635251139990E-005                  2.7997020236474884E-001                  4.1193902129486445E-003                  1.2067031330276047E-003                  1.1203876416666529E-002                  2.5129237964844936E-003                  9.5710644087274629E-004                  0.0000000000000000E+000                  0.0000000000000000E+000                  0.0000000000000000E+000                  0.0000000000000000E+000                  0.0000000000000000E+000                  0.0000000000000000E+000                  0.0000000000000000E+000                  0.0000000000000000E+000                  0.0000000000000000E+000                  0.0000000000000000E+000                 -7.4431148228271296E+000                 -9.8999999999999986E+001                  0.0000000000000000E+000                  0.0000000000000000E+000                 -9.8999999999999986E+001                 -9.8999999999999986E+001                  1.4152035661235214E+001                 -9.9000000000000000E+001                 -9.9000000000000000E+001                 -9.9000000000000000E+001 
                 9.9968402512334831E-001                  6.5549686934613396E+000                  1.5472714741963728E+001                  1.5266601620621482E+008                 -4.3450701204795443E+000                  4.4862165165977848E+000                  1.4598099709191477E+013                  2.2281572838781901E+001                  7.9018051072641420E+008                  1.3652123638247311E+000                  2.1864753339760520E-001                  7.2260846637743470E-001                  5.7836711681498132E-001                  8.5000496627254152E-001                  1.5266379495439845E+008                  2.2212518163500795E+003                  8.7780324421040714E+005                  2.1794296976399347E-001                  0.0000000000000000E+000                  3.9274576225745404E+004                  4.4081170567358698E+004                  6.7085768630286150E-024                  6.7085768630286150E-024                  0.0000000000000000E+000                  0.0000000000000000E+000                  2.6838747833394058E-025                  0.0000000000000000E+000                  1.4765312453317201E+000                  6.9999999999999996E-001                  2.9797635251139990E-005                  2.7997020236474884E-001                  4.1193902129486445E-003                  1.2067031330276047E-003                  1.1203876416666529E-002                  2.5129237964844936E-003                  9.5710644087274629E-004                  0.0000000000000000E+000                  0.0000000000000000E+000                  0.0000000000000000E+000                  0.0000000000000000E+000                  0.0000000000000000E+000                  0.0000000000000000E+000                  0.0000000000000000E+000                  0.0000000000000000E+000                  0.0000000000000000E+000                  0.0000000000000000E+000                 -7.4055494803127146E+000                 -9.8999999999999986E+001                  0.0000000000000000E+000                  0.0000000000000000E+000                 -9.8999999999999986E+001                 -9.8999999999999986E+001                  1.4153790786365787E+001                 -9.9000000000000000E+001                 -9.9000000000000000E+001                 -9.9000000000000000E+001 
                 9.9966157770100394E-001                  6.5495345168486017E+000                  1.5472697580559627E+001                  1.6396972521868470E+008                 -4.3224077023955889E+000                  4.4930573699496943E+000                  1.4776315371202438E+013                  2.2280680386160107E+001                  7.7746291543352854E+008                  1.3693379525993610E+000                  2.2117082838505653E-001                  7.1980227448992828E-001                  5.8278789673518316E-001                  8.5000496627254152E-001                  1.6396735951029882E+008                  2.3657083858803512E+003                  9.2277168068488955E+005                  2.2040359807071377E-001                  0.0000000000000000E+000                  3.8760530028863286E+004                  4.5912662532153590E+004                  7.0702440053127462E-024                  7.0702440053127462E-024                  0.0000000000000000E+000                  0.0000000000000000E+000                  2.8285655852069470E-025                  0.0000000000000000E+000                  1.4992824693061606E+000                  6.9999999999999996E-001                  2.9797635251139990E-005                  2.7997020236474884E-001                  4.1193902129486445E-003                  1.2067031330276047E-003                  1.1203876416666529E-002                  2.5129237964844936E-003                  9.5710644087274629E-004                  0.0000000000000000E+000                  0.0000000000000000E+000                  0.0000000000000000E+000                  0.0000000000000000E+000                  0.0000000000000000E+000                  0.0000000000000000E+000                  0.0000000000000000E+000                  0.0000000000000000E+000                  0.0000000000000000E+000                  0.0000000000000000E+000                 -7.3694091073866490E+000                 -9.8999999999999986E+001                  0.0000000000000000E+000                  0.0000000000000000E+000                 -9.8999999999999986E+001                 -9.8999999999999986E+001                  1.4155611045951705E+001                 -9.9000000000000000E+001                 -9.9000000000000000E+001                 -9.9000000000000000E+001 
                 9.9963756554274041E-001                  6.5440078554629091E+000                  1.5472678940025245E+001                  1.7610156008241028E+008                 -4.2998391125560618E+000                  4.4999726352574907E+000                  1.4957836702344244E+013                  2.2282190463781799E+001                  7.6464389671693325E+008                  1.3736958225382734E+000                  2.2379925856583757E-001                  7.1703371541292038E-001                  5.8697751994693337E-001                  8.5000496627254152E-001                  1.7609903879549143E+008                  2.5212869188548088E+003                  9.6861074136550678E+005                  2.2295828139108936E-001                  0.0000000000000000E+000                  3.8257733628465554E+004                  4.7789768041745701E+004                  7.4498508403805821E-024                  7.4498508403805821E-024                  0.0000000000000000E+000                  0.0000000000000000E+000                  2.9804334526188208E-025                  0.0000000000000000E+000                  1.5222191106645309E+000                  6.9999999999999996E-001                  2.9797635251139990E-005                  2.7997020236474884E-001                  4.1193902129486445E-003                  1.2067031330276047E-003                  1.1203876416666529E-002                  2.5129237964844936E-003                  9.5710644087274629E-004                  0.0000000000000000E+000                  0.0000000000000000E+000                  0.0000000000000000E+000                  0.0000000000000000E+000                  0.0000000000000000E+000                  0.0000000000000000E+000                  0.0000000000000000E+000                  0.0000000000000000E+000                  0.0000000000000000E+000                  0.0000000000000000E+000                 -7.3342383002986660E+000                 -9.8999999999999986E+001                  0.0000000000000000E+000                  0.0000000000000000E+000                 -9.8999999999999986E+001                 -9.8999999999999986E+001                  1.4157525531280328E+001                 -9.9000000000000000E+001                 -9.9000000000000000E+001                 -9.9000000000000000E+001 
                 9.9961188132212653E-001                  6.5383861339509730E+000                  1.5472658696447965E+001                  1.8912206845615286E+008                 -4.2773527646201606E+000                  4.5069659242545530E+000                  1.5141903762997941E+013                  2.2285192449851287E+001                  7.5171817060136330E+008                  1.3783014991158173E+000                  2.2654357332521835E-001                  7.1431557699106740E-001                  5.9150667196865825E-001                  8.5000496627254152E-001                  1.8911937942752036E+008                  2.6890286324917893E+003                  1.0153933450988135E+006                  2.2562412599251896E-001                  0.0000000000000000E+000                  3.7767933512190561E+004                  4.9719352331822192E+004                  7.8484090985648539E-024                  7.8484090985648539E-024                  0.0000000000000000E+000                  0.0000000000000000E+000                  3.1398831447971168E-025                  0.0000000000000000E+000                  1.5476318390187109E+000                  6.9999999999999996E-001                  2.9797635251139990E-005                  2.7997020236474884E-001                  4.1193902129486445E-003                  1.2067031330276047E-003                  1.1203876416666529E-002                  2.5129237964844936E-003                  9.5710644087274629E-004                  0.0000000000000000E+000                  0.0000000000000000E+000                  0.0000000000000000E+000                  0.0000000000000000E+000                  0.0000000000000000E+000                  0.0000000000000000E+000                  0.0000000000000000E+000                  0.0000000000000000E+000                  0.0000000000000000E+000                  0.0000000000000000E+000                 -7.2989602786209566E+000                 -9.8999999999999986E+001                  0.0000000000000000E+000                  0.0000000000000000E+000                 -9.8999999999999986E+001                 -9.8999999999999986E+001                  1.4159571978551925E+001                 -9.9000000000000000E+001                 -9.9000000000000000E+001                 -9.9000000000000000E+001 
                 9.9958441051288438E-001                  6.5326668542215058E+000                  1.5472636683266824E+001                  2.0309622232380846E+008                 -4.2549427865207994E+000                  4.5140409536670481E+000                  1.5328045258650236E+013                  2.2286797985421767E+001                  7.3872390751474226E+008                  1.3831482402320507E+000                  2.2940034104016394E-001                  7.1165221580285487E-001                  5.9659648500472617E-001                  8.5000496627254152E-001                  2.0309335223361874E+008                  2.8700901897225644E+003                  1.0629178665929365E+006                  2.2840501630868359E-001                  0.0000000000000000E+000                  3.7292288434076967E+004                  5.1684911373505580E+004                  8.2668970450835793E-024                  8.2668970450835793E-024                  0.0000000000000000E+000                  0.0000000000000000E+000                  3.3073060327151551E-025                  0.0000000000000000E+000                  1.5759023087503203E+000                  6.9999999999999996E-001                  2.9797635251139990E-005                  2.7997020236474884E-001                  4.1193902129486445E-003                  1.2067031330276047E-003                  1.1203876416666529E-002                  2.5129237964844936E-003                  9.5710644087274629E-004                  0.0000000000000000E+000                  0.0000000000000000E+000                  0.0000000000000000E+000                  0.0000000000000000E+000                  0.0000000000000000E+000                  0.0000000000000000E+000                  0.0000000000000000E+000                  0.0000000000000000E+000                  0.0000000000000000E+000                  0.0000000000000000E+000                 -7.2631798514704524E+000                 -9.8999999999999986E+001                  0.0000000000000000E+000                  0.0000000000000000E+000                 -9.8999999999999986E+001                 -9.8999999999999986E+001                  1.4161772442005139E+001                 -9.9000000000000000E+001                 -9.9000000000000000E+001                 -9.9000000000000000E+001 
                 9.9955503090362297E-001                  6.5268475238108667E+000                  1.5472612710453385E+001                  2.1809374544727537E+008                 -4.2326183159783151E+000                  4.5212016722345592E+000                  1.5516765299332096E+013                  2.2285801960643592E+001                  7.2556599496740985E+008                  1.3882718974852735E+000                  2.3238946409931233E-001                  7.0903156032806558E-001                  6.0180373365658801E-001                  8.5000496627254152E-001                  2.1809067968540499E+008                  3.0657618703706958E+003                  1.1105936480429117E+006                  2.3130873826587348E-001                  0.0000000000000000E+000                  3.6830668854197036E+004                  5.3658272466697068E+004                  8.7060492134047946E-024                  8.7060492134047931E-024                  0.0000000000000000E+000                  0.0000000000000000E+000                  3.4829959785209180E-025                  0.0000000000000000E+000                  1.6052966431839868E+000                  6.9999999999999996E-001                  2.9797635251139990E-005                  2.7997020236474884E-001                  4.1193902129486445E-003                  1.2067031330276047E-003                  1.1203876416666529E-002                  2.5129237964844936E-003                  9.5710644087274629E-004                  0.0000000000000000E+000                  0.0000000000000000E+000                  0.0000000000000000E+000                  0.0000000000000000E+000                  0.0000000000000000E+000                  0.0000000000000000E+000                  0.0000000000000000E+000                  0.0000000000000000E+000                  0.0000000000000000E+000                  0.0000000000000000E+000                 -7.2277536648650580E+000                 -9.8999999999999986E+001                  0.0000000000000000E+000                  0.0000000000000000E+000                 -9.8999999999999986E+001                 -9.8999999999999986E+001                  1.4164124095594747E+001                 -9.9000000000000000E+001                 -9.9000000000000000E+001                 -9.9000000000000000E+001 
                 9.9952361209552176E-001                  6.5209254542103174E+000                  1.5472586595533274E+001                  2.3418945974795234E+008                 -4.2103975635589652E+000                  4.5284529896839745E+000                  1.5709027143914756E+013                  2.2283386414080788E+001                  7.1205433363287938E+008                  1.3937495798017687E+000                  2.3555472205810277E-001                  7.0643926696803105E-001                  6.0642132135010207E-001                  8.5000496627254152E-001                  2.3418618224049672E+008                  3.2775074556050881E+003                  1.1576090227422330E+006                  2.3436679941087712E-001                  0.0000000000000000E+000                  3.6382261794903949E+004                  5.5604775529086161E+004                  9.1664063577847796E-024                  9.1664063577847796E-024                  0.0000000000000000E+000                  0.0000000000000000E+000                  3.6671693198583131E-025                  0.0000000000000000E+000                  1.6336644782743597E+000                  6.9999999999999996E-001                  2.9797635251139990E-005                  2.7997020236474884E-001                  4.1193902129486445E-003                  1.2067031330276047E-003                  1.1203876416666529E-002                  2.5129237964844936E-003                  9.5710644087274629E-004                  0.0000000000000000E+000                  0.0000000000000000E+000                  0.0000000000000000E+000                  0.0000000000000000E+000                  0.0000000000000000E+000                  0.0000000000000000E+000                  0.0000000000000000E+000                  0.0000000000000000E+000                  0.0000000000000000E+000                  0.0000000000000000E+000                 -7.1939905309008623E+000                 -9.8999999999999986E+001                  0.0000000000000000E+000                  0.0000000000000000E+000                 -9.8999999999999986E+001                 -9.8999999999999986E+001                  1.4166615294930299E+001                 -9.9000000000000000E+001                 -9.9000000000000000E+001                 -9.9000000000000000E+001 
                 9.9949001498342704E-001                  6.5148976260317228E+000                  1.5472558176551551E+001                  2.5146365502139831E+008                 -4.1882898094442123E+000                  4.5358009055806985E+000                  1.5904983101504680E+013                  2.2281899497624746E+001                  6.9812351393548274E+008                  1.3996332548528121E+000                  2.3892296176672839E-001                  7.0388238768104083E-001                  6.1043724752582318E-001                  8.5000496627254152E-001                  2.5146014802474147E+008                  3.5069966568231498E+003                  1.2030716589203146E+006                  2.3761483005138057E-001                  0.0000000000000000E+000                  3.5947332157376310E+004                  5.7491942777158125E+004                  9.6486640297165095E-024                  9.6486640297165095E-024                  0.0000000000000000E+000                  0.0000000000000000E+000                  3.8601043235279902E-025                  0.0000000000000000E+000                  1.6610688838107177E+000                  6.9999999999999996E-001                  2.9797635251139990E-005                  2.7997020236474884E-001                  4.1193902129486445E-003                  1.2067031330276047E-003                  1.1203876416666529E-002                  2.5129237964844936E-003                  9.5710644087274629E-004                  0.0000000000000000E+000                  0.0000000000000000E+000                  0.0000000000000000E+000                  0.0000000000000000E+000                  0.0000000000000000E+000                  0.0000000000000000E+000                  0.0000000000000000E+000                  0.0000000000000000E+000                  0.0000000000000000E+000                  0.0000000000000000E+000                 -7.1619062405314473E+000                 -9.8999999999999986E+001                  0.0000000000000000E+000                  0.0000000000000000E+000                 -9.8999999999999986E+001                 -9.8999999999999986E+001                  1.4169258008042943E+001                 -9.9000000000000000E+001                 -9.9000000000000000E+001                 -9.9000000000000000E+001 
                 9.9945409120561424E-001                  6.5087607961673930E+000                  1.5472527279762849E+001                  2.7000249102504283E+008                 -4.1662921652063769E+000                  4.5432518363897900E+000                  1.6104111427349250E+013                  2.2282574903503544E+001                  6.8383900056873596E+008                  1.4059296123246541E+000                  2.4249438513248489E-001                  7.0137721262953223E-001                  6.1441866062730810E-001                  8.5000496627254152E-001                  2.6999873490835953E+008                  3.7561166833215780E+003                  1.2461389334689658E+006                  2.4106675392339710E-001                  0.0000000000000000E+000                  3.5527450177718012E+004                  5.9292185965815355E+004                  1.0153792780638832E-023                  1.0153792780638830E-023                  0.0000000000000000E+000                  0.0000000000000000E+000                  4.0621892745336922E-025                  0.0000000000000000E+000                  1.6894893464425140E+000                  6.9999999999999996E-001                  2.9797635251139990E-005                  2.7997020236474884E-001                  4.1193902129486445E-003                  1.2067031330276047E-003                  1.1203876416666529E-002                  2.5129237964844936E-003                  9.5710644087274629E-004                  0.0000000000000000E+000                  0.0000000000000000E+000                  0.0000000000000000E+000                  0.0000000000000000E+000                  0.0000000000000000E+000                  0.0000000000000000E+000                  0.0000000000000000E+000                  0.0000000000000000E+000                  0.0000000000000000E+000                  0.0000000000000000E+000                 -7.1305130270465922E+000                 -9.8999999999999986E+001                  0.0000000000000000E+000                  0.0000000000000000E+000                 -9.8999999999999986E+001                 -9.8999999999999986E+001                  1.4172091148409292E+001                 -9.9000000000000000E+001                 -9.9000000000000000E+001                 -9.9000000000000000E+001 
                 9.9941568253607882E-001                  6.5025116576376734E+000                  1.5472493680602877E+001                  2.8989843598150897E+008                 -4.1444002209952977E+000                  4.5508119466786860E+000                  1.6306015928838377E+013                  2.2284647356105005E+001                  6.6931717600032747E+008                  1.4126088830895560E+000                  2.4625265558737258E-001                  6.9893044745025235E-001                  6.1884413895891366E-001                  8.5000496627254152E-001                  2.8989440900110489E+008                  4.0269804040682611E+003                  1.2859852623835660E+006                  2.4471472478320236E-001                  0.0000000000000000E+000                  3.5123907773553663E+004                  6.0975258352375407E+004                  1.0682844813405480E-023                  1.0682844813405480E-023                  0.0000000000000000E+000                  0.0000000000000000E+000                  4.2738451238694975E-025                  0.0000000000000000E+000                  1.7202308888963527E+000                  6.9999999999999996E-001                  2.9797635251139990E-005                  2.7997020236474884E-001                  4.1193902129486445E-003                  1.2067031330276047E-003                  1.1203876416666529E-002                  2.5129237964844936E-003                  9.5710644087274629E-004                  0.0000000000000000E+000                  0.0000000000000000E+000                  0.0000000000000000E+000                  0.0000000000000000E+000                  0.0000000000000000E+000                  0.0000000000000000E+000                  0.0000000000000000E+000                  0.0000000000000000E+000                  0.0000000000000000E+000                  0.0000000000000000E+000                 -7.0990382181094969E+000                 -9.8999999999999986E+001                  0.0000000000000000E+000                  0.0000000000000000E+000                 -9.8999999999999986E+001                 -9.8999999999999986E+001                  1.4175148945323164E+001                 -9.9000000000000000E+001                 -9.9000000000000000E+001                 -9.9000000000000000E+001 
                 9.9937462023015300E-001                  6.4961468578053561E+000                  1.5472457106492238E+001                  3.1125073364768636E+008                 -4.1226187403663141E+000                  4.5584870312738186E+000                  1.6510824093951529E+013                  2.2285681322006795E+001                  6.5461166003770137E+008                  1.4196507927757569E+000                  2.5019099860107269E-001                  6.9653584006814506E-001                  6.2359629295327135E-001                  8.5000496627254152E-001                  3.1124641169652838E+008                  4.3219511579640121E+003                  1.3217753058574193E+006                  2.4854692328328587E-001                  0.0000000000000000E+000                  3.4736408908300597E+004                  6.2512439489369521E+004                  1.1236687173869097E-023                  1.1236687173869097E-023                  0.0000000000000000E+000                  0.0000000000000000E+000                  4.4954187474852788E-025                  0.0000000000000000E+000                  1.7526325816525075E+000                  6.9999999999999996E-001                  2.9797635251139990E-005                  2.7997020236474884E-001                  4.1193902129486445E-003                  1.2067031330276047E-003                  1.1203876416666529E-002                  2.5129237964844936E-003                  9.5710644087274629E-004                  0.0000000000000000E+000                  0.0000000000000000E+000                  0.0000000000000000E+000                  0.0000000000000000E+000                  0.0000000000000000E+000                  0.0000000000000000E+000                  0.0000000000000000E+000                  0.0000000000000000E+000                  0.0000000000000000E+000                  0.0000000000000000E+000                 -7.0677403854469318E+000                 -9.8999999999999986E+001                  0.0000000000000000E+000                  0.0000000000000000E+000                 -9.8999999999999986E+001                 -9.8999999999999986E+001                  1.4178435826124355E+001                 -9.9000000000000000E+001                 -9.9000000000000000E+001                 -9.9000000000000000E+001 
                 9.9933072435380677E-001                  6.4896628630191620E+000                  1.5472417272090119E+001                  3.3416589627798760E+008                 -4.1009601787865551E+000                  4.5662830822387406E+000                  1.6718997238272707E+013                  2.2284145963853419E+001                  6.3967157195579565E+008                  1.4270867408744905E+000                  2.5433044810971761E-001                  6.9418357877453529E-001                  6.2816513269193608E-001                  8.5000496627254152E-001                  3.3416125257901895E+008                  4.6436989686540446E+003                  1.3528483512122184E+006                  2.5257004576241970E-001                  0.0000000000000000E+000                  3.4363359995242041E+004                  6.3889207417770813E+004                  1.1815983773556598E-023                  1.1815983773556600E-023                  0.0000000000000000E+000                  0.0000000000000000E+000                  4.7271757541647848E-025                  0.0000000000000000E+000                  1.7853228105486432E+000                  6.9999999999999996E-001                  2.9797635251139990E-005                  2.7997020236474884E-001                  4.1193902129486445E-003                  1.2067031330276047E-003                  1.1203876416666529E-002                  2.5129237964844936E-003                  9.5710644087274629E-004                  0.0000000000000000E+000                  0.0000000000000000E+000                  0.0000000000000000E+000                  0.0000000000000000E+000                  0.0000000000000000E+000                  0.0000000000000000E+000                  0.0000000000000000E+000                  0.0000000000000000E+000                  0.0000000000000000E+000                  0.0000000000000000E+000                 -7.0374841693381445E+000                 -9.8999999999999986E+001                  0.0000000000000000E+000                  0.0000000000000000E+000                 -9.8999999999999986E+001                 -9.8999999999999986E+001                  1.4181934601968925E+001                 -9.9000000000000000E+001                 -9.9000000000000000E+001                 -9.9000000000000000E+001 
                 9.9928380308987352E-001                  6.4830558351225349E+000                  1.5472373898022264E+001                  3.5875823411898786E+008                 -4.0794364557357348E+000                  4.5742068317135782E+000                  1.6930941870683816E+013                  2.2281810644124565E+001                  6.2445844174783230E+008                  1.4349704610053613E+000                  2.5869861612824174E-001                  6.9187592162996514E-001                  6.3230788710209418E-001                  8.5000496627254152E-001                  3.5875323884796304E+008                  4.9952710248390204E+003                  1.3787613100980101E+006                  2.5680824204523650E-001                  0.0000000000000000E+000                  3.4003447810804355E+004                  6.5095666601124241E+004                  1.2421376156318143E-023                  1.2421376156318144E-023                  0.0000000000000000E+000                  0.0000000000000000E+000                  4.9693728041562024E-025                  0.0000000000000000E+000                  1.8176228663037037E+000                  6.9999999999999996E-001                  2.9797635251139990E-005                  2.7997020236474884E-001                  4.1193902129486445E-003                  1.2067031330276047E-003                  1.1203876416666529E-002                  2.5129237964844936E-003                  9.5710644087274629E-004                  0.0000000000000000E+000                  0.0000000000000000E+000                  0.0000000000000000E+000                  0.0000000000000000E+000                  0.0000000000000000E+000                  0.0000000000000000E+000                  0.0000000000000000E+000                  0.0000000000000000E+000                  0.0000000000000000E+000                  0.0000000000000000E+000                 -7.0086604366689986E+000                 -9.8999999999999986E+001                  0.0000000000000000E+000                  0.0000000000000000E+000                 -9.8999999999999986E+001                 -9.8999999999999986E+001                  1.4185635393113257E+001                 -9.9000000000000000E+001                 -9.9000000000000000E+001                 -9.9000000000000000E+001 
                 9.9923365199314518E-001                  6.4763216217711612E+000                  1.5472326699553332E+001                  3.8515043472975707E+008                 -4.0580514116376678E+000                  4.5822655409827764E+000                  1.7146678950341184E+013                  2.2281506695240797E+001                  6.0903498728994310E+008                  1.4433237074433634E+000                  2.6330188251235198E-001                  6.8962813535030421E-001                  6.3626098722264002E-001                  8.5000496627254152E-001                  3.8514505458583468E+008                  5.3801439223587831E+003                  1.3991099452726392E+006                  2.6127888315599918E-001                  0.0000000000000000E+000                  3.3656712284977482E+004                  6.6119125633035859E+004                  1.3053708755365538E-023                  1.3053708755365538E-023                  0.0000000000000000E+000                  0.0000000000000000E+000                  5.2223477269084414E-025                  0.0000000000000000E+000                  1.8504110848562081E+000                  6.9999999999999996E-001                  2.9797635251139990E-005                  2.7997020236474884E-001                  4.1193902129486445E-003                  1.2067031330276047E-003                  1.1203876416666529E-002                  2.5129237964844936E-003                  9.5710644087274629E-004                  0.0000000000000000E+000                  0.0000000000000000E+000                  0.0000000000000000E+000                  0.0000000000000000E+000                  0.0000000000000000E+000                  0.0000000000000000E+000                  0.0000000000000000E+000                  0.0000000000000000E+000                  0.0000000000000000E+000                  0.0000000000000000E+000                 -6.9809300214341077E+000                 -9.8999999999999986E+001                  0.0000000000000000E+000                  0.0000000000000000E+000                 -9.8999999999999986E+001                 -9.8999999999999986E+001                  1.4189552919554133E+001                 -9.9000000000000000E+001                 -9.9000000000000000E+001                 -9.9000000000000000E+001 
                 9.9918005317241199E-001                  6.4694558616093438E+000                  1.5472275346395529E+001                  4.1347419355024940E+008                 -4.0368009492019121E+000                  4.5904661678038101E+000                  1.7365893617122844E+013                  2.2284016703696814E+001                  5.9355896702890182E+008                  1.4521000353974978E+000                  2.6811340202992551E-001                  6.8745184956082772E-001                  6.4038850539019276E-001                  8.5000496627254152E-001                  4.1346839130073619E+008                  5.8022495132370750E+003                  1.4131725717656075E+006                  2.6597220845570285E-001                  0.0000000000000000E+000                  3.3323830324152754E+004                  6.6916133105478351E+004                  1.3714079055964114E-023                  1.3714079055964114E-023                  0.0000000000000000E+000                  0.0000000000000000E+000                  5.4865395894747562E-025                  0.0000000000000000E+000                  1.8851875834074154E+000                  6.9999999999999996E-001                  2.9797635251139990E-005                  2.7997020236474884E-001                  4.1193902129486445E-003                  1.2067031330276047E-003                  1.1203876416666529E-002                  2.5129237964844936E-003                  9.5710644087274629E-004                  0.0000000000000000E+000                  0.0000000000000000E+000                  0.0000000000000000E+000                  0.0000000000000000E+000                  0.0000000000000000E+000                  0.0000000000000000E+000                  0.0000000000000000E+000                  0.0000000000000000E+000                  0.0000000000000000E+000                  0.0000000000000000E+000                 -6.9538036910107470E+000                 -9.8999999999999986E+001                  0.0000000000000000E+000                  0.0000000000000000E+000                 -9.8999999999999986E+001                 -9.8999999999999986E+001                  1.4193712702239607E+001                 -9.9000000000000000E+001                 -9.9000000000000000E+001                 -9.9000000000000000E+001 
                 9.9912277441683672E-001                  6.4624540981433878E+000                  1.5472219436092898E+001                  4.4387088317265666E+008                 -4.0156794738814074E+000                  4.5988144922075005E+000                  1.7588251766606975E+013                  2.2286892841553684E+001                  5.7822140829900932E+008                  1.4611946183901547E+000                  2.7308285072063665E-001                  6.8533726900590131E-001                  6.4471223416328138E-001                  8.5000496627254152E-001                  4.4386461718264318E+008                  6.2659900134615900E+003                  1.4198051922887564E+006                  2.7084989371889084E-001                  0.0000000000000000E+000                  3.3004597538916147E+004                  6.7429477952363828E+004                  1.4403683290229342E-023                  1.4403683290229342E-023                  0.0000000000000000E+000                  0.0000000000000000E+000                  5.7624269642149494E-025                  0.0000000000000000E+000                  1.9227353289509379E+000                  6.9999999999999996E-001                  2.9797635251139990E-005                  2.7997020236474884E-001                  4.1193902129486445E-003                  1.2067031330276047E-003                  1.1203876416666529E-002                  2.5129237964844936E-003                  9.5710644087274629E-004                  0.0000000000000000E+000                  0.0000000000000000E+000                  0.0000000000000000E+000                  0.0000000000000000E+000                  0.0000000000000000E+000                  0.0000000000000000E+000                  0.0000000000000000E+000                  0.0000000000000000E+000                  0.0000000000000000E+000                  0.0000000000000000E+000                 -6.9272862593274098E+000                 -9.8999999999999986E+001                  0.0000000000000000E+000                  0.0000000000000000E+000                 -9.8999999999999986E+001                 -9.8999999999999986E+001                  1.4198123055605988E+001                 -9.9000000000000000E+001                 -9.9000000000000000E+001                 -9.9000000000000000E+001 
                 9.9906156830386483E-001                  6.4553118043922941E+000                  1.5472158502329181E+001                  4.7649225816749424E+008                 -3.9946861390455011E+000                  4.6073149378438911E+000                  1.7813663162746910E+013                  2.2287835214566538E+001                  5.6316301200891709E+008                  1.4705299536914407E+000                  2.7817322225389124E-001                  6.8327095025292850E-001                  6.4900038003534555E-001                  8.5000496627254152E-001                  4.7648548188534224E+008                  6.7762821519924046E+003                  1.4178528100515211E+006                  2.7586801398597460E-001                  0.0000000000000000E+000                  3.2697221121107130E+004                  6.7607170010265574E+004                  1.5123612316488788E-023                  1.5123612316488788E-023                  0.0000000000000000E+000                  0.0000000000000000E+000                  6.0504462670208627E-025                  0.0000000000000000E+000                  1.9626414880159093E+000                  6.9999999999999996E-001                  2.9797635251139990E-005                  2.7997020236474884E-001                  4.1193902129486445E-003                  1.2067031330276047E-003                  1.1203876416666529E-002                  2.5129237964844936E-003                  9.5710644087274629E-004                  0.0000000000000000E+000                  0.0000000000000000E+000                  0.0000000000000000E+000                  0.0000000000000000E+000                  0.0000000000000000E+000                  0.0000000000000000E+000                  0.0000000000000000E+000                  0.0000000000000000E+000                  0.0000000000000000E+000                  0.0000000000000000E+000                 -6.9017060478082701E+000                 -9.8999999999999986E+001                  0.0000000000000000E+000                  0.0000000000000000E+000                 -9.8999999999999986E+001                 -9.8999999999999986E+001                  1.4202762179616418E+001                 -9.9000000000000000E+001                 -9.9000000000000000E+001                 -9.9000000000000000E+001 
                 9.9899617127530060E-001                  6.4480243074225188E+000                  1.5472092045029751E+001                  5.1149769541268933E+008                 -3.9738303533333572E+000                  4.6159704558358570E+000                  1.8042521626874492E+013                  2.2286934637295545E+001                  5.4839734071865058E+008                  1.4801087628921752E+000                  2.8338251652146884E-001                  6.8127246577368561E-001                  6.5300317081844061E-001                  8.5000496627254152E-001                  5.1149035680700594E+008                  7.3386056833795119E+003                  1.4068191186353173E+006                  2.8100663368682327E-001                  0.0000000000000000E+000                  3.2398970711312348E+004                  6.7446935543190615E+004                  1.5874610853887960E-023                  1.5874610853887960E-023                  0.0000000000000000E+000                  0.0000000000000000E+000                  6.3508954352074464E-025                  0.0000000000000000E+000                  2.0035333254524854E+000                  6.9999999999999996E-001                  2.9797635251139990E-005                  2.7997020236474884E-001                  4.1193902129486445E-003                  1.2067031330276047E-003                  1.1203876416666529E-002                  2.5129237964844936E-003                  9.5710644087274629E-004                  0.0000000000000000E+000                  0.0000000000000000E+000                  0.0000000000000000E+000                  0.0000000000000000E+000                  0.0000000000000000E+000                  0.0000000000000000E+000                  0.0000000000000000E+000                  0.0000000000000000E+000                  0.0000000000000000E+000                  0.0000000000000000E+000                 -6.8774598229022708E+000                 -9.8999999999999986E+001                  0.0000000000000000E+000                  0.0000000000000000E+000                 -9.8999999999999986E+001                 -9.8999999999999986E+001                  1.4207590633276427E+001                 -9.9000000000000000E+001                 -9.9000000000000000E+001                 -9.9000000000000000E+001 
                 9.9892631623343575E-001                  6.4405880564804896E+000                  1.5472019578406272E+001                  5.4906176525270188E+008                 -3.9531194033756623E+000                  4.6247849266145948E+000                  1.8275335001703938E+013                  2.2285040108943409E+001                  5.3392958355206406E+008                  1.4899411601607078E+000                  2.8871085847231814E-001                  6.7937770747548143E-001                  6.5657126244655351E-001                  8.5000496627254152E-001                  5.4905380601571560E+008                  7.9592369862259802E+003                  1.3870694440114722E+006                  2.8626404512287978E-001                  0.0000000000000000E+000                  3.2107925339768783E+004                  6.6970460580466373E+004                  1.6657463645632169E-023                  1.6657463645632169E-023                  0.0000000000000000E+000                  0.0000000000000000E+000                  6.6640884183897604E-025                  0.0000000000000000E+000                  2.0447609088368450E+000                  6.9999999999999996E-001                  2.9797635251139990E-005                  2.7997020236474884E-001                  4.1193902129486445E-003                  1.2067031330276047E-003                  1.1203876416666529E-002                  2.5129237964844936E-003                  9.5710644087274629E-004                  0.0000000000000000E+000                  0.0000000000000000E+000                  0.0000000000000000E+000                  0.0000000000000000E+000                  0.0000000000000000E+000                  0.0000000000000000E+000                  0.0000000000000000E+000                  0.0000000000000000E+000                  0.0000000000000000E+000                  0.0000000000000000E+000                 -6.8548241804267249E+000                 -9.8999999999999986E+001                  0.0000000000000000E+000                  0.0000000000000000E+000                 -9.8999999999999986E+001                 -9.8999999999999986E+001                  1.4212581570828309E+001                 -9.9000000000000000E+001                 -9.9000000000000000E+001                 -9.9000000000000000E+001 
                 9.9885169156930387E-001                  6.4329963208945564E+000                  1.5471940570851357E+001                  5.8937548309896350E+008                 -3.9325521016930831E+000                  4.6337623639262242E+000                  1.8512247266862684E+013                  2.2283445188379755E+001                  5.1985839089235055E+008                  1.4999497786778453E+000                  2.9411792166405171E-001                  6.7758066298281316E-001                  6.5978264828017463E-001                  8.5000496627254152E-001                  5.8936683777672863E+008                  8.6453222348334184E+003                  1.3592248772478178E+006                  2.9162153008247754E-001                  0.0000000000000000E+000                  3.1823412990791730E+004                  6.6193904742727202E+004                  1.7473266405759386E-023                  1.7473266405759386E-023                  0.0000000000000000E+000                  0.0000000000000000E+000                  6.9904635751466606E-025                  0.0000000000000000E+000                  2.0867439054271246E+000                  6.9999999999999996E-001                  2.9797635251139990E-005                  2.7997020236474884E-001                  4.1193902129486445E-003                  1.2067031330276047E-003                  1.1203876416666529E-002                  2.5129237964844936E-003                  9.5710644087274629E-004                  0.0000000000000000E+000                  0.0000000000000000E+000                  0.0000000000000000E+000                  0.0000000000000000E+000                  0.0000000000000000E+000                  0.0000000000000000E+000                  0.0000000000000000E+000                  0.0000000000000000E+000                  0.0000000000000000E+000                  0.0000000000000000E+000                 -6.8336572636838593E+000                 -9.8999999999999986E+001                  0.0000000000000000E+000                  0.0000000000000000E+000                 -9.8999999999999986E+001                 -9.8999999999999986E+001                  1.4217734768683941E+001                 -9.9000000000000000E+001                 -9.9000000000000000E+001                 -9.9000000000000000E+001 
                 9.9877197902892867E-001                  6.4252436035991973E+000                  1.5471854443815248E+001                  6.3264041199950862E+008                 -3.9121237581722599E+000                  4.6429041931912680E+000                  1.8753014425018766E+013                  2.2284062384835217E+001                  5.0635131771334249E+008                  1.5099773377579648E+000                  2.9952805312101621E-001                  6.7583079491551912E-001                  6.6295699171493561E-001                  8.5000496627254152E-001                  6.3263100722250819E+008                  9.4047770003952101E+003                  1.3235175298105078E+006                  2.9702133334017738E-001                  0.0000000000000000E+000                  3.1544916751711451E+004                  6.5092929041823358E+004                  1.8323291968105610E-023                  1.8323291968105610E-023                  0.0000000000000000E+000                  0.0000000000000000E+000                  7.3305301237451660E-025                  0.0000000000000000E+000                  2.1302504394642860E+000                  6.9999999999999996E-001                  2.9797635251139990E-005                  2.7997020236474884E-001                  4.1193902129486445E-003                  1.2067031330276047E-003                  1.1203876416666529E-002                  2.5129237964844936E-003                  9.5710644087274629E-004                  0.0000000000000000E+000                  0.0000000000000000E+000                  0.0000000000000000E+000                  0.0000000000000000E+000                  0.0000000000000000E+000                  0.0000000000000000E+000                  0.0000000000000000E+000                  0.0000000000000000E+000                  0.0000000000000000E+000                  0.0000000000000000E+000                 -6.8133966553300382E+000                 -9.8999999999999986E+001                  0.0000000000000000E+000                  0.0000000000000000E+000                 -9.8999999999999986E+001                 -9.8999999999999986E+001                  1.4223050748852257E+001                 -9.9000000000000000E+001                 -9.9000000000000000E+001                 -9.9000000000000000E+001 
                 9.9868683980035022E-001                  6.4173242821316396E+000                  1.5471760535494905E+001                  6.7907297859276390E+008                 -3.8918291854688376E+000                  4.6522096746892636E+000                  1.8997576294323605E+013                  2.2286864594378418E+001                  4.9353247314863324E+008                  1.5198819900376053E+000                  3.0487611217645988E-001                  6.7411414343176124E-001                  6.6639190196951636E-001                  8.5000496627254152E-001                  6.7906273221346915E+008                  1.0246379294743747E+004                  1.2798389880267871E+006                  3.0239284817361051E-001                  0.0000000000000000E+000                  3.1270868408617105E+004                  6.3642101448778682E+004                  1.9208892687112719E-023                  1.9208892687112719E-023                  0.0000000000000000E+000                  0.0000000000000000E+000                  7.6848290960014678E-025                  0.0000000000000000E+000                  2.1757329565744956E+000                  6.9999999999999996E-001                  2.9797635251139990E-005                  2.7997020236474884E-001                  4.1193902129486445E-003                  1.2067031330276047E-003                  1.1203876416666529E-002                  2.5129237964844936E-003                  9.5710644087274629E-004                  0.0000000000000000E+000                  0.0000000000000000E+000                  0.0000000000000000E+000                  0.0000000000000000E+000                  0.0000000000000000E+000                  0.0000000000000000E+000                  0.0000000000000000E+000                  0.0000000000000000E+000                  0.0000000000000000E+000                  0.0000000000000000E+000                 -6.7935715481996812E+000                 -9.8999999999999986E+001                  0.0000000000000000E+000                  0.0000000000000000E+000                 -9.8999999999999986E+001                 -9.8999999999999986E+001                  1.4228510144896413E+001                 -9.9000000000000000E+001                 -9.9000000000000000E+001                 -9.9000000000000000E+001 
                 9.9859591327880159E-001                  6.4092326185251443E+000                  1.5471658102501161E+001                  7.2890557270260632E+008                 -3.8716655748896676E+000                  4.6616765038481223E+000                  1.9246458245627594E+013                  2.2288524801863584E+001                  4.8142796138033926E+008                  1.5295808203283623E+000                  3.1012594889028011E-001                  6.7248823807311164E-001                  6.7003461872002612E-001                  8.5000496627254152E-001                  7.2889439280708611E+008                  1.1179895520178694E+004                  1.2285127407873359E+006                  3.0768489558446982E-001                  0.0000000000000000E+000                  3.0998911403536786E+004                  6.1851754076013844E+004                  2.0131374585500839E-023                  2.0131374585500839E-023                  0.0000000000000000E+000                  0.0000000000000000E+000                  8.0538829880132411E-025                  0.0000000000000000E+000                  2.2231114020462179E+000                  6.9999999999999996E-001                  2.9797635251139990E-005                  2.7997020236474884E-001                  4.1193902129486445E-003                  1.2067031330276047E-003                  1.1203876416666529E-002                  2.5129237964844936E-003                  9.5710644087274629E-004                  0.0000000000000000E+000                  0.0000000000000000E+000                  0.0000000000000000E+000                  0.0000000000000000E+000                  0.0000000000000000E+000                  0.0000000000000000E+000                  0.0000000000000000E+000                  0.0000000000000000E+000                  0.0000000000000000E+000                  0.0000000000000000E+000                 -6.7743122419196746E+000                 -9.8999999999999986E+001                  0.0000000000000000E+000                  0.0000000000000000E+000                 -9.8999999999999986E+001                 -9.8999999999999986E+001                  1.4234077164654090E+001                 -9.9000000000000000E+001                 -9.9000000000000000E+001                 -9.9000000000000000E+001 
                 9.9849881574152199E-001                  6.4009627134573925E+000                  1.5471546335618154E+001                  7.8238774387944913E+008                 -3.8516305977227310E+000                  4.6713012909703178E+000                  1.9500155622927875E+013                  2.2287345658496964E+001                  4.7005094481386268E+008                  1.5389994503338584E+000                  3.1524250327461628E-001                  6.7099041952372851E-001                  6.7360870839138109E-001                  8.5000496627254152E-001                  7.8237552765809405E+008                  1.2216221355031032E+004                  1.1707305338292914E+006                  3.1286183264538736E-001                  0.0000000000000000E+000                  3.0726988191081848E+004                  5.9779531395297359E+004                  2.1092067990783399E-023                  2.1092067990783399E-023                  0.0000000000000000E+000                  0.0000000000000000E+000                  8.4382240194484246E-025                  0.0000000000000000E+000                  2.2719793463038762E+000                  6.9999999999999996E-001                  2.9797635251139990E-005                  2.7997020236474884E-001                  4.1193902129486445E-003                  1.2067031330276047E-003                  1.1203876416666529E-002                  2.5129237964844936E-003                  9.5710644087274629E-004                  0.0000000000000000E+000                  0.0000000000000000E+000                  0.0000000000000000E+000                  0.0000000000000000E+000                  0.0000000000000000E+000                  0.0000000000000000E+000                  0.0000000000000000E+000                  0.0000000000000000E+000                  0.0000000000000000E+000                  0.0000000000000000E+000                 -6.7560578321147844E+000                 -9.8999999999999986E+001                  0.0000000000000000E+000                  0.0000000000000000E+000                 -9.8999999999999986E+001                 -9.8999999999999986E+001                  1.4239717711262067E+001                 -9.9000000000000000E+001                 -9.9000000000000000E+001                 -9.9000000000000000E+001 
                 9.9839513892342946E-001                  6.3925084904154055E+000                  1.5471424372157893E+001                  8.3978749437327170E+008                 -3.8317210141851579E+000                  4.6810794799369919E+000                  1.9758501193045621E+013                  2.2286276146777986E+001                  4.5942899745522249E+008                  1.5480530161895865E+000                  3.2018397643328977E-001                  6.6958310397205290E-001                  6.7681479249075005E-001                  8.5000496627254152E-001                  8.3977412688999975E+008                  1.3367483272013720E+004                  1.1081092499942870E+006                  3.1788530140421767E-001                  0.0000000000000000E+000                  3.0453645456705803E+004                  5.7478720242847347E+004                  2.2092395664733870E-023                  2.2092395664733873E-023                  0.0000000000000000E+000                  0.0000000000000000E+000                  8.8384213898505074E-025                  0.0000000000000000E+000                  2.3219411985502729E+000                  6.9999999999999996E-001                  2.9797635251139990E-005                  2.7997020236474884E-001                  4.1193902129486445E-003                  1.2067031330276047E-003                  1.1203876416666529E-002                  2.5129237964844936E-003                  9.5710644087274629E-004                  0.0000000000000000E+000                  0.0000000000000000E+000                  0.0000000000000000E+000                  0.0000000000000000E+000                  0.0000000000000000E+000                  0.0000000000000000E+000                  0.0000000000000000E+000                  0.0000000000000000E+000                  0.0000000000000000E+000                  0.0000000000000000E+000                 -6.7392368392961348E+000                 -9.8999999999999986E+001                  0.0000000000000000E+000                  0.0000000000000000E+000                 -9.8999999999999986E+001                 -9.8999999999999986E+001                  1.4245405381105297E+001                 -9.9000000000000000E+001                 -9.9000000000000000E+001                 -9.9000000000000000E+001 
                 9.9828444852146514E-001                  6.3838637073170048E+000                  1.5471291294582308E+001                  9.0139266118302870E+008                 -3.8119305258239851E+000                  4.6910051179869914E+000                  2.0021465582477633E+013                  2.2287481854363318E+001                  4.4960063483453548E+008                  1.5566349581381411E+000                  3.2490019471317466E-001                  6.6823222211593603E-001                  6.7954047665534201E-001                  8.5000496627254152E-001                  9.0137801406431484E+008                  1.4647118713845535E+004                  1.0420614108533660E+006                  3.2270947159059182E-001                  0.0000000000000000E+000                  3.0177877423645372E+004                  5.4989597806539350E+004                  2.3134001446976621E-023                  2.3134001446976621E-023                  0.0000000000000000E+000                  0.0000000000000000E+000                  9.2551327446069517E-025                  0.0000000000000000E+000                  2.3732592601774503E+000                  6.9999999999999996E-001                  2.9797635251139990E-005                  2.7997020236474884E-001                  4.1193902129486445E-003                  1.2067031330276047E-003                  1.1203876416666529E-002                  2.5129237964844936E-003                  9.5710644087274629E-004                  0.0000000000000000E+000                  0.0000000000000000E+000                  0.0000000000000000E+000                  0.0000000000000000E+000                  0.0000000000000000E+000                  0.0000000000000000E+000                  0.0000000000000000E+000                  0.0000000000000000E+000                  0.0000000000000000E+000                  0.0000000000000000E+000                 -6.7239716046051932E+000                 -9.8999999999999986E+001                  0.0000000000000000E+000                  0.0000000000000000E+000                 -9.8999999999999986E+001                 -9.8999999999999986E+001                  1.4251120584385209E+001                 -9.9000000000000000E+001                 -9.9000000000000000E+001                 -9.9000000000000000E+001 
                 9.9816628264405649E-001                  6.3750220160981392E+000                  1.5471146089784467E+001                  9.6751239009079111E+008                 -3.7922463737055692E+000                  4.7010706020440711E+000                  2.0290011753488574E+013                  2.2288604935418412E+001                  4.4061417793014848E+008                  1.5646133237078206E+000                  3.2933310593303550E-001                  6.6695808185736349E-001                  6.8203767829008599E-001                  8.5000496627254152E-001                  9.6749632015513968E+008                  1.6069935651384578E+004                  9.7387713177990902E+005                  3.2728032810777369E-001                  0.0000000000000000E+000                  2.9898926174147160E+004                  5.2358309671528230E+004                  2.4218983821721929E-023                  2.4218983821721929E-023                  0.0000000000000000E+000                  0.0000000000000000E+000                  9.6891976171352286E-025                  0.0000000000000000E+000                  2.4269191312787686E+000                  6.9999999999999996E-001                  2.9797635251139990E-005                  2.7997020236474884E-001                  4.1193902129486445E-003                  1.2067031330276047E-003                  1.1203876416666529E-002                  2.5129237964844936E-003                  9.5710644087274629E-004                  0.0000000000000000E+000                  0.0000000000000000E+000                  0.0000000000000000E+000                  0.0000000000000000E+000                  0.0000000000000000E+000                  0.0000000000000000E+000                  0.0000000000000000E+000                  0.0000000000000000E+000                  0.0000000000000000E+000                  0.0000000000000000E+000                 -6.7097907154176344E+000                 -9.8999999999999986E+001                  0.0000000000000000E+000                  0.0000000000000000E+000                 -9.8999999999999986E+001                 -9.8999999999999986E+001                  1.4256846743440672E+001                 -9.9000000000000000E+001                 -9.9000000000000000E+001                 -9.9000000000000000E+001 
                 9.9804015019069303E-001                  6.3659771014841162E+000                  1.5470987591032570E+001                  1.0384787209749880E+009                 -3.7726548828310156E+000                  4.7112666288629859E+000                  2.0564948109292105E+013                  2.2287802217969020E+001                  4.3250224556894922E+008                  1.5718659968400721E+000                  3.3342978692717740E-001                  6.6577614561239939E-001                  6.8458613369575638E-001                  8.5000496627254152E-001                  1.0384610687991465E+009                  1.7652175841420696E+004                  9.0493040807612159E+005                  3.3154225831745993E-001                  0.0000000000000000E+000                  2.9615665208280720E+004                  4.9641849163611143E+004                  2.5349660300666153E-023                  2.5349660300666156E-023                  0.0000000000000000E+000                  0.0000000000000000E+000                  1.0141543166437753E-024                  0.0000000000000000E+000                  2.4831087338338160E+000                  6.9999999999999996E-001                  2.9797635251139990E-005                  2.7997020236474884E-001                  4.1193902129486445E-003                  1.2067031330276047E-003                  1.1203876416666529E-002                  2.5129237964844936E-003                  9.5710644087274629E-004                  0.0000000000000000E+000                  0.0000000000000000E+000                  0.0000000000000000E+000                  0.0000000000000000E+000                  0.0000000000000000E+000                  0.0000000000000000E+000                  0.0000000000000000E+000                  0.0000000000000000E+000                  0.0000000000000000E+000                  0.0000000000000000E+000                 -6.6961794641473151E+000                 -9.8999999999999986E+001                  0.0000000000000000E+000                  0.0000000000000000E+000                 -9.8999999999999986E+001                 -9.8999999999999986E+001                  1.4262556564410856E+001                 -9.9000000000000000E+001                 -9.9000000000000000E+001                 -9.9000000000000000E+001 
                 9.9790552911040775E-001                  6.3567227153673782E+000                  1.5470814508792577E+001                  1.1146483089336874E+009                 -3.7531464646274055E+000                  4.7215826413385003E+000                  2.0845762734493070E+013                  2.2286983289073088E+001                  4.2525355914360726E+008                  1.5783261242843036E+000                  3.3716183752610274E-001                  6.6465584896914143E-001                  6.8745491816270199E-001                  8.5000496627254152E-001                  1.1146288972907183E+009                  1.9411642969115695E+004                  8.3656166819253622E+005                  3.3545422210084336E-001                  0.0000000000000000E+000                  2.9326691707207628E+004                  4.6892812193896149E+004                  2.6528284843754842E-023                  2.6528284843754842E-023                  0.0000000000000000E+000                  0.0000000000000000E+000                  1.0613071126681840E-024                  0.0000000000000000E+000                  2.5414437146127451E+000                  6.9999999999999996E-001                  2.9797635251139990E-005                  2.7997020236474884E-001                  4.1193902129486445E-003                  1.2067031330276047E-003                  1.1203876416666529E-002                  2.5129237964844936E-003                  9.5710644087274629E-004                  0.0000000000000000E+000                  0.0000000000000000E+000                  0.0000000000000000E+000                  0.0000000000000000E+000                  0.0000000000000000E+000                  0.0000000000000000E+000                  0.0000000000000000E+000                  0.0000000000000000E+000                  0.0000000000000000E+000                  0.0000000000000000E+000                 -6.6826604848314384E+000                 -9.8999999999999986E+001                  0.0000000000000000E+000                  0.0000000000000000E+000                 -9.8999999999999986E+001                 -9.8999999999999986E+001                  1.4268213683789108E+001                 -9.9000000000000000E+001                 -9.9000000000000000E+001                 -9.9000000000000000E+001 
                 9.9776186453381699E-001                  6.3472526037560009E+000                  1.5470625460007197E+001                  1.1964042802763243E+009                 -3.7337125500015467E+000                  4.7320072072896595E+000                  2.1132156293831922E+013                  2.2287189786568856E+001                  4.1885423659890020E+008                  1.5839271174249936E+000                  3.4050008455775482E-001                  6.6357688846781804E-001                  6.9068260914926616E-001                  8.5000496627254152E-001                  1.1963829124394913E+009                  2.1367836833064230E+004                  7.6989051591243362E+005                  3.3898744116057439E-001                  0.0000000000000000E+000                  2.9031049099666874E+004                  4.4155582286499433E+004                  2.7757203667323388E-023                  2.7757203667323388E-023                  0.0000000000000000E+000                  0.0000000000000000E+000                  1.1104720140790600E-024                  0.0000000000000000E+000                  2.6017409924438062E+000                  6.9999999999999996E-001                  2.9797635251139990E-005                  2.7997020236474884E-001                  4.1193902129486445E-003                  1.2067031330276047E-003                  1.1203876416666529E-002                  2.5129237964844936E-003                  9.5710644087274629E-004                  0.0000000000000000E+000                  0.0000000000000000E+000                  0.0000000000000000E+000                  0.0000000000000000E+000                  0.0000000000000000E+000                  0.0000000000000000E+000                  0.0000000000000000E+000                  0.0000000000000000E+000                  0.0000000000000000E+000                  0.0000000000000000E+000                 -6.6691291599648546E+000                 -9.8999999999999986E+001                  0.0000000000000000E+000                  0.0000000000000000E+000                 -9.8999999999999986E+001                 -9.8999999999999986E+001                  1.4273789033950612E+001                 -9.9000000000000000E+001                 -9.9000000000000000E+001                 -9.9000000000000000E+001 
                 9.9760856683186594E-001                  6.3375604953400320E+000                  1.5470418948906010E+001                  1.2841582087633626E+009                 -3.7143424060928023E+000                  4.7425278358915879E+000                  2.1425127836449848E+013                  2.2286861456115311E+001                  4.1330752882952803E+008                  1.5885807342986875E+000                  3.4340406970031301E-001                  6.6257199277542944E-001                  6.9336170884063386E-001                  8.5000496627254152E-001                  1.2841346667786627E+009                  2.3541984700002005E+004                  7.0589832202441420E+005                  3.4210730398616868E-001                  0.0000000000000000E+000                  2.8728232275069928E+004                  4.1480194531014444E+004                  2.9039067971284869E-023                  2.9039067971284869E-023                  0.0000000000000000E+000                  0.0000000000000000E+000                  1.1617550865433093E-024                  0.0000000000000000E+000                  2.6637646137898821E+000                  6.9999999999999996E-001                  2.9797635251139990E-005                  2.7997020236474884E-001                  4.1193902129486445E-003                  1.2067031330276047E-003                  1.1203876416666529E-002                  2.5129237964844936E-003                  9.5710644087274629E-004                  0.0000000000000000E+000                  0.0000000000000000E+000                  0.0000000000000000E+000                  0.0000000000000000E+000                  0.0000000000000000E+000                  0.0000000000000000E+000                  0.0000000000000000E+000                  0.0000000000000000E+000                  0.0000000000000000E+000                  0.0000000000000000E+000                 -6.6569617917279711E+000                 -9.8999999999999986E+001                  0.0000000000000000E+000                  0.0000000000000000E+000                 -9.8999999999999986E+001                 -9.8999999999999986E+001                  1.4279260913940410E+001                 -9.9000000000000000E+001                 -9.9000000000000000E+001                 -9.9000000000000000E+001 
                 9.9744500962147242E-001                  6.3276401643863771E+000                  1.5470193364415058E+001                  1.3783522210473025E+009                 -3.6950228434770760E+000                  4.7531308394153724E+000                  2.1725539428468086E+013                  2.2285648515814387E+001                  4.0861793415629888E+008                  1.5922069485742272E+000                  3.4583641842121782E-001                  6.6165542180173897E-001                  6.9508060985840947E-001                  8.5000496627254152E-001                  1.3783262640120332E+009                  2.5957035269171451E+004                  6.4549044952862652E+005                  3.4477484232532701E-001                  0.0000000000000000E+000                  2.8417732505532756E+004                  3.8915498405818835E+004                  3.0376900866795753E-023                  3.0376900866795759E-023                  0.0000000000000000E+000                  0.0000000000000000E+000                  1.2152772746544758E-024                  0.0000000000000000E+000                  2.7271577378588940E+000                  6.9999999999999996E-001                  2.9797635251139990E-005                  2.7997020236474884E-001                  4.1193902129486445E-003                  1.2067031330276047E-003                  1.1203876416666529E-002                  2.5129237964844936E-003                  9.5710644087274629E-004                  0.0000000000000000E+000                  0.0000000000000000E+000                  0.0000000000000000E+000                  0.0000000000000000E+000                  0.0000000000000000E+000                  0.0000000000000000E+000                  0.0000000000000000E+000                  0.0000000000000000E+000                  0.0000000000000000E+000                  0.0000000000000000E+000                 -6.6467210155239789E+000                 -9.8999999999999986E+001                  0.0000000000000000E+000                  0.0000000000000000E+000                 -9.8999999999999986E+001                 -9.8999999999999986E+001                  1.4284604510600095E+001                 -9.9000000000000000E+001                 -9.9000000000000000E+001                 -9.9000000000000000E+001 
                 9.9727052767799118E-001                  6.3174855078411642E+000                  1.5469946984984867E+001                  1.4794612623332841E+009                 -3.6757429591394675E+000                  4.7638014572975722E+000                  2.2033521838304746E+013                  2.2285202080696802E+001                  4.0480282821140611E+008                  1.5947390719410748E+000                  3.4776514449629237E-001                  6.6078413198145225E-001                  6.9690155634941431E-001                  8.5000496627254152E-001                  1.4794326246712985E+009                  2.8637661985668354E+004                  5.8927855885210889E+005                  3.4695529520078877E-001                  0.0000000000000000E+000                  2.8099071535300303E+004                  3.6488392871734621E+004                  3.1773802396585050E-023                  3.1773802396585050E-023                  0.0000000000000000E+000                  0.0000000000000000E+000                  1.2711626007912737E-024                  0.0000000000000000E+000                  2.7917901258658335E+000                  6.9999999999999996E-001                  2.9797635251139990E-005                  2.7997020236474884E-001                  4.1193902129486445E-003                  1.2067031330276047E-003                  1.1203876416666529E-002                  2.5129237964844936E-003                  9.5710644087274629E-004                  0.0000000000000000E+000                  0.0000000000000000E+000                  0.0000000000000000E+000                  0.0000000000000000E+000                  0.0000000000000000E+000                  0.0000000000000000E+000                  0.0000000000000000E+000                  0.0000000000000000E+000                  0.0000000000000000E+000                  0.0000000000000000E+000                 -6.6366156391574789E+000                 -9.8999999999999986E+001                  0.0000000000000000E+000                  0.0000000000000000E+000                 -9.8999999999999986E+001                 -9.8999999999999986E+001                  1.4289794429354238E+001                 -9.9000000000000000E+001                 -9.9000000000000000E+001                 -9.9000000000000000E+001 
                 9.9708441470463360E-001                  6.3070905147880927E+000                  1.5469677953497456E+001                  1.5879955601057823E+009                 -3.6564894317072172E+000                  4.7745240961019322E+000                  2.2349223125182793E+013                  2.2285783802656109E+001                  4.0186661614241546E+008                  1.5961391182374669E+000                  3.4916864567489997E-001                  6.5993816482424095E-001                  6.9920561403356618E-001                  8.5000496627254152E-001                  1.5879639498424373E+009                  3.1610263344889827E+004                  5.3742644973994873E+005                  3.4862171510007389E-001                  0.0000000000000000E+000                  2.7771889578787865E+004                  3.4201540037682375E+004                  3.3233296435590004E-023                  3.3233296435590004E-023                  0.0000000000000000E+000                  0.0000000000000000E+000                  1.3295520434452658E-024                  0.0000000000000000E+000                  2.8587777574142494E+000                  6.9999999999999996E-001                  2.9797635251139990E-005                  2.7997020236474884E-001                  4.1193902129486445E-003                  1.2067031330276047E-003                  1.1203876416666529E-002                  2.5129237964844936E-003                  9.5710644087274629E-004                  0.0000000000000000E+000                  0.0000000000000000E+000                  0.0000000000000000E+000                  0.0000000000000000E+000                  0.0000000000000000E+000                  0.0000000000000000E+000                  0.0000000000000000E+000                  0.0000000000000000E+000                  0.0000000000000000E+000                  0.0000000000000000E+000                 -6.6259483499804848E+000                 -9.8999999999999986E+001                  0.0000000000000000E+000                  0.0000000000000000E+000                 -9.8999999999999986E+001                 -9.8999999999999986E+001                  1.4294810358407185E+001                 -9.9000000000000000E+001                 -9.9000000000000000E+001                 -9.9000000000000000E+001 
                 9.9688592092733297E-001                  6.2964493432221742E+000                  1.5469384140509941E+001                  1.7045032825680337E+009                 -3.6372377654489645E+000                  4.7852827012471115E+000                  2.2672738026513188E+013                  2.2285168740303071E+001                  3.9979271259962445E+008                  1.5964120655402256E+000                  3.5003926766143817E-001                  6.5914233167205383E-001                  7.0135543622216767E-001                  8.5000496627254152E-001                  1.7044683795859330E+009                  3.4902982100727648E+004                  4.8986751403100742E+005                  3.4975926565551607E-001                  0.0000000000000000E+000                  2.7435826881031666E+004                  3.2058914616044287E+004                  3.4760103917077987E-023                  3.4760103917077987E-023                  0.0000000000000000E+000                  0.0000000000000000E+000                  1.3906344713979508E-024                  0.0000000000000000E+000                  2.9296367550065994E+000                  6.9999999999999996E-001                  2.9797635251139990E-005                  2.7997020236474884E-001                  4.1193902129486445E-003                  1.2067031330276047E-003                  1.1203876416666529E-002                  2.5129237964844936E-003                  9.5710644087274629E-004                  0.0000000000000000E+000                  0.0000000000000000E+000                  0.0000000000000000E+000                  0.0000000000000000E+000                  0.0000000000000000E+000                  0.0000000000000000E+000                  0.0000000000000000E+000                  0.0000000000000000E+000                  0.0000000000000000E+000                  0.0000000000000000E+000                 -6.6156605941855702E+000                 -9.8999999999999986E+001                  0.0000000000000000E+000                  0.0000000000000000E+000                 -9.8999999999999986E+001                 -9.8999999999999986E+001                  1.4299629369126722E+001                 -9.9000000000000000E+001                 -9.9000000000000000E+001                 -9.9000000000000000E+001 
                 9.9667425057223602E-001                  6.2855566262282885E+000                  1.5469063057361899E+001                  1.8295733549068472E+009                 -3.6179727269018569E+000                  4.7960609624347024E+000                  2.3004584802275109E+013                  2.2283813413879262E+001                  3.9857748593832946E+008                  1.5955579998511795E+000                  3.5036863656166684E-001                  6.5839166214444522E-001                  7.0333847551951023E-001                  8.5000496627254152E-001                  1.8295348092385938E+009                  3.8545668253319040E+004                  4.4660523937219731E+005                  3.5035995870294012E-001                  0.0000000000000000E+000                  2.7090526319454650E+004                  3.0077567459047568E+004                  3.6358643594923061E-023                  3.6358643594923061E-023                  0.0000000000000000E+000                  0.0000000000000000E+000                  1.4545866642699631E-024                  0.0000000000000000E+000                  3.0026589910426242E+000                  6.9999999999999996E-001                  2.9797635251139990E-005                  2.7997020236474884E-001                  4.1193902129486445E-003                  1.2067031330276047E-003                  1.1203876416666529E-002                  2.5129237964844936E-003                  9.5710644087274629E-004                  0.0000000000000000E+000                  0.0000000000000000E+000                  0.0000000000000000E+000                  0.0000000000000000E+000                  0.0000000000000000E+000                  0.0000000000000000E+000                  0.0000000000000000E+000                  0.0000000000000000E+000                  0.0000000000000000E+000                  0.0000000000000000E+000                 -6.6057210151618273E+000                 -9.8999999999999986E+001                  0.0000000000000000E+000                  0.0000000000000000E+000                 -9.8999999999999986E+001                 -9.8999999999999986E+001                  1.4304218775023346E+001                 -9.9000000000000000E+001                 -9.9000000000000000E+001                 -9.9000000000000000E+001 
                 9.9644855926555120E-001                  6.2744072913745539E+000                  1.5468712172572767E+001                  1.9638384817752340E+009                 -3.5986922741258947E+000                  4.8068424350154881E+000                  2.3345789459575086E+013                  2.2285192859536807E+001                  3.9822068309339774E+008                  1.5935936950786525E+000                  3.5015751752095131E-001                  6.5765148236559945E-001                  7.0575474168004171E-001                  8.5000496627254152E-001                  1.9637959119889746E+009                  4.2569786259381617E+004                  4.0768960836369864E+005                  3.5041985693345701E-001                  0.0000000000000000E+000                  2.6735986406886313E+004                  2.8272858407378739E+004                  3.8032549017803258E-023                  3.8032549017803252E-023                  0.0000000000000000E+000                  0.0000000000000000E+000                  1.5215539882839876E-024                  0.0000000000000000E+000                  3.0756859117583506E+000                  6.9999999999999996E-001                  2.9797635251139990E-005                  2.7997020236474884E-001                  4.1193902129486445E-003                  1.2067031330276047E-003                  1.1203876416666529E-002                  2.5129237964844936E-003                  9.5710644087274629E-004                  0.0000000000000000E+000                  0.0000000000000000E+000                  0.0000000000000000E+000                  0.0000000000000000E+000                  0.0000000000000000E+000                  0.0000000000000000E+000                  0.0000000000000000E+000                  0.0000000000000000E+000                  0.0000000000000000E+000                  0.0000000000000000E+000                 -6.5951732958066573E+000                 -9.8999999999999986E+001                  0.0000000000000000E+000                  0.0000000000000000E+000                 -9.8999999999999986E+001                 -9.8999999999999986E+001                  1.4308551796250372E+001                 -9.9000000000000000E+001                 -9.9000000000000000E+001                 -9.9000000000000000E+001 
                 9.9620795129224671E-001                  6.2629962505681371E+000                  1.5468328998869211E+001                  2.1079784313050995E+009                 -3.5793840836486024E+000                  4.8176107656606444E+000                  2.3696947424495848E+013                  2.2287645064777188E+001                  3.9871977822033733E+008                  1.5905781604129601E+000                  3.4941218241519473E-001                  6.5691891922149415E-001                  7.0823040824885086E-001                  8.5000496627254152E-001                  2.1079314229784212E+009                  4.7008326678275946E+004                  3.7297180216474389E+005                  3.4994241771343565E-001                  0.0000000000000000E+000                  2.6372949562267400E+004                  2.6637654209046425E+004                  3.9786613372655365E-023                  3.9786613372655365E-023                  0.0000000000000000E+000                  0.0000000000000000E+000                  1.5917282029084622E-024                  0.0000000000000000E+000                  3.1493972470196767E+000                  6.9999999999999996E-001                  2.9797635251139990E-005                  2.7997020236474884E-001                  4.1193902129486445E-003                  1.2067031330276047E-003                  1.1203876416666529E-002                  2.5129237964844936E-003                  9.5710644087274629E-004                  0.0000000000000000E+000                  0.0000000000000000E+000                  0.0000000000000000E+000                  0.0000000000000000E+000                  0.0000000000000000E+000                  0.0000000000000000E+000                  0.0000000000000000E+000                  0.0000000000000000E+000                  0.0000000000000000E+000                  0.0000000000000000E+000                 -6.5844392360183130E+000                 -9.8999999999999986E+001                  0.0000000000000000E+000                  0.0000000000000000E+000                 -9.8999999999999986E+001                 -9.8999999999999986E+001                  1.4312621840873122E+001                 -9.9000000000000000E+001                 -9.9000000000000000E+001                 -9.9000000000000000E+001 
                 9.9595147668548367E-001                  6.2513186808516616E+000                  1.5467910768548943E+001                  2.2627235573381562E+009                 -3.5600295666377786E+000                  4.8283497947809044E+000                  2.4058441086556961E+013                  2.2286705711671299E+001                  4.0007361446406478E+008                  1.5865855538765343E+000                  3.4813998433683585E-001                  6.5620592386463661E-001                  7.0965860747424003E-001                  8.5000496627254152E-001                  2.2626716616938014E+009                  5.1895644354685188E+004                  3.4203888907264458E+005                  3.4893445121122590E-001                  0.0000000000000000E+000                  2.6002226727733112E+004                  2.5149700075731620E+004                  4.1626633833384107E-023                  4.1626633833384107E-023                  0.0000000000000000E+000                  0.0000000000000000E+000                  1.6653412337791795E-024                  0.0000000000000000E+000                  3.2247056549841466E+000                  6.9999999999999996E-001                  2.9797635251139990E-005                  2.7997020236474884E-001                  4.1193902129486445E-003                  1.2067031330276047E-003                  1.1203876416666529E-002                  2.5129237964844936E-003                  9.5710644087274629E-004                  0.0000000000000000E+000                  0.0000000000000000E+000                  0.0000000000000000E+000                  0.0000000000000000E+000                  0.0000000000000000E+000                  0.0000000000000000E+000                  0.0000000000000000E+000                  0.0000000000000000E+000                  0.0000000000000000E+000                  0.0000000000000000E+000                 -6.5749644157284237E+000                 -9.8999999999999986E+001                  0.0000000000000000E+000                  0.0000000000000000E+000                 -9.8999999999999986E+001                 -9.8999999999999986E+001                  1.4316423674544483E+001                 -9.9000000000000000E+001                 -9.9000000000000000E+001                 -9.9000000000000000E+001 
                 9.9567812814227563E-001                  6.2393702269422944E+000                  1.5467454363393722E+001                  2.4288585782149367E+009                 -3.5406164171979699E+000                  4.8390446436658747E+000                  2.4430428276761977E+013                  2.2283553592474458E+001                  4.0220465693038905E+008                  1.5818219484395630E+000                  3.4642021789758809E-001                  6.5548804068870481E-001                  7.1075049285254444E-001                  8.5000496627254152E-001                  2.4288013104406977E+009                  5.7267774238968625E+004                  3.1443287289602647E+005                  3.4743816704866481E-001                  0.0000000000000000E+000                  2.5624120181457300E+004                  2.3792835156837318E+004                  4.3558311904310972E-023                  4.3558311904310972E-023                  0.0000000000000000E+000                  0.0000000000000000E+000                  1.7426211791436369E-024                  0.0000000000000000E+000                  3.3020973737066717E+000                  6.9999999999999996E-001                  2.9797635251139990E-005                  2.7997020236474884E-001                  4.1193902129486445E-003                  1.2067031330276047E-003                  1.1203876416666529E-002                  2.5129237964844936E-003                  9.5710644087274629E-004                  0.0000000000000000E+000                  0.0000000000000000E+000                  0.0000000000000000E+000                  0.0000000000000000E+000                  0.0000000000000000E+000                  0.0000000000000000E+000                  0.0000000000000000E+000                  0.0000000000000000E+000                  0.0000000000000000E+000                  0.0000000000000000E+000                 -6.5656656069667987E+000                 -9.8999999999999986E+001                  0.0000000000000000E+000                  0.0000000000000000E+000                 -9.8999999999999986E+001                 -9.8999999999999986E+001                  1.4319940645172290E+001                 -9.9000000000000000E+001                 -9.9000000000000000E+001                 -9.9000000000000000E+001 
                 9.9538683774872172E-001                  6.2271468708159530E+000                  1.5466956328540464E+001                  2.6072266383292356E+009                 -3.5211378724276341E+000                  4.8496832815825162E+000                  2.4813027851671863E+013                  2.2281702595393561E+001                  4.0500531803660083E+008                  1.5765477621868103E+000                  3.4436065103206420E-001                  6.5473407008815132E-001                  7.1278857323850076E-001                  8.5000496627254152E-001                  2.6071634750228353E+009                  6.3163306400412192E+004                  2.8983104336629953E+005                  3.4554668799606764E-001                  0.0000000000000000E+000                  2.5239571641458173E+004                  2.2562907982371045E+004                  4.5587235665837763E-023                  4.5587235665837763E-023                  0.0000000000000000E+000                  0.0000000000000000E+000                  1.8237915995715927E-024                  0.0000000000000000E+000                  3.3820507208367485E+000                  6.9999999999999996E-001                  2.9797635251139990E-005                  2.7997020236474884E-001                  4.1193902129486445E-003                  1.2067031330276047E-003                  1.1203876416666529E-002                  2.5129237964844936E-003                  9.5710644087274629E-004                  0.0000000000000000E+000                  0.0000000000000000E+000                  0.0000000000000000E+000                  0.0000000000000000E+000                  0.0000000000000000E+000                  0.0000000000000000E+000                  0.0000000000000000E+000                  0.0000000000000000E+000                  0.0000000000000000E+000                  0.0000000000000000E+000                 -6.5546649541487527E+000                 -9.8999999999999986E+001                  0.0000000000000000E+000                  0.0000000000000000E+000                 -9.8999999999999986E+001                 -9.8999999999999986E+001                  1.4323169812176868E+001                 -9.9000000000000000E+001                 -9.9000000000000000E+001                 -9.9000000000000000E+001 
                 9.9507647359111728E-001                  6.2146448063105577E+000                  1.5466412833762284E+001                  2.7987336417816272E+009                 -3.5015856325744994E+000                  4.8602566756227148E+000                  2.5206640502352875E+013                  2.2282529298326942E+001                  4.0837331262001461E+008                  1.5709672450829131E+000                  3.4204884745543673E-001                  6.5395879666218759E-001                  7.1538214427189084E-001                  8.5000496627254152E-001                  2.7986640178679523E+009                  6.9623913674798896E+004                  2.6800126886702073E+005                  3.4335803789275410E-001                  0.0000000000000000E+000                  2.4850661918525533E+004                  2.1456345976276665E+004                  4.7719574411571220E-023                  4.7719574411571220E-023                  0.0000000000000000E+000                  0.0000000000000000E+000                  1.9090993080546588E-024                  0.0000000000000000E+000                  3.4653697693713981E+000                  6.9999999999999996E-001                  2.9797635251139990E-005                  2.7997020236474884E-001                  4.1193902129486445E-003                  1.2067031330276047E-003                  1.1203876416666529E-002                  2.5129237964844936E-003                  9.5710644087274629E-004                  0.0000000000000000E+000                  0.0000000000000000E+000                  0.0000000000000000E+000                  0.0000000000000000E+000                  0.0000000000000000E+000                  0.0000000000000000E+000                  0.0000000000000000E+000                  0.0000000000000000E+000                  0.0000000000000000E+000                  0.0000000000000000E+000                 -6.5424867699936931E+000                 -9.8999999999999986E+001                  0.0000000000000000E+000                  0.0000000000000000E+000                 -9.8999999999999986E+001                 -9.8999999999999986E+001                  1.4326133433457626E+001                 -9.9000000000000000E+001                 -9.9000000000000000E+001                 -9.9000000000000000E+001 
                 9.9474583627928714E-001                  6.2018605084205491E+000                  1.5465819573660200E+001                  3.0043736288175912E+009                 -3.4819502213394551E+000                  4.8707595539381963E+000                  2.5611766011500094E+013                  2.2285237284945520E+001                  4.1219738790217274E+008                  1.5652761716695389E+000                  3.3957467190959273E-001                  6.5318753713351541E-001                  7.1795299530765722E-001                  8.5000496627254152E-001                  3.0042969333066030E+009                  7.6695510988301321E+004                  2.4869403459888120E+005                  3.4096105283347944E-001                  0.0000000000000000E+000                  2.4459927201274146E+004                  2.0464612961166888E+004                  4.9962110845807274E-023                  4.9962110845807274E-023                  0.0000000000000000E+000                  0.0000000000000000E+000                  1.9988156581251566E-024                  0.0000000000000000E+000                  3.5509738483876276E+000                  6.9999999999999996E-001                  2.9797635251139990E-005                  2.7997020236474884E-001                  4.1193902129486445E-003                  1.2067031330276047E-003                  1.1203876416666529E-002                  2.5129237964844936E-003                  9.5710644087274629E-004                  0.0000000000000000E+000                  0.0000000000000000E+000                  0.0000000000000000E+000                  0.0000000000000000E+000                  0.0000000000000000E+000                  0.0000000000000000E+000                  0.0000000000000000E+000                  0.0000000000000000E+000                  0.0000000000000000E+000                  0.0000000000000000E+000                 -6.5299622219968096E+000                 -9.8999999999999986E+001                  0.0000000000000000E+000                  0.0000000000000000E+000                 -9.8999999999999986E+001                 -9.8999999999999986E+001                  1.4328860435673626E+001                 -9.9000000000000000E+001                 -9.9000000000000000E+001                 -9.9000000000000000E+001 
                 9.9439358636569064E-001                  6.1887882337902136E+000                  1.5465171921128556E+001                  3.2251943546420870E+009                 -3.4622349314851935E+000                  4.8811879205924926E+000                  2.6029187614023055E+013                  2.2285701106233713E+001                  4.1640436966306591E+008                  1.5596371222614072E+000                  3.3701208704653546E-001                  6.5242844769904229E-001                  7.2028415093776255E-001                  8.5000496627254152E-001                  3.2251099272427011E+009                  8.4427399385723867E+004                  2.3162973158114633E+005                  3.3843755877737425E-001                  0.0000000000000000E+000                  2.4069904919679735E+004                  1.9577408267103132E+004                  5.2320607505843444E-023                  5.2320607505843444E-023                  0.0000000000000000E+000                  0.0000000000000000E+000                  2.0931711899037347E-024                  0.0000000000000000E+000                  3.6363901626703945E+000                  6.9999999999999996E-001                  2.9797635251139990E-005                  2.7997020236474884E-001                  4.1193902129486445E-003                  1.2067031330276047E-003                  1.1203876416666529E-002                  2.5129237964844936E-003                  9.5710644087274629E-004                  0.0000000000000000E+000                  0.0000000000000000E+000                  0.0000000000000000E+000                  0.0000000000000000E+000                  0.0000000000000000E+000                  0.0000000000000000E+000                  0.0000000000000000E+000                  0.0000000000000000E+000                  0.0000000000000000E+000                  0.0000000000000000E+000                 -6.5173377256634479E+000                 -9.8999999999999986E+001                  0.0000000000000000E+000                  0.0000000000000000E+000                 -9.8999999999999986E+001                 -9.8999999999999986E+001                  1.4331380441948506E+001                 -9.9000000000000000E+001                 -9.9000000000000000E+001                 -9.9000000000000000E+001 
                 9.9401844249910210E-001                  6.1754272702334312E+000                  1.5464465584020468E+001                  3.4623001893240714E+009                 -3.4424482227433000E+000                  4.8915393167217367E+000                  2.6459536477766160E+013                  2.2282411355862617E+001                  4.2089613263347328E+008                  1.5542142706837392E+000                  3.3444039844365919E-001                  6.5166952880725237E-001                  7.2216148633138033E-001                  8.5000496627254152E-001                  3.4622073164262891E+009                  9.2872897782175278E+004                  2.1651242312632734E+005                  3.3586448226906995E-001                  0.0000000000000000E+000                  2.3682726154828291E+004                  1.8778918899645323E+004                  5.4800456798329654E-023                  5.4800456798329654E-023                  0.0000000000000000E+000                  0.0000000000000000E+000                  2.1923816358696227E-024                  0.0000000000000000E+000                  3.7223467736702212E+000                  6.9999999999999996E-001                  2.9797635251139990E-005                  2.7997020236474884E-001                  4.1193902129486445E-003                  1.2067031330276047E-003                  1.1203876416666529E-002                  2.5129237964844936E-003                  9.5710644087274629E-004                  0.0000000000000000E+000                  0.0000000000000000E+000                  0.0000000000000000E+000                  0.0000000000000000E+000                  0.0000000000000000E+000                  0.0000000000000000E+000                  0.0000000000000000E+000                  0.0000000000000000E+000                  0.0000000000000000E+000                  0.0000000000000000E+000                 -6.5048626841836352E+000                 -9.8999999999999986E+001                  0.0000000000000000E+000                  0.0000000000000000E+000                 -9.8999999999999986E+001                 -9.8999999999999986E+001                  1.4333725152890127E+001                 -9.9000000000000000E+001                 -9.9000000000000000E+001                 -9.9000000000000000E+001 
                 9.9361897936221732E-001                  6.1617742184605966E+000                  1.5463695678850463E+001                  3.7168986779049940E+009                 -3.4225932851842376E+000                  4.9018155112761459E+000                  2.6902739170562711E+013                  2.2281903978937606E+001                  4.2544788873110485E+008                  1.5492489704555235E+000                  3.3199203971180324E-001                  6.5085400261395632E-001                  7.2364620434517568E-001                  8.5000496627254152E-001                  3.7167965854200668E+009                  1.0209248492734111E+005                  2.0302314052620254E+005                  3.3334677052901301E-001                  0.0000000000000000E+000                  2.3300032026988876E+004                  1.8051627475974663E+004                  5.7407938529194679E-023                  5.7407938529194679E-023                  0.0000000000000000E+000                  0.0000000000000000E+000                  2.2966982304148689E-024                  0.0000000000000000E+000                  3.8111182671762522E+000                  6.9999999999999996E-001                  2.9797635251139990E-005                  2.7997020236474884E-001                  4.1193902129486445E-003                  1.2067031330276047E-003                  1.1203876416666529E-002                  2.5129237964844936E-003                  9.5710644087274629E-004                  0.0000000000000000E+000                  0.0000000000000000E+000                  0.0000000000000000E+000                  0.0000000000000000E+000                  0.0000000000000000E+000                  0.0000000000000000E+000                  0.0000000000000000E+000                  0.0000000000000000E+000                  0.0000000000000000E+000                  0.0000000000000000E+000                 -6.4925517631828153E+000                 -9.8999999999999986E+001                  0.0000000000000000E+000                  0.0000000000000000E+000                 -9.8999999999999986E+001                 -9.8999999999999986E+001                  1.4335932106888846E+001                 -9.9000000000000000E+001                 -9.9000000000000000E+001                 -9.9000000000000000E+001 
                 9.9319368809996811E-001                  6.1478256388124066E+000                  1.5462856445788972E+001                  3.9902872780837874E+009                 -3.4026742240060330E+000                  4.9120220462259665E+000                  2.7358657437247508E+013                  2.2286879012884686E+001                  4.2985327835543728E+008                  1.5449362288438873E+000                  3.2977943273610094E-001                  6.4995253442878498E-001                  7.2512272234577491E-001                  8.5000496627254152E-001                  3.9901751227545867E+009                  1.1215532920084748E+005                  1.9089215043808607E+005                  3.3100719704587839E-001                  0.0000000000000000E+000                  2.2924073180319894E+004                  1.7384845471795521E+004                  6.0149516424280854E-023                  6.0149516424280842E-023                  0.0000000000000000E+000                  0.0000000000000000E+000                  2.4063795660028935E-024                  0.0000000000000000E+000                  3.9037873248371535E+000                  6.9999999999999996E-001                  2.9797635251139990E-005                  2.7997020236474884E-001                  4.1193902129486445E-003                  1.2067031330276047E-003                  1.1203876416666529E-002                  2.5129237964844936E-003                  9.5710644087274629E-004                  0.0000000000000000E+000                  0.0000000000000000E+000                  0.0000000000000000E+000                  0.0000000000000000E+000                  0.0000000000000000E+000                  0.0000000000000000E+000                  0.0000000000000000E+000                  0.0000000000000000E+000                  0.0000000000000000E+000                  0.0000000000000000E+000                 -6.4799508553625333E+000                 -9.8999999999999986E+001                  0.0000000000000000E+000                  0.0000000000000000E+000                 -9.8999999999999986E+001                 -9.8999999999999986E+001                  1.4338052500072072E+001                 -9.9000000000000000E+001                 -9.9000000000000000E+001                 -9.9000000000000000E+001 
                 9.9274097192896527E-001                  6.1335780187878752E+000                  1.5461941372547887E+001                  4.2838600248432498E+009                 -3.3826926754404796E+000                  4.9221670374909250E+000                  2.7826820206609383E+013                  2.2288182512554545E+001                  4.3398157406089616E+008                  1.5413486953734719E+000                  3.2785583323080636E-001                  6.4901679401926970E-001                  7.2757288489215999E-001                  8.5000496627254152E-001                  4.2837368846361914E+009                  1.2314020705820543E+005                  1.7994918167879060E+005                  3.2892953459078456E-001                  0.0000000000000000E+000                  2.2557379653087712E+004                  1.6776328896311643E+004                  6.3032320776630204E-023                  6.3032320776630204E-023                  0.0000000000000000E+000                  0.0000000000000000E+000                  2.5217109022733775E-024                  0.0000000000000000E+000                  4.0011304231184184E+000                  6.9999999999999996E-001                  2.9797635251139990E-005                  2.7997020236474884E-001                  4.1193902129486445E-003                  1.2067031330276047E-003                  1.1203876416666529E-002                  2.5129237964844936E-003                  9.5710644087274629E-004                  0.0000000000000000E+000                  0.0000000000000000E+000                  0.0000000000000000E+000                  0.0000000000000000E+000                  0.0000000000000000E+000                  0.0000000000000000E+000                  0.0000000000000000E+000                  0.0000000000000000E+000                  0.0000000000000000E+000                  0.0000000000000000E+000                 -6.4656124426405235E+000                 -9.8999999999999986E+001                  0.0000000000000000E+000                  0.0000000000000000E+000                 -9.8999999999999986E+001                 -9.8999999999999986E+001                  1.4340143981658345E+001                 -9.9000000000000000E+001                 -9.9000000000000000E+001                 -9.9000000000000000E+001 
                 9.9225914154576633E-001                  6.1190278502196769E+000                  1.5460943165599327E+001                  4.5991146764194469E+009                 -3.3626559703715158E+000                  4.9322600656751145E+000                  2.8307198149523301E+013                  2.2281781939088859E+001                  4.3771744134151989E+008                  1.5385375110094111E+000                  3.2626312169212945E-001                  6.4808679969975058E-001                  7.3121774821535757E-001                  8.5000496627254152E-001                  4.5989795401292858E+009                  1.3513629016117001E+005                  1.7006941929239902E+005                  3.2716153047484969E-001                  0.0000000000000000E+000                  2.2201798620658941E+004                  1.6221382907431918E+004                  6.6062983766084291E-023                  6.6062983766084291E-023                  0.0000000000000000E+000                  0.0000000000000000E+000                  2.6429575710908274E-024                  0.0000000000000000E+000                  4.1010600726814621E+000                  6.9999999999999996E-001                  2.9797635251139990E-005                  2.7997020236474884E-001                  4.1193902129486445E-003                  1.2067031330276047E-003                  1.1203876416666529E-002                  2.5129237964844936E-003                  9.5710644087274629E-004                  0.0000000000000000E+000                  0.0000000000000000E+000                  0.0000000000000000E+000                  0.0000000000000000E+000                  0.0000000000000000E+000                  0.0000000000000000E+000                  0.0000000000000000E+000                  0.0000000000000000E+000                  0.0000000000000000E+000                  0.0000000000000000E+000                 -6.4492339006049022E+000                 -9.8999999999999986E+001                  0.0000000000000000E+000                  0.0000000000000000E+000                 -9.8999999999999986E+001                 -9.8999999999999986E+001                  1.4342249498493015E+001                 -9.9000000000000000E+001                 -9.9000000000000000E+001                 -9.9000000000000000E+001 
                 9.9174641032432498E-001                  6.1041714348340950E+000                  1.5459854412027585E+001                  4.9376604357395592E+009                 -3.3425837242867473E+000                  4.9423118959253944E+000                  2.8800952205950922E+013                  2.2277796585577455E+001                  4.4095636758619124E+008                  1.5365442699743053E+000                  3.2503633590216696E-001                  6.4715517055824023E-001                  7.3445420783791715E-001                  8.5000496627254152E-001                  4.9375121909925537E+009                  1.4824474700504559E+005                  1.6108895798900159E+005                  3.2574173789314192E-001                  0.0000000000000000E+000                  2.1858558602254900E+004                  1.5707866608859180E+004                  6.9246375361518409E-023                  6.9246375361518397E-023                  0.0000000000000000E+000                  0.0000000000000000E+000                  2.7703144042276893E-024                  0.0000000000000000E+000                  4.2003844612328312E+000                  6.9999999999999996E-001                  2.9797635251139990E-005                  2.7997020236474884E-001                  4.1193902129486445E-003                  1.2067031330276047E-003                  1.1203876416666529E-002                  2.5129237964844936E-003                  9.5710644087274629E-004                  0.0000000000000000E+000                  0.0000000000000000E+000                  0.0000000000000000E+000                  0.0000000000000000E+000                  0.0000000000000000E+000                  0.0000000000000000E+000                  0.0000000000000000E+000                  0.0000000000000000E+000                  0.0000000000000000E+000                  0.0000000000000000E+000                 -6.4332372438878078E+000                 -9.8999999999999986E+001                  0.0000000000000000E+000                  0.0000000000000000E+000                 -9.8999999999999986E+001                 -9.8999999999999986E+001                  1.4344401862014909E+001                 -9.9000000000000000E+001                 -9.9000000000000000E+001                 -9.9000000000000000E+001 
                 9.9120088928502803E-001                  6.0890044368917016E+000                  1.5458667976217802E+001                  5.3012263316737814E+009                 -3.3224929203599283E+000                  4.9523343089499257E+000                  2.9308927539862270E+013                  2.2281735591512444E+001                  4.4359716561547923E+008                  1.5354016731738418E+000                  3.2420618801698464E-001                  6.4620420254743882E-001                  7.3639448101075267E-001                  8.5000496627254152E-001                  5.3010637509826717E+009                  1.6258069110963310E+005                  1.5282193639404533E+005                  3.2470309570295947E-001                  0.0000000000000000E+000                  2.1528514121381737E+004                  1.5224172469751891E+004                  7.2587657184953000E-023                  7.2587657184952989E-023                  0.0000000000000000E+000                  0.0000000000000000E+000                  2.9039879015821895E-024                  0.0000000000000000E+000                  4.3003836034939749E+000                  6.9999999999999996E-001                  2.9797635251139990E-005                  2.7997020236474884E-001                  4.1193902129486445E-003                  1.2067031330276047E-003                  1.1203876416666529E-002                  2.5129237964844936E-003                  9.5710644087274629E-004                  0.0000000000000000E+000                  0.0000000000000000E+000                  0.0000000000000000E+000                  0.0000000000000000E+000                  0.0000000000000000E+000                  0.0000000000000000E+000                  0.0000000000000000E+000                  0.0000000000000000E+000                  0.0000000000000000E+000                  0.0000000000000000E+000                 -6.4189868614313879E+000                 -9.8999999999999986E+001                  0.0000000000000000E+000                  0.0000000000000000E+000                 -9.8999999999999986E+001                 -9.8999999999999986E+001                  1.4346639862250205E+001                 -9.9000000000000000E+001                 -9.9000000000000000E+001                 -9.9000000000000000E+001 
                 9.9062058194508074E-001                  6.0735219236846563E+000                  1.5457375838037168E+001                  5.6916701453294668E+009                 -3.3023908164129741E+000                  4.9623399537725259E+000                  2.9830764751620496E+013                  2.2286322045370632E+001                  4.4553691372652531E+008                  1.5351281027641939E+000                  3.2379804286499647E-001                  6.4520773358694894E-001                  7.3809978554308786E-001                  8.5000496627254152E-001                  5.6914918698781204E+009                  1.7827545134685622E+005                  1.4512654604188542E+005                  3.2407371121288031E-001                  0.0000000000000000E+000                  2.1212224549415980E+004                  1.4764291104539036E+004                  7.6093607910253397E-023                  7.6093607910253397E-023                  0.0000000000000000E+000                  0.0000000000000000E+000                  3.0442492559510765E-024                  0.0000000000000000E+000                  4.4038945386135753E+000                  6.9999999999999996E-001                  2.9797635251139990E-005                  2.7997020236474884E-001                  4.1193902129486445E-003                  1.2067031330276047E-003                  1.1203876416666529E-002                  2.5129237964844936E-003                  9.5710644087274629E-004                  0.0000000000000000E+000                  0.0000000000000000E+000                  0.0000000000000000E+000                  0.0000000000000000E+000                  0.0000000000000000E+000                  0.0000000000000000E+000                  0.0000000000000000E+000                  0.0000000000000000E+000                  0.0000000000000000E+000                  0.0000000000000000E+000                 -6.4050296184185367E+000                 -9.8999999999999986E+001                  0.0000000000000000E+000                  0.0000000000000000E+000                 -9.8999999999999986E+001                 -9.8999999999999986E+001                  1.4349004004138774E+001                 -9.9000000000000000E+001                 -9.9000000000000000E+001                 -9.9000000000000000E+001 
                 9.9000337917614145E-001                  6.0577186776058625E+000                  1.5455968467437202E+001                  6.1109878430481863E+009                 -3.2822843160553798E+000                  4.9723420180467830E+000                  3.0365922869817227E+013                  2.2286450381740259E+001                  4.4670997003037184E+008                  1.5357141651418182E+000                  3.2382105439615549E-001                  6.4416587476646026E-001                  7.4043811809089644E-001                  8.5000496627254152E-001                  6.1107923641863375E+009                  1.9547886184888732E+005                  1.3791609952028352E+005                  3.2387108508496598E-001                  0.0000000000000000E+000                  2.0910022671812156E+004                  1.4325704532452914E+004                  7.9771246560608053E-023                  7.9771246560608065E-023                  0.0000000000000000E+000                  0.0000000000000000E+000                  3.1913792757834807E-024                  0.0000000000000000E+000                  4.5110358755991777E+000                  6.9999999999999996E-001                  2.9797635251139990E-005                  2.7997020236474884E-001                  4.1193902129486445E-003                  1.2067031330276047E-003                  1.1203876416666529E-002                  2.5129237964844936E-003                  9.5710644087274629E-004                  0.0000000000000000E+000                  0.0000000000000000E+000                  0.0000000000000000E+000                  0.0000000000000000E+000                  0.0000000000000000E+000                  0.0000000000000000E+000                  0.0000000000000000E+000                  0.0000000000000000E+000                  0.0000000000000000E+000                  0.0000000000000000E+000                 -6.3901878579934515E+000                 -9.8999999999999986E+001                  0.0000000000000000E+000                  0.0000000000000000E+000                 -9.8999999999999986E+001                 -9.8999999999999986E+001                  1.4351523955986925E+001                 -9.9000000000000000E+001                 -9.9000000000000000E+001                 -9.9000000000000000E+001 
                 9.8934705395783484E-001                  6.0415891965892410E+000                  1.5454435478322637E+001                  6.5613237077330818E+009                 -3.2621804314125806E+000                  4.9823534810224377E+000                  3.0913716289124898E+013                  2.2284470310277097E+001                  4.4712727004752737E+008                  1.5370944590191513E+000                  3.2425180389205455E-001                  6.4313398121585519E-001                  7.4338768177059056E-001                  8.5000496627254152E-001                  6.5611093467926731E+009                  2.1436094040905335E+005                  1.3112237287650825E+005                  3.2408856201965502E-001                  0.0000000000000000E+000                  2.0621977228172651E+004                  1.3904529835289581E+004                  8.3627749705464269E-023                  8.3627749705464269E-023                  0.0000000000000000E+000                  0.0000000000000000E+000                  3.3456650725142369E-024                  0.0000000000000000E+000                  4.6216969117047890E+000                  6.9999999999999996E-001                  2.9797635251139990E-005                  2.7997020236474884E-001                  4.1193902129486445E-003                  1.2067031330276047E-003                  1.1203876416666529E-002                  2.5129237964844936E-003                  9.5710644087274629E-004                  0.0000000000000000E+000                  0.0000000000000000E+000                  0.0000000000000000E+000                  0.0000000000000000E+000                  0.0000000000000000E+000                  0.0000000000000000E+000                  0.0000000000000000E+000                  0.0000000000000000E+000                  0.0000000000000000E+000                  0.0000000000000000E+000                 -6.3745263357642985E+000                 -9.8999999999999986E+001                  0.0000000000000000E+000                  0.0000000000000000E+000                 -9.8999999999999986E+001                 -9.8999999999999986E+001                  1.4354218671399623E+001                 -9.9000000000000000E+001                 -9.9000000000000000E+001                 -9.9000000000000000E+001 
                 9.8864925587129338E-001                  6.0251276744846445E+000                  1.5452765638039045E+001                  7.0449812553324947E+009                 -3.2420885894689038E+000                  4.9923866347496686E+000                  3.1474029770341609E+013                  2.2282796733060341E+001                  4.4680203906524074E+008                  1.5392143784585772E+000                  3.2506959241165739E-001                  6.4213994002012464E-001                  7.4668473971557447E-001                  8.5000496627254152E-001                  7.0447461414524965E+009                  2.3511387999851370E+005                  1.2465233716506055E+005                  3.2470401688861533E-001                  0.0000000000000000E+000                  2.0347730548928594E+004                  1.3491118056357636E+004                  8.7669962981756848E-023                  8.7669962981756848E-023                  0.0000000000000000E+000                  0.0000000000000000E+000                  3.5073805181669291E-024                  0.0000000000000000E+000                  4.7356636923286466E+000                  6.9999999999999996E-001                  2.9797635251139990E-005                  2.7997020236474884E-001                  4.1193902129486445E-003                  1.2067031330276047E-003                  1.1203876416666529E-002                  2.5129237964844936E-003                  9.5710644087274629E-004                  0.0000000000000000E+000                  0.0000000000000000E+000                  0.0000000000000000E+000                  0.0000000000000000E+000                  0.0000000000000000E+000                  0.0000000000000000E+000                  0.0000000000000000E+000                  0.0000000000000000E+000                  0.0000000000000000E+000                  0.0000000000000000E+000                 -6.3584574442328323E+000                 -9.8999999999999986E+001                  0.0000000000000000E+000                  0.0000000000000000E+000                 -9.8999999999999986E+001                 -9.8999999999999986E+001                  1.4357098268653877E+001                 -9.9000000000000000E+001                 -9.9000000000000000E+001                 -9.9000000000000000E+001 
                 9.8790750540419969E-001                  6.0083278897323780E+000                  1.5450946848784165E+001                  7.5644349382100058E+009                 -3.2220241464757637E+000                  5.0024532918314684E+000                  3.2048092617293633E+013                  2.2282115978524736E+001                  4.4573735271690774E+008                  1.5420503768244840E+000                  3.2626477589844038E-001                  6.4114189258612431E-001                  7.4979877149344520E-001                  8.5000496627254152E-001                  7.5641769826477842E+009                  2.5795556222152940E+005                  1.1838764743284673E+005                  3.2570208879942725E-001                  0.0000000000000000E+000                  2.0086608129143646E+004                  1.3073986601897896E+004                  9.1903510204361887E-023                  9.1903510204361876E-023                  0.0000000000000000E+000                  0.0000000000000000E+000                  3.6767506038399576E-024                  0.0000000000000000E+000                  4.8514344858972480E+000                  6.9999999999999996E-001                  2.9797635251139990E-005                  2.7997020236474884E-001                  4.1193902129486445E-003                  1.2067031330276047E-003                  1.1203876416666529E-002                  2.5129237964844936E-003                  9.5710644087274629E-004                  0.0000000000000000E+000                  0.0000000000000000E+000                  0.0000000000000000E+000                  0.0000000000000000E+000                  0.0000000000000000E+000                  0.0000000000000000E+000                  0.0000000000000000E+000                  0.0000000000000000E+000                  0.0000000000000000E+000                  0.0000000000000000E+000                 -6.3427865326106962E+000                 -9.8999999999999986E+001                  0.0000000000000000E+000                  0.0000000000000000E+000                 -9.8999999999999986E+001                 -9.8999999999999986E+001                  1.4360166431094218E+001                 -9.9000000000000000E+001                 -9.9000000000000000E+001                 -9.9000000000000000E+001 
                 9.8711918826458023E-001                  5.9911829471809765E+000                  1.5448966622419123E+001                  8.1223426734862652E+009                 -3.2020008202904435E+000                  5.0125648676935377E+000                  3.2636779481336492E+013                  2.2282472343402848E+001                  4.4395340391181248E+008                  1.5455650508385488E+000                  3.2782153081342869E-001                  6.4011724206427845E-001                  7.5239358279391533E-001                  8.5000496627254152E-001                  8.1220595400235929E+009                  2.8313346267176018E+005                  1.1224294146205034E+005                  3.2707012265065427E-001                  0.0000000000000000E+000                  1.9837870963291116E+004                  1.2648765199724912E+004                  9.6334172463031467E-023                  9.6334172463031467E-023                  0.0000000000000000E+000                  0.0000000000000000E+000                  3.8540066127662969E-024                  0.0000000000000000E+000                  4.9682616918919678E+000                  6.9999999999999996E-001                  2.9797635251139990E-005                  2.7997020236474884E-001                  4.1193902129486445E-003                  1.2067031330276047E-003                  1.1203876416666529E-002                  2.5129237964844936E-003                  9.5710644087274629E-004                  0.0000000000000000E+000                  0.0000000000000000E+000                  0.0000000000000000E+000                  0.0000000000000000E+000                  0.0000000000000000E+000                  0.0000000000000000E+000                  0.0000000000000000E+000                  0.0000000000000000E+000                  0.0000000000000000E+000                  0.0000000000000000E+000                 -6.3280705995364226E+000                 -9.8999999999999986E+001                  0.0000000000000000E+000                  0.0000000000000000E+000                 -9.8999999999999986E+001                 -9.8999999999999986E+001                  1.4363426389116450E+001                 -9.9000000000000000E+001                 -9.9000000000000000E+001                 -9.9000000000000000E+001 
                 9.8628154977606464E-001                  5.9736853025346113E+000                  1.5446811833239474E+001                  8.7215591838400726E+009                 -3.1820276014048878E+000                  5.0227320220321197E+000                  3.3239799724079164E+013                  2.2283022825812832E+001                  4.4151162309680158E+008                  1.5496817372085419E+000                  3.2970686090084578E-001                  6.3909943435387429E-001                  7.5459476291312388E-001                  8.5000496627254152E-001                  8.7212482558512745E+009                  3.1092798879800597E+005                  1.0622103134701168E+005                  3.2878394427671170E-001                  0.0000000000000000E+000                  1.9600771530700142E+004                  1.2222661678494687E+004                  1.0096865651017934E-022                  1.0096865651017934E-022                  0.0000000000000000E+000                  0.0000000000000000E+000                  4.0394168609529575E-024                  0.0000000000000000E+000                  5.0864411623431769E+000                  6.9999999999999996E-001                  2.9797635251139990E-005                  2.7997020236474884E-001                  4.1193902129486445E-003                  1.2067031330276047E-003                  1.1203876416666529E-002                  2.5129237964844936E-003                  9.5710644087274629E-004                  0.0000000000000000E+000                  0.0000000000000000E+000                  0.0000000000000000E+000                  0.0000000000000000E+000                  0.0000000000000000E+000                  0.0000000000000000E+000                  0.0000000000000000E+000                  0.0000000000000000E+000                  0.0000000000000000E+000                  0.0000000000000000E+000                 -6.3142804350642132E+000                 -9.8999999999999986E+001                  0.0000000000000000E+000                  0.0000000000000000E+000                 -9.8999999999999986E+001                 -9.8999999999999986E+001                  1.4366881567884430E+001                 -9.9000000000000000E+001                 -9.9000000000000000E+001                 -9.9000000000000000E+001 
                 9.8539168929440824E-001                  5.9558269199321545E+000                  1.5444468253990927E+001                  9.3651501988169308E+009                 -3.1621090060948305E+000                  5.0329642410045912E+000                  3.3856698912457238E+013                  2.2282662119789645E+001                  4.3849721092305088E+008                  1.5543105690785208E+000                  3.3187843162570835E-001                  6.3810914533029384E-001                  7.5667238630980316E-001                  8.5000496627254152E-001                  9.3648085430989037E+009                  3.4165571802695171E+005                  1.0037053160341078E+005                  3.3080601152758093E-001                  0.0000000000000000E+000                  1.9374618881798022E+004                  1.1801373262034371E+004                  1.0581475166539360E-022                  1.0581475166539358E-022                  0.0000000000000000E+000                  0.0000000000000000E+000                  4.2332929744229993E-024                  0.0000000000000000E+000                  5.2078162316223748E+000                  6.9999999999999996E-001                  2.9797635251139990E-005                  2.7997020236474884E-001                  4.1193902129486445E-003                  1.2067031330276047E-003                  1.1203876416666529E-002                  2.5129237964844936E-003                  9.5710644087274629E-004                  0.0000000000000000E+000                  0.0000000000000000E+000                  0.0000000000000000E+000                  0.0000000000000000E+000                  0.0000000000000000E+000                  0.0000000000000000E+000                  0.0000000000000000E+000                  0.0000000000000000E+000                  0.0000000000000000E+000                  0.0000000000000000E+000                 -6.3011050899474146E+000                 -9.8999999999999986E+001                  0.0000000000000000E+000                  0.0000000000000000E+000                 -9.8999999999999986E+001                 -9.8999999999999986E+001                  1.4370535694013887E+001                 -9.9000000000000000E+001                 -9.9000000000000000E+001                 -9.9000000000000000E+001 
                 9.8444655460407637E-001                  5.9375994373016319E+000                  1.5441919704609200E+001                  1.0056407559664928E+010                 -3.1422422110521171E+000                  5.0432694544056309E+000                  3.4487001617725395E+013                  2.2280155926837732E+001                  4.3503529827437341E+008                  1.5593426107664290E+000                  3.3427864631423432E-001                  6.3713044255446549E-001                  7.5910636753722216E-001                  8.5000496627254152E-001                  1.0056031887041925E+010                  3.7567262300263438E+005                  9.4668171277916335E+004                  3.3308656224741851E-001                  0.0000000000000000E+000                  1.9158613862233346E+004                  1.1374513962963401E+004                  1.1088231560855942E-022                  1.1088231560855942E-022                  0.0000000000000000E+000                  0.0000000000000000E+000                  4.4360293275344056E-024                  0.0000000000000000E+000                  5.3354777641609790E+000                  6.9999999999999996E-001                  2.9797635251139990E-005                  2.7997020236474884E-001                  4.1193902129486445E-003                  1.2067031330276047E-003                  1.1203876416666529E-002                  2.5129237964844936E-003                  9.5710644087274629E-004                  0.0000000000000000E+000                  0.0000000000000000E+000                  0.0000000000000000E+000                  0.0000000000000000E+000                  0.0000000000000000E+000                  0.0000000000000000E+000                  0.0000000000000000E+000                  0.0000000000000000E+000                  0.0000000000000000E+000                  0.0000000000000000E+000                 -6.2877850250176142E+000                 -9.8999999999999986E+001                  0.0000000000000000E+000                  0.0000000000000000E+000                 -9.8999999999999986E+001                 -9.8999999999999986E+001                  1.4374386743065699E+001                 -9.9000000000000000E+001                 -9.9000000000000000E+001                 -9.9000000000000000E+001 
                 9.8344293635139235E-001                  5.9189944741816625E+000                  1.5439147115175393E+001                  1.0798865168645922E+010                 -3.1224294877434229E+000                  5.0536539501709061E+000                  3.5130790380080941E+013                  2.2276811282932453E+001                  4.3122738896169114E+008                  1.5646869027648878E+000                  3.3686091464672613E-001                  6.3616409721575073E-001                  7.6201022373823390E-001                  8.5000496627254152E-001                  1.0798451790483629E+010                  4.1337816229314124E+005                  8.9009553533692408E+004                  3.3557331048973393E-001                  0.0000000000000000E+000                  1.8951540224048782E+004                  1.0926716932306314E+004                  1.1618032234127040E-022                  1.1618032234127043E-022                  0.0000000000000000E+000                  0.0000000000000000E+000                  4.6479849417712866E-024                  0.0000000000000000E+000                  5.4687233506137467E+000                  6.9999999999999996E-001                  2.9797635251139990E-005                  2.7997020236474884E-001                  4.1193902129486445E-003                  1.2067031330276047E-003                  1.1203876416666529E-002                  2.5129237964844936E-003                  9.5710644087274629E-004                  0.0000000000000000E+000                  0.0000000000000000E+000                  0.0000000000000000E+000                  0.0000000000000000E+000                  0.0000000000000000E+000                  0.0000000000000000E+000                  0.0000000000000000E+000                  0.0000000000000000E+000                  0.0000000000000000E+000                  0.0000000000000000E+000                 -6.2741456698495384E+000                 -9.8999999999999986E+001                  0.0000000000000000E+000                  0.0000000000000000E+000                 -9.8999999999999986E+001                 -9.8999999999999986E+001                  1.4378415596006104E+001                 -9.9000000000000000E+001                 -9.9000000000000000E+001                 -9.9000000000000000E+001 
                 9.8237746256226499E-001                  5.9000034287820426E+000                  1.5436130135233409E+001                  1.1596316046880365E+010                 -3.1026848743220583E+000                  5.0641228463221974E+000                  3.5789356945602109E+013                  2.2277793930759266E+001                  4.2712718581470937E+008                  1.5702869848138423E+000                  3.3959878403873373E-001                  6.3524452183547642E-001                  7.6482191947305134E-001                  8.5000496627254152E-001                  1.1595860825014185E+010                  4.5522186618047650E+005                  8.3329777123012827E+004                  3.3822941787815708E-001                  0.0000000000000000E+000                  1.8752002893829409E+004                  1.0455264039684294E+004                  1.2171464208770106E-022                  1.2171464208770106E-022                  0.0000000000000000E+000                  0.0000000000000000E+000                  4.8693946669574817E-024                  0.0000000000000000E+000                  5.6037538903433664E+000                  6.9999999999999996E-001                  2.9797635251139990E-005                  2.7997020236474884E-001                  4.1193902129486445E-003                  1.2067031330276047E-003                  1.1203876416666529E-002                  2.5129237964844936E-003                  9.5710644087274629E-004                  0.0000000000000000E+000                  0.0000000000000000E+000                  0.0000000000000000E+000                  0.0000000000000000E+000                  0.0000000000000000E+000                  0.0000000000000000E+000                  0.0000000000000000E+000                  0.0000000000000000E+000                  0.0000000000000000E+000                  0.0000000000000000E+000                 -6.2610780084767024E+000                 -9.8999999999999986E+001                  0.0000000000000000E+000                  0.0000000000000000E+000                 -9.8999999999999986E+001                 -9.8999999999999986E+001                  1.4382594981262304E+001                 -9.9000000000000000E+001                 -9.9000000000000000E+001                 -9.9000000000000000E+001 
                 9.8124659326438912E-001                  5.8806169527973857E+000                  1.5432848916629622E+001                  1.2452830767363728E+010                 -3.0830152995421112E+000                  5.0746803355343681E+000                  3.6463476190120297E+013                  2.2282937522317273E+001                  4.2279580171571136E+008                  1.5760822867183684E+000                  3.4246080592636752E-001                  6.3438231715156879E-001                  7.6721068127622116E-001                  8.5000496627254152E-001                  1.2452329057000650E+010                  5.0171036307691759E+005                  7.7673177098139917E+004                  3.4102599191253941E-001                  0.0000000000000000E+000                  1.8558921601081376E+004                  9.9713462762085073E+003                  1.2749290835701011E-022                  1.2749290835701011E-022                  0.0000000000000000E+000                  0.0000000000000000E+000                  5.1005638962215493E-024                  0.0000000000000000E+000                  5.7402320417785777E+000                  6.9999999999999996E-001                  2.9797635251139990E-005                  2.7997020236474884E-001                  4.1193902129486445E-003                  1.2067031330276047E-003                  1.1203876416666529E-002                  2.5129237964844936E-003                  9.5710644087274629E-004                  0.0000000000000000E+000                  0.0000000000000000E+000                  0.0000000000000000E+000                  0.0000000000000000E+000                  0.0000000000000000E+000                  0.0000000000000000E+000                  0.0000000000000000E+000                  0.0000000000000000E+000                  0.0000000000000000E+000                  0.0000000000000000E+000                 -6.2490944392857726E+000                 -9.8999999999999986E+001                  0.0000000000000000E+000                  0.0000000000000000E+000                 -9.8999999999999986E+001                 -9.8999999999999986E+001                  1.4386907804982707E+001                 -9.9000000000000000E+001                 -9.9000000000000000E+001                 -9.9000000000000000E+001 
                 9.8004661532575199E-001                  5.8608252317706526E+000                  1.5429282382300398E+001                  1.3372776945342474E+010                 -3.0634178696894154E+000                  5.0853295710637259E+000                  3.7153137207758109E+013                  2.2285084441420985E+001                  4.1830059540337944E+008                  1.5820098879970781E+000                  3.4541347586914156E-001                  6.3355105168538095E-001                  7.6913854224230960E-001                  8.5000496627254152E-001                  1.3372223531505213E+010                  5.5341383726178284E+005                  7.2122757278687277E+004                  3.4393057454606540E-001                  0.0000000000000000E+000                  1.8371472891605277E+004                  9.4826918454041679E+003                  1.3352581232766280E-022                  1.3352581232766280E-022                  0.0000000000000000E+000                  0.0000000000000000E+000                  5.3419203500471211E-024                  0.0000000000000000E+000                  5.8799894710909504E+000                  6.9999999999999996E-001                  2.9797635251139990E-005                  2.7997020236474884E-001                  4.1193902129486445E-003                  1.2067031330276047E-003                  1.1203876416666529E-002                  2.5129237964844936E-003                  9.5710644087274629E-004                  0.0000000000000000E+000                  0.0000000000000000E+000                  0.0000000000000000E+000                  0.0000000000000000E+000                  0.0000000000000000E+000                  0.0000000000000000E+000                  0.0000000000000000E+000                  0.0000000000000000E+000                  0.0000000000000000E+000                  0.0000000000000000E+000                 -6.2382530651012384E+000                 -9.8999999999999986E+001                  0.0000000000000000E+000                  0.0000000000000000E+000                 -9.8999999999999986E+001                 -9.8999999999999986E+001                  1.4391343023790018E+001                 -9.9000000000000000E+001                 -9.9000000000000000E+001                 -9.9000000000000000E+001 
                 9.7877363751340962E-001                  5.8406184254336289E+000                  1.5425406763260165E+001                  1.4360839757535362E+010                 -3.0438894682859008E+000                  5.0960723882017964E+000                  3.7858582888879102E+013                  2.2283014248406690E+001                  4.1374032475115991E+008                  1.5879689318171111E+000                  3.4840730286381505E-001                  6.3274130360543235E-001                  7.7076449479264941E-001                  8.5000496627254152E-001                  1.4360228785570850E+010                  6.1097196451181651E+005                  6.6710086311348583E+004                  3.4690188659713711E-001                  0.0000000000000000E+000                  1.8189063887898265E+004                  8.9878457077063267E+003                  1.3982463913316284E-022                  1.3982463913316284E-022                  0.0000000000000000E+000                  0.0000000000000000E+000                  5.5939155112880358E-024                  0.0000000000000000E+000                  6.0251893995929793E+000                  6.9999999999999996E-001                  2.9797635251139990E-005                  2.7997020236474884E-001                  4.1193902129486445E-003                  1.2067031330276047E-003                  1.1203876416666529E-002                  2.5129237964844936E-003                  9.5710644087274629E-004                  0.0000000000000000E+000                  0.0000000000000000E+000                  0.0000000000000000E+000                  0.0000000000000000E+000                  0.0000000000000000E+000                  0.0000000000000000E+000                  0.0000000000000000E+000                  0.0000000000000000E+000                  0.0000000000000000E+000                  0.0000000000000000E+000                 -6.2283208432447532E+000                 -9.8999999999999986E+001                  0.0000000000000000E+000                  0.0000000000000000E+000                 -9.8999999999999986E+001                 -9.8999999999999986E+001                  1.4395892568990924E+001                 -9.9000000000000000E+001                 -9.9000000000000000E+001                 -9.9000000000000000E+001 
                 9.7742358565956322E-001                  5.8199866982614576E+000                  1.5421194991277837E+001                  1.5422043846307877E+010                 -3.0244259481506583E+000                  5.1069087454543745E+000                  3.8580309569783312E+013                  2.2281451660381009E+001                  4.0924717757316649E+008                  1.5938210906573138E+000                  3.5137283529114544E-001                  6.3196214262918970E-001                  7.7252724642606652E-001                  8.5000496627254152E-001                  1.5421368748478884E+010                  6.7509782899232220E+005                  6.1431142996990508E+004                  3.4988072627680583E-001                  0.0000000000000000E+000                  1.8011074395078729E+004                  8.4851835001905583E+003                  1.4640159438341899E-022                  1.4640159438341899E-022                  0.0000000000000000E+000                  0.0000000000000000E+000                  5.8570376882268944E-024                  0.0000000000000000E+000                  6.1776768085448834E+000                  6.9999999999999996E-001                  2.9797635251139990E-005                  2.7997020236474884E-001                  4.1193902129486445E-003                  1.2067031330276047E-003                  1.1203876416666529E-002                  2.5129237964844936E-003                  9.5710644087274629E-004                  0.0000000000000000E+000                  0.0000000000000000E+000                  0.0000000000000000E+000                  0.0000000000000000E+000                  0.0000000000000000E+000                  0.0000000000000000E+000                  0.0000000000000000E+000                  0.0000000000000000E+000                  0.0000000000000000E+000                  0.0000000000000000E+000                 -6.2186406011671798E+000                 -9.8999999999999986E+001                  0.0000000000000000E+000                  0.0000000000000000E+000                 -9.8999999999999986E+001                 -9.8999999999999986E+001                  1.4400545518314457E+001                 -9.9000000000000000E+001                 -9.9000000000000000E+001                 -9.9000000000000000E+001 
                 9.7599219784973423E-001                  5.7989202881181923E+000                  1.5416616459881137E+001                  1.6561776710354324E+010                 -3.0050286058276687E+000                  5.1178369771646945E+000                  3.9318796799055695E+013                  2.2281776116137923E+001                  4.0487100440913141E+008                  1.5995105727128469E+000                  3.5427874685591643E-001                  6.3122354104079392E-001                  7.7448778831868759E-001                  8.5000496627254152E-001                  1.6561030124704252E+010                  7.4658565007287916E+005                  5.6295590363450283E+004                  3.5281612746127189E-001                  0.0000000000000000E+000                  1.7836391686019320E+004                  7.9769148571149117E+003                  1.5326757654427961E-022                  1.5326757654427961E-022                  0.0000000000000000E+000                  0.0000000000000000E+000                  6.1317228948817129E-024                  0.0000000000000000E+000                  6.3355759300807009E+000                  6.9999999999999996E-001                  2.9797635251139990E-005                  2.7997020236474884E-001                  4.1193902129486445E-003                  1.2067031330276047E-003                  1.1203876416666529E-002                  2.5129237964844936E-003                  9.5710644087274629E-004                  0.0000000000000000E+000                  0.0000000000000000E+000                  0.0000000000000000E+000                  0.0000000000000000E+000                  0.0000000000000000E+000                  0.0000000000000000E+000                  0.0000000000000000E+000                  0.0000000000000000E+000                  0.0000000000000000E+000                  0.0000000000000000E+000                 -6.2091676113995939E+000                 -9.8999999999999986E+001                  0.0000000000000000E+000                  0.0000000000000000E+000                 -9.8999999999999986E+001                 -9.8999999999999986E+001                  1.4405273598537905E+001                 -9.9000000000000000E+001                 -9.9000000000000000E+001                 -9.9000000000000000E+001 
                 9.7447501963874616E-001                  5.7774092564874691E+000                  1.5411639474151896E+001                  1.7785813902385506E+010                 -2.9857011712007004E+000                  5.1288547576587016E+000                  4.0074305936339016E+013                  2.2282806722721940E+001                  4.0061284695885026E+008                  1.6050264634582789E+000                  3.5711730061275604E-001                  6.3053795400960677E-001                  7.7653105388773680E-001                  8.5000496627254152E-001                  1.7784987577636860E+010                  8.2632474864531250E+005                  5.1332258908393982E+004                  3.5568820585660305E-001                  0.0000000000000000E+000                  1.7663990845072105E+004                  7.4672816641955797E+003                  1.6043289524604267E-022                  1.6043289524604267E-022                  0.0000000000000000E+000                  0.0000000000000000E+000                  6.4183835881469712E-024                  0.0000000000000000E+000                  6.4969508722481377E+000                  6.9999999999999996E-001                  2.9797635251139990E-005                  2.7997020236474884E-001                  4.1193902129486445E-003                  1.2067031330276047E-003                  1.1203876416666529E-002                  2.5129237964844936E-003                  9.5710644087274629E-004                  0.0000000000000000E+000                  0.0000000000000000E+000                  0.0000000000000000E+000                  0.0000000000000000E+000                  0.0000000000000000E+000                  0.0000000000000000E+000                  0.0000000000000000E+000                  0.0000000000000000E+000                  0.0000000000000000E+000                  0.0000000000000000E+000                 -6.2001318636416940E+000                 -9.8999999999999986E+001                  0.0000000000000000E+000                  0.0000000000000000E+000                 -9.8999999999999986E+001                 -9.8999999999999986E+001                  1.4410048290676107E+001                 -9.9000000000000000E+001                 -9.9000000000000000E+001                 -9.9000000000000000E+001 
                 9.7286739940276146E-001                  5.7554433603898270E+000                  1.5406231473374095E+001                  1.9100346059091492E+010                 -2.9664406215707166E+000                  5.1399593292840624E+000                  4.0847661162470188E+013                  2.2283322278290537E+001                  3.9650089986037576E+008                  1.6103276308048908E+000                  3.5987068579721382E-001                  6.2990167593151070E-001                  7.7845443013728122E-001                  8.5000496627254152E-001                  1.9099430747322136E+010                  9.1531176935511653E+005                  4.6578640677807685E+004                  3.5848432696759858E-001                  0.0000000000000000E+000                  1.7493474827076250E+004                  6.9621793384454350E+003                  1.6791070688966470E-022                  1.6791070688966472E-022                  0.0000000000000000E+000                  0.0000000000000000E+000                  6.7175461150511188E-024                  0.0000000000000000E+000                  6.6628574255774184E+000                  6.9999999999999996E-001                  2.9797635251139990E-005                  2.7997020236474884E-001                  4.1193902129486445E-003                  1.2067031330276047E-003                  1.1203876416666529E-002                  2.5129237964844936E-003                  9.5710644087274629E-004                  0.0000000000000000E+000                  0.0000000000000000E+000                  0.0000000000000000E+000                  0.0000000000000000E+000                  0.0000000000000000E+000                  0.0000000000000000E+000                  0.0000000000000000E+000                  0.0000000000000000E+000                  0.0000000000000000E+000                  0.0000000000000000E+000                 -6.1916986925203643E+000                 -9.8999999999999986E+001                  0.0000000000000000E+000                  0.0000000000000000E+000                 -9.8999999999999986E+001                 -9.8999999999999986E+001                  1.4414858531527349E+001                 -9.9000000000000000E+001                 -9.9000000000000000E+001                 -9.9000000000000000E+001 
                 9.7116448393131471E-001                  5.7330123855456110E+000                  1.5400356616241558E+001                  2.0512007465033272E+010                 -2.9472438257185125E+000                  5.1511473511875243E+000                  4.1640159161551766E+013                  2.2282590440473314E+001                  3.9256485799267471E+008                  1.6153761377699021E+000                  3.6252160365451613E-001                  6.2930207693518914E-001                  7.8002041431042379E-001                  8.5000496627254152E-001                  2.0510992803644600E+010                  1.0146613886704281E+006                  4.2074627535961314E+004                  3.6118692006230102E-001                  0.0000000000000000E+000                  1.7324644473009957E+004                  6.4681028545761837E+003                  1.7571486639468429E-022                  1.7571486639468427E-022                  0.0000000000000000E+000                  0.0000000000000000E+000                  7.0297647683437987E-024                  0.0000000000000000E+000                  6.8340083133041318E+000                  6.9999999999999996E-001                  2.9797635251139990E-005                  2.7997020236474884E-001                  4.1193902129486445E-003                  1.2067031330276047E-003                  1.1203876416666529E-002                  2.5129237964844936E-003                  9.5710644087274629E-004                  0.0000000000000000E+000                  0.0000000000000000E+000                  0.0000000000000000E+000                  0.0000000000000000E+000                  0.0000000000000000E+000                  0.0000000000000000E+000                  0.0000000000000000E+000                  0.0000000000000000E+000                  0.0000000000000000E+000                  0.0000000000000000E+000                 -6.1840930224129380E+000                 -9.8999999999999986E+001                  0.0000000000000000E+000                  0.0000000000000000E+000                 -9.8999999999999986E+001                 -9.8999999999999986E+001                  1.4419698029277148E+001                 -9.9000000000000000E+001                 -9.9000000000000000E+001                 -9.9000000000000000E+001 
                 9.6936121426016897E-001                  5.7101061655051835E+000                  1.5393975746492925E+001                  2.2027906624754829E+010                 -2.9281088837473823E+000                  5.1624148461507042E+000                  4.2452454308541016E+013                  2.2282724528724337E+001                  3.8883297053198731E+008                  1.6201383099292652E+000                  3.6504847034794297E-001                  6.2872373286162331E-001                  7.8140631235484059E-001                  8.5000496627254152E-001                  2.2026781006535107E+010                  1.1256182197231904E+006                  3.7849472694920398E+004                  3.6377659683596308E-001                  0.0000000000000000E+000                  1.7157235052797394E+004                  5.9891850808220897E+003                  1.8385939239204330E-022                  1.8385939239204330E-022                  0.0000000000000000E+000                  0.0000000000000000E+000                  7.3556003906537613E-024                  0.0000000000000000E+000                  7.0101173898060081E+000                  6.9999999999999996E-001                  2.9797635251139990E-005                  2.7997020236474884E-001                  4.1193902129486445E-003                  1.2067031330276047E-003                  1.1203876416666529E-002                  2.5129237964844936E-003                  9.5710644087274629E-004                  0.0000000000000000E+000                  0.0000000000000000E+000                  0.0000000000000000E+000                  0.0000000000000000E+000                  0.0000000000000000E+000                  0.0000000000000000E+000                  0.0000000000000000E+000                  0.0000000000000000E+000                  0.0000000000000000E+000                  0.0000000000000000E+000                 -6.1771517226748491E+000                 -9.8999999999999986E+001                  0.0000000000000000E+000                  0.0000000000000000E+000                 -9.8999999999999986E+001                 -9.8999999999999986E+001                  1.4424557408147828E+001                 -9.9000000000000000E+001                 -9.9000000000000000E+001                 -9.9000000000000000E+001 
                 9.6745232142184068E-001                  5.6867145244864270E+000                  1.5387047065956882E+001                  2.3655659188456394E+010                 -2.9090294883885122E+000                  5.1737571280036292E+000                  4.3284849999552727E+013                  2.2284641630580470E+001                  3.8533071717471802E+008                  1.6245790068287513E+000                  3.6742903273082683E-001                  6.2816599817491647E-001                  7.8275272402794149E-001                  8.5000496627254152E-001                  2.3654409619458935E+010                  1.2495689974595599E+006                  3.3918014484847357E+004                  3.6623143856011037E-001                  0.0000000000000000E+000                  1.6990967147479969E+004                  5.5286980381797484E+003                  1.9236095363409671E-022                  1.9236095363409673E-022                  0.0000000000000000E+000                  0.0000000000000000E+000                  7.6957198475887510E-024                  0.0000000000000000E+000                  7.1921117027098482E+000                  6.9999999999999996E-001                  2.9797635251139990E-005                  2.7997020236474884E-001                  4.1193902129486445E-003                  1.2067031330276047E-003                  1.1203876416666529E-002                  2.5129237964844936E-003                  9.5710644087274629E-004                  0.0000000000000000E+000                  0.0000000000000000E+000                  0.0000000000000000E+000                  0.0000000000000000E+000                  0.0000000000000000E+000                  0.0000000000000000E+000                  0.0000000000000000E+000                  0.0000000000000000E+000                  0.0000000000000000E+000                  0.0000000000000000E+000                 -6.1706788595888895E+000                 -9.8999999999999986E+001                  0.0000000000000000E+000                  0.0000000000000000E+000                 -9.8999999999999986E+001                 -9.8999999999999986E+001                  1.4429425447109629E+001                 -9.9000000000000000E+001                 -9.9000000000000000E+001                 -9.9000000000000000E+001 
                 9.6543232217494679E-001                  5.6628275207617804E+000                  1.5379524754177067E+001                  2.5403423073188416E+010                 -2.8899953291451133E+000                  5.1851688063046533E+000                  4.4136947922151562E+013                  2.2284565879185973E+001                  3.8208408686406851E+008                  1.6286646838353704E+000                  3.6964168306415290E-001                  6.2767542561915390E-001                  7.8441870649760181E-001                  8.5000496627254152E-001                  2.5402035017293770E+010                  1.3880558946463235E+006                  3.0289246043805371E+004                  3.6852949547769459E-001                  0.0000000000000000E+000                  1.6825594308438824E+004                  5.0899634673273495E+003                  2.0123917859242543E-022                  2.0123917859242543E-022                  0.0000000000000000E+000                  0.0000000000000000E+000                  8.0509084137988516E-024                  0.0000000000000000E+000                  7.3829411159928107E+000                  6.9999999999999996E-001                  2.9797635251139990E-005                  2.7997020236474884E-001                  4.1193902129486445E-003                  1.2067031330276047E-003                  1.1203876416666529E-002                  2.5129237964844936E-003                  9.5710644087274629E-004                  0.0000000000000000E+000                  0.0000000000000000E+000                  0.0000000000000000E+000                  0.0000000000000000E+000                  0.0000000000000000E+000                  0.0000000000000000E+000                  0.0000000000000000E+000                  0.0000000000000000E+000                  0.0000000000000000E+000                  0.0000000000000000E+000                 -6.1641067897804032E+000                 -9.8999999999999986E+001                  0.0000000000000000E+000                  0.0000000000000000E+000                 -9.8999999999999986E+001                 -9.8999999999999986E+001                  1.4434290663959199E+001                 -9.9000000000000000E+001                 -9.9000000000000000E+001                 -9.9000000000000000E+001 
                 9.6329551464422947E-001                  5.6384356910619378E+000                  1.5371356325739903E+001                  2.7279935858960598E+010                 -2.8710084405742111E+000                  5.1966442344629566E+000                  4.5009644580896469E+013                  2.2282110266371351E+001                  3.7908237664546293E+008                  1.6324072040924873E+000                  3.7169357537231307E-001                  6.2725355108092318E-001                  7.8637150489496888E-001                  8.5000496627254152E-001                  2.7278393062380840E+010                  1.5427965797582772E+006                  2.6961860644052078E+004                  3.7066313045447524E-001                  0.0000000000000000E+000                  1.6660849159974903E+004                  4.6735541398213618E+003                  2.1050901315412805E-022                  2.1050901315412805E-022                  0.0000000000000000E+000                  0.0000000000000000E+000                  8.4217640295921023E-024                  0.0000000000000000E+000                  7.5796803922710376E+000                  6.9999999999999996E-001                  2.9797635251139990E-005                  2.7997020236474884E-001                  4.1193902129486445E-003                  1.2067031330276047E-003                  1.1203876416666529E-002                  2.5129237964844936E-003                  9.5710644087274629E-004                  0.0000000000000000E+000                  0.0000000000000000E+000                  0.0000000000000000E+000                  0.0000000000000000E+000                  0.0000000000000000E+000                  0.0000000000000000E+000                  0.0000000000000000E+000                  0.0000000000000000E+000                  0.0000000000000000E+000                  0.0000000000000000E+000                 -6.1574935266444175E+000                 -9.8999999999999986E+001                  0.0000000000000000E+000                  0.0000000000000000E+000                 -9.8999999999999986E+001                 -9.8999999999999986E+001                  1.4439139480379296E+001                 -9.9000000000000000E+001                 -9.9000000000000000E+001                 -9.9000000000000000E+001 
                 9.6103597388774653E-001                  5.6135293770697876E+000                  1.5362488548580808E+001                  2.9833986203536083E+010                 -2.8473201954816356E+000                  5.2112151596745813E+000                  4.6145864849389656E+013                  2.2280331746591592E+001                  3.7555924542439765E+008                  1.6367372222859038E+000                  3.7411492359713983E-001                  6.2673396625915112E-001                  7.8852750887686085E-001                  8.5000496627254152E-001                  2.9832221822552811E+010                  1.7643809832741062E+006                  2.3931656283252032E+004                  3.7264516639490058E-001                  0.0000000000000000E+000                  1.6498178468819024E+004                  4.1779426909242766E+003                  2.2268331555567558E-022                  2.2268331555567562E-022                  0.0000000000000000E+000                  0.0000000000000000E+000                  8.9088179169903574E-024                  0.0000000000000000E+000                  7.8304373832386318E+000                  6.9999999999999996E-001                  2.9797635251139990E-005                  2.7997020236474884E-001                  4.1193902129486445E-003                  1.2067031330276047E-003                  1.1203876416666529E-002                  2.5129237964844936E-003                  9.5710644087274629E-004                  0.0000000000000000E+000                  0.0000000000000000E+000                  0.0000000000000000E+000                  0.0000000000000000E+000                  0.0000000000000000E+000                  0.0000000000000000E+000                  0.0000000000000000E+000                  0.0000000000000000E+000                  0.0000000000000000E+000                  0.0000000000000000E+000                 -6.1506330411296410E+000                 -9.8999999999999986E+001                  0.0000000000000000E+000                  0.0000000000000000E+000                 -9.8999999999999986E+001                 -9.8999999999999986E+001                  1.4444072878439206E+001                 -9.9000000000000000E+001                 -9.9000000000000000E+001                 -9.9000000000000000E+001 
                 9.5740301746634549E-001                  5.5751801172381885E+000                  1.5347758984038231E+001                  3.3197020435293186E+010                 -2.8190292989126537E+000                  5.2286373309623615E+000                  4.7543880336397992E+013                  2.2281761385997203E+001                  3.7182630384650290E+008                  1.6412277571120999E+000                  3.7668263735200924E-001                  6.2614493728372689E-001                  7.8993592616871022E-001                  8.5000496627254152E-001                  3.3194948953820141E+010                  2.0714814730461326E+006                  1.9905589688316933E+004                  3.7536756141092492E-001                  0.0000000000000000E+000                  1.6255914568782082E+004                  3.6429279802833330E+003                  2.3816215262712271E-022                  2.3816215262712271E-022                  0.0000000000000000E+000                  0.0000000000000000E+000                  9.5280754883185404E-024                  0.0000000000000000E+000                  8.1486934323265778E+000                  6.9999999999999996E-001                  2.9797635251139990E-005                  2.7997020236474884E-001                  4.1193902129486445E-003                  1.2067031330276047E-003                  1.1203876416666529E-002                  2.5129237964844936E-003                  9.5710644087274629E-004                  0.0000000000000000E+000                  0.0000000000000000E+000                  0.0000000000000000E+000                  0.0000000000000000E+000                  0.0000000000000000E+000                  0.0000000000000000E+000                  0.0000000000000000E+000                  0.0000000000000000E+000                  0.0000000000000000E+000                  0.0000000000000000E+000                 -6.1438428514144805E+000                 -9.8999999999999986E+001                  0.0000000000000000E+000                  0.0000000000000000E+000                 -9.8999999999999986E+001                 -9.8999999999999986E+001                  1.4451448883438575E+001                 -9.9000000000000000E+001                 -9.9000000000000000E+001                 -9.9000000000000000E+001 
                 9.5345826910199127E-001                  5.5356166211608580E+000                  1.5331115241758408E+001                  3.6601612331006744E+010                 -2.7931814504340382E+000                  5.2446186875365974E+000                  4.8865666048322375E+013                  2.2283585487846391E+001                  3.6883555652431178E+008                  1.6447284287653756E+000                  3.7872983363384050E-001                  6.2568819636041995E-001                  7.9054425242473980E-001                  8.5000496627254152E-001                  3.6599212357322464E+010                  2.3999736842829133E+006                  1.6471517766504672E+004                  3.7778149502193409E-001                  0.0000000000000000E+000                  1.6012400834364085E+004                  3.2105030399073353E+003                  2.5325662375817169E-022                  2.5325662375817164E-022                  0.0000000000000000E+000                  0.0000000000000000E+000                  1.0131955940587744E-023                  0.0000000000000000E+000                  8.4524075700135182E+000                  6.9999999999999996E-001                  2.9797635251139990E-005                  2.7997020236474884E-001                  4.1193902129486445E-003                  1.2067031330276047E-003                  1.1203876416666529E-002                  2.5129237964844936E-003                  9.5710644087274629E-004                  0.0000000000000000E+000                  0.0000000000000000E+000                  0.0000000000000000E+000                  0.0000000000000000E+000                  0.0000000000000000E+000                  0.0000000000000000E+000                  0.0000000000000000E+000                  0.0000000000000000E+000                  0.0000000000000000E+000                  0.0000000000000000E+000                 -6.1386112570970948E+000                 -9.8999999999999986E+001                  0.0000000000000000E+000                  0.0000000000000000E+000                 -9.8999999999999986E+001                 -9.8999999999999986E+001                  1.4458541011669050E+001                 -9.9000000000000000E+001                 -9.9000000000000000E+001                 -9.9000000000000000E+001 
                 9.4991627377744592E-001                  5.5016978953600022E+000                  1.5315613799310372E+001                  3.8935824852448250E+010                 -2.7767884359328514E+000                  5.2547279542652303E+000                  4.9723016608142922E+013                  2.2281877607919370E+001                  3.6711796467897069E+008                  1.6467058161186918E+000                  3.7990689505746911E-001                  6.2545063655522637E-001                  7.9123545127932338E-001                  8.5000496627254152E-001                  3.8933190683981255E+010                  2.6341684669988710E+006                  1.4033662926559073E+004                  3.7957826565339414E-001                  0.0000000000000000E+000                  1.5808179151351400E+004                  2.9654741218316458E+003                  2.6332887143396489E-022                  2.6332887143396489E-022                  0.0000000000000000E+000                  0.0000000000000000E+000                  1.0534913704559420E-023                  0.0000000000000000E+000                  8.6491614780014849E+000                  6.9999999999999996E-001                  2.9797635251139990E-005                  2.7997020236474884E-001                  4.1193902129486445E-003                  1.2067031330276047E-003                  1.1203876416666529E-002                  2.5129237964844936E-003                  9.5710644087274629E-004                  0.0000000000000000E+000                  0.0000000000000000E+000                  0.0000000000000000E+000                  0.0000000000000000E+000                  0.0000000000000000E+000                  0.0000000000000000E+000                  0.0000000000000000E+000                  0.0000000000000000E+000                  0.0000000000000000E+000                  0.0000000000000000E+000                 -6.1349805671221738E+000                 -9.8999999999999986E+001                  0.0000000000000000E+000                  0.0000000000000000E+000                 -9.8999999999999986E+001                 -9.8999999999999986E+001                  1.4464198500314108E+001                 -9.9000000000000000E+001                 -9.9000000000000000E+001                 -9.9000000000000000E+001 
                 9.4843128400259302E-001                  5.4878849098003553E+000                  1.5308963500384056E+001                  4.0345545074145447E+010                 -2.7674127269149236E+000                  5.2606016325038967E+000                  5.0229309485886633E+013                  2.2280829900967053E+001                  3.6617386568177342E+008                  1.6477759406385273E+000                  3.8055411465974875E-001                  6.2531716443611762E-001                  7.9182458140040934E-001                  8.5000496627254152E-001                  4.0342764475802811E+010                  2.7805983426342746E+006                  1.3164080038665843E+004                  3.8024481646776154E-001                  0.0000000000000000E+000                  1.5727395532631765E+004                  2.8317567470264548E+003                  2.6927117615313863E-022                  2.6927117615313863E-022                  0.0000000000000000E+000                  0.0000000000000000E+000                  1.0772645947934944E-023                  0.0000000000000000E+000                  8.7662861617394583E+000                  6.9999999999999996E-001                  2.9797635251139990E-005                  2.7997020236474884E-001                  4.1193902129486445E-003                  1.2067031330276047E-003                  1.1203876416666529E-002                  2.5129237964844936E-003                  9.5710644087274629E-004                  0.0000000000000000E+000                  0.0000000000000000E+000                  0.0000000000000000E+000                  0.0000000000000000E+000                  0.0000000000000000E+000                  0.0000000000000000E+000                  0.0000000000000000E+000                  0.0000000000000000E+000                  0.0000000000000000E+000                  0.0000000000000000E+000                 -6.1329855300641558E+000                 -9.8999999999999986E+001                  0.0000000000000000E+000                  0.0000000000000000E+000                 -9.8999999999999986E+001                 -9.8999999999999986E+001                  1.4466478425101956E+001                 -9.9000000000000000E+001                 -9.9000000000000000E+001                 -9.9000000000000000E+001 
                 9.4690595412723666E-001                  5.4739292717955497E+000                  1.5302040041486526E+001                  4.2565859791471764E+010                 -2.7533483734142590E+000                  5.2695130270666413E+000                  5.1008894437563688E+013                  2.2279360059666104E+001                  3.6481900258649158E+008                  1.6492862617698032E+000                  3.8148254242793800E-001                  6.2511097962436724E-001                  7.9302804410557204E-001                  8.5000496627254152E-001                  4.2562841342503410E+010                  3.0184489683560263E+006                  1.2356286294963606E+004                  3.8087360191883474E-001                  0.0000000000000000E+000                  1.5648816562225407E+004                  2.6396062306277031E+003                  2.7844122803778740E-022                  2.7844122803778740E-022                  0.0000000000000000E+000                  0.0000000000000000E+000                  1.1139509865620231E-023                  0.0000000000000000E+000                  8.9479066440642097E+000                  6.9999999999999996E-001                  2.9797635251139990E-005                  2.7997020236474884E-001                  4.1193902129486445E-003                  1.2067031330276047E-003                  1.1203876416666529E-002                  2.5129237964844936E-003                  9.5710644087274629E-004                  0.0000000000000000E+000                  0.0000000000000000E+000                  0.0000000000000000E+000                  0.0000000000000000E+000                  0.0000000000000000E+000                  0.0000000000000000E+000                  0.0000000000000000E+000                  0.0000000000000000E+000                  0.0000000000000000E+000                  0.0000000000000000E+000                 -6.1298735691121395E+000                 -9.8999999999999986E+001                  0.0000000000000000E+000                  0.0000000000000000E+000                 -9.8999999999999986E+001                 -9.8999999999999986E+001                  1.4468887572530884E+001                 -9.9000000000000000E+001                 -9.9000000000000000E+001                 -9.9000000000000000E+001 
                 9.4373050329336383E-001                  5.4455837439389647E+000                  1.5287328081482782E+001                  4.5701323048203934E+010                 -2.7346425728542521E+000                  5.2813084180567840E+000                  5.2062347830651602E+013                  2.2278575887804408E+001                  3.6317398148957431E+008                  1.6510778629379104E+000                  3.8260540253058473E-001                  6.2484838238661100E-001                  7.9483680297494752E-001                  8.5000496627254152E-001                  4.5697958200582619E+010                  3.3648476213162509E+006                  1.0877680723130761E+004                  3.8204650737919749E-001                  0.0000000000000000E+000                  1.5492623703074383E+004                  2.4039090782453759E+003                  2.9113051092712638E-022                  2.9113051092712638E-022                  0.0000000000000000E+000                  0.0000000000000000E+000                  1.1647166818488032E-023                  0.0000000000000000E+000                  9.1944665536434407E+000                  6.9999999999999996E-001                  2.9797635251139990E-005                  2.7997020236474884E-001                  4.1193902129486445E-003                  1.2067031330276047E-003                  1.1203876416666529E-002                  2.5129237964844936E-003                  9.5710644087274629E-004                  0.0000000000000000E+000                  0.0000000000000000E+000                  0.0000000000000000E+000                  0.0000000000000000E+000                  0.0000000000000000E+000                  0.0000000000000000E+000                  0.0000000000000000E+000                  0.0000000000000000E+000                  0.0000000000000000E+000                  0.0000000000000000E+000                 -6.1252306844570539E+000                 -9.8999999999999986E+001                  0.0000000000000000E+000                  0.0000000000000000E+000                 -9.8999999999999986E+001                 -9.8999999999999986E+001                  1.4473687801704250E+001                 -9.9000000000000000E+001                 -9.9000000000000000E+001                 -9.9000000000000000E+001 
                 9.4038220783581361E-001                  5.4166526324048654E+000                  1.5271387872556266E+001                  4.9065982979211517E+010                 -2.7159656616984682E+000                  5.2931307855981888E+000                  5.3144834772850102E+013                  2.2281308196658813E+001                  3.6167279788897073E+008                  1.6526631897135424E+000                  3.8362041209443365E-001                  6.2461035459744074E-001                  7.9655717489043165E-001                  8.5000496627254152E-001                  4.9062231047960381E+010                  3.7519312511340934E+006                  9.5613766033968404E+003                  3.8311618822806132E-001                  0.0000000000000000E+000                  1.5336272262073249E+004                  2.1881243530889178E+003                  3.0438595569945852E-022                  3.0438595569945852E-022                  0.0000000000000000E+000                  0.0000000000000000E+000                  1.2177474143658165E-023                  0.0000000000000000E+000                  9.4478350777177269E+000                  6.9999999999999996E-001                  2.9797635251139990E-005                  2.7997020236474884E-001                  4.1193902129486445E-003                  1.2067031330276047E-003                  1.1203876416666529E-002                  2.5129237964844936E-003                  9.5710644087274629E-004                  0.0000000000000000E+000                  0.0000000000000000E+000                  0.0000000000000000E+000                  0.0000000000000000E+000                  0.0000000000000000E+000                  0.0000000000000000E+000                  0.0000000000000000E+000                  0.0000000000000000E+000                  0.0000000000000000E+000                  0.0000000000000000E+000                 -6.1209587133334509E+000                 -9.8999999999999986E+001                  0.0000000000000000E+000                  0.0000000000000000E+000                 -9.8999999999999986E+001                 -9.8999999999999986E+001                  1.4478356074113407E+001                 -9.9000000000000000E+001                 -9.9000000000000000E+001                 -9.9000000000000000E+001 
                 9.3685307154370612E-001                  5.3871255871889181E+000                  1.5254123753087640E+001                  5.2676422666941681E+010                 -2.6973180068906397E+000                  5.3049769822212980E+000                  5.4256173757203234E+013                  2.2282710870499194E+001                  3.6029290009225148E+008                  1.6540830816043064E+000                  3.8455002758039097E-001                  6.2439499662857867E-001                  7.9750203695714739E-001                  8.5000496627254152E-001                  5.2672238204651222E+010                  4.1844622904560384E+006                  8.4047456735831383E+003                  3.8408896442181212E-001                  0.0000000000000000E+000                  1.5181288582084879E+004                  1.9937583661600122E+003                  3.7638876343624254E-022                  3.7638876343624259E-022                  0.0000000000000000E+000                  0.0000000000000000E+000                  1.5058069102099660E-023                  0.0000000000000000E+000                  9.7060553579032725E+000                  6.9999999999999996E-001                  2.9797635251139990E-005                  2.7997020236474884E-001                  4.1193902129486445E-003                  1.2067031330276047E-003                  1.1203876416666529E-002                  2.5129237964844936E-003                  9.5710644087274629E-004                  0.0000000000000000E+000                  0.0000000000000000E+000                  0.0000000000000000E+000                  0.0000000000000000E+000                  0.0000000000000000E+000                  0.0000000000000000E+000                  0.0000000000000000E+000                  0.0000000000000000E+000                  0.0000000000000000E+000                  0.0000000000000000E+000                 -6.1177704806167466E+000                 -9.8999999999999986E+001                  0.0000000000000000E+000                  0.0000000000000000E+000                 -9.8999999999999986E+001                 -9.8999999999999986E+001                  1.4482998779907394E+001                 -9.9000000000000000E+001                 -9.9000000000000000E+001                 -9.9000000000000000E+001 
                 9.3313480193581222E-001                  5.3569917415607913E+000                  1.5235437280025888E+001                  5.6550450806684784E+010                 -2.6786985042685973E+000                  5.3168445565135745E+000                  5.5397353005604398E+013                  2.2282024165330959E+001                  3.5901687701632595E+008                  1.6553653851781676E+000                  3.8540854841019723E-001                  6.2419594802410894E-001                  7.9756307656943815E-001                  8.5000496627254152E-001                  5.6545783031233864E+010                  4.6677754509205520E+006                  7.3960900118154368E+003                  3.8498332523161916E-001                  0.0000000000000000E+000                  1.5027860546383587E+004                  1.8192482815477310E+003                  6.4972095585745578E-022                  6.4972095585745578E-022                  0.0000000000000000E+000                  0.0000000000000000E+000                  2.5993187201624883E-023                  0.0000000000000000E+000                  9.9715203467135112E+000                  6.9999999999999996E-001                  2.9797635251139990E-005                  2.7997020236474884E-001                  4.1193902129486445E-003                  1.2067031330276047E-003                  1.1203876416666529E-002                  2.5129237964844936E-003                  9.5710644087274629E-004                  0.0000000000000000E+000                  0.0000000000000000E+000                  0.0000000000000000E+000                  0.0000000000000000E+000                  0.0000000000000000E+000                  0.0000000000000000E+000                  0.0000000000000000E+000                  0.0000000000000000E+000                  0.0000000000000000E+000                  0.0000000000000000E+000                 -6.1157133645343542E+000                 -9.8999999999999986E+001                  0.0000000000000000E+000                  0.0000000000000000E+000                 -9.8999999999999986E+001                 -9.8999999999999986E+001                  1.4487622041970777E+001                 -9.9000000000000000E+001                 -9.9000000000000000E+001                 -9.9000000000000000E+001 
                 9.2921879537432062E-001                  5.3262397151490593E+000                  1.5215218800670062E+001                  6.0707204258414230E+010                 -2.6600992257252316E+000                  5.3287314536649149E+000                  5.6569809994812883E+013                  2.2282889414131763E+001                  3.5784059946952665E+008                  1.6565108087054596E+000                  3.8619815459557233E-001                  6.2398673417445694E-001                  7.9774146144954006E-001                  8.5000496627254152E-001                  6.0701996419478638E+010                  5.2078389355892623E+006                  6.5138180894926518E+003                  3.8580766952393558E-001                  0.0000000000000000E+000                  1.4876236446053668E+004                  1.6605585937815765E+003                  1.1171166015157943E-021                  1.1171166015157943E-021                  0.0000000000000000E+000                  0.0000000000000000E+000                  4.4692144110258712E-023                  0.0000000000000000E+000                  1.0248757493469164E+001                  6.9999999999999996E-001                  2.9797635251139990E-005                  2.7997020236474884E-001                  4.1193902129486445E-003                  1.2067031330276047E-003                  1.1203876416666529E-002                  2.5129237964844936E-003                  9.5710644087274629E-004                  0.0000000000000000E+000                  0.0000000000000000E+000                  0.0000000000000000E+000                  0.0000000000000000E+000                  0.0000000000000000E+000                  0.0000000000000000E+000                  0.0000000000000000E+000                  0.0000000000000000E+000                  0.0000000000000000E+000                  0.0000000000000000E+000                 -6.1136697455965177E+000                 -9.8999999999999986E+001                  0.0000000000000000E+000                  0.0000000000000000E+000                 -9.8999999999999986E+001                 -9.8999999999999986E+001                  1.4492236274846963E+001                 -9.9000000000000000E+001                 -9.9000000000000000E+001                 -9.9000000000000000E+001 
                 9.2509612287867582E-001                  5.2948580282211184E+000                  1.5193341499211662E+001                  6.5167256681841919E+010                 -2.6415184597389891E+000                  5.3406358302530776E+000                  5.7774248817743906E+013                  2.2284659701716674E+001                  3.5675724550170159E+008                  1.6575280291880325E+000                  3.8692147555909456E-001                  6.2377559621104239E-001                  7.9850892661935124E-001                  8.5000496627254152E-001                  6.5161445358361961E+010                  5.8113234799574548E+006                  5.7373318308085090E+003                  3.8656439594793934E-001                  0.0000000000000000E+000                  1.4726438275965314E+004                  1.5156865426319766E+003                  1.9130617043126394E-021                  1.9130617043126394E-021                  0.0000000000000000E+000                  0.0000000000000000E+000                  7.6535282200493395E-023                  0.0000000000000000E+000                  1.0534602905510601E+001                  6.9999999999999996E-001                  2.9797635251139990E-005                  2.7997020236474884E-001                  4.1193902129486445E-003                  1.2067031330276047E-003                  1.1203876416666529E-002                  2.5129237964844936E-003                  9.5710644087274629E-004                  0.0000000000000000E+000                  0.0000000000000000E+000                  0.0000000000000000E+000                  0.0000000000000000E+000                  0.0000000000000000E+000                  0.0000000000000000E+000                  0.0000000000000000E+000                  0.0000000000000000E+000                  0.0000000000000000E+000                  0.0000000000000000E+000                 -6.1110001764053514E+000                 -9.8999999999999986E+001                  0.0000000000000000E+000                  0.0000000000000000E+000                 -9.8999999999999986E+001                 -9.8999999999999986E+001                  1.4496840639150660E+001                 -9.9000000000000000E+001                 -9.9000000000000000E+001                 -9.9000000000000000E+001 
                 9.2075751751701285E-001                  5.2628346204445569E+000                  1.5169676199075406E+001                  6.9952736125495529E+010                 -2.6229560278393067E+000                  5.3525560099995966E+000                  5.9011491746776430E+013                  2.2285360301115034E+001                  3.5576008976383328E+008                  1.6584361179749052E+000                  3.8757793413390362E-001                  6.2359118710640082E-001                  8.0024042844592025E-001                  8.5000496627254152E-001                  6.9946250441724091E+010                  6.4856837714319816E+006                  5.0562840513834071E+003                  3.8725457123959528E-001                  0.0000000000000000E+000                  1.4578415329168536E+004                  1.3853296154029874E+003                  3.2628592576841680E-021                  3.2628592576841680E-021                  0.0000000000000000E+000                  0.0000000000000000E+000                  1.3053623331341652E-022                  0.0000000000000000E+000                  1.0827685794523337E+001                  6.9999999999999996E-001                  2.9797635251139990E-005                  2.7997020236474884E-001                  4.1193902129486445E-003                  1.2067031330276047E-003                  1.1203876416666529E-002                  2.5129237964844936E-003                  9.5710644087274629E-004                  0.0000000000000000E+000                  0.0000000000000000E+000                  0.0000000000000000E+000                  0.0000000000000000E+000                  0.0000000000000000E+000                  0.0000000000000000E+000                  0.0000000000000000E+000                  0.0000000000000000E+000                  0.0000000000000000E+000                  0.0000000000000000E+000                 -6.1072268748210501E+000                 -9.8999999999999986E+001                  0.0000000000000000E+000                  0.0000000000000000E+000                 -9.8999999999999986E+001                 -9.8999999999999986E+001                  1.4501431673183999E+001                 -9.9000000000000000E+001                 -9.9000000000000000E+001                 -9.9000000000000000E+001 
                 9.1619336323267697E-001                  5.2301566847925196E+000                  1.5144088003607362E+001                  7.5087452361801620E+010                 -2.6044118456286047E+000                  5.3644906242435271E+000                  6.0282862576441234E+013                  2.2283775676893008E+001                  3.5484168629274952E+008                  1.6592469643354673E+000                  3.8818006651430348E-001                  6.2342460336997951E-001                  8.0168521917812285E-001                  8.5000496627254152E-001                  7.5080213100937973E+010                  7.2392608636538228E+006                  4.4634975407315897E+003                  3.8788400915991444E-001                  0.0000000000000000E+000                  1.4432224218383262E+004                  1.2688225587058585E+003                  5.5423386510872338E-021                  5.5423386510872338E-021                  0.0000000000000000E+000                  0.0000000000000000E+000                  2.2173069645912767E-022                  0.0000000000000000E+000                  1.1128847876053282E+001                  6.9999999999999996E-001                  2.9797635251139990E-005                  2.7997020236474884E-001                  4.1193902129486445E-003                  1.2067031330276047E-003                  1.1203876416666529E-002                  2.5129237964844936E-003                  9.5710644087274629E-004                  0.0000000000000000E+000                  0.0000000000000000E+000                  0.0000000000000000E+000                  0.0000000000000000E+000                  0.0000000000000000E+000                  0.0000000000000000E+000                  0.0000000000000000E+000                  0.0000000000000000E+000                  0.0000000000000000E+000                  0.0000000000000000E+000                 -6.1040417623932495E+000                 -9.8999999999999986E+001                  0.0000000000000000E+000                  0.0000000000000000E+000                 -9.8999999999999986E+001                 -9.8999999999999986E+001                  1.4506013404560031E+001                 -9.9000000000000000E+001                 -9.9000000000000000E+001                 -9.9000000000000000E+001 
                 9.1139368407722554E-001                  5.1968106000917489E+000                  1.5116430937274215E+001                  8.0597035025036148E+010                 -2.5858864851806480E+000                  5.3764388132994405E+000                  6.1589278696058961E+013                  2.2280094495087521E+001                  3.5398810161943078E+008                  1.6599772568055235E+000                  3.8874052306513307E-001                  6.2327440725323369E-001                  8.0241302070044218E-001                  8.5000496627254152E-001                  8.0588953617975311E+010                  8.0814070608311109E+006                  3.9458639382472256E+003                  3.8846530445182714E-001                  0.0000000000000000E+000                  1.4287912267789963E+004                  1.1629465637567869E+003                  9.3758070313162252E-021                  9.3758070313162252E-021                  0.0000000000000000E+000                  0.0000000000000000E+000                  3.7509515114382342E-022                  0.0000000000000000E+000                  1.1437889570958161E+001                  6.9999999999999996E-001                  2.9797635251139990E-005                  2.7997020236474884E-001                  4.1193902129486445E-003                  1.2067031330276047E-003                  1.1203876416666529E-002                  2.5129237964844936E-003                  9.5710644087274629E-004                  0.0000000000000000E+000                  0.0000000000000000E+000                  0.0000000000000000E+000                  0.0000000000000000E+000                  0.0000000000000000E+000                  0.0000000000000000E+000                  0.0000000000000000E+000                  0.0000000000000000E+000                  0.0000000000000000E+000                  0.0000000000000000E+000                 -6.1018734261388676E+000                 -9.8999999999999986E+001                  0.0000000000000000E+000                  0.0000000000000000E+000                 -9.8999999999999986E+001                 -9.8999999999999986E+001                  1.4510591094130920E+001                 -9.9000000000000000E+001                 -9.9000000000000000E+001                 -9.9000000000000000E+001 
                 9.0634813428003358E-001                  5.1627818199858675E+000                  1.5086549733139970E+001                  8.6509083247689896E+010                 -2.5673768760791491E+000                  5.3884001348894461E+000                  6.2932816219520133E+013                  2.2279514489530005E+001                  3.5317970599723536E+008                  1.6606487496971172E+000                  3.8926631651458782E-001                  6.2315195472833329E-001                  8.0268521874570731E-001                  8.5000496627254152E-001                  8.6500060635953018E+010                  9.0226117368834727E+006                  3.4892552090930917E+003                  3.8900836138216238E-001                  0.0000000000000000E+000                  1.4145505836412904E+004                  1.0656765187922244E+003                  1.5796183125747234E-020                  1.5796183125747234E-020                  0.0000000000000000E+000                  0.0000000000000000E+000                  6.3195328800363380E-022                  0.0000000000000000E+000                  1.1754138011101031E+001                  6.9999999999999996E-001                  2.9797635251139990E-005                  2.7997020236474884E-001                  4.1193902129486445E-003                  1.2067031330276047E-003                  1.1203876416666529E-002                  2.5129237964844936E-003                  9.5710644087274629E-004                  0.0000000000000000E+000                  0.0000000000000000E+000                  0.0000000000000000E+000                  0.0000000000000000E+000                  0.0000000000000000E+000                  0.0000000000000000E+000                  0.0000000000000000E+000                  0.0000000000000000E+000                  0.0000000000000000E+000                  0.0000000000000000E+000                 -6.1001730650370458E+000                 -9.8999999999999986E+001                  0.0000000000000000E+000                  0.0000000000000000E+000                 -9.8999999999999986E+001                 -9.8999999999999986E+001                  1.4515168001708293E+001                 -9.9000000000000000E+001                 -9.9000000000000000E+001                 -9.9000000000000000E+001 
                 9.0104598986794426E-001                  5.1280551063199846E+000                  1.5054280693817912E+001                  9.4539109541012329E+010                 -2.5442532967244205E+000                  5.4035005273704630E+000                  6.4680332551556070E+013                  2.2283822511293607E+001                  3.5229709011409259E+008                  1.6613186634791635E+000                  3.8983041081056474E-001                  6.2300477370061547E-001                  8.0276926987743713E-001                  8.5000496627254152E-001                  9.4528740613484848E+010                  1.0368927527488461E+007                  3.0884027269636699E+003                  3.8949460359463400E-001                  0.0000000000000000E+000                  1.4006497290447076E+004                  9.5562303810078402E+002                  3.0303177126636815E-020                  3.0303177126636815E-020                  0.0000000000000000E+000                  0.0000000000000000E+000                  1.2123304639098151E-021                  0.0000000000000000E+000                  1.2170129724518898E+001                  6.9999999999999996E-001                  2.9797635251139990E-005                  2.7997020236474884E-001                  4.1193902129486445E-003                  1.2067031330276047E-003                  1.1203876416666529E-002                  2.5129237964844936E-003                  9.5710644087274629E-004                  0.0000000000000000E+000                  0.0000000000000000E+000                  0.0000000000000000E+000                  0.0000000000000000E+000                  0.0000000000000000E+000                  0.0000000000000000E+000                  0.0000000000000000E+000                  0.0000000000000000E+000                  0.0000000000000000E+000                  0.0000000000000000E+000                 -6.0988768374103151E+000                 -9.8999999999999986E+001                  0.0000000000000000E+000                  0.0000000000000000E+000                 -9.8999999999999986E+001                 -9.8999999999999986E+001                  1.4519859258941256E+001                 -9.9000000000000000E+001                 -9.9000000000000000E+001                 -9.9000000000000000E+001 
                 8.9258725077688428E-001                  5.0746152174903676E+000                  1.5000978567365200E+001                  1.0325065564782973E+011                 -2.5211230149122543E+000                  5.4183570832171419E+000                  6.6451929435665516E+013                  2.2285978730462716E+001                  3.5163816415654862E+008                  1.6617247512415432E+000                  3.9024295213353349E-001                  6.2283220794211291E-001                  8.0320176773396879E-001                  8.5000496627254152E-001                  1.0323876624443584E+011                  1.1889403393886002E+007                  2.5760356152619042E+003                  3.9008206981972809E-001                  0.0000000000000000E+000                  1.3799085475860087E+004                  8.6135764638687988E+002                  5.7176849168511188E-020                  5.7176849168511188E-020                  0.0000000000000000E+000                  0.0000000000000000E+000                  2.2874579066068816E-021                  0.0000000000000000E+000                  1.2600138474589363E+001                  6.9999999999999996E-001                  2.9797635251139990E-005                  2.7997020236474884E-001                  4.1193902129486445E-003                  1.2067031330276047E-003                  1.1203876416666529E-002                  2.5129237964844936E-003                  9.5710644087274629E-004                  0.0000000000000000E+000                  0.0000000000000000E+000                  0.0000000000000000E+000                  0.0000000000000000E+000                  0.0000000000000000E+000                  0.0000000000000000E+000                  0.0000000000000000E+000                  0.0000000000000000E+000                  0.0000000000000000E+000                  0.0000000000000000E+000                 -6.0963763889885332E+000                 -9.8999999999999986E+001                  0.0000000000000000E+000                  0.0000000000000000E+000                 -9.8999999999999986E+001                 -9.8999999999999986E+001                  1.4526725896836558E+001                 -9.9000000000000000E+001                 -9.9000000000000000E+001                 -9.9000000000000000E+001 
                 8.8659416782207678E-001                  5.0380745612180426E+000                  1.4961879238261847E+001                  1.1082102977704131E+011                 -2.5026228077504973E+000                  5.4303558682847752E+000                  6.7925051879843516E+013                  2.2286463100097983E+001                  3.5113648781574297E+008                  1.6620195130843929E+000                  3.9054647134572418E-001                  6.2270254339644615E-001                  8.0402780993030731E-001                  8.5000496627254152E-001                  1.1080775108794121E+011                  1.3278689100094704E+007                  2.2861461528718869E+003                  3.9040076824209619E-001                  0.0000000000000000E+000                  1.3661094827633460E+004                  7.9313011026141203E+002                  9.4963874212456517E-020                  9.4963874212456517E-020                  0.0000000000000000E+000                  0.0000000000000000E+000                  3.7991929187166053E-021                  0.0000000000000000E+000                  1.2955581679410979E+001                  6.9999999999999996E-001                  2.9797635251139990E-005                  2.7997020236474884E-001                  4.1193902129486445E-003                  1.2067031330276047E-003                  1.1203876416666529E-002                  2.5129237964844936E-003                  9.5710644087274629E-004                  0.0000000000000000E+000                  0.0000000000000000E+000                  0.0000000000000000E+000                  0.0000000000000000E+000                  0.0000000000000000E+000                  0.0000000000000000E+000                  0.0000000000000000E+000                  0.0000000000000000E+000                  0.0000000000000000E+000                  0.0000000000000000E+000                 -6.0941615728526823E+000                 -9.8999999999999986E+001                  0.0000000000000000E+000                  0.0000000000000000E+000                 -9.8999999999999986E+001                 -9.8999999999999986E+001                  1.4531176971106511E+001                 -9.9000000000000000E+001                 -9.9000000000000000E+001                 -9.9000000000000000E+001 
                 8.8030391255714868E-001                  5.0007788275387011E+000                  1.4919683471317484E+001                  1.1788809952116837E+011                 -2.4864359996520249E+000                  5.4408190753786432E+000                  6.9245183206322477E+013                  2.2285111788506164E+001                  3.5064957557462770E+008                  1.6623495169374398E+000                  3.9084894410215032E-001                  6.2260326033164082E-001                  8.0483747718741938E-001                  8.5000496627254152E-001                  1.1787347747903239E+011                  1.4622042135978637E+007                  2.0321338699953703E+003                  3.9072547379717204E-001                  0.0000000000000000E+000                  1.3525294870098714E+004                  7.3884438064418418E+002                  1.4729483808738491E-019                  1.4729483808738491E-019                  0.0000000000000000E+000                  0.0000000000000000E+000                  5.8927834040720229E-021                  0.0000000000000000E+000                  1.3269984203019165E+001                  6.9999999999999996E-001                  2.9797635251139990E-005                  2.7997020236474884E-001                  4.1193902129486445E-003                  1.2067031330276047E-003                  1.1203876416666529E-002                  2.5129237964844936E-003                  9.5710644087274629E-004                  0.0000000000000000E+000                  0.0000000000000000E+000                  0.0000000000000000E+000                  0.0000000000000000E+000                  0.0000000000000000E+000                  0.0000000000000000E+000                  0.0000000000000000E+000                  0.0000000000000000E+000                  0.0000000000000000E+000                  0.0000000000000000E+000                 -6.0919969327534993E+000                 -9.8999999999999986E+001                  0.0000000000000000E+000                  0.0000000000000000E+000                 -9.8999999999999986E+001                 -9.8999999999999986E+001                  1.4535674638616682E+001                 -9.9000000000000000E+001                 -9.9000000000000000E+001                 -9.9000000000000000E+001 
                 8.7538372135795939E-001                  4.9723016824510724E+000                  1.4885877292522213E+001                  1.2543096431215187E+011                 -2.4702651163114409E+000                  5.4513806653700518E+000                  7.0615449034042125E+013                  2.2282722778305203E+001                  3.5007555281073022E+008                  1.6627949446290089E+000                  3.9122270494694811E-001                  6.2250889479230942E-001                  8.0570971699374871E-001                  8.5000496627254152E-001                  1.2541484841856689E+011                  1.6115893584979856E+007                  1.8624816015931374E+003                  3.9101427476054235E-001                  0.0000000000000000E+000                  1.3425519306726970E+004                  6.8860651707363570E+002                  2.2854324358652155E-019                  2.2854324358652155E-019                  0.0000000000000000E+000                  0.0000000000000000E+000                  9.1432662479434984E-021                  0.0000000000000000E+000                  1.3592338165097521E+001                  6.9999999999999996E-001                  2.9797635251139990E-005                  2.7997020236474884E-001                  4.1193902129486445E-003                  1.2067031330276047E-003                  1.1203876416666529E-002                  2.5129237964844936E-003                  9.5710644087274629E-004                  0.0000000000000000E+000                  0.0000000000000000E+000                  0.0000000000000000E+000                  0.0000000000000000E+000                  0.0000000000000000E+000                  0.0000000000000000E+000                  0.0000000000000000E+000                  0.0000000000000000E+000                  0.0000000000000000E+000                  0.0000000000000000E+000                 -6.0901656497378767E+000                 -9.8999999999999986E+001                  0.0000000000000000E+000                  0.0000000000000000E+000                 -9.8999999999999986E+001                 -9.8999999999999986E+001                  1.4539109273767334E+001                 -9.9000000000000000E+001                 -9.9000000000000000E+001                 -9.9000000000000000E+001 
                 8.6854320870838031E-001                  4.9336384229326526E+000                  1.4837735027476940E+001                  1.3463119876260036E+011                 -2.4517893457813660E+000                  5.4634159682768830E+000                  7.2219689632846375E+013                  2.2279879397138341E+001                  3.4940710796833569E+008                  1.6633290044763995E+000                  3.9166177343561148E-001                  6.2240646646488917E-001                  8.0660040838673863E-001                  8.5000496627254152E-001                  1.3461319365991049E+011                  1.8005102689860046E+007                  1.6610847014326800E+003                  3.9144559187209743E-001                  0.0000000000000000E+000                  1.3295747090120911E+004                  6.3670916344385012E+002                  3.7552378133235646E-019                  3.7552378133235646E-019                  0.0000000000000000E+000                  0.0000000000000000E+000                  1.5023477076099248E-020                  0.0000000000000000E+000                  1.3965478082521141E+001                  6.9999999999999996E-001                  2.9797635251139990E-005                  2.7997020236474884E-001                  4.1193902129486445E-003                  1.2067031330276047E-003                  1.1203876416666529E-002                  2.5129237964844936E-003                  9.5710644087274629E-004                  0.0000000000000000E+000                  0.0000000000000000E+000                  0.0000000000000000E+000                  0.0000000000000000E+000                  0.0000000000000000E+000                  0.0000000000000000E+000                  0.0000000000000000E+000                  0.0000000000000000E+000                  0.0000000000000000E+000                  0.0000000000000000E+000                 -6.0880990977749896E+000                 -9.8999999999999986E+001                  0.0000000000000000E+000                  0.0000000000000000E+000                 -9.8999999999999986E+001                 -9.8999999999999986E+001                  1.4543796121414792E+001                 -9.9000000000000000E+001                 -9.9000000000000000E+001                 -9.9000000000000000E+001 
                 8.6137036030383873E-001                  4.8941650685858207E+000                  1.4785868023992071E+001                  1.4195205332069507E+011                 -2.4379265822882736E+000                  5.4723797012327404E+000                  7.3442448871198234E+013                  2.2278953805401418E+001                  3.4894884857336384E+008                  1.6636766296357055E+000                  3.9195936911461787E-001                  6.2233119621015276E-001                  8.0690684367534682E-001                  8.5000496627254152E-001                  1.4193249864875067E+011                  1.9554671944395225E+007                  1.4828519957836550E+003                  3.9186599502254810E-001                  0.0000000000000000E+000                  1.3166698710740437E+004                  6.0133501288157242E+002                  5.4218348731615555E-019                  5.4218348731615545E-019                  0.0000000000000000E+000                  0.0000000000000000E+000                  2.1690987587703387E-020                  0.0000000000000000E+000                  1.4249727750004640E+001                  6.9999999999999996E-001                  2.9797635251139990E-005                  2.7997020236474884E-001                  4.1193902129486445E-003                  1.2067031330276047E-003                  1.1203876416666529E-002                  2.5129237964844936E-003                  9.5710644087274629E-004                  0.0000000000000000E+000                  0.0000000000000000E+000                  0.0000000000000000E+000                  0.0000000000000000E+000                  0.0000000000000000E+000                  0.0000000000000000E+000                  0.0000000000000000E+000                  0.0000000000000000E+000                  0.0000000000000000E+000                  0.0000000000000000E+000                 -6.0867364849580543E+000                 -9.8999999999999986E+001                  0.0000000000000000E+000                  0.0000000000000000E+000                 -9.8999999999999986E+001                 -9.8999999999999986E+001                  1.4548379019630122E+001                 -9.9000000000000000E+001                 -9.9000000000000000E+001                 -9.9000000000000000E+001 
                 8.5765511418870144E-001                  4.8741196448381876E+000                  1.4758456205085114E+001                  1.4971850581918692E+011                 -2.4240842061045922E+000                  5.4814991573076819E+000                  7.4711692354744656E+013                  2.2280145669684583E+001                  3.4852242240039504E+008                  1.6639770777010445E+000                  3.9223367428024852E-001                  6.2225437118946614E-001                  8.0705896596796811E-001                  8.5000496627254152E-001                  1.4969723773558575E+011                  2.1268083601160426E+007                  1.4022557711890965E+003                  3.9205665592956207E-001                  0.0000000000000000E+000                  1.3103660836239580E+004                  5.6771548807948591E+002                  7.8540529356480682E-019                  7.8540529356480682E-019                  0.0000000000000000E+000                  0.0000000000000000E+000                  3.1421498262233190E-020                  0.0000000000000000E+000                  1.4548035877510046E+001                  6.9999999999999996E-001                  2.9797635251139990E-005                  2.7997020236474884E-001                  4.1193902129486445E-003                  1.2067031330276047E-003                  1.1203876416666529E-002                  2.5129237964844936E-003                  9.5710644087274629E-004                  0.0000000000000000E+000                  0.0000000000000000E+000                  0.0000000000000000E+000                  0.0000000000000000E+000                  0.0000000000000000E+000                  0.0000000000000000E+000                  0.0000000000000000E+000                  0.0000000000000000E+000                  0.0000000000000000E+000                  0.0000000000000000E+000                 -6.0861521625984683E+000                 -9.8999999999999986E+001                  0.0000000000000000E+000                  0.0000000000000000E+000                 -9.8999999999999986E+001                 -9.8999999999999986E+001                  1.4550744761710279E+001                 -9.9000000000000000E+001                 -9.9000000000000000E+001                 -9.9000000000000000E+001 
                 8.4995839805907858E-001                  4.8333900812238282E+000                  1.4700479499874094E+001                  1.5786611132259293E+011                 -2.4102144082862700E+000                  5.4904818207200137E+000                  7.5985548526639875E+013                  2.2281396095213985E+001                  3.4815317251390433E+008                  1.6642192934487421E+000                  3.9246943383931543E-001                  6.2218186519674834E-001                  8.0708197926413516E-001                  8.5000496627254152E-001                  1.5784300882081009E+011                  2.3102501782851830E+007                  1.2553590093581859E+003                  3.9239663229787031E-001                  0.0000000000000000E+000                  1.2978770258337430E+004                  5.3703229593854928E+002                  1.1293456365243714E-018                  1.1293456365243714E-018                  0.0000000000000000E+000                  0.0000000000000000E+000                  4.5181429845924305E-020                  0.0000000000000000E+000                  1.4852541068861630E+001                  6.9999999999999996E-001                  2.9797635251139990E-005                  2.7997020236474884E-001                  4.1193902129486445E-003                  1.2067031330276047E-003                  1.1203876416666529E-002                  2.5129237964844936E-003                  9.5710644087274629E-004                  0.0000000000000000E+000                  0.0000000000000000E+000                  0.0000000000000000E+000                  0.0000000000000000E+000                  0.0000000000000000E+000                  0.0000000000000000E+000                  0.0000000000000000E+000                  0.0000000000000000E+000                  0.0000000000000000E+000                  0.0000000000000000E+000                 -6.0852216073827865E+000                 -9.8999999999999986E+001                  0.0000000000000000E+000                  0.0000000000000000E+000                 -9.8999999999999986E+001                 -9.8999999999999986E+001                  1.4555498727873868E+001                 -9.9000000000000000E+001                 -9.9000000000000000E+001                 -9.9000000000000000E+001 
                 8.4597343474258013E-001                  4.8127042316844504E+000                  1.4669833853340132E+001                  1.6356054309637137E+011                 -2.4009701503546461E+000                  5.4965231975767903E+000                  7.6856673406736031E+013                  2.2282561303699250E+001                  3.4792640213975495E+008                  1.6643568297188152E+000                  3.9261184484623279E-001                  6.2213738636656091E-001                  8.0714353166810704E-001                  8.5000496627254152E-001                  1.6353611866172568E+011                  2.4424434645681556E+007                  1.1881553537872649E+003                  3.9254726205589857E-001                  0.0000000000000000E+000                  1.2916186896176348E+004                  5.1750343421500679E+002                  1.4396187428602806E-018                  1.4396187428602806E-018                  0.0000000000000000E+000                  0.0000000000000000E+000                  5.7594445737209780E-020                  0.0000000000000000E+000                  1.5063009714226560E+001                  6.9999999999999996E-001                  2.9797635251139990E-005                  2.7997020236474884E-001                  4.1193902129486445E-003                  1.2067031330276047E-003                  1.1203876416666529E-002                  2.5129237964844936E-003                  9.5710644087274629E-004                  0.0000000000000000E+000                  0.0000000000000000E+000                  0.0000000000000000E+000                  0.0000000000000000E+000                  0.0000000000000000E+000                  0.0000000000000000E+000                  0.0000000000000000E+000                  0.0000000000000000E+000                  0.0000000000000000E+000                  0.0000000000000000E+000                 -6.0847349787010394E+000                 -9.8999999999999986E+001                  0.0000000000000000E+000                  0.0000000000000000E+000                 -9.8999999999999986E+001                 -9.8999999999999986E+001                  1.4557829391535515E+001                 -9.9000000000000000E+001                 -9.9000000000000000E+001                 -9.9000000000000000E+001 
                 8.4189504021210770E-001                  4.7917993771025591E+000                  1.4638025243422787E+001                  1.6946198062547302E+011                 -2.3917206687571104E+000                  5.5025682829170739E+000                  7.7740190959393609E+013                  2.2283247182477322E+001                  3.4771429231138039E+008                  1.6644786067771948E+000                  3.9274268883698671E-001                  6.2209845967511290E-001                  8.0737497030922289E-001                  8.5000496627254152E-001                  1.6943615773452307E+011                  2.5822890949947461E+007                  1.1251453537924913E+003                  3.9268378851105901E-001                  0.0000000000000000E+000                  1.2854521539577094E+004                  4.9879905552916881E+002                  1.8334523032964990E-018                  1.8334523032964990E-018                  0.0000000000000000E+000                  0.0000000000000000E+000                  7.3350443819802077E-020                  0.0000000000000000E+000                  1.5278331322790940E+001                  6.9999999999999996E-001                  2.9797635251139990E-005                  2.7997020236474884E-001                  4.1193902129486445E-003                  1.2067031330276047E-003                  1.1203876416666529E-002                  2.5129237964844936E-003                  9.5710644087274629E-004                  0.0000000000000000E+000                  0.0000000000000000E+000                  0.0000000000000000E+000                  0.0000000000000000E+000                  0.0000000000000000E+000                  0.0000000000000000E+000                  0.0000000000000000E+000                  0.0000000000000000E+000                  0.0000000000000000E+000                  0.0000000000000000E+000                 -6.0840415096641092E+000                 -9.8999999999999986E+001                  0.0000000000000000E+000                  0.0000000000000000E+000                 -9.8999999999999986E+001                 -9.8999999999999986E+001                  1.4560216987075911E+001                 -9.9000000000000000E+001                 -9.9000000000000000E+001                 -9.9000000000000000E+001 
                 8.3772142094927537E-001                  4.7706727227510966E+000                  1.4605008635661839E+001                  1.7557812674671259E+011                 -2.3824663244626585E+000                  5.5086170386683522E+000                  7.8636464492650281E+013                  2.2283414293148525E+001                  3.4751346793869227E+008                  1.6645892118057430E+000                  3.9286485117241654E-001                  6.2206482643497929E-001                  8.0777664745116584E-001                  8.5000496627254152E-001                  1.7555082440586151E+011                  2.7302340851074994E+007                  1.0657224402162599E+003                  3.9281017736123264E-001                  0.0000000000000000E+000                  1.2793142921419749E+004                  4.8085684623625286E+002                  2.3328862788872496E-018                  2.3328862788872496E-018                  0.0000000000000000E+000                  0.0000000000000000E+000                  9.3331171515226224E-020                  0.0000000000000000E+000                  1.5497675966618049E+001                  6.9999999999999996E-001                  2.9797635251139990E-005                  2.7997020236474884E-001                  4.1193902129486445E-003                  1.2067031330276047E-003                  1.1203876416666529E-002                  2.5129237964844936E-003                  9.5710644087274629E-004                  0.0000000000000000E+000                  0.0000000000000000E+000                  0.0000000000000000E+000                  0.0000000000000000E+000                  0.0000000000000000E+000                  0.0000000000000000E+000                  0.0000000000000000E+000                  0.0000000000000000E+000                  0.0000000000000000E+000                  0.0000000000000000E+000                 -6.0831584153004208E+000                 -9.8999999999999986E+001                  0.0000000000000000E+000                  0.0000000000000000E+000                 -9.8999999999999986E+001                 -9.8999999999999986E+001                  1.4562607564389950E+001                 -9.9000000000000000E+001                 -9.9000000000000000E+001                 -9.9000000000000000E+001 
                 8.3345076646920024E-001                  4.7493213908639111E+000                  1.4570739376921985E+001                  1.8191697641574792E+011                 -2.3732086367037830E+000                  5.5146694722690190E+000                  7.9545601924507281E+013                  2.2283424427583569E+001                  3.4732027019916689E+008                  1.6646927979604180E+000                  3.9298198567121634E-001                  6.2203433344559045E-001                  8.0821909971960748E-001                  8.5000496627254152E-001                  1.8188810888622592E+011                  2.8867529522018194E+007                  1.0096473510673063E+003                  3.9292969399420380E-001                  0.0000000000000000E+000                  1.2732066086472820E+004                  4.6364461034949193E+002                  2.9656452445338966E-018                  2.9656452445338966E-018                  0.0000000000000000E+000                  0.0000000000000000E+000                  1.1864579928371554E-019                  0.0000000000000000E+000                  1.5719392990827931E+001                  6.9999999999999996E-001                  2.9797635251139990E-005                  2.7997020236474884E-001                  4.1193902129486445E-003                  1.2067031330276047E-003                  1.1203876416666529E-002                  2.5129237964844936E-003                  9.5710644087274629E-004                  0.0000000000000000E+000                  0.0000000000000000E+000                  0.0000000000000000E+000                  0.0000000000000000E+000                  0.0000000000000000E+000                  0.0000000000000000E+000                  0.0000000000000000E+000                  0.0000000000000000E+000                  0.0000000000000000E+000                  0.0000000000000000E+000                 -6.0822503328424169E+000                 -9.8999999999999986E+001                  0.0000000000000000E+000                  0.0000000000000000E+000                 -9.8999999999999986E+001                 -9.8999999999999986E+001                  1.4565001900756354E+001                 -9.9000000000000000E+001                 -9.9000000000000000E+001                 -9.9000000000000000E+001 
                 8.2908125038791036E-001                  4.7277423606679472E+000                  1.4535175195911496E+001                  1.8848682794533344E+011                 -2.3639487212711972E+000                  5.5207256374833653E+000                  8.0467521833049016E+013                  2.2283469821715965E+001                  3.4713109006498897E+008                  1.6647928178386373E+000                  3.9309704093116771E-001                  6.2200518137939920E-001                  8.0863199458157020E-001                  8.5000496627254152E-001                  1.8845630444894287E+011                  3.0523496390577007E+007                  9.5673330711309927E+002                  3.9304564385322560E-001                  0.0000000000000000E+000                  1.2671311082545868E+004                  4.4713908402103448E+002                  3.7665825164117278E-018                  3.7665825164117278E-018                  0.0000000000000000E+000                  0.0000000000000000E+000                  1.5068869551524444E-019                  0.0000000000000000E+000                  1.5942673290049745E+001                  6.9999999999999996E-001                  2.9797635251139990E-005                  2.7997020236474884E-001                  4.1193902129486445E-003                  1.2067031330276047E-003                  1.1203876416666529E-002                  2.5129237964844936E-003                  9.5710644087274629E-004                  0.0000000000000000E+000                  0.0000000000000000E+000                  0.0000000000000000E+000                  0.0000000000000000E+000                  0.0000000000000000E+000                  0.0000000000000000E+000                  0.0000000000000000E+000                  0.0000000000000000E+000                  0.0000000000000000E+000                  0.0000000000000000E+000                 -6.0813741464979447E+000                 -9.8999999999999986E+001                  0.0000000000000000E+000                  0.0000000000000000E+000                 -9.8999999999999986E+001                 -9.8999999999999986E+001                  1.4567401445454660E+001                 -9.9000000000000000E+001                 -9.9000000000000000E+001                 -9.9000000000000000E+001 
                 8.2461103153141435E-001                  4.7059324831672056E+000                  1.4498274578661869E+001                  1.9529629465661169E+011                 -2.3546871897708632E+000                  5.5267856180452739E+000                  8.1402112853516047E+013                  2.2283495681540597E+001                  3.4694311018675196E+008                  1.6648912918922030E+000                  3.9321151664408260E-001                  6.2197629235320762E-001                  8.0903403875127233E-001                  8.5000496627254152E-001                  1.9526401906573560E+011                  3.2275590876085814E+007                  9.0681792905820964E+002                  3.9316025951550593E-001                  0.0000000000000000E+000                  1.2610901729319718E+004                  4.3132399961162992E+002                  4.7794769755988585E-018                  4.7794769755988585E-018                  0.0000000000000000E+000                  0.0000000000000000E+000                  1.9121131166513362E-019                  0.0000000000000000E+000                  1.6167424537470591E+001                  6.9999999999999996E-001                  2.9797635251139990E-005                  2.7997020236474884E-001                  4.1193902129486445E-003                  1.2067031330276047E-003                  1.1203876416666529E-002                  2.5129237964844936E-003                  9.5710644087274629E-004                  0.0000000000000000E+000                  0.0000000000000000E+000                  0.0000000000000000E+000                  0.0000000000000000E+000                  0.0000000000000000E+000                  0.0000000000000000E+000                  0.0000000000000000E+000                  0.0000000000000000E+000                  0.0000000000000000E+000                  0.0000000000000000E+000                 -6.0804608786036303E+000                 -9.8999999999999986E+001                  0.0000000000000000E+000                  0.0000000000000000E+000                 -9.8999999999999986E+001                 -9.8999999999999986E+001                  1.4569808378093430E+001                 -9.9000000000000000E+001                 -9.9000000000000000E+001                 -9.9000000000000000E+001 
                 8.2003825511618877E-001                  4.6838885019347938E+000                  1.4459995232769456E+001                  2.0235431683993167E+011                 -2.3454244472513399E+000                  5.5328495051819830E+000                  8.2349743430936312E+013                  2.2283400712200649E+001                  3.4675536330028713E+008                  1.6649880580780889E+000                  3.9332544031238159E-001                  6.2194714515529659E-001                  8.0945291828016797E-001                  8.5000496627254152E-001                  2.0232018735373105E+011                  3.4129486200610168E+007                  8.5976321935458498E+002                  3.9327431292002274E-001                  0.0000000000000000E+000                  1.2550861300386952E+004                  4.1619363952316610E+002                  6.0592672047684113E-018                  6.0592672047684113E-018                  0.0000000000000000E+000                  0.0000000000000000E+000                  2.4241156288487389E-019                  0.0000000000000000E+000                  1.6393528903846377E+001                  6.9999999999999996E-001                  2.9797635251139990E-005                  2.7997020236474884E-001                  4.1193902129486445E-003                  1.2067031330276047E-003                  1.1203876416666529E-002                  2.5129237964844936E-003                  9.5710644087274629E-004                  0.0000000000000000E+000                  0.0000000000000000E+000                  0.0000000000000000E+000                  0.0000000000000000E+000                  0.0000000000000000E+000                  0.0000000000000000E+000                  0.0000000000000000E+000                  0.0000000000000000E+000                  0.0000000000000000E+000                  0.0000000000000000E+000                 -6.0794833912166473E+000                 -9.8999999999999986E+001                  0.0000000000000000E+000                  0.0000000000000000E+000                 -9.8999999999999986E+001                 -9.8999999999999986E+001                  1.4572225018196329E+001                 -9.9000000000000000E+001                 -9.9000000000000000E+001                 -9.9000000000000000E+001 
                 8.1536105406984605E-001                  4.6616070601287838E+000                  1.4420294165010908E+001                  2.0967017407479819E+011                 -2.3361611215333555E+000                  5.5389173924422410E+000                  8.3311033938049125E+013                  2.2283260374350533E+001                  3.4656681330934799E+008                  1.6650832341061126E+000                  3.9343967391918505E-001                  6.2191680708914232E-001                  8.0984076319234777E-001                  8.5000496627254152E-001                  2.0963408287669968E+011                  3.6091198098523788E+007                  8.1545459587645939E+002                  3.9338824408142231E-001                  0.0000000000000000E+000                  1.2491211938658311E+004                  4.0174986822351792E+002                  7.6748288591348568E-018                  7.6748288591348568E-018                  0.0000000000000000E+000                  0.0000000000000000E+000                  3.0704494171694413E-019                  0.0000000000000000E+000                  1.6620930591356220E+001                  6.9999999999999996E-001                  2.9797635251139990E-005                  2.7997020236474884E-001                  4.1193902129486445E-003                  1.2067031330276047E-003                  1.1203876416666529E-002                  2.5129237964844936E-003                  9.5710644087274629E-004                  0.0000000000000000E+000                  0.0000000000000000E+000                  0.0000000000000000E+000                  0.0000000000000000E+000                  0.0000000000000000E+000                  0.0000000000000000E+000                  0.0000000000000000E+000                  0.0000000000000000E+000                  0.0000000000000000E+000                  0.0000000000000000E+000                 -6.0785585754812619E+000                 -9.8999999999999986E+001                  0.0000000000000000E+000                  0.0000000000000000E+000                 -9.8999999999999986E+001                 -9.8999999999999986E+001                  1.4574653664598127E+001                 -9.9000000000000000E+001                 -9.9000000000000000E+001                 -9.9000000000000000E+001 
                 8.1057755046050317E-001                  4.6390846856124979E+000                  1.4379127551676310E+001                  2.1725349809373801E+011                 -2.3268977106435087E+000                  5.5449893861666810E+000                  8.4286684542833625E+013                  2.2283263836396934E+001                  3.4637659963019061E+008                  1.6651773308103925E+000                  3.9355559519654137E-001                  6.2188429825470792E-001                  8.1010135889713708E-001                  8.5000496627254152E-001                  2.1721533098394473E+011                  3.8167109793277882E+007                  7.7378426638699466E+002                  3.9350316994214607E-001                  0.0000000000000000E+000                  1.2431974888096900E+004                  3.8798981677149970E+002                  9.7124429199608273E-018                  9.7124429199608273E-018                  0.0000000000000000E+000                  0.0000000000000000E+000                  3.8856327179261914E-019                  0.0000000000000000E+000                  1.6850034238247428E+001                  6.9999999999999996E-001                  2.9797635251139990E-005                  2.7997020236474884E-001                  4.1193902129486445E-003                  1.2067031330276047E-003                  1.1203876416666529E-002                  2.5129237964844936E-003                  9.5710644087274629E-004                  0.0000000000000000E+000                  0.0000000000000000E+000                  0.0000000000000000E+000                  0.0000000000000000E+000                  0.0000000000000000E+000                  0.0000000000000000E+000                  0.0000000000000000E+000                  0.0000000000000000E+000                  0.0000000000000000E+000                  0.0000000000000000E+000                 -6.0778809961913165E+000                 -9.8999999999999986E+001                  0.0000000000000000E+000                  0.0000000000000000E+000                 -9.8999999999999986E+001                 -9.8999999999999986E+001                  1.4577096813805191E+001                 -9.9000000000000000E+001                 -9.9000000000000000E+001                 -9.9000000000000000E+001 
                 8.0568585702274365E-001                  4.6163177936271094E+000                  1.4336449585192399E+001                  2.2511428608779849E+011                 -2.3176328657944580E+000                  5.5510655871859154E+000                  8.5277112494200812E+013                  2.2283328079825402E+001                  3.4618753426988846E+008                  1.6652693039975983E+000                  3.9367165426721917E-001                  6.2185099169843394E-001                  8.1024288960729729E-001                  8.5000496627254152E-001                  2.2507392209887775E+011                  4.0363988920746505E+007                  7.3463766816144175E+002                  3.9361902074389116E-001                  0.0000000000000000E+000                  1.2373168691133005E+004                  3.7490464206463207E+002                  1.2280146252450104E-017                  1.2280146252450104E-017                  0.0000000000000000E+000                  0.0000000000000000E+000                  4.9128875971463200E-019                  0.0000000000000000E+000                  1.7082904348379806E+001                  6.9999999999999996E-001                  2.9797635251139990E-005                  2.7997020236474884E-001                  4.1193902129486445E-003                  1.2067031330276047E-003                  1.1203876416666529E-002                  2.5129237964844936E-003                  9.5710644087274629E-004                  0.0000000000000000E+000                  0.0000000000000000E+000                  0.0000000000000000E+000                  0.0000000000000000E+000                  0.0000000000000000E+000                  0.0000000000000000E+000                  0.0000000000000000E+000                  0.0000000000000000E+000                  0.0000000000000000E+000                  0.0000000000000000E+000                 -6.0774337761442210E+000                 -9.8999999999999986E+001                  0.0000000000000000E+000                  0.0000000000000000E+000                 -9.8999999999999986E+001                 -9.8999999999999986E+001                  1.4579556971825731E+001                 -9.9000000000000000E+001                 -9.9000000000000000E+001                 -9.9000000000000000E+001 
                 8.0068407882720283E-001                  4.5933027812316292E+000                  1.4292208085877279E+001                  2.3326291377140295E+011                 -2.3083645660317149E+000                  5.5571460535491459E+000                  8.6282595766674109E+013                  2.2283278254948353E+001                  3.4600414234446180E+008                  1.6653570266587765E+000                  3.9378448511763553E-001                  6.2181928839269596E-001                  8.1031238840055431E-001                  8.5000496627254152E-001                  2.3322022477511099E+011                  4.2688996291970685E+007                  6.9787863434678650E+002                  3.9373334831826634E-001                  0.0000000000000000E+000                  1.2314803053003106E+004                  3.6246413149832659E+002                  1.5513078318889924E-017                  1.5513078318889924E-017                  0.0000000000000000E+000                  0.0000000000000000E+000                  6.2062789993321893E-019                  0.0000000000000000E+000                  1.7321808020608863E+001                  6.9999999999999996E-001                  2.9797635251139990E-005                  2.7997020236474884E-001                  4.1193902129486445E-003                  1.2067031330276047E-003                  1.1203876416666529E-002                  2.5129237964844936E-003                  9.5710644087274629E-004                  0.0000000000000000E+000                  0.0000000000000000E+000                  0.0000000000000000E+000                  0.0000000000000000E+000                  0.0000000000000000E+000                  0.0000000000000000E+000                  0.0000000000000000E+000                  0.0000000000000000E+000                  0.0000000000000000E+000                  0.0000000000000000E+000                 -6.0770908035073106E+000                 -9.8999999999999986E+001                  0.0000000000000000E+000                  0.0000000000000000E+000                 -9.8999999999999986E+001                 -9.8999999999999986E+001                  1.4582036040814154E+001                 -9.9000000000000000E+001                 -9.9000000000000000E+001                 -9.9000000000000000E+001 
                 7.9557031510748111E-001                  4.5700360648245226E+000                  1.4246343489388483E+001                  2.4171014850111633E+011                 -2.2990910035501884E+000                  5.5632307842824771E+000                  8.7303465384685062E+013                  2.2283011522156883E+001                  3.4583085024183142E+008                  1.6654377370816722E+000                  3.9389055874314649E-001                  6.2179123666439529E-001                  8.1033192660360576E-001                  8.5000496627254152E-001                  2.4166499880135349E+011                  4.5149699762854606E+007                  6.6332359532129806E+002                  3.9384270559069851E-001                  0.0000000000000000E+000                  1.2256855610708726E+004                  3.5060200563288851E+002                  1.9580095154116720E-017                  1.9580095154116720E-017                  0.0000000000000000E+000                  0.0000000000000000E+000                  7.8333607874954830E-019                  0.0000000000000000E+000                  1.7567258752618361E+001                  6.9999999999999996E-001                  2.9797635251139990E-005                  2.7997020236474884E-001                  4.1193902129486445E-003                  1.2067031330276047E-003                  1.1203876416666529E-002                  2.5129237964844936E-003                  9.5710644087274629E-004                  0.0000000000000000E+000                  0.0000000000000000E+000                  0.0000000000000000E+000                  0.0000000000000000E+000                  0.0000000000000000E+000                  0.0000000000000000E+000                  0.0000000000000000E+000                  0.0000000000000000E+000                  0.0000000000000000E+000                  0.0000000000000000E+000                 -6.0767497214162809E+000                 -9.8999999999999986E+001                  0.0000000000000000E+000                  0.0000000000000000E+000                 -9.8999999999999986E+001                 -9.8999999999999986E+001                  1.4584533702274088E+001                 -9.9000000000000000E+001                 -9.9000000000000000E+001                 -9.9000000000000000E+001 
                 7.9034266120212149E-001                  4.5465140718072856E+000                  1.4198793051124683E+001                  2.5046716277688284E+011                 -2.2898116087162181E+000                  5.5693197382308410E+000                  8.8339919333150844E+013                  2.2282525673566326E+001                  3.4566834934061491E+008                  1.6655101698061590E+000                  3.9398907867657473E-001                  6.2176659682689384E-001                  8.1032795511428246E-001                  8.5000496627254152E-001                  2.5041940867490921E+011                  4.7754101973626584E+007                  6.3076547931650407E+002                  3.9394491444965696E-001                  0.0000000000000000E+000                  1.2199272680898503E+004                  3.3925240101578100E+002                  2.4691932855628302E-017                  2.4691932855628302E-017                  0.0000000000000000E+000                  0.0000000000000000E+000                  9.8784416946388866E-019                  0.0000000000000000E+000                  1.7818243618504010E+001                  6.9999999999999996E-001                  2.9797635251139990E-005                  2.7997020236474884E-001                  4.1193902129486445E-003                  1.2067031330276047E-003                  1.1203876416666529E-002                  2.5129237964844936E-003                  9.5710644087274629E-004                  0.0000000000000000E+000                  0.0000000000000000E+000                  0.0000000000000000E+000                  0.0000000000000000E+000                  0.0000000000000000E+000                  0.0000000000000000E+000                  0.0000000000000000E+000                  0.0000000000000000E+000                  0.0000000000000000E+000                  0.0000000000000000E+000                 -6.0763695421449686E+000                 -9.8999999999999986E+001                  0.0000000000000000E+000                  0.0000000000000000E+000                 -9.8999999999999986E+001                 -9.8999999999999986E+001                  1.4587047514267660E+001                 -9.9000000000000000E+001                 -9.9000000000000000E+001                 -9.9000000000000000E+001 
                 7.8499921060225220E-001                  4.5227331750686961E+000                  1.4149494927501729E+001                  2.5954554862665631E+011                 -2.2805268495086715E+000                  5.5754128747905032E+000                  8.9391925860143844E+013                  2.2281788494529380E+001                  3.4551396054288566E+008                  1.6655753281682073E+000                  3.9408182691453308E-001                  6.2174382492823865E-001                  8.1037602435521683E-001                  8.5000496627254152E-001                  2.5949503794508939E+011                  5.0510681566910245E+007                  6.0001535413326883E+002                  3.9404045346234401E-001                  0.0000000000000000E+000                  1.2141998399990236E+004                  3.2835673856604541E+002                  3.1111354392809038E-017                  3.1111354392809038E-017                  0.0000000000000000E+000                  0.0000000000000000E+000                  1.2446644738122822E-018                  0.0000000000000000E+000                  1.8072920245166852E+001                  6.9999999999999996E-001                  2.9797635251139990E-005                  2.7997020236474884E-001                  4.1193902129486445E-003                  1.2067031330276047E-003                  1.1203876416666529E-002                  2.5129237964844936E-003                  9.5710644087274629E-004                  0.0000000000000000E+000                  0.0000000000000000E+000                  0.0000000000000000E+000                  0.0000000000000000E+000                  0.0000000000000000E+000                  0.0000000000000000E+000                  0.0000000000000000E+000                  0.0000000000000000E+000                  0.0000000000000000E+000                  0.0000000000000000E+000                 -6.0759071994824909E+000                 -9.8999999999999986E+001                  0.0000000000000000E+000                  0.0000000000000000E+000                 -9.8999999999999986E+001                 -9.8999999999999986E+001                  1.4589574895620924E+001                 -9.9000000000000000E+001                 -9.9000000000000000E+001                 -9.9000000000000000E+001 
                 7.7953805707990687E-001                  4.4986896339596383E+000                  1.4098390748471662E+001                  2.6895733298646457E+011                 -2.2712372534889806E+000                  5.5815101753701049E+000                  9.0459391392796969E+013                  2.2280686960794974E+001                  3.4536499933320093E+008                  1.6656350306807408E+000                  3.9417074147042486E-001                  6.2172224936621845E-001                  8.1057490421822387E-001                  8.5000496627254152E-001                  2.6890390455419476E+011                  5.3428432269791894E+007                  5.7091732642734735E+002                  3.9413118190776564E-001                  0.0000000000000000E+000                  1.2084999803220478E+004                  3.1787507972623683E+002                  3.9165766494122832E-017                  3.9165766494122826E-017                  0.0000000000000000E+000                  0.0000000000000000E+000                  1.5668954833780328E-018                  0.0000000000000000E+000                  1.8330457198255989E+001                  6.9999999999999996E-001                  2.9797635251139990E-005                  2.7997020236474884E-001                  4.1193902129486445E-003                  1.2067031330276047E-003                  1.1203876416666529E-002                  2.5129237964844936E-003                  9.5710644087274629E-004                  0.0000000000000000E+000                  0.0000000000000000E+000                  0.0000000000000000E+000                  0.0000000000000000E+000                  0.0000000000000000E+000                  0.0000000000000000E+000                  0.0000000000000000E+000                  0.0000000000000000E+000                  0.0000000000000000E+000                  0.0000000000000000E+000                 -6.0752889729296795E+000                 -9.8999999999999986E+001                  0.0000000000000000E+000                  0.0000000000000000E+000                 -9.8999999999999986E+001                 -9.8999999999999986E+001                  1.4592114806272686E+001                 -9.9000000000000000E+001                 -9.9000000000000000E+001                 -9.9000000000000000E+001 
                 7.7395729688167736E-001                  4.4743795860215174E+000                  1.4045423140911005E+001                  2.7871499378539240E+011                 -2.2619434416672011E+000                  5.5876116422321696E+000                  9.1542286493249062E+013                  2.2279283942065980E+001                  3.4521933862251812E+008                  1.6656910352031549E+000                  3.9425741703767592E-001                  6.2170192597348040E-001                  8.1094887357393741E-001                  8.5000496627254152E-001                  2.7865847688980768E+011                  5.6516895584732212E+007                  5.4337384127003872E+002                  3.9421886813395463E-001                  0.0000000000000000E+000                  1.2028274782287446E+004                  3.0780692464519382E+002                  4.9262764583022775E-017                  4.9262764583022775E-017                  0.0000000000000000E+000                  0.0000000000000000E+000                  1.9708437829376785E-018                  0.0000000000000000E+000                  1.8590717632635535E+001                  6.9999999999999996E-001                  2.9797635251139990E-005                  2.7997020236474884E-001                  4.1193902129486445E-003                  1.2067031330276047E-003                  1.1203876416666529E-002                  2.5129237964844936E-003                  9.5710644087274629E-004                  0.0000000000000000E+000                  0.0000000000000000E+000                  0.0000000000000000E+000                  0.0000000000000000E+000                  0.0000000000000000E+000                  0.0000000000000000E+000                  0.0000000000000000E+000                  0.0000000000000000E+000                  0.0000000000000000E+000                  0.0000000000000000E+000                 -6.0745041506761233E+000                 -9.8999999999999986E+001                  0.0000000000000000E+000                  0.0000000000000000E+000                 -9.8999999999999986E+001                 -9.8999999999999986E+001                  1.4594668330484991E+001                 -9.9000000000000000E+001                 -9.9000000000000000E+001                 -9.9000000000000000E+001 
                 7.6825503098864367E-001                  4.4497990359283230E+000                  1.3990533888309546E+001                  2.8883147683560669E+011                 -2.2526460213958654E+000                  5.5937172891195033E+000                  9.2640764519321109E+013                  2.2278007710082925E+001                  3.4507585215832174E+008                  1.6657436808686070E+000                  3.9434252570481487E-001                  6.2168236399515941E-001                  8.1139497263913174E-001                  8.5000496627254152E-001                  2.8877169064449829E+011                  5.9786191108395524E+007                  5.1733345740692539E+002                  3.9430465056406228E-001                  0.0000000000000000E+000                  1.1971832456684842E+004                  2.9816096003470324E+002                  6.1909330113582795E-017                  6.1909330113582795E-017                  0.0000000000000000E+000                  0.0000000000000000E+000                  2.4767920747415804E-018                  0.0000000000000000E+000                  1.8853566252917975E+001                  6.9999999999999996E-001                  2.9797635251139990E-005                  2.7997020236474884E-001                  4.1193902129486445E-003                  1.2067031330276047E-003                  1.1203876416666529E-002                  2.5129237964844936E-003                  9.5710644087274629E-004                  0.0000000000000000E+000                  0.0000000000000000E+000                  0.0000000000000000E+000                  0.0000000000000000E+000                  0.0000000000000000E+000                  0.0000000000000000E+000                  0.0000000000000000E+000                  0.0000000000000000E+000                  0.0000000000000000E+000                  0.0000000000000000E+000                 -6.0736579773569304E+000                 -9.8999999999999986E+001                  0.0000000000000000E+000                  0.0000000000000000E+000                 -9.8999999999999986E+001                 -9.8999999999999986E+001                  1.4597237414918988E+001                 -9.9000000000000000E+001                 -9.9000000000000000E+001                 -9.9000000000000000E+001 
                 7.6242936741021350E-001                  4.4249438494136735E+000                  1.3933663969126751E+001                  2.9932021353350842E+011                 -2.2433454118265015E+000                  5.5998271306912724E+000                  9.3754928459257688E+013                  2.2277229296692745E+001                  3.4493363233880121E+008                  1.6657928820980969E+000                  3.9442624484503208E-001                  6.2166190495756646E-001                  8.1185699541029044E-001                  8.5000496627254152E-001                  2.9925696648662891E+011                  6.3247046879532523E+007                  4.9275447527873246E+002                  3.9438895658147943E-001                  0.0000000000000000E+000                  1.1915679578962094E+004                  2.8894653812491021E+002                  7.7735525851657117E-017                  7.7735525851657117E-017                  0.0000000000000000E+000                  0.0000000000000000E+000                  3.1099471513534068E-018                  0.0000000000000000E+000                  1.9119017435348372E+001                  6.9999999999999996E-001                  2.9797635251139990E-005                  2.7997020236474884E-001                  4.1193902129486445E-003                  1.2067031330276047E-003                  1.1203876416666529E-002                  2.5129237964844936E-003                  9.5710644087274629E-004                  0.0000000000000000E+000                  0.0000000000000000E+000                  0.0000000000000000E+000                  0.0000000000000000E+000                  0.0000000000000000E+000                  0.0000000000000000E+000                  0.0000000000000000E+000                  0.0000000000000000E+000                  0.0000000000000000E+000                  0.0000000000000000E+000                 -6.0727930451769918E+000                 -9.8999999999999986E+001                  0.0000000000000000E+000                  0.0000000000000000E+000                 -9.8999999999999986E+001                 -9.8999999999999986E+001                  1.4599823955945260E+001                 -9.9000000000000000E+001                 -9.9000000000000000E+001                 -9.9000000000000000E+001 
                 7.5647842355083872E-001                  4.3998097567050598E+000                  1.3874753141948146E+001                  3.1019513925655267E+011                 -2.2340417545749021E+000                  5.6059411754994501E+000                  9.4884910694288531E+013                  2.2277108529378676E+001                  3.4479247603218687E+008                  1.6658383332783591E+000                  3.9450828643426183E-001                  6.2163863645121942E-001                  8.1234962157272272E-001                  8.5000496627254152E-001                  3.1012822842433405E+011                  6.6910832218646206E+007                  4.6959166402311234E+002                  3.9447173326703822E-001                  0.0000000000000000E+000                  1.1859821347229890E+004                  2.8016698079553493E+002                  9.7523710187734267E-017                  9.7523710187734267E-017                  0.0000000000000000E+000                  0.0000000000000000E+000                  3.9016086674924525E-018                  0.0000000000000000E+000                  1.9387432607977182E+001                  6.9999999999999996E-001                  2.9797635251139990E-005                  2.7997020236474884E-001                  4.1193902129486445E-003                  1.2067031330276047E-003                  1.1203876416666529E-002                  2.5129237964844936E-003                  9.5710644087274629E-004                  0.0000000000000000E+000                  0.0000000000000000E+000                  0.0000000000000000E+000                  0.0000000000000000E+000                  0.0000000000000000E+000                  0.0000000000000000E+000                  0.0000000000000000E+000                  0.0000000000000000E+000                  0.0000000000000000E+000                  0.0000000000000000E+000                 -6.0718732618998335E+000                 -9.8999999999999986E+001                  0.0000000000000000E+000                  0.0000000000000000E+000                 -9.8999999999999986E+001                 -9.8999999999999986E+001                  1.4602429819926169E+001                 -9.9000000000000000E+001                 -9.9000000000000000E+001                 -9.9000000000000000E+001 
                 7.5040032869230366E-001                  4.3743923613957536E+000                  1.3813738864411215E+001                  3.2147071239561890E+011                 -2.2247344228242758E+000                  5.6120594163961162E+000                  9.6031348919575562E+013                  2.2277485997436028E+001                  3.4465455362269878E+008                  1.6658793343156937E+000                  3.9458754240381189E-001                  6.2161293298204212E-001                  8.1287327798784759E-001                  8.5000496627254152E-001                  3.2139992280592017E+011                  7.0789589698720858E+007                  4.4777497550602317E+002                  3.9455228676818005E-001                  0.0000000000000000E+000                  1.1804264429914070E+004                  2.7179944270865826E+002                  1.2224463547256685E-016                  1.2224463547256685E-016                  0.0000000000000000E+000                  0.0000000000000000E+000                  4.8906133198935038E-018                  0.0000000000000000E+000                  1.9660385103723357E+001                  6.9999999999999996E-001                  2.9797635251139990E-005                  2.7997020236474884E-001                  4.1193902129486445E-003                  1.2067031330276047E-003                  1.1203876416666529E-002                  2.5129237964844936E-003                  9.5710644087274629E-004                  0.0000000000000000E+000                  0.0000000000000000E+000                  0.0000000000000000E+000                  0.0000000000000000E+000                  0.0000000000000000E+000                  0.0000000000000000E+000                  0.0000000000000000E+000                  0.0000000000000000E+000                  0.0000000000000000E+000                  0.0000000000000000E+000                 -6.0709093045758626E+000                 -9.8999999999999986E+001                  0.0000000000000000E+000                  0.0000000000000000E+000                 -9.8999999999999986E+001                 -9.8999999999999986E+001                  1.4605057076650020E+001                 -9.9000000000000000E+001                 -9.9000000000000000E+001                 -9.9000000000000000E+001 
                 7.4419322658095033E-001                  4.3486871790325967E+000                  1.3750552319463146E+001                  3.3316193358351996E+011                 -2.2154225019822085E+000                  5.6181818251420319E+000                  9.7195143882576375E+013                  2.2278249466702579E+001                  3.4452248364060605E+008                  1.6659149357019807E+000                  3.9466303514713741E-001                  6.2158638265145449E-001                  8.1335937357631460E-001                  8.5000496627254152E-001                  3.3308703751344550E+011                  7.4896070074480772E+007                  4.2720769931514462E+002                  3.9462957335261628E-001                  0.0000000000000000E+000                  1.1749014630740839E+004                  2.6381052249018018E+002                  1.5310169438596007E-016                  1.5310169438596007E-016                  0.0000000000000000E+000                  0.0000000000000000E+000                  6.1251050042591599E-018                  0.0000000000000000E+000                  1.9939812962601714E+001                  6.9999999999999996E-001                  2.9797635251139990E-005                  2.7997020236474884E-001                  4.1193902129486445E-003                  1.2067031330276047E-003                  1.1203876416666529E-002                  2.5129237964844936E-003                  9.5710644087274629E-004                  0.0000000000000000E+000                  0.0000000000000000E+000                  0.0000000000000000E+000                  0.0000000000000000E+000                  0.0000000000000000E+000                  0.0000000000000000E+000                  0.0000000000000000E+000                  0.0000000000000000E+000                  0.0000000000000000E+000                  0.0000000000000000E+000                 -6.0700090814931889E+000                 -9.8999999999999986E+001                  0.0000000000000000E+000                  0.0000000000000000E+000                 -9.8999999999999986E+001                 -9.8999999999999986E+001                  1.4607707839732592E+001                 -9.9000000000000000E+001                 -9.9000000000000000E+001                 -9.9000000000000000E+001 
                 7.3785527826742314E-001                  4.3226896499057510E+000                  1.3685116812452319E+001                  3.4528436507051794E+011                 -2.2061048363686608E+000                  5.6243083542241479E+000                  9.8377292870898375E+013                  2.2279402290393456E+001                  3.4439838196281135E+008                  1.6659441078226678E+000                  3.9473392109941496E-001                  6.2156049963710758E-001                  8.1369560782396377E-001                  8.5000496627254152E-001                  3.4520512129729700E+011                  7.9243773220962957E+007                  4.0778697527513049E+002                  3.9470268152570359E-001                  0.0000000000000000E+000                  1.1694058977839226E+004                  2.5616373704551461E+002                  1.9158540688591666E-016                  1.9158540688591666E-016                  0.0000000000000000E+000                  0.0000000000000000E+000                  7.6647146655690176E-018                  0.0000000000000000E+000                  2.0226291863551808E+001                  6.9999999999999996E-001                  2.9797635251139990E-005                  2.7997020236474884E-001                  4.1193902129486445E-003                  1.2067031330276047E-003                  1.1203876416666529E-002                  2.5129237964844936E-003                  9.5710644087274629E-004                  0.0000000000000000E+000                  0.0000000000000000E+000                  0.0000000000000000E+000                  0.0000000000000000E+000                  0.0000000000000000E+000                  0.0000000000000000E+000                  0.0000000000000000E+000                  0.0000000000000000E+000                  0.0000000000000000E+000                  0.0000000000000000E+000                 -6.0693261811425803E+000                 -9.8999999999999986E+001                  0.0000000000000000E+000                  0.0000000000000000E+000                 -9.8999999999999986E+001                 -9.8999999999999986E+001                  1.4610382743787538E+001                 -9.9000000000000000E+001                 -9.9000000000000000E+001                 -9.9000000000000000E+001 
                 7.3138466531580326E-001                  4.2963951507359806E+000                  1.3617351820540907E+001                  3.5785415020522443E+011                 -2.1967814002575428E+000                  5.6304389472665761E+000                  9.9578025057644844E+013                  2.2280850961917007E+001                  3.4428125800322485E+008                  1.6659671173003212E+000                  3.9480063407738814E-001                  6.2153566226449974E-001                  8.1387732321971051E-001                  8.5000496627254152E-001                  3.5777030320711304E+011                  8.3846998111360580E+007                  3.8941296343380014E+002                  3.9477139967514119E-001                  0.0000000000000000E+000                  1.1639357974004492E+004                  2.4882282800733731E+002                  2.3953968490524454E-016                  2.3953968490524454E-016                  0.0000000000000000E+000                  0.0000000000000000E+000                  9.5832113389368728E-018                  0.0000000000000000E+000                  2.0517889547932874E+001                  6.9999999999999996E-001                  2.9797635251139990E-005                  2.7997020236474884E-001                  4.1193902129486445E-003                  1.2067031330276047E-003                  1.1203876416666529E-002                  2.5129237964844936E-003                  9.5710644087274629E-004                  0.0000000000000000E+000                  0.0000000000000000E+000                  0.0000000000000000E+000                  0.0000000000000000E+000                  0.0000000000000000E+000                  0.0000000000000000E+000                  0.0000000000000000E+000                  0.0000000000000000E+000                  0.0000000000000000E+000                  0.0000000000000000E+000                 -6.0688527018751888E+000                 -9.8999999999999986E+001                  0.0000000000000000E+000                  0.0000000000000000E+000                 -9.8999999999999986E+001                 -9.8999999999999986E+001                  1.4613080243600235E+001                 -9.9000000000000000E+001                 -9.9000000000000000E+001                 -9.9000000000000000E+001 
                 7.2477959326731933E-001                  4.2697989229463529E+000                  1.3547181421666577E+001                  3.6757956783877576E+011                 -2.1897770183473702E+000                  5.6350245609065510E+000                  1.0048745746786494E+014                  2.2281924100032565E+001                  3.4419690239739931E+008                  1.6659810378276356E+000                  3.9484842885362248E-001                  6.2151780942920198E-001                  8.1394313443068367E-001                  8.5000496627254152E-001                  3.6749210371027045E+011                  8.7464128505298272E+007                  3.7197391508743112E+002                  3.9483669612642108E-001                  0.0000000000000000E+000                  1.1584565432719013E+004                  2.4352914067688235E+002                  2.8293966454000587E-016                  2.8293966454000587E-016                  0.0000000000000000E+000                  0.0000000000000000E+000                  1.1319505258201272E-017                  0.0000000000000000E+000                  2.0736712845451891E+001                  6.9999999999999996E-001                  2.9797635251139990E-005                  2.7997020236474884E-001                  4.1193902129486445E-003                  1.2067031330276047E-003                  1.1203876416666529E-002                  2.5129237964844936E-003                  9.5710644087274629E-004                  0.0000000000000000E+000                  0.0000000000000000E+000                  0.0000000000000000E+000                  0.0000000000000000E+000                  0.0000000000000000E+000                  0.0000000000000000E+000                  0.0000000000000000E+000                  0.0000000000000000E+000                  0.0000000000000000E+000                  0.0000000000000000E+000                 -6.0685115155588516E+000                 -9.8999999999999986E+001                  0.0000000000000000E+000                  0.0000000000000000E+000                 -9.8999999999999986E+001                 -9.8999999999999986E+001                  1.4615770067979369E+001                 -9.9000000000000000E+001                 -9.9000000000000000E+001                 -9.9000000000000000E+001 
                 7.2142608175968947E-001                  4.2563865627849209E+000                  1.3511174713972379E+001                  3.7758437049299036E+011                 -2.1827887387828322E+000                  5.6396422972373710E+000                  1.0141303675454027E+014                  2.2283286271488592E+001                  3.4411271498555553E+008                  1.6659926387929338E+000                  3.9489582749852847E-001                  6.2150054029712132E-001                  8.1396542607063027E-001                  8.5000496627254152E-001                  3.7749310619479657E+011                  9.1264298193805203E+007                  3.6361215018087785E+002                  3.9486837952080894E-001                  0.0000000000000000E+000                  1.1557382449319543E+004                  2.3834181886965393E+002                  3.3435522705666303E-016                  3.3435522705666303E-016                  0.0000000000000000E+000                  0.0000000000000000E+000                  1.3376477020666643E-017                  0.0000000000000000E+000                  2.0956493818954190E+001                  6.9999999999999996E-001                  2.9797635251139990E-005                  2.7997020236474884E-001                  4.1193902129486445E-003                  1.2067031330276047E-003                  1.1203876416666529E-002                  2.5129237964844936E-003                  9.5710644087274629E-004                  0.0000000000000000E+000                  0.0000000000000000E+000                  0.0000000000000000E+000                  0.0000000000000000E+000                  0.0000000000000000E+000                  0.0000000000000000E+000                  0.0000000000000000E+000                  0.0000000000000000E+000                  0.0000000000000000E+000                  0.0000000000000000E+000                 -6.0683632330670294E+000                 -9.8999999999999986E+001                  0.0000000000000000E+000                  0.0000000000000000E+000                 -9.8999999999999986E+001                 -9.8999999999999986E+001                  1.4617136114498347E+001                 -9.9000000000000000E+001                 -9.9000000000000000E+001                 -9.9000000000000000E+001 
                 7.1461601780094153E-001                  4.2293283014363210E+000                  1.3437279976132515E+001                  3.8785429121283575E+011                 -2.1757817524236054E+000                  5.6442326507116576E+000                  1.0234221276721203E+014                  2.2284431809607337E+001                  3.4402997431893337E+008                  1.6660025170093684E+000                  3.9494220680616027E-001                  6.2148449902725178E-001                  8.1394064493428764E-001                  8.5000496627254152E-001                  3.8775908564834253E+011                  9.5205564493232742E+007                  3.4754342180981968E+002                  3.9493080228481281E-001                  0.0000000000000000E+000                  1.1503151658848097E+004                  2.3335548119071944E+002                  3.9456078208876390E-016                  3.9456078208876390E-016                  0.0000000000000000E+000                  0.0000000000000000E+000                  1.5785108320046863E-017                  0.0000000000000000E+000                  2.1174415338884913E+001                  6.9999999999999996E-001                  2.9797635251139990E-005                  2.7997020236474884E-001                  4.1193902129486445E-003                  1.2067031330276047E-003                  1.1203876416666529E-002                  2.5129237964844936E-003                  9.5710644087274629E-004                  0.0000000000000000E+000                  0.0000000000000000E+000                  0.0000000000000000E+000                  0.0000000000000000E+000                  0.0000000000000000E+000                  0.0000000000000000E+000                  0.0000000000000000E+000                  0.0000000000000000E+000                  0.0000000000000000E+000                  0.0000000000000000E+000                 -6.0681266666093077E+000                 -9.8999999999999986E+001                  0.0000000000000000E+000                  0.0000000000000000E+000                 -9.8999999999999986E+001                 -9.8999999999999986E+001                  1.4619884177964975E+001                 -9.9000000000000000E+001                 -9.9000000000000000E+001                 -9.9000000000000000E+001 
                 7.1115903561768623E-001                  4.2156819531301846E+000                  1.3399378836638578E+001                  3.9841811924262830E+011                 -2.1687923667345737E+000                  5.6488545825659839E+000                  1.0328746565960255E+014                  2.2285760054214691E+001                  3.4394709717118567E+008                  1.6660103609870400E+000                  3.9498823179776782E-001                  6.2146950613861951E-001                  8.1389429257050061E-001                  8.5000496627254152E-001                  3.9831877331716595E+011                  9.9345925462363884E+007                  3.3982896284951414E+002                  3.9496155750900103E-001                  0.0000000000000000E+000                  1.1476116073426412E+004                  2.2847699349490722E+002                  4.6580734871259720E-016                  4.6580734871259720E-016                  0.0000000000000000E+000                  0.0000000000000000E+000                  1.8635455239058752E-017                  0.0000000000000000E+000                  2.1395120772431998E+001                  6.9999999999999996E-001                  2.9797635251139990E-005                  2.7997020236474884E-001                  4.1193902129486445E-003                  1.2067031330276047E-003                  1.1203876416666529E-002                  2.5129237964844936E-003                  9.5710644087274629E-004                  0.0000000000000000E+000                  0.0000000000000000E+000                  0.0000000000000000E+000                  0.0000000000000000E+000                  0.0000000000000000E+000                  0.0000000000000000E+000                  0.0000000000000000E+000                  0.0000000000000000E+000                  0.0000000000000000E+000                  0.0000000000000000E+000                 -6.0680634852123525E+000                 -9.8999999999999986E+001                  0.0000000000000000E+000                  0.0000000000000000E+000                 -9.8999999999999986E+001                 -9.8999999999999986E+001                  1.4621267973020460E+001                 -9.9000000000000000E+001                 -9.9000000000000000E+001                 -9.9000000000000000E+001 
                 7.0414011355902750E-001                  4.1881495028285762E+000                  1.3321623740882657E+001                  4.0926345274980859E+011                 -2.1617819319079028E+000                  5.6534496379524297E+000                  1.0423675485345434E+014                  2.2286659720766426E+001                  3.4386712941938961E+008                  1.6660159751936563E+000                  3.9503208390117944E-001                  6.2145589813667101E-001                  8.1385797132333226E-001                  8.5000496627254152E-001                  4.0915981206322803E+011                  1.0364068658059491E+008                  3.2501917580802160E+002                  3.9502138690136795E-001                  0.0000000000000000E+000                  1.1422226330768630E+004                  2.2379813577811507E+002                  5.4916624175083684E-016                  5.4916624175083684E-016                  0.0000000000000000E+000                  0.0000000000000000E+000                  2.1970377720265649E-017                  0.0000000000000000E+000                  2.1618486343309304E+001                  6.9999999999999996E-001                  2.9797635251139990E-005                  2.7997020236474884E-001                  4.1193902129486445E-003                  1.2067031330276047E-003                  1.1203876416666529E-002                  2.5129237964844936E-003                  9.5710644087274629E-004                  0.0000000000000000E+000                  0.0000000000000000E+000                  0.0000000000000000E+000                  0.0000000000000000E+000                  0.0000000000000000E+000                  0.0000000000000000E+000                  0.0000000000000000E+000                  0.0000000000000000E+000                  0.0000000000000000E+000                  0.0000000000000000E+000                 -6.0678438942172299E+000                 -9.8999999999999986E+001                  0.0000000000000000E+000                  0.0000000000000000E+000                 -9.8999999999999986E+001                 -9.8999999999999986E+001                  1.4624057947174279E+001                 -9.9000000000000000E+001                 -9.9000000000000000E+001                 -9.9000000000000000E+001 
                 7.0057775808933787E-001                  4.1742629671340401E+000                  1.3281748232364301E+001                  4.2041792213123486E+011                 -2.1547877446748478E+000                  5.6580756886546508E+000                  1.0520280334108097E+014                  2.2287456854691325E+001                  3.4378904263992929E+008                  1.6660186898688316E+000                  3.9507413845576461E-001                  6.2144334517808519E-001                  8.1388046020452021E-001                  8.5000496627254152E-001                  4.2030977014888275E+011                  1.0815198235212262E+008                  3.1791604497319872E+002                  3.9504998256280149E-001                  0.0000000000000000E+000                  1.1395379336335265E+004                  2.1922760167341096E+002                  6.4770783993718677E-016                  6.4770783993718677E-016                  0.0000000000000000E+000                  0.0000000000000000E+000                  2.5912711822438371E-017                  0.0000000000000000E+000                  2.1849074602917725E+001                  6.9999999999999996E-001                  2.9797635251139990E-005                  2.7997020236474884E-001                  4.1193902129486445E-003                  1.2067031330276047E-003                  1.1203876416666529E-002                  2.5129237964844936E-003                  9.5710644087274629E-004                  0.0000000000000000E+000                  0.0000000000000000E+000                  0.0000000000000000E+000                  0.0000000000000000E+000                  0.0000000000000000E+000                  0.0000000000000000E+000                  0.0000000000000000E+000                  0.0000000000000000E+000                  0.0000000000000000E+000                  0.0000000000000000E+000                 -6.0676878962291712E+000                 -9.8999999999999986E+001                  0.0000000000000000E+000                  0.0000000000000000E+000                 -9.8999999999999986E+001                 -9.8999999999999986E+001                  1.4625465400056912E+001                 -9.9000000000000000E+001                 -9.9000000000000000E+001                 -9.9000000000000000E+001 
                 6.9334623902990034E-001                  4.1462438546337541E+000                  1.3199938253382994E+001                  4.3187133270375989E+011                 -2.1477690018580251E+000                  5.6626753442307933E+000                  1.0617364243578769E+014                  2.2287521900871162E+001                  3.4371572641825473E+008                  1.6660182614654118E+000                  3.9511284049580997E-001                  6.2143202815244269E-001                  8.1399935223466169E-001                  8.5000496627254152E-001                  4.3175850049066968E+011                  1.1283221309022552E+008                  3.0428010463775405E+002                  3.9510373858023606E-001                  0.0000000000000000E+000                  1.1341859664678390E+004                  2.1484111757816305E+002                  7.6291092267016867E-016                  7.6291092267016867E-016                  0.0000000000000000E+000                  0.0000000000000000E+000                  3.0521618875129720E-017                  0.0000000000000000E+000                  2.2084203593161181E+001                  6.9999999999999996E-001                  2.9797635251139990E-005                  2.7997020236474884E-001                  4.1193902129486445E-003                  1.2067031330276047E-003                  1.1203876416666529E-002                  2.5129237964844936E-003                  9.5710644087274629E-004                  0.0000000000000000E+000                  0.0000000000000000E+000                  0.0000000000000000E+000                  0.0000000000000000E+000                  0.0000000000000000E+000                  0.0000000000000000E+000                  0.0000000000000000E+000                  0.0000000000000000E+000                  0.0000000000000000E+000                  0.0000000000000000E+000                 -6.0672458042171007E+000                 -9.8999999999999986E+001                  0.0000000000000000E+000                  0.0000000000000000E+000                 -9.8999999999999986E+001                 -9.8999999999999986E+001                  1.4628304071501857E+001                 -9.9000000000000000E+001                 -9.9000000000000000E+001                 -9.9000000000000000E+001 
                 6.8967667616253514E-001                  4.1321108941399993E+000                  1.3157977838554467E+001                  4.4364984060294238E+011                 -2.1407661320100524E+000                  5.6673053698822331E+000                  1.0716187646160972E+014                  2.2287376187799723E+001                  3.4364529152586806E+008                  1.6660143173151603E+000                  3.9514938142802192E-001                  6.2142149835730243E-001                  8.1420417131476153E-001                  8.5000496627254152E-001                  4.4353209269244238E+011                  1.1774791050002271E+008                  2.9773262043186816E+002                  3.9512878216625469E-001                  0.0000000000000000E+000                  1.1315169987047180E+004                  2.1054745530495256E+002                  8.9895116946500433E-016                  8.9895116946500433E-016                  0.0000000000000000E+000                  0.0000000000000000E+000                  3.5964154513927724E-017                  0.0000000000000000E+000                  2.2325362967366946E+001                  6.9999999999999996E-001                  2.9797635251139990E-005                  2.7997020236474884E-001                  4.1193902129486445E-003                  1.2067031330276047E-003                  1.1203876416666529E-002                  2.5129237964844936E-003                  9.5710644087274629E-004                  0.0000000000000000E+000                  0.0000000000000000E+000                  0.0000000000000000E+000                  0.0000000000000000E+000                  0.0000000000000000E+000                  0.0000000000000000E+000                  0.0000000000000000E+000                  0.0000000000000000E+000                  0.0000000000000000E+000                  0.0000000000000000E+000                 -6.0668191512954133E+000                 -9.8999999999999986E+001                  0.0000000000000000E+000                  0.0000000000000000E+000                 -9.8999999999999986E+001                 -9.8999999999999986E+001                  1.4629734422250877E+001                 -9.9000000000000000E+001                 -9.9000000000000000E+001                 -9.9000000000000000E+001 
                 6.8222896817860745E-001                  4.1035925744822492E+000                  1.3071885428235113E+001                  4.5574583893520612E+011                 -2.1337387232809757E+000                  5.6719094890777075E+000                  1.0815511526796434E+014                  2.2286736299157017E+001                  3.4357880184240174E+008                  1.6660076746201269E+000                  3.9518350493519899E-001                  6.2141179727980711E-001                  8.1444012046320036E-001                  8.5000496627254152E-001                  4.5562299048391071E+011                  1.2284845129541688E+008                  2.8514007485804018E+002                  3.9517580988855439E-001                  0.0000000000000000E+000                  1.1261894912155718E+004                  2.0641369244686851E+002                  1.0578605139298701E-015                  1.0578605139298701E-015                  0.0000000000000000E+000                  0.0000000000000000E+000                  4.2321610046183581E-017                  0.0000000000000000E+000                  2.2567519877947575E+001                  6.9999999999999996E-001                  2.9797635251139990E-005                  2.7997020236474884E-001                  4.1193902129486445E-003                  1.2067031330276047E-003                  1.1203876416666529E-002                  2.5129237964844936E-003                  9.5710644087274629E-004                  0.0000000000000000E+000                  0.0000000000000000E+000                  0.0000000000000000E+000                  0.0000000000000000E+000                  0.0000000000000000E+000                  0.0000000000000000E+000                  0.0000000000000000E+000                  0.0000000000000000E+000                  0.0000000000000000E+000                  0.0000000000000000E+000                 -6.0662031779229650E+000                 -9.8999999999999986E+001                  0.0000000000000000E+000                  0.0000000000000000E+000                 -9.8999999999999986E+001                 -9.8999999999999986E+001                  1.4632614993775752E+001                 -9.9000000000000000E+001                 -9.9000000000000000E+001                 -9.9000000000000000E+001 
                 6.7845044247207043E-001                  4.0892067644608092E+000                  1.3027733475796120E+001                  4.6818365630298676E+011                 -2.1267302490395177E+000                  5.6765433361482494E+000                  1.0916573780220761E+014                  2.2286232390073376E+001                  3.4351376645039165E+008                  1.6659984911324486E+000                  3.9521654052292310E-001                  6.2140256680534534E-001                  8.1468157253441897E-001                  8.5000496627254152E-001                  4.6805545127018103E+011                  1.2820503280575289E+008                  2.7907907835120386E+002                  3.9519815665432551E-001                  0.0000000000000000E+000                  1.1235299346151298E+004                  2.0235153630108937E+002                  1.2453014246683953E-015                  1.2453014246683953E-015                  0.0000000000000000E+000                  0.0000000000000000E+000                  4.9820522827635720E-017                  0.0000000000000000E+000                  2.2811925911182190E+001                  6.9999999999999996E-001                  2.9797635251139990E-005                  2.7997020236474884E-001                  4.1193902129486445E-003                  1.2067031330276047E-003                  1.1203876416666529E-002                  2.5129237964844936E-003                  9.5710644087274629E-004                  0.0000000000000000E+000                  0.0000000000000000E+000                  0.0000000000000000E+000                  0.0000000000000000E+000                  0.0000000000000000E+000                  0.0000000000000000E+000                  0.0000000000000000E+000                  0.0000000000000000E+000                  0.0000000000000000E+000                  0.0000000000000000E+000                 -6.0657422559569838E+000                 -9.8999999999999986E+001                  0.0000000000000000E+000                  0.0000000000000000E+000                 -9.8999999999999986E+001                 -9.8999999999999986E+001                  1.4634065163728803E+001                 -9.9000000000000000E+001                 -9.9000000000000000E+001                 -9.9000000000000000E+001 
                 6.7078312206168045E-001                  4.0601758372049837E+000                  1.2937170796387843E+001                  4.8095870429526453E+011                 -2.1196981870479585E+000                  5.6811518125581024E+000                  1.1018124943336619E+014                  2.2285494200726642E+001                  3.4345116973158622E+008                  1.6659879878968045E+000                  3.9524789324827042E-001                  6.2139404875991677E-001                  8.1492398899536467E-001                  8.5000496627254152E-001                  4.8082494037762213E+011                  1.3376391764242248E+008                  2.6739203324007559E+002                  3.9524100077605290E-001                  0.0000000000000000E+000                  1.1182188941251836E+004                  1.9842492538845093E+002                  1.4640667055165258E-015                  1.4640667055165258E-015                  0.0000000000000000E+000                  0.0000000000000000E+000                  5.8572624219240491E-017                  0.0000000000000000E+000                  2.3055759099146371E+001                  6.9999999999999996E-001                  2.9797635251139990E-005                  2.7997020236474884E-001                  4.1193902129486445E-003                  1.2067031330276047E-003                  1.1203876416666529E-002                  2.5129237964844936E-003                  9.5710644087274629E-004                  0.0000000000000000E+000                  0.0000000000000000E+000                  0.0000000000000000E+000                  0.0000000000000000E+000                  0.0000000000000000E+000                  0.0000000000000000E+000                  0.0000000000000000E+000                  0.0000000000000000E+000                  0.0000000000000000E+000                  0.0000000000000000E+000                 -6.0651743874645296E+000                 -9.8999999999999986E+001                  0.0000000000000000E+000                  0.0000000000000000E+000                 -9.8999999999999986E+001                 -9.8999999999999986E+001                  1.4636986313119944E+001                 -9.9000000000000000E+001                 -9.9000000000000000E+001                 -9.9000000000000000E+001 
                 6.6689396816302904E-001                  4.0455301603516487E+000                  1.2890742980545415E+001                  4.9409308409016028E+011                 -2.1126873565726298E+000                  5.6857893591201298E+000                  1.1121404724243861E+014                  2.2285029722179804E+001                  3.4338897510395157E+008                  1.6659762793353690E+000                  3.9527847788866410E-001                  6.2138601232840651E-001                  8.1518638380133268E-001                  8.5000496627254152E-001                  4.9395348288547675E+011                  1.3960120468354401E+008                  2.6175576022444915E+002                  3.9526160728145926E-001                  0.0000000000000000E+000                  1.1155681638639377E+004                  1.9455870628151303E+002                  1.7218207091217903E-015                  1.7218207091217901E-015                  0.0000000000000000E+000                  0.0000000000000000E+000                  6.8884540624329572E-017                  0.0000000000000000E+000                  2.3302334107424382E+001                  6.9999999999999996E-001                  2.9797635251139990E-005                  2.7997020236474884E-001                  4.1193902129486445E-003                  1.2067031330276047E-003                  1.1203876416666529E-002                  2.5129237964844936E-003                  9.5710644087274629E-004                  0.0000000000000000E+000                  0.0000000000000000E+000                  0.0000000000000000E+000                  0.0000000000000000E+000                  0.0000000000000000E+000                  0.0000000000000000E+000                  0.0000000000000000E+000                  0.0000000000000000E+000                  0.0000000000000000E+000                  0.0000000000000000E+000                 -6.0647684256666166E+000                 -9.8999999999999986E+001                  0.0000000000000000E+000                  0.0000000000000000E+000                 -9.8999999999999986E+001                 -9.8999999999999986E+001                  1.4638458845547495E+001                 -9.9000000000000000E+001                 -9.9000000000000000E+001                 -9.9000000000000000E+001 
                 6.5900380452954443E-001                  4.0159719747007179E+000                  1.2795544693642245E+001                  5.0758571357070459E+011                 -2.1056517104184036E+000                  5.6904021038765746E+000                  1.1225195441916717E+014                  2.2284366033269304E+001                  3.4332897232092130E+008                  1.6659637776475371E+000                  3.9530752039006511E-001                  6.2137827732543294E-001                  8.1546667878165435E-001                  8.5000496627254152E-001                  5.0744005362455573E+011                  1.4565994614884523E+008                  2.5087784334332784E+002                  3.9530127964306100E-001                  0.0000000000000000E+000                  1.1102769135780631E+004                  1.9081903238286824E+002                  2.0224049132603576E-015                  2.0224049132603572E-015                  0.0000000000000000E+000                  0.0000000000000000E+000                  8.0909957596663848E-017                  0.0000000000000000E+000                  2.3550036914733226E+001                  6.9999999999999996E-001                  2.9797635251139990E-005                  2.7997020236474884E-001                  4.1193902129486445E-003                  1.2067031330276047E-003                  1.1203876416666529E-002                  2.5129237964844936E-003                  9.5710644087274629E-004                  0.0000000000000000E+000                  0.0000000000000000E+000                  0.0000000000000000E+000                  0.0000000000000000E+000                  0.0000000000000000E+000                  0.0000000000000000E+000                  0.0000000000000000E+000                  0.0000000000000000E+000                  0.0000000000000000E+000                  0.0000000000000000E+000                 -6.0642057946887169E+000                 -9.8999999999999986E+001                  0.0000000000000000E+000                  0.0000000000000000E+000                 -9.8999999999999986E+001                 -9.8999999999999986E+001                  1.4641429496174430E+001                 -9.9000000000000000E+001                 -9.9000000000000000E+001                 -9.9000000000000000E+001 
                 6.5500245991452799E-001                  4.0010588600450712E+000                  1.2746753522004006E+001                  5.1678927655388489E+011                 -2.1009677296728393E+000                  5.6934872339974412E+000                  1.1295237113131319E+014                  2.2284046508105259E+001                  3.4328959292785472E+008                  1.6659546088313124E+000                  3.9532645036416952E-001                  6.2137288149093339E-001                  8.1565285192234660E-001                  8.5000496627254152E-001                  5.1663941830084454E+011                  1.4985825304032129E+008                  2.4562309584915985E+002                  3.9532043120099736E-001                  0.0000000000000000E+000                  1.1076220429097246E+004                  1.8836477225296434E+002                  2.2514074339385120E-015                  2.2514074339385120E-015                  0.0000000000000000E+000                  0.0000000000000000E+000                  9.0071619730765502E-017                  0.0000000000000000E+000                  2.3717433627543080E+001                  6.9999999999999996E-001                  2.9797635251139990E-005                  2.7997020236474884E-001                  4.1193902129486445E-003                  1.2067031330276047E-003                  1.1203876416666529E-002                  2.5129237964844936E-003                  9.5710644087274629E-004                  0.0000000000000000E+000                  0.0000000000000000E+000                  0.0000000000000000E+000                  0.0000000000000000E+000                  0.0000000000000000E+000                  0.0000000000000000E+000                  0.0000000000000000E+000                  0.0000000000000000E+000                  0.0000000000000000E+000                  0.0000000000000000E+000                 -6.0638721051562996E+000                 -9.8999999999999986E+001                  0.0000000000000000E+000                  0.0000000000000000E+000                 -9.8999999999999986E+001                 -9.8999999999999986E+001                  1.4642914291267692E+001                 -9.9000000000000000E+001                 -9.9000000000000000E+001                 -9.9000000000000000E+001 
                 6.5096339084013133E-001                  3.9860548598174415E+000                  1.2697152266142412E+001                  5.2616189522783655E+011                 -2.0962825846994551E+000                  5.6965732198765160E+000                  1.1365803511254944E+014                  2.2283790942244483E+001                  3.4325098668787026E+008                  1.6659446818413535E+000                  3.9534501886380619E-001                  6.2136701432187125E-001                  8.1582363892170739E-001                  8.5000496627254152E-001                  5.2600771644633344E+011                  1.5417878150308594E+008                  2.4049831458930396E+002                  3.9533914052767383E-001                  0.0000000000000000E+000                  1.1049848768609943E+004                  1.8594994454083565E+002                  2.5058157511315963E-015                  2.5058157511315963E-015                  0.0000000000000000E+000                  0.0000000000000000E+000                  1.0024968732241952E-016                  0.0000000000000000E+000                  2.3886346734127070E+001                  6.9999999999999996E-001                  2.9797635251139990E-005                  2.7997020236474884E-001                  4.1193902129486445E-003                  1.2067031330276047E-003                  1.1203876416666529E-002                  2.5129237964844936E-003                  9.5710644087274629E-004                  0.0000000000000000E+000                  0.0000000000000000E+000                  0.0000000000000000E+000                  0.0000000000000000E+000                  0.0000000000000000E+000                  0.0000000000000000E+000                  0.0000000000000000E+000                  0.0000000000000000E+000                  0.0000000000000000E+000                  0.0000000000000000E+000                 -6.0635436089473691E+000                 -9.8999999999999986E+001                  0.0000000000000000E+000                  0.0000000000000000E+000                 -9.8999999999999986E+001                 -9.8999999999999986E+001                  1.4644422453469874E+001                 -9.9000000000000000E+001                 -9.9000000000000000E+001                 -9.9000000000000000E+001 
                 6.4688644111641203E-001                  3.9709590825214263E+000                  1.2646729253923716E+001                  5.3570670186731409E+011                 -2.0915961575374324E+000                  5.6996600552111962E+000                  1.1436905140688222E+014                  2.2283634823281229E+001                  3.4321320391733307E+008                  1.6659338194348690E+000                  3.9536330328781044E-001                  6.2136034352585567E-001                  8.1596211661049189E-001                  8.5000496627254152E-001                  5.3554807675215393E+011                  1.5862511516016153E+008                  2.3549367842020527E+002                  3.9535752734375729E-001                  0.0000000000000000E+000                  1.1023505398712763E+004                  1.8357411626164352E+002                  2.7883893986937501E-015                  2.7883893986937501E-015                  0.0000000000000000E+000                  0.0000000000000000E+000                  1.1155456062841890E-016                  0.0000000000000000E+000                  2.4056774907386259E+001                  6.9999999999999996E-001                  2.9797635251139990E-005                  2.7997020236474884E-001                  4.1193902129486445E-003                  1.2067031330276047E-003                  1.1203876416666529E-002                  2.5129237964844936E-003                  9.5710644087274629E-004                  0.0000000000000000E+000                  0.0000000000000000E+000                  0.0000000000000000E+000                  0.0000000000000000E+000                  0.0000000000000000E+000                  0.0000000000000000E+000                  0.0000000000000000E+000                  0.0000000000000000E+000                  0.0000000000000000E+000                  0.0000000000000000E+000                 -6.0632379299404864E+000                 -9.8999999999999986E+001                  0.0000000000000000E+000                  0.0000000000000000E+000                 -9.8999999999999986E+001                 -9.8999999999999986E+001                  1.4645939778157551E+001                 -9.9000000000000000E+001                 -9.9000000000000000E+001                 -9.9000000000000000E+001 
                 6.4277145938502322E-001                  3.9557706226696379E+000                  1.2595472746016995E+001                  5.4542688667252466E+011                 -2.0869083655426568E+000                  5.7027477340678745E+000                  1.1508552136129028E+014                  2.2283611884563921E+001                  3.4317628340299606E+008                  1.6659218518141077E+000                  3.9538135280980269E-001                  6.2135253251158451E-001                  8.1605220882729967E-001                  8.5000496627254152E-001                  5.4526368572878143E+011                  1.6320094374322563E+008                  2.3060638178591975E+002                  3.9537565499347188E-001                  0.0000000000000000E+000                  1.0997185577593258E+004                  1.8123669038879643E+002                  3.1021809292075712E-015                  3.1021809292075708E-015                  0.0000000000000000E+000                  0.0000000000000000E+000                  1.2410836266744932E-016                  0.0000000000000000E+000                  2.4228703510079367E+001                  6.9999999999999996E-001                  2.9797635251139990E-005                  2.7997020236474884E-001                  4.1193902129486445E-003                  1.2067031330276047E-003                  1.1203876416666529E-002                  2.5129237964844936E-003                  9.5710644087274629E-004                  0.0000000000000000E+000                  0.0000000000000000E+000                  0.0000000000000000E+000                  0.0000000000000000E+000                  0.0000000000000000E+000                  0.0000000000000000E+000                  0.0000000000000000E+000                  0.0000000000000000E+000                  0.0000000000000000E+000                  0.0000000000000000E+000                 -6.0629758629117685E+000                 -9.8999999999999986E+001                  0.0000000000000000E+000                  0.0000000000000000E+000                 -9.8999999999999986E+001                 -9.8999999999999986E+001                  1.4647466211300229E+001                 -9.9000000000000000E+001                 -9.9000000000000000E+001                 -9.9000000000000000E+001 
                 6.3861829932359426E-001                  3.9404885591228500E+000                  1.2543370968170169E+001                  5.5532569877518298E+011                 -2.0822192204929904E+000                  5.7058362503160565E+000                  1.1580748111883008E+014                  2.2283706009138101E+001                  3.4314021535609436E+008                  1.6659088173511951E+000                  3.9539910305305870E-001                  6.2134353485590998E-001                  8.1609798684535506E-001                  8.5000496627254152E-001                  5.5515778870976990E+011                  1.6791006541311356E+008                  2.2583255021570980E+002                  3.9539351613435497E-001                  0.0000000000000000E+000                  1.0970884830485551E+004                  1.7893543154513139E+002                  3.4505657116932434E-015                  3.4505657116932434E-015                  0.0000000000000000E+000                  0.0000000000000000E+000                  1.3804613133372516E-016                  0.0000000000000000E+000                  2.4402006689460467E+001                  6.9999999999999996E-001                  2.9797635251139990E-005                  2.7997020236474884E-001                  4.1193902129486445E-003                  1.2067031330276047E-003                  1.1203876416666529E-002                  2.5129237964844936E-003                  9.5710644087274629E-004                  0.0000000000000000E+000                  0.0000000000000000E+000                  0.0000000000000000E+000                  0.0000000000000000E+000                  0.0000000000000000E+000                  0.0000000000000000E+000                  0.0000000000000000E+000                  0.0000000000000000E+000                  0.0000000000000000E+000                  0.0000000000000000E+000                 -6.0627609991796154E+000                 -9.8999999999999986E+001                  0.0000000000000000E+000                  0.0000000000000000E+000                 -9.8999999999999986E+001                 -9.8999999999999986E+001                  1.4649001746370010E+001                 -9.9000000000000000E+001                 -9.9000000000000000E+001                 -9.9000000000000000E+001 
                 6.3442681986217997E-001                  3.9251119512859161E+000                  1.2490412357569438E+001                  5.6540644727836536E+011                 -2.0775287855142652E+000                  5.7089255970505501E+000                  1.1653494193050544E+014                  2.2283885104177489E+001                  3.4310497666053176E+008                  1.6658948335504187E+000                  3.9541645768937894E-001                  6.2133347043704634E-001                  8.1610986085397941E-001                  8.5000496627254152E-001                  5.6523369088935657E+011                  1.7275638900873938E+008                  2.2116715976821402E+002                  3.9541103047471610E-001                  0.0000000000000000E+000                  1.0944599014850006E+004                  1.7666774339546916E+002                  3.8372753367365376E-015                  3.8372753367365376E-015                  0.0000000000000000E+000                  0.0000000000000000E+000                  1.5351715583237173E-016                  0.0000000000000000E+000                  2.4576523106769159E+001                  6.9999999999999996E-001                  2.9797635251139990E-005                  2.7997020236474884E-001                  4.1193902129486445E-003                  1.2067031330276047E-003                  1.1203876416666529E-002                  2.5129237964844936E-003                  9.5710644087274629E-004                  0.0000000000000000E+000                  0.0000000000000000E+000                  0.0000000000000000E+000                  0.0000000000000000E+000                  0.0000000000000000E+000                  0.0000000000000000E+000                  0.0000000000000000E+000                  0.0000000000000000E+000                  0.0000000000000000E+000                  0.0000000000000000E+000                 -6.0625900233590819E+000                 -9.8999999999999986E+001                  0.0000000000000000E+000                  0.0000000000000000E+000                 -9.8999999999999986E+001                 -9.8999999999999986E+001                  1.4650546428130058E+001                 -9.9000000000000000E+001                 -9.9000000000000000E+001                 -9.9000000000000000E+001 
                 6.3019688541067209E-001                  3.9096398367116083E+000                  1.2436585654697893E+001                  5.7567250232322754E+011                 -2.0728371524782845E+000                  5.7120157665244600E+000                  1.1726791386091041E+014                  2.2284120565215865E+001                  3.4307054765819848E+008                  1.6658800192117009E+000                  3.9543333670807679E-001                  6.2132253393539560E-001                  8.1609665386402708E-001                  8.5000496627254152E-001                  5.7549475838616345E+011                  1.7774393706405079E+008                  2.1660525607474801E+002                  3.9542810980494580E-001                  0.0000000000000000E+000                  1.0918324327305943E+004                  1.7443128298193494E+002                  4.2664343453709770E-015                  4.2664343453709770E-015                  0.0000000000000000E+000                  0.0000000000000000E+000                  1.7068644608795946E-016                  0.0000000000000000E+000                  2.4752096190936893E+001                  6.9999999999999996E-001                  2.9797635251139990E-005                  2.7997020236474884E-001                  4.1193902129486445E-003                  1.2067031330276047E-003                  1.1203876416666529E-002                  2.5129237964844936E-003                  9.5710644087274629E-004                  0.0000000000000000E+000                  0.0000000000000000E+000                  0.0000000000000000E+000                  0.0000000000000000E+000                  0.0000000000000000E+000                  0.0000000000000000E+000                  0.0000000000000000E+000                  0.0000000000000000E+000                  0.0000000000000000E+000                  0.0000000000000000E+000                 -6.0624595425407914E+000                 -9.8999999999999986E+001                  0.0000000000000000E+000                  0.0000000000000000E+000                 -9.8999999999999986E+001                 -9.8999999999999986E+001                  1.4652100353030715E+001                 -9.9000000000000000E+001                 -9.9000000000000000E+001                 -9.9000000000000000E+001 
                 6.2592836609539815E-001                  3.8940712294318347E+000                  1.2381879910119396E+001                  5.8612729619281506E+011                 -2.0681444416334940E+000                  5.7151067503145843E+000                  1.1800640628539339E+014                  2.2284387988463052E+001                  3.4303691119798326E+008                  1.6658644920582215E+000                  3.9544968593030538E-001                  6.2131099196920858E-001                  8.1606517845871718E-001                  8.5000496627254152E-001                  5.8594441934353564E+011                  1.8287684927944866E+008                  2.1214230228116384E+002                  3.9544468695829177E-001                  0.0000000000000000E+000                  1.0892057724405478E+004                  1.7222391320559453E+002                  4.7426004940937086E-015                  4.7426004940937094E-015                  0.0000000000000000E+000                  0.0000000000000000E+000                  1.8973634362283880E-016                  0.0000000000000000E+000                  2.4928607395713588E+001                  6.9999999999999996E-001                  2.9797635251139990E-005                  2.7997020236474884E-001                  4.1193902129486445E-003                  1.2067031330276047E-003                  1.1203876416666529E-002                  2.5129237964844936E-003                  9.5710644087274629E-004                  0.0000000000000000E+000                  0.0000000000000000E+000                  0.0000000000000000E+000                  0.0000000000000000E+000                  0.0000000000000000E+000                  0.0000000000000000E+000                  0.0000000000000000E+000                  0.0000000000000000E+000                  0.0000000000000000E+000                  0.0000000000000000E+000                 -6.0623662133963050E+000                 -9.8999999999999986E+001                  0.0000000000000000E+000                  0.0000000000000000E+000                 -9.8999999999999986E+001                 -9.8999999999999986E+001                  1.4653663697015373E+001                 -9.9000000000000000E+001                 -9.9000000000000000E+001                 -9.9000000000000000E+001 
                 6.2162113799366725E-001                  3.8784051182020343E+000                  1.2326284416839709E+001                  5.9677432448783289E+011                 -2.0634507992518318E+000                  5.7181985395666253E+000                  1.1875042858088717E+014                  2.2284667917467125E+001                  3.4300405144843590E+008                  1.6658483665882073E+000                  3.9546548395392428E-001                  6.2129917509351196E-001                  8.1601976619020777E-001                  8.5000496627254152E-001                  5.9658616510157068E+011                  1.8815938626223096E+008                  2.0777410441748353E+002                  3.9546072406679700E-001                  0.0000000000000000E+000                  1.0865798054991526E+004                  1.7004365430088490E+002                  5.2708090580105641E-015                  5.2708090580105641E-015                  0.0000000000000000E+000                  0.0000000000000000E+000                  2.1086829398859066E-016                  0.0000000000000000E+000                  2.5106036548772479E+001                  6.9999999999999996E-001                  2.9797635251139990E-005                  2.7997020236474884E-001                  4.1193902129486445E-003                  1.2067031330276047E-003                  1.1203876416666529E-002                  2.5129237964844936E-003                  9.5710644087274629E-004                  0.0000000000000000E+000                  0.0000000000000000E+000                  0.0000000000000000E+000                  0.0000000000000000E+000                  0.0000000000000000E+000                  0.0000000000000000E+000                  0.0000000000000000E+000                  0.0000000000000000E+000                  0.0000000000000000E+000                  0.0000000000000000E+000                 -6.0623070604129294E+000                 -9.8999999999999986E+001                  0.0000000000000000E+000                  0.0000000000000000E+000                 -9.8999999999999986E+001                 -9.8999999999999986E+001                  1.4655236791012078E+001                 -9.9000000000000000E+001                 -9.9000000000000000E+001                 -9.9000000000000000E+001 
                 6.1727508335208514E-001                  3.8626404646763821E+000                  1.2269788503070913E+001                  6.0761714738545117E+011                 -2.0587563909122979E+000                  5.7212911253096550E+000                  1.1949999133952555E+014                  2.2284946568920361E+001                  3.4297195161773527E+008                  1.6658317528491393E+000                  3.9548074866602456E-001                  6.2128746213308950E-001                  8.1596183555114699E-001                  8.5000496627254152E-001                  6.0742355145189929E+011                  1.9359593355189276E+008                  2.0349673719881335E+002                  3.9547621927721038E-001                  0.0000000000000000E+000                  1.0839545856571034E+004                  1.6788863545876822E+002                  5.8566216138824001E-015                  5.8566216138824001E-015                  0.0000000000000000E+000                  0.0000000000000000E+000                  2.3430479842454755E-016                  0.0000000000000000E+000                  2.5284371913795660E+001                  6.9999999999999996E-001                  2.9797635251139990E-005                  2.7997020236474884E-001                  4.1193902129486445E-003                  1.2067031330276047E-003                  1.1203876416666529E-002                  2.5129237964844936E-003                  9.5710644087274629E-004                  0.0000000000000000E+000                  0.0000000000000000E+000                  0.0000000000000000E+000                  0.0000000000000000E+000                  0.0000000000000000E+000                  0.0000000000000000E+000                  0.0000000000000000E+000                  0.0000000000000000E+000                  0.0000000000000000E+000                  0.0000000000000000E+000                 -6.0622798121036627E+000                 -9.8999999999999986E+001                  0.0000000000000000E+000                  0.0000000000000000E+000                 -9.8999999999999986E+001                 -9.8999999999999986E+001                  1.4656820096587051E+001                 -9.9000000000000000E+001                 -9.9000000000000000E+001                 -9.9000000000000000E+001 
                 6.1289009079770218E-001                  3.8467762017071618E+000                  1.2212381519387074E+001                  6.1865939096213110E+011                 -2.0540613088222042E+000                  5.7243844990552741E+000                  1.2025511742805958E+014                  2.2285211923962748E+001                  3.4294056249079967E+008                  1.6658147846783053E+000                  3.9549560148563156E-001                  6.2127616784925366E-001                  8.1589346540706331E-001                  8.5000496627254152E-001                  6.1846019995577112E+011                  1.9919100635999402E+008                  1.9930648424969209E+002                  3.9549124201144870E-001                  0.0000000000000000E+000                  1.0813302046967830E+004                  1.6575705979732570E+002                  6.5061810768421182E-015                  6.5061810768421182E-015                  0.0000000000000000E+000                  0.0000000000000000E+000                  2.6029161570657181E-016                  0.0000000000000000E+000                  2.5463717125786062E+001                  6.9999999999999996E-001                  2.9797635251139990E-005                  2.7997020236474884E-001                  4.1193902129486445E-003                  1.2067031330276047E-003                  1.1203876416666529E-002                  2.5129237964844936E-003                  9.5710644087274629E-004                  0.0000000000000000E+000                  0.0000000000000000E+000                  0.0000000000000000E+000                  0.0000000000000000E+000                  0.0000000000000000E+000                  0.0000000000000000E+000                  0.0000000000000000E+000                  0.0000000000000000E+000                  0.0000000000000000E+000                  0.0000000000000000E+000                 -6.0622767103348094E+000                 -9.8999999999999986E+001                  0.0000000000000000E+000                  0.0000000000000000E+000                 -9.8999999999999986E+001                 -9.8999999999999986E+001                  1.4658414105995000E+001                 -9.9000000000000000E+001                 -9.9000000000000000E+001                 -9.9000000000000000E+001 
                 6.0846605555095734E-001                  3.8308112349812493E+000                  1.2154052580236467E+001                  6.2990474853062244E+011                 -2.0493655131926811E+000                  5.7274786535251740E+000                  1.2101584416250959E+014                  2.2285443210839805E+001                  3.4290979308206773E+008                  1.6657976432235266E+000                  3.9551023692415876E-001                  6.2126544925896354E-001                  8.1582210443653225E-001                  8.5000496627254152E-001                  6.2969979927577478E+011                  2.0494925484761873E+008                  1.9519997987184610E+002                  3.9550595007121447E-001                  0.0000000000000000E+000                  1.0787067480801890E+004                  1.6364750014168970E+002                  7.2262724687233439E-015                  7.2262724687233439E-015                  0.0000000000000000E+000                  0.0000000000000000E+000                  2.8910019330005871E-016                  0.0000000000000000E+000                  2.5644360650308535E+001                  6.9999999999999996E-001                  2.9797635251139990E-005                  2.7997020236474884E-001                  4.1193902129486445E-003                  1.2067031330276047E-003                  1.1203876416666529E-002                  2.5129237964844936E-003                  9.5710644087274629E-004                  0.0000000000000000E+000                  0.0000000000000000E+000                  0.0000000000000000E+000                  0.0000000000000000E+000                  0.0000000000000000E+000                  0.0000000000000000E+000                  0.0000000000000000E+000                  0.0000000000000000E+000                  0.0000000000000000E+000                  0.0000000000000000E+000                 -6.0622804009205211E+000                 -9.8999999999999986E+001                  0.0000000000000000E+000                  0.0000000000000000E+000                 -9.8999999999999986E+001                 -9.8999999999999986E+001                  1.4660019307440379E+001                 -9.9000000000000000E+001                 -9.9000000000000000E+001                 -9.9000000000000000E+001 
                 6.0400287964294297E-001                  3.8147444468942551E+000                  1.2094790133440341E+001                  6.4135698195645630E+011                 -2.0446689126817912E+000                  5.7305735828071400E+000                  1.2178221066792861E+014                  2.2285609945393567E+001                  3.4287954540349615E+008                  1.6657805345070771E+000                  3.9552481024168934E-001                  6.2125537932859065E-001                  8.1575824496152316E-001                  8.5000496627254152E-001                  6.4114610648780396E+011                  2.1087546865234050E+008                  1.9117554075554091E+002                  3.9552051843235070E-001                  0.0000000000000000E+000                  1.0760842726211931E+004                  1.6156090956170658E+002                  8.0243877286702714E-015                  8.0243877286702714E-015                  0.0000000000000000E+000                  0.0000000000000000E+000                  3.2103026023207520E-016                  0.0000000000000000E+000                  2.5826634378118328E+001                  6.9999999999999996E-001                  2.9797635251139990E-005                  2.7997020236474884E-001                  4.1193902129486445E-003                  1.2067031330276047E-003                  1.1203876416666529E-002                  2.5129237964844936E-003                  9.5710644087274629E-004                  0.0000000000000000E+000                  0.0000000000000000E+000                  0.0000000000000000E+000                  0.0000000000000000E+000                  0.0000000000000000E+000                  0.0000000000000000E+000                  0.0000000000000000E+000                  0.0000000000000000E+000                  0.0000000000000000E+000                  0.0000000000000000E+000                 -6.0622707926756245E+000                 -9.8999999999999986E+001                  0.0000000000000000E+000                  0.0000000000000000E+000                 -9.8999999999999986E+001                 -9.8999999999999986E+001                  1.4661636168190247E+001                 -9.9000000000000000E+001                 -9.9000000000000000E+001                 -9.9000000000000000E+001 
                 5.9950047213891433E-001                  3.7985746975745536E+000                  1.2034581840737578E+001                  6.5301992297460950E+011                 -2.0399713763417897E+000                  5.7336692820323290E+000                  1.2255425682952327E+014                  2.2285673710676331E+001                  3.4284971677153385E+008                  1.6657636877687696E+000                  3.9553942999376251E-001                  6.2124596782782693E-001                  8.1571446071088560E-001                  8.5000496627254152E-001                  6.5280294839395569E+011                  2.1697458065376410E+008                  1.8723335919341753E+002                  3.9553507910600505E-001                  0.0000000000000000E+000                  1.0734627818522482E+004                  1.5949904061126190E+002                  8.9087977042070807E-015                  8.9087977042070807E-015                  0.0000000000000000E+000                  0.0000000000000000E+000                  3.5641270723176112E-016                  0.0000000000000000E+000                  2.6010873599734659E+001                  6.9999999999999996E-001                  2.9797635251139990E-005                  2.7997020236474884E-001                  4.1193902129486445E-003                  1.2067031330276047E-003                  1.1203876416666529E-002                  2.5129237964844936E-003                  9.5710644087274629E-004                  0.0000000000000000E+000                  0.0000000000000000E+000                  0.0000000000000000E+000                  0.0000000000000000E+000                  0.0000000000000000E+000                  0.0000000000000000E+000                  0.0000000000000000E+000                  0.0000000000000000E+000                  0.0000000000000000E+000                  0.0000000000000000E+000                 -6.0622267871781075E+000                 -9.8999999999999986E+001                  0.0000000000000000E+000                  0.0000000000000000E+000                 -9.8999999999999986E+001                 -9.8999999999999986E+001                  1.4663265113534443E+001                 -9.9000000000000000E+001                 -9.9000000000000000E+001                 -9.9000000000000000E+001 
                 5.9495874937255111E-001                  3.7823008255147448E+000                  1.1973414548194404E+001                  6.6489747448267957E+011                 -2.0352727425598154E+000                  5.7367657470155766E+000                  1.2333202293381272E+014                  2.2285590213324010E+001                  3.4282020005630314E+008                  1.6657473550587918E+000                  3.9555415958653206E-001                  6.2123718234208325E-001                  8.1570458005028279E-001                  8.5000496627254152E-001                  6.6467422281197668E+011                  2.2325167070290771E+008                  1.8337387099403890E+002                  3.9554971817041912E-001                  0.0000000000000000E+000                  1.0708421075074300E+004                  1.5746333376749809E+002                  9.8886312929450651E-015                  9.8886312929450651E-015                  0.0000000000000000E+000                  0.0000000000000000E+000                  3.9561275294587210E-016                  0.0000000000000000E+000                  2.6197219758249403E+001                  6.9999999999999996E-001                  2.9797635251139990E-005                  2.7997020236474884E-001                  4.1193902129486445E-003                  1.2067031330276047E-003                  1.1203876416666529E-002                  2.5129237964844936E-003                  9.5710644087274629E-004                  0.0000000000000000E+000                  0.0000000000000000E+000                  0.0000000000000000E+000                  0.0000000000000000E+000                  0.0000000000000000E+000                  0.0000000000000000E+000                  0.0000000000000000E+000                  0.0000000000000000E+000                  0.0000000000000000E+000                  0.0000000000000000E+000                 -6.0621276206494219E+000                 -9.8999999999999986E+001                  0.0000000000000000E+000                  0.0000000000000000E+000                 -9.8999999999999986E+001                 -9.8999999999999986E+001                  1.4664906410085800E+001                 -9.9000000000000000E+001                 -9.9000000000000000E+001                 -9.9000000000000000E+001 
                 5.9037763520632258E-001                  3.7659216479590865E+000                  1.1911274724520215E+001                  6.7699361178559460E+011                 -2.0305728308766233E+000                  5.7398629738995171E+000                  1.2411554918426919E+014                  2.2285311667794304E+001                  3.4279088423047882E+008                  1.6657318102126684E+000                  3.9556902149137657E-001                  6.2122897507852071E-001                  8.1574280220893525E-001                  8.5000496627254152E-001                  6.7676389981621399E+011                  2.2971196938059947E+008                  1.7959713670066731E+002                  3.9556447864966693E-001                  0.0000000000000000E+000                  1.0682218442106478E+004                  1.5545495984635886E+002                  1.0973962296793053E-014                  1.0973962296793053E-014                  0.0000000000000000E+000                  0.0000000000000000E+000                  4.3903341870800123E-016                  0.0000000000000000E+000                  2.6385689880416361E+001                  6.9999999999999996E-001                  2.9797635251139990E-005                  2.7997020236474884E-001                  4.1193902129486445E-003                  1.2067031330276047E-003                  1.1203876416666529E-002                  2.5129237964844936E-003                  9.5710644087274629E-004                  0.0000000000000000E+000                  0.0000000000000000E+000                  0.0000000000000000E+000                  0.0000000000000000E+000                  0.0000000000000000E+000                  0.0000000000000000E+000                  0.0000000000000000E+000                  0.0000000000000000E+000                  0.0000000000000000E+000                  0.0000000000000000E+000                 -6.0619542600697827E+000                 -9.8999999999999986E+001                  0.0000000000000000E+000                  0.0000000000000000E+000                 -9.8999999999999986E+001                 -9.8999999999999986E+001                  1.4666560109634970E+001                 -9.9000000000000000E+001                 -9.9000000000000000E+001                 -9.9000000000000000E+001 
                 5.8575706132157179E-001                  3.7494359609339667E+000                  1.1848148753552030E+001                  6.8931238380239026E+011                 -2.0258714958198696E+000                  5.7429609587167860E+000                  1.2490487691128869E+014                  2.2284807398644631E+001                  3.4276168121425653E+008                  1.6657172663616377E+000                  3.9558397552268709E-001                  6.2122132717215606E-001                  8.1583742697030881E-001                  8.5000496627254152E-001                  6.8907602294079797E+011                  2.3636086159224069E+008                  1.7590290948921648E+002                  3.9557935181673898E-001                  0.0000000000000000E+000                  1.0656014848053293E+004                  1.5347486237085744E+002                  1.2175903509038288E-014                  1.2175903509038288E-014                  0.0000000000000000E+000                  0.0000000000000000E+000                  4.8711929267274983E-016                  0.0000000000000000E+000                  2.6576251684786062E+001                  6.9999999999999996E-001                  2.9797635251139990E-005                  2.7997020236474884E-001                  4.1193902129486445E-003                  1.2067031330276047E-003                  1.1203876416666529E-002                  2.5129237964844936E-003                  9.5710644087274629E-004                  0.0000000000000000E+000                  0.0000000000000000E+000                  0.0000000000000000E+000                  0.0000000000000000E+000                  0.0000000000000000E+000                  0.0000000000000000E+000                  0.0000000000000000E+000                  0.0000000000000000E+000                  0.0000000000000000E+000                  0.0000000000000000E+000                 -6.0616980756096472E+000                 -9.8999999999999986E+001                  0.0000000000000000E+000                  0.0000000000000000E+000                 -9.8999999999999986E+001                 -9.8999999999999986E+001                  1.4668226188109124E+001                 -9.9000000000000000E+001                 -9.9000000000000000E+001                 -9.9000000000000000E+001 
                 5.8109696752690188E-001                  3.7328425372454959E+000                  1.1784023058667433E+001                  7.0185791427868323E+011                 -2.0211687875211748E+000                  5.7460596965647115E+000                  1.2570004996918412E+014                  2.2284127890326481E+001                  3.4273262284757918E+008                  1.6657035773757560E+000                  3.9559884176630644E-001                  6.2121430773173114E-001                  8.1597278529154704E-001                  8.5000496627254152E-001                  7.0161471038941333E+011                  2.4320388926987490E+008                  1.7229069090672735E+002                  3.9559422791108967E-001                  0.0000000000000000E+000                  1.0629805177462729E+004                  1.5152378779795524E+002                  1.3506705683466036E-014                  1.3506705683466036E-014                  0.0000000000000000E+000                  0.0000000000000000E+000                  5.4036048926498475E-016                  0.0000000000000000E+000                  2.6768585489447013E+001                  6.9999999999999996E-001                  2.9797635251139990E-005                  2.7997020236474884E-001                  4.1193902129486445E-003                  1.2067031330276047E-003                  1.1203876416666529E-002                  2.5129237964844936E-003                  9.5710644087274629E-004                  0.0000000000000000E+000                  0.0000000000000000E+000                  0.0000000000000000E+000                  0.0000000000000000E+000                  0.0000000000000000E+000                  0.0000000000000000E+000                  0.0000000000000000E+000                  0.0000000000000000E+000                  0.0000000000000000E+000                  0.0000000000000000E+000                 -6.0613841731613132E+000                 -9.8999999999999986E+001                  0.0000000000000000E+000                  0.0000000000000000E+000                 -9.8999999999999986E+001                 -9.8999999999999986E+001                  1.4669904642974748E+001                 -9.9000000000000000E+001                 -9.9000000000000000E+001                 -9.9000000000000000E+001 
                 5.7639730208113427E-001                  3.7161401182041973E+000                  1.1718884812055405E+001                  7.1463440309811523E+011                 -2.0164648311373616E+000                  5.7491591810271121E+000                  1.2650110542441730E+014                  2.2283342099405974E+001                  3.4270378303649616E+008                  1.6656904840344844E+000                  3.9561343635293339E-001                  6.2120801499863898E-001                  8.1612985532304672E-001                  8.5000496627254152E-001                  7.1438415634365930E+011                  2.5024675445592403E+008                  1.6875980997827483E+002                  3.9560892503307754E-001                  0.0000000000000000E+000                  1.0603584407625580E+004                  1.4960235917758985E+002                  1.4979873119139189E-014                  1.4979873119139189E-014                  0.0000000000000000E+000                  0.0000000000000000E+000                  5.9929727337149733E-016                  0.0000000000000000E+000                  2.6962288474006751E+001                  6.9999999999999996E-001                  2.9797635251139990E-005                  2.7997020236474884E-001                  4.1193902129486445E-003                  1.2067031330276047E-003                  1.1203876416666529E-002                  2.5129237964844936E-003                  9.5710644087274629E-004                  0.0000000000000000E+000                  0.0000000000000000E+000                  0.0000000000000000E+000                  0.0000000000000000E+000                  0.0000000000000000E+000                  0.0000000000000000E+000                  0.0000000000000000E+000                  0.0000000000000000E+000                  0.0000000000000000E+000                  0.0000000000000000E+000                 -6.0610415225146133E+000                 -9.8999999999999986E+001                  0.0000000000000000E+000                  0.0000000000000000E+000                 -9.8999999999999986E+001                 -9.8999999999999986E+001                  1.4671595506399736E+001                 -9.9000000000000000E+001                 -9.9000000000000000E+001                 -9.9000000000000000E+001 
                 5.7165802203007832E-001                  3.6993274096992499E+000                  1.1652722172677075E+001                  7.2764612764746570E+011                 -2.0117597640523148E+000                  5.7522594043136746E+000                  1.2730807279155767E+014                  2.2282510344018263E+001                  3.4267524481368631E+008                  1.6656777144142076E+000                  3.9562761640905009E-001                  6.2120253263754488E-001                  8.1629477970952791E-001                  8.5000496627254152E-001                  7.2738863232349487E+011                  2.5749532397087541E+008                  1.6530939000537896E+002                  3.9562327971370054E-001                  0.0000000000000000E+000                  1.0577347783379981E+004                  1.4771092388988612E+002                  1.6610290125773521E-014                  1.6610290125773518E-014                  0.0000000000000000E+000                  0.0000000000000000E+000                  6.6452511983210226E-016                  0.0000000000000000E+000                  2.7156979901763755E+001                  6.9999999999999996E-001                  2.9797635251139990E-005                  2.7997020236474884E-001                  4.1193902129486445E-003                  1.2067031330276047E-003                  1.1203876416666529E-002                  2.5129237964844936E-003                  9.5710644087274629E-004                  0.0000000000000000E+000                  0.0000000000000000E+000                  0.0000000000000000E+000                  0.0000000000000000E+000                  0.0000000000000000E+000                  0.0000000000000000E+000                  0.0000000000000000E+000                  0.0000000000000000E+000                  0.0000000000000000E+000                  0.0000000000000000E+000                 -6.0606909284798958E+000                 -9.8999999999999986E+001                  0.0000000000000000E+000                  0.0000000000000000E+000                 -9.8999999999999986E+001                 -9.8999999999999986E+001                  1.4673298856925003E+001                 -9.9000000000000000E+001                 -9.9000000000000000E+001                 -9.9000000000000000E+001 
                 5.6687909355562660E-001                  3.6824030805671968E+000                  1.1585524272888343E+001                  7.4089744422598914E+011                 -2.0070537244013580E+000                  5.7553603575790095E+000                  1.2812097552671848E+014                  2.2281681370563355E+001                  3.4264710004491842E+008                  1.6656649819628651E+000                  3.9564127946015432E-001                  6.2119790627431748E-001                  8.1645985729338566E-001                  8.5000496627254152E-001                  7.4063248859131311E+011                  2.6495563467606878E+008                  1.6193740409423785E+002                  3.9563716918300951E-001                  0.0000000000000000E+000                  1.0551091162906019E+004                  1.4584797512531205E+002                  1.8414358682104080E-014                  1.8414358682104080E-014                  0.0000000000000000E+000                  0.0000000000000000E+000                  7.3670022072814985E-016                  0.0000000000000000E+000                  2.7352409032317780E+001                  6.9999999999999996E-001                  2.9797635251139990E-005                  2.7997020236474884E-001                  4.1193902129486445E-003                  1.2067031330276047E-003                  1.1203876416666529E-002                  2.5129237964844936E-003                  9.5710644087274629E-004                  0.0000000000000000E+000                  0.0000000000000000E+000                  0.0000000000000000E+000                  0.0000000000000000E+000                  0.0000000000000000E+000                  0.0000000000000000E+000                  0.0000000000000000E+000                  0.0000000000000000E+000                  0.0000000000000000E+000                  0.0000000000000000E+000                 -6.0603434908501104E+000                 -9.8999999999999986E+001                  0.0000000000000000E+000                  0.0000000000000000E+000                 -9.8999999999999986E+001                 -9.8999999999999986E+001                  1.4675014864189205E+001                 -9.9000000000000000E+001                 -9.9000000000000000E+001                 -9.9000000000000000E+001 
                 5.6206049232588873E-001                  3.6653657613034358E+000                  1.1517280933880738E+001                  7.5439278954401074E+011                 -2.0023468417385257E+000                  5.7584620312476460E+000                  1.2893983226126403E+014                  2.2280890150808581E+001                  3.4261944906996530E+008                  1.6656519842549475E+000                  3.9565436168001150E-001                  6.2119412598028090E-001                  8.1662424417622959E-001                  8.5000496627254152E-001                  7.5412015564501941E+011                  2.7263389899136382E+008                  1.5864046399730879E+002                  3.9565051020514908E-001                  0.0000000000000000E+000                  1.0524811647519902E+004                  1.4401128204878637E+002                  2.0410149562634887E-014                  2.0410149562634887E-014                  0.0000000000000000E+000                  0.0000000000000000E+000                  8.1654553150008985E-016                  0.0000000000000000E+000                  2.7548562985965248E+001                  6.9999999999999996E-001                  2.9797635251139990E-005                  2.7997020236474884E-001                  4.1193902129486445E-003                  1.2067031330276047E-003                  1.1203876416666529E-002                  2.5129237964844936E-003                  9.5710644087274629E-004                  0.0000000000000000E+000                  0.0000000000000000E+000                  0.0000000000000000E+000                  0.0000000000000000E+000                  0.0000000000000000E+000                  0.0000000000000000E+000                  0.0000000000000000E+000                  0.0000000000000000E+000                  0.0000000000000000E+000                  0.0000000000000000E+000                 -6.0599995665474573E+000                 -9.8999999999999986E+001                  0.0000000000000000E+000                  0.0000000000000000E+000                 -9.8999999999999986E+001                 -9.8999999999999986E+001                  1.4676743871745408E+001                 -9.9000000000000000E+001                 -9.9000000000000000E+001                 -9.9000000000000000E+001 
                 5.5720220382349228E-001                  3.6482140429681302E+000                  1.1447982096392336E+001                  7.6813668233286853E+011                 -1.9976392260694291E+000                  5.7615644153663697E+000                  1.2976465884404480E+014                  2.2280155985410545E+001                  3.4259239432285297E+008                  1.6656384151965755E+000                  3.9566684205022323E-001                  6.2119110968499269E-001                  8.1679419002372489E-001                  8.5000496627254152E-001                  7.6785614582212720E+011                  2.8053651074128950E+008                  1.5541505670879744E+002                  3.9566326025553356E-001                  0.0000000000000000E+000                  1.0498507213735700E+004                  1.4219895258643783E+002                  2.2617568435582914E-014                  2.2617568435582914E-014                  0.0000000000000000E+000                  0.0000000000000000E+000                  9.0485741601705524E-016                  0.0000000000000000E+000                  2.7745471004095453E+001                  6.9999999999999996E-001                  2.9797635251139990E-005                  2.7997020236474884E-001                  4.1193902129486445E-003                  1.2067031330276047E-003                  1.1203876416666529E-002                  2.5129237964844936E-003                  9.5710644087274629E-004                  0.0000000000000000E+000                  0.0000000000000000E+000                  0.0000000000000000E+000                  0.0000000000000000E+000                  0.0000000000000000E+000                  0.0000000000000000E+000                  0.0000000000000000E+000                  0.0000000000000000E+000                  0.0000000000000000E+000                  0.0000000000000000E+000                 -6.0596485392164112E+000                 -9.8999999999999986E+001                  0.0000000000000000E+000                  0.0000000000000000E+000                 -9.8999999999999986E+001                 -9.8999999999999986E+001                  1.4678486340817892E+001                 -9.9000000000000000E+001                 -9.9000000000000000E+001                 -9.9000000000000000E+001 
                 5.5230422366006759E-001                  3.6309464763933419E+000                  1.1377617723409216E+001                  7.8213372503653503E+011                 -1.9929308852297476E+000                  5.7646675005208410E+000                  1.3059549421853461E+014                  2.2279477061671038E+001                  3.4256590991745716E+008                  1.6656242418503182E+000                  3.9567888037275872E-001                  6.2118861106827661E-001                  8.1697754113563958E-001                  8.5000496627254152E-001                  7.8184505498374683E+011                  2.8867005278821218E+008                  1.5225811168507522E+002                  3.9567548836054350E-001                  0.0000000000000000E+000                  1.0472175801323880E+004                  1.4040941136657895E+002                  2.5058543010189729E-014                  2.5058543010189732E-014                  0.0000000000000000E+000                  0.0000000000000000E+000                  1.0025131337681211E-015                  0.0000000000000000E+000                  2.7943316607170086E+001                  6.9999999999999996E-001                  2.9797635251139990E-005                  2.7997020236474884E-001                  4.1193902129486445E-003                  1.2067031330276047E-003                  1.1203876416666529E-002                  2.5129237964844936E-003                  9.5710644087274629E-004                  0.0000000000000000E+000                  0.0000000000000000E+000                  0.0000000000000000E+000                  0.0000000000000000E+000                  0.0000000000000000E+000                  0.0000000000000000E+000                  0.0000000000000000E+000                  0.0000000000000000E+000                  0.0000000000000000E+000                  0.0000000000000000E+000                 -6.0592781918427665E+000                 -9.8999999999999986E+001                  0.0000000000000000E+000                  0.0000000000000000E+000                 -9.8999999999999986E+001                 -9.8999999999999986E+001                  1.4680242733686667E+001                 -9.9000000000000000E+001                 -9.9000000000000000E+001                 -9.9000000000000000E+001 
                 5.4736655789041999E-001                  3.6135615746392493E+000                  1.1306177411988015E+001                  7.9638860551319678E+011                 -1.9882217415183787E+000                  5.7677712790900602E+000                  1.3143240800590806E+014                  2.2278849369797403E+001                  3.4253983604869938E+008                  1.6656097108730210E+000                  3.9569076645045781E-001                  6.2118631592619389E-001                  8.1717557966143239E-001                  8.5000496627254152E-001                  7.9609156420704016E+011                  2.9704130615656483E+008                  1.4916694324868939E+002                  3.9568741906396449E-001                  0.0000000000000000E+000                  1.0445815112778162E+004                  1.3864135576174016E+002                  2.7757225078446264E-014                  2.7757225078446267E-014                  0.0000000000000000E+000                  0.0000000000000000E+000                  1.1104789229335752E-015                  0.0000000000000000E+000                  2.8142406058950222E+001                  6.9999999999999996E-001                  2.9797635251139990E-005                  2.7997020236474884E-001                  4.1193902129486445E-003                  1.2067031330276047E-003                  1.1203876416666529E-002                  2.5129237964844936E-003                  9.5710644087274629E-004                  0.0000000000000000E+000                  0.0000000000000000E+000                  0.0000000000000000E+000                  0.0000000000000000E+000                  0.0000000000000000E+000                  0.0000000000000000E+000                  0.0000000000000000E+000                  0.0000000000000000E+000                  0.0000000000000000E+000                  0.0000000000000000E+000                 -6.0588869486161663E+000                 -9.8999999999999986E+001                  0.0000000000000000E+000                  0.0000000000000000E+000                 -9.8999999999999986E+001                 -9.8999999999999986E+001                  1.4682013496082417E+001                 -9.9000000000000000E+001                 -9.9000000000000000E+001                 -9.9000000000000000E+001 
                 5.4238922332916351E-001                  3.5960578148550097E+000                  1.1233650070744623E+001                  8.1090609874377039E+011                 -1.9835117257275996E+000                  5.7708757456109181E+000                  1.3227547904688453E+014                  2.2278284007337643E+001                  3.4251400400796437E+008                  1.6655950846858849E+000                  3.9570274535788597E-001                  6.2118399688920789E-001                  8.1738337507006531E-001                  8.5000496627254152E-001                  8.1060044148634399E+011                  3.0565725742639071E+008                  1.4613918188354950E+002                  3.9569931990492790E-001                  0.0000000000000000E+000                  1.0419422502076210E+004                  1.3689370558209606E+002                  3.0740206217772636E-014                  3.0740206217772636E-014                  0.0000000000000000E+000                  0.0000000000000000E+000                  1.2298186299891561E-015                  0.0000000000000000E+000                  2.8343002765745577E+001                  6.9999999999999996E-001                  2.9797635251139990E-005                  2.7997020236474884E-001                  4.1193902129486445E-003                  1.2067031330276047E-003                  1.1203876416666529E-002                  2.5129237964844936E-003                  9.5710644087274629E-004                  0.0000000000000000E+000                  0.0000000000000000E+000                  0.0000000000000000E+000                  0.0000000000000000E+000                  0.0000000000000000E+000                  0.0000000000000000E+000                  0.0000000000000000E+000                  0.0000000000000000E+000                  0.0000000000000000E+000                  0.0000000000000000E+000                 -6.0584823225247906E+000                 -9.8999999999999986E+001                  0.0000000000000000E+000                  0.0000000000000000E+000                 -9.8999999999999986E+001                 -9.8999999999999986E+001                  1.4683799055829008E+001                 -9.9000000000000000E+001                 -9.9000000000000000E+001                 -9.9000000000000000E+001 
                 5.3737224787221172E-001                  3.5784336363660203E+000                  1.1160024015225803E+001                  8.2569106858862537E+011                 -1.9788007867084862E+000                  5.7739808964165151E+000                  1.3312479223391383E+014                  2.2277807421475920E+001                  3.4248824297105992E+008                  1.6655806346559856E+000                  3.9571500740267179E-001                  6.2118152291921147E-001                  8.1759034668179253E-001                  8.5000496627254152E-001                  8.2537654348419690E+011                  3.1452510442850071E+008                  1.4317272027675500E+002                  3.9571140869149551E-001                  0.0000000000000000E+000                  1.0392995038403782E+004                  1.3516556901593268E+002                  3.4036757461424240E-014                  3.4036757461424247E-014                  0.0000000000000000E+000                  0.0000000000000000E+000                  1.3617032981867880E-015                  0.0000000000000000E+000                  2.8545310023783873E+001                  6.9999999999999996E-001                  2.9797635251139990E-005                  2.7997020236474884E-001                  4.1193902129486445E-003                  1.2067031330276047E-003                  1.1203876416666529E-002                  2.5129237964844936E-003                  9.5710644087274629E-004                  0.0000000000000000E+000                  0.0000000000000000E+000                  0.0000000000000000E+000                  0.0000000000000000E+000                  0.0000000000000000E+000                  0.0000000000000000E+000                  0.0000000000000000E+000                  0.0000000000000000E+000                  0.0000000000000000E+000                  0.0000000000000000E+000                 -6.0580800288212870E+000                 -9.8999999999999986E+001                  0.0000000000000000E+000                  0.0000000000000000E+000                 -9.8999999999999986E+001                 -9.8999999999999986E+001                  1.4685599828071984E+001                 -9.9000000000000000E+001                 -9.9000000000000000E+001                 -9.9000000000000000E+001 
                 5.3231567083181575E-001                  3.5606874382900831E+000                  1.1085287113327135E+001                  8.4074846953400452E+011                 -1.9740888947291864E+000                  5.7770867292221073E+000                  1.3398043654178080E+014                  2.2277460282732452E+001                  3.4246238124662513E+008                  1.6655666449821731E+000                  3.9572768784160184E-001                  6.2117885676174311E-001                  8.1778104452908984E-001                  8.5000496627254152E-001                  8.4042481727215454E+011                  3.2365226184993857E+008                  1.4026570384562541E+002                  3.9572384831661206E-001                  0.0000000000000000E+000                  1.0366529801196373E+004                  1.3345627127070964E+002                  3.7679091983283447E-014                  3.7679091983283447E-014                  0.0000000000000000E+000                  0.0000000000000000E+000                  1.5074216767713030E-015                  0.0000000000000000E+000                  2.8749408258641129E+001                  6.9999999999999996E-001                  2.9797635251139990E-005                  2.7997020236474884E-001                  4.1193902129486445E-003                  1.2067031330276047E-003                  1.1203876416666529E-002                  2.5129237964844936E-003                  9.5710644087274629E-004                  0.0000000000000000E+000                  0.0000000000000000E+000                  0.0000000000000000E+000                  0.0000000000000000E+000                  0.0000000000000000E+000                  0.0000000000000000E+000                  0.0000000000000000E+000                  0.0000000000000000E+000                  0.0000000000000000E+000                  0.0000000000000000E+000                 -6.0577028216215343E+000                 -9.8999999999999986E+001                  0.0000000000000000E+000                  0.0000000000000000E+000                 -9.8999999999999986E+001                 -9.8999999999999986E+001                  1.4687416211268518E+001                 -9.9000000000000000E+001                 -9.9000000000000000E+001                 -9.9000000000000000E+001 
                 5.2721954332250864E-001                  3.5428175770436989E+000                  1.1009427103544470E+001                  8.5608334834915686E+011                 -1.9693760423882491E+000                  5.7801932426927527E+000                  1.3484250333198753E+014                  2.2277295545946021E+001                  3.4243624759220731E+008                  1.6655534151808318E+000                  3.9574086925558316E-001                  6.2117604587480613E-001                  8.1793624637407547E-001                  8.5000496627254152E-001                  8.5575030198234277E+011                  3.3304636681413299E+008                  1.3741680329303236E+002                  3.9573674780901474E-001                  0.0000000000000000E+000                  1.0340024093229084E+004                  1.3176586197450999E+002                  4.1702652781793839E-014                  4.1702652781793839E-014                  0.0000000000000000E+000                  0.0000000000000000E+000                  1.6683917303373514E-015                  0.0000000000000000E+000                  2.8955316265479002E+001                  6.9999999999999996E-001                  2.9797635251139990E-005                  2.7997020236474884E-001                  4.1193902129486445E-003                  1.2067031330276047E-003                  1.1203876416666529E-002                  2.5129237964844936E-003                  9.5710644087274629E-004                  0.0000000000000000E+000                  0.0000000000000000E+000                  0.0000000000000000E+000                  0.0000000000000000E+000                  0.0000000000000000E+000                  0.0000000000000000E+000                  0.0000000000000000E+000                  0.0000000000000000E+000                  0.0000000000000000E+000                  0.0000000000000000E+000                 -6.0573788659600662E+000                 -9.8999999999999986E+001                  0.0000000000000000E+000                  0.0000000000000000E+000                 -9.8999999999999986E+001                 -9.8999999999999986E+001                  1.4689248599630758E+001                 -9.9000000000000000E+001                 -9.9000000000000000E+001                 -9.9000000000000000E+001 
                 5.2208392871497256E-001                  3.5248223638847884E+000                  1.0932431764320743E+001                  8.7170084567521924E+011                 -1.9646622497934720E+000                  5.7833004358263116E+000                  1.3571108022693072E+014                  2.2277354919633506E+001                  3.4240974212249696E+008                  1.6655411819270556E+000                  3.9575453684470252E-001                  6.2117318073674477E-001                  8.1804149148931593E-001                  8.5000496627254152E-001                  8.7135813039133215E+011                  3.4271528388711810E+008                  1.3462520666087343E+002                  3.9575014124419916E-001                  0.0000000000000000E+000                  1.0313475335749476E+004                  1.3009462112086541E+002                  4.6146426751573101E-014                  4.6146426751573101E-014                  0.0000000000000000E+000                  0.0000000000000000E+000                  1.8461732038776805E-015                  0.0000000000000000E+000                  2.9163019450815352E+001                  6.9999999999999996E-001                  2.9797635251139990E-005                  2.7997020236474884E-001                  4.1193902129486445E-003                  1.2067031330276047E-003                  1.1203876416666529E-002                  2.5129237964844936E-003                  9.5710644087274629E-004                  0.0000000000000000E+000                  0.0000000000000000E+000                  0.0000000000000000E+000                  0.0000000000000000E+000                  0.0000000000000000E+000                  0.0000000000000000E+000                  0.0000000000000000E+000                  0.0000000000000000E+000                  0.0000000000000000E+000                  0.0000000000000000E+000                 -6.0571292090409559E+000                 -9.8999999999999986E+001                  0.0000000000000000E+000                  0.0000000000000000E+000                 -9.8999999999999986E+001                 -9.8999999999999986E+001                  1.4691097411221136E+001                 -9.9000000000000000E+001                 -9.9000000000000000E+001                 -9.9000000000000000E+001 
                 5.1690890312358417E-001                  3.5067000621830671E+000                  1.0854289014895246E+001                  8.8760619761616980E+011                 -1.9599475673552782E+000                  5.7864083068715280E+000                  1.3658623645129334E+014                  2.2277615421558767E+001                  3.4238299406278884E+008                  1.6655299271916024E+000                  3.9576850551497034E-001                  6.2117026392942798E-001                  8.1810476726139292E-001                  8.5000496627254152E-001                  8.8725353050770337E+011                  3.5266710846645981E+008                  1.3189010967140948E+002                  3.9576392899255131E-001                  0.0000000000000000E+000                  1.0286880831966762E+004                  1.2844258817288792E+002                  5.1053287405956117E-014                  5.1053287405956117E-014                  0.0000000000000000E+000                  0.0000000000000000E+000                  2.0424813340688737E-015                  0.0000000000000000E+000                  2.9372440974131834E+001                  6.9999999999999996E-001                  2.9797635251139990E-005                  2.7997020236474884E-001                  4.1193902129486445E-003                  1.2067031330276047E-003                  1.1203876416666529E-002                  2.5129237964844936E-003                  9.5710644087274629E-004                  0.0000000000000000E+000                  0.0000000000000000E+000                  0.0000000000000000E+000                  0.0000000000000000E+000                  0.0000000000000000E+000                  0.0000000000000000E+000                  0.0000000000000000E+000                  0.0000000000000000E+000                  0.0000000000000000E+000                  0.0000000000000000E+000                 -6.0569418530670802E+000                 -9.8999999999999986E+001                  0.0000000000000000E+000                  0.0000000000000000E+000                 -9.8999999999999986E+001                 -9.8999999999999986E+001                  1.4692963084019363E+001                 -9.9000000000000000E+001                 -9.9000000000000000E+001                 -9.9000000000000000E+001 
                 5.1169455591670165E-001                  3.4884488844594981E+000                  1.0774987098198491E+001                  9.0380473735661292E+011                 -1.9552320380569255E+000                  5.7895168526983580E+000                  1.3746803139740852E+014                  2.2278039959898845E+001                  3.4235617103489625E+008                  1.6655195716703206E+000                  3.9578260862922782E-001                  6.2116719510362595E-001                  8.1813757142049581E-001                  8.5000496627254152E-001                  9.0344182718532776E+011                  3.6291017128517765E+008                  1.2921049174521161E+002                  3.9577793513730170E-001                  0.0000000000000000E+000                  1.0260237622331868E+004                  1.2680958653839240E+002                  5.6470374949190908E-014                  5.6470374949190908E-014                  0.0000000000000000E+000                  0.0000000000000000E+000                  2.2592020548046683E-015                  0.0000000000000000E+000                  2.9583511119065417E+001                  6.9999999999999996E-001                  2.9797635251139990E-005                  2.7997020236474884E-001                  4.1193902129486445E-003                  1.2067031330276047E-003                  1.1203876416666529E-002                  2.5129237964844936E-003                  9.5710644087274629E-004                  0.0000000000000000E+000                  0.0000000000000000E+000                  0.0000000000000000E+000                  0.0000000000000000E+000                  0.0000000000000000E+000                  0.0000000000000000E+000                  0.0000000000000000E+000                  0.0000000000000000E+000                  0.0000000000000000E+000                  0.0000000000000000E+000                 -6.0567995187966206E+000                 -9.8999999999999986E+001                  0.0000000000000000E+000                  0.0000000000000000E+000                 -9.8999999999999986E+001                 -9.8999999999999986E+001                  1.4694846059092761E+001                 -9.9000000000000000E+001                 -9.9000000000000000E+001                 -9.9000000000000000E+001 
                 5.0644099024796818E-001                  3.4700669908966906E+000                  1.0694514582077668E+001                  9.2030189678886108E+011                 -1.9505156858727153E+000                  5.7926260690565483E+000                  1.3835651930005967E+014                  2.2278592284143890E+001                  3.4232942975205338E+008                  1.6655100220720533E+000                  3.9579673522480646E-001                  6.2116379099508401E-001                  8.1814937200027649E-001                  8.5000496627254152E-001                  9.1992844374307910E+011                  3.7345304578201610E+008                  1.2658515006204252E+002                  3.9579202076351894E-001                  0.0000000000000000E+000                  1.0233542456985375E+004                  1.2519525000393352E+002                  6.2449511741478128E-014                  6.2449511741478128E-014                  0.0000000000000000E+000                  0.0000000000000000E+000                  2.4984086186903057E-015                  0.0000000000000000E+000                  2.9796179719365693E+001                  6.9999999999999996E-001                  2.9797635251139990E-005                  2.7997020236474884E-001                  4.1193902129486445E-003                  1.2067031330276047E-003                  1.1203876416666529E-002                  2.5129237964844936E-003                  9.5710644087274629E-004                  0.0000000000000000E+000                  0.0000000000000000E+000                  0.0000000000000000E+000                  0.0000000000000000E+000                  0.0000000000000000E+000                  0.0000000000000000E+000                  0.0000000000000000E+000                  0.0000000000000000E+000                  0.0000000000000000E+000                  0.0000000000000000E+000                 -6.0566877068375948E+000                 -9.8999999999999986E+001                  0.0000000000000000E+000                  0.0000000000000000E+000                 -9.8999999999999986E+001                 -9.8999999999999986E+001                  1.4696746772472205E+001                 -9.9000000000000000E+001                 -9.9000000000000000E+001                 -9.9000000000000000E+001 
                 5.0114832360522021E-001                  3.4515524882634789E+000                  1.0612860326389704E+001                  9.3710320817175378E+011                 -1.9457985120319696E+000                  5.7957359509572068E+000                  1.3925175192238511E+014                  2.2279238465933282E+001                  3.4230291579780936E+008                  1.6655011656928773E+000                  3.9581082307640375E-001                  6.2115980387462799E-001                  8.1814692286373480E-001                  8.5000496627254152E-001                  9.3671890361553638E+011                  3.8430455621737981E+008                  1.2401273107273425E+002                  3.9580609917451759E-001                  0.0000000000000000E+000                  1.0206791346667971E+004                  1.2359904690601812E+002                  6.9047656974510685E-014                  6.9047656974510685E-014                  0.0000000000000000E+000                  0.0000000000000000E+000                  2.7623797872311773E-015                  0.0000000000000000E+000                  3.0010415065390422E+001                  6.9999999999999996E-001                  2.9797635251139990E-005                  2.7997020236474884E-001                  4.1193902129486445E-003                  1.2067031330276047E-003                  1.1203876416666529E-002                  2.5129237964844936E-003                  9.5710644087274629E-004                  0.0000000000000000E+000                  0.0000000000000000E+000                  0.0000000000000000E+000                  0.0000000000000000E+000                  0.0000000000000000E+000                  0.0000000000000000E+000                  0.0000000000000000E+000                  0.0000000000000000E+000                  0.0000000000000000E+000                  0.0000000000000000E+000                 -6.0565955977132102E+000                 -9.8999999999999986E+001                  0.0000000000000000E+000                  0.0000000000000000E+000                 -9.8999999999999986E+001                 -9.8999999999999986E+001                  1.4698665632108611E+001                 -9.9000000000000000E+001                 -9.9000000000000000E+001                 -9.9000000000000000E+001 
                 4.9581668836066461E-001                  3.4329034288774016E+000                  1.0530013451540219E+001                  9.5421430591215491E+011                 -1.9410804926236365E+000                  5.7988464930082024E+000                  1.4015378190001562E+014                  2.2279948719757183E+001                  3.4227676370689821E+008                  1.6654928657101153E+000                  3.9582484886654579E-001                  6.2115494602881682E-001                  8.1813352558356545E-001                  8.5000496627254152E-001                  9.5381883212612927E+011                  3.9547378602566266E+008                  1.2149175900935064E+002                  3.9582012751997497E-001                  0.0000000000000000E+000                  1.0179978899436968E+004                  1.2202030310758246E+002                  7.6327404581507531E-014                  7.6327404581507531E-014                  0.0000000000000000E+000                  0.0000000000000000E+000                  3.0536197507039086E-015                  0.0000000000000000E+000                  3.0226207440250430E+001                  6.9999999999999996E-001                  2.9797635251139990E-005                  2.7997020236474884E-001                  4.1193902129486445E-003                  1.2067031330276047E-003                  1.1203876416666529E-002                  2.5129237964844936E-003                  9.5710644087274629E-004                  0.0000000000000000E+000                  0.0000000000000000E+000                  0.0000000000000000E+000                  0.0000000000000000E+000                  0.0000000000000000E+000                  0.0000000000000000E+000                  0.0000000000000000E+000                  0.0000000000000000E+000                  0.0000000000000000E+000                  0.0000000000000000E+000                 -6.0565169900237947E+000                 -9.8999999999999986E+001                  0.0000000000000000E+000                  0.0000000000000000E+000                 -9.8999999999999986E+001                 -9.8999999999999986E+001                  1.4700602989139503E+001                 -9.9000000000000000E+001                 -9.9000000000000000E+001                 -9.9000000000000000E+001 
                 4.9044623228068296E-001                  3.4141178094017572E+000                  1.0445963295094353E+001                  9.7164092849822144E+011                 -1.9363615753448957E+000                  5.8019576896777370E+000                  1.4106266456756806E+014                  2.2280699131834186E+001                  3.4225109276812685E+008                  1.6654849562271352E+000                  3.9583881402989607E-001                  6.2114893913628844E-001                  8.1810874759801000E-001                  8.5000496627254152E-001                  9.7123395841192065E+011                  4.0697008630082899E+008                  1.1902063830607855E+002                  3.9583409480771953E-001                  0.0000000000000000E+000                  1.0153098692826288E+004                  1.2045817531356320E+002                  8.4357528752645573E-014                  8.4357528752645573E-014                  0.0000000000000000E+000                  0.0000000000000000E+000                  3.3748799525768620E-015                  0.0000000000000000E+000                  3.0443576671964198E+001                  6.9999999999999996E-001                  2.9797635251139990E-005                  2.7997020236474884E-001                  4.1193902129486445E-003                  1.2067031330276047E-003                  1.1203876416666529E-002                  2.5129237964844936E-003                  9.5710644087274629E-004                  0.0000000000000000E+000                  0.0000000000000000E+000                  0.0000000000000000E+000                  0.0000000000000000E+000                  0.0000000000000000E+000                  0.0000000000000000E+000                  0.0000000000000000E+000                  0.0000000000000000E+000                  0.0000000000000000E+000                  0.0000000000000000E+000                 -6.0564506993694973E+000                 -9.8999999999999986E+001                  0.0000000000000000E+000                  0.0000000000000000E+000                 -9.8999999999999986E+001                 -9.8999999999999986E+001                  1.4702559156172894E+001                 -9.9000000000000000E+001                 -9.9000000000000000E+001                 -9.9000000000000000E+001 
                 4.8503711902302460E-001                  3.3951935696094711E+000                  1.0360699345219686E+001                  9.8938892049655493E+011                 -1.9316416622332191E+000                  5.8050695353453481E+000                  1.4197843546775369E+014                  2.2281466429544153E+001                  3.4222595533510172E+008                  1.6654772344872095E+000                  3.9585270370240666E-001                  6.2114178533528819E-001                  8.1807553007017808E-001                  8.5000496627254152E-001                  9.8897011741271130E+011                  4.1880308384368747E+008                  1.1659739336520570E+002                  3.9584799434688150E-001                  0.0000000000000000E+000                  1.0126143985519413E+004                  1.1891113342712092E+002                  9.3213584138738987E-014                  9.3213584138738987E-014                  0.0000000000000000E+000                  0.0000000000000000E+000                  3.7291831018441910E-015                  0.0000000000000000E+000                  3.0662598536948881E+001                  6.9999999999999996E-001                  2.9797635251139990E-005                  2.7997020236474884E-001                  4.1193902129486445E-003                  1.2067031330276047E-003                  1.1203876416666529E-002                  2.5129237964844936E-003                  9.5710644087274629E-004                  0.0000000000000000E+000                  0.0000000000000000E+000                  0.0000000000000000E+000                  0.0000000000000000E+000                  0.0000000000000000E+000                  0.0000000000000000E+000                  0.0000000000000000E+000                  0.0000000000000000E+000                  0.0000000000000000E+000                  0.0000000000000000E+000                 -6.0563921855083134E+000                 -9.8999999999999986E+001                  0.0000000000000000E+000                  0.0000000000000000E+000                 -9.8999999999999986E+001                 -9.8999999999999986E+001                  1.4704534441425750E+001                 -9.9000000000000000E+001                 -9.9000000000000000E+001                 -9.9000000000000000E+001 
                 4.7958952865147170E-001                  3.3761285918369617E+000                  1.0274211097386239E+001                  1.0074642345425352E+012                 -1.9269206548680258E+000                  5.8081820240838562E+000                  1.4290111866127653E+014                  2.2282224073703340E+001                  3.4220136840540761E+008                  1.6654694939234651E+000                  3.9586646159919969E-001                  6.2113371861456368E-001                  8.1804275008427429E-001                  8.5000496627254152E-001                  1.0070332518541323E+012                  4.3098268840288919E+008                  1.1421962676588835E+002                  3.9586179063163729E-001                  0.0000000000000000E+000                  1.0099107826550968E+004                  1.1737736724348700E+002                  1.0297854903278093E-013                  1.0297854903278094E-013                  0.0000000000000000E+000                  0.0000000000000000E+000                  4.1198489047747702E-015                  0.0000000000000000E+000                  3.0883328798816382E+001                  6.9999999999999996E-001                  2.9797635251139990E-005                  2.7997020236474884E-001                  4.1193902129486445E-003                  1.2067031330276047E-003                  1.1203876416666529E-002                  2.5129237964844936E-003                  9.5710644087274629E-004                  0.0000000000000000E+000                  0.0000000000000000E+000                  0.0000000000000000E+000                  0.0000000000000000E+000                  0.0000000000000000E+000                  0.0000000000000000E+000                  0.0000000000000000E+000                  0.0000000000000000E+000                  0.0000000000000000E+000                  0.0000000000000000E+000                 -6.0563296723190287E+000                 -9.8999999999999986E+001                  0.0000000000000000E+000                  0.0000000000000000E+000                 -9.8999999999999986E+001                 -9.8999999999999986E+001                  1.4706529157513060E+001                 -9.9000000000000000E+001                 -9.9000000000000000E+001                 -9.9000000000000000E+001 
                 4.7410365817206068E-001                  3.3569206983996969E+000                  1.0186488122073703E+001                  1.0258729333511179E+012                 -1.9221984954783109E+000                  5.8112951494228744E+000                  1.4383073999160397E+014                  2.2282945179534458E+001                  3.4217735838364995E+008                  1.6654615521224148E+000                  3.9588001151534963E-001                  6.2112500969328677E-001                  8.1802123456759446E-001                  8.5000496627254152E-001                  1.0254294142511920E+012                  4.4351909992585063E+008                  1.1188497918773423E+002                  3.9587541744028609E-001                  0.0000000000000000E+000                  1.0071983069826396E+004                  1.1585530194700212E+002                  1.1374352458871854E-013                  1.1374352458871856E-013                  0.0000000000000000E+000                  0.0000000000000000E+000                  4.5505220385429913E-015                  0.0000000000000000E+000                  3.1105740561748849E+001                  6.9999999999999996E-001                  2.9797635251139990E-005                  2.7997020236474884E-001                  4.1193902129486445E-003                  1.2067031330276047E-003                  1.1203876416666529E-002                  2.5129237964844936E-003                  9.5710644087274629E-004                  0.0000000000000000E+000                  0.0000000000000000E+000                  0.0000000000000000E+000                  0.0000000000000000E+000                  0.0000000000000000E+000                  0.0000000000000000E+000                  0.0000000000000000E+000                  0.0000000000000000E+000                  0.0000000000000000E+000                  0.0000000000000000E+000                 -6.0562488561709023E+000                 -9.8999999999999986E+001                  0.0000000000000000E+000                  0.0000000000000000E+000                 -9.8999999999999986E+001                 -9.8999999999999986E+001                  1.4708543625996811E+001                 -9.9000000000000000E+001                 -9.9000000000000000E+001                 -9.9000000000000000E+001 
                 4.6857972209367532E-001                  3.3375676470412441E+000                  1.0097520314550012E+001                  1.0446211917890847E+012                 -1.9174751792634188E+000                  5.8144089042553819E+000                  1.4476732183942538E+014                  2.2283603783274359E+001                  3.4215395933312774E+008                  1.6654532578632817E+000                  3.9589327128512819E-001                  6.2111594057638320E-001                  8.1802275194961249E-001                  8.5000496627254152E-001                  1.0441647689726102E+012                  4.5642281647448832E+008                  1.0959137782802422E+002                  3.9588879559168244E-001                  0.0000000000000000E+000                  1.0044762499822151E+004                  1.1434359785613334E+002                  1.2560850193199594E-013                  1.2560850193199594E-013                  0.0000000000000000E+000                  0.0000000000000000E+000                  5.0252028410066835E-015                  0.0000000000000000E+000                  3.1329728308544162E+001                  6.9999999999999996E-001                  2.9797635251139990E-005                  2.7997020236474884E-001                  4.1193902129486445E-003                  1.2067031330276047E-003                  1.1203876416666529E-002                  2.5129237964844936E-003                  9.5710644087274629E-004                  0.0000000000000000E+000                  0.0000000000000000E+000                  0.0000000000000000E+000                  0.0000000000000000E+000                  0.0000000000000000E+000                  0.0000000000000000E+000                  0.0000000000000000E+000                  0.0000000000000000E+000                  0.0000000000000000E+000                  0.0000000000000000E+000                 -6.0561344477167651E+000                 -9.8999999999999986E+001                  0.0000000000000000E+000                  0.0000000000000000E+000                 -9.8999999999999986E+001                 -9.8999999999999986E+001                  1.4710578192753479E+001                 -9.9000000000000000E+001                 -9.9000000000000000E+001                 -9.9000000000000000E+001 
                 4.6301795301178317E-001                  3.3180671255923215E+000                  1.0007298142030054E+001                  1.0637152990215143E+012                 -1.9127507633085448E+000                  5.8175232808450383E+000                  1.4571087836579381E+014                  2.2284175942810034E+001                  3.4213121052135408E+008                  1.6654444951964615E+000                  3.9590616312724408E-001                  6.2110678586791612E-001                  8.1805914930093648E-001                  8.5000496627254152E-001                  1.0632455943787802E+012                  4.6970464273409748E+008                  1.0733702342812256E+002                  3.9590184509223425E-001                  0.0000000000000000E+000                  1.0017439616299955E+004                  1.1284113893277312E+002                  1.3868319871876541E-013                  1.3868319871876541E-013                  0.0000000000000000E+000                  0.0000000000000000E+000                  5.5482807789188663E-015                  0.0000000000000000E+000                  3.1555236077177867E+001                  6.9999999999999996E-001                  2.9797635251139990E-005                  2.7997020236474884E-001                  4.1193902129486445E-003                  1.2067031330276047E-003                  1.1203876416666529E-002                  2.5129237964844936E-003                  9.5710644087274629E-004                  0.0000000000000000E+000                  0.0000000000000000E+000                  0.0000000000000000E+000                  0.0000000000000000E+000                  0.0000000000000000E+000                  0.0000000000000000E+000                  0.0000000000000000E+000                  0.0000000000000000E+000                  0.0000000000000000E+000                  0.0000000000000000E+000                 -6.0559714787227961E+000                 -9.8999999999999986E+001                  0.0000000000000000E+000                  0.0000000000000000E+000                 -9.8999999999999986E+001                 -9.8999999999999986E+001                  1.4712633310702461E+001                 -9.9000000000000000E+001                 -9.9000000000000000E+001                 -9.9000000000000000E+001 
                 4.5741860222253139E-001                  3.2984167459673728E+000                  9.9158125278287983E+000                  1.0831616607247261E+012                 -1.9080253722437186E+000                  5.8206382709074491E+000                  1.4666141150716438E+014                  2.2284640819859021E+001                  3.4210915409708428E+008                  1.6654351849479465E+000                  3.9591862129430433E-001                  6.2109779603986914E-001                  8.1814149289195592E-001                  8.5000496627254152E-001                  1.0826782850256427E+012                  4.8337569908336753E+008                  1.0512036820363045E+002                  3.9591449414935570E-001                  0.0000000000000000E+000                  9.9900092544262152E+003                  1.1134702082705905E+002                  1.5308797127529739E-013                  1.5308797127529739E-013                  0.0000000000000000E+000                  0.0000000000000000E+000                  6.1245709398778227E-015                  0.0000000000000000E+000                  3.1782232836771410E+001                  6.9999999999999996E-001                  2.9797635251139990E-005                  2.7997020236474884E-001                  4.1193902129486445E-003                  1.2067031330276047E-003                  1.1203876416666529E-002                  2.5129237964844936E-003                  9.5710644087274629E-004                  0.0000000000000000E+000                  0.0000000000000000E+000                  0.0000000000000000E+000                  0.0000000000000000E+000                  0.0000000000000000E+000                  0.0000000000000000E+000                  0.0000000000000000E+000                  0.0000000000000000E+000                  0.0000000000000000E+000                  0.0000000000000000E+000                 -6.0557465652153937E+000                 -9.8999999999999986E+001                  0.0000000000000000E+000                  0.0000000000000000E+000                 -9.8999999999999986E+001                 -9.8999999999999986E+001                  1.4714709602868298E+001                 -9.9000000000000000E+001                 -9.9000000000000000E+001                 -9.9000000000000000E+001 
                 4.5178194037766572E-001                  3.2786140376379458E+000                  9.8230548036369516E+000                  1.1029668013984800E+012                 -1.9032992106206819E+000                  5.8237538657989596E+000                  1.4761891881091944E+014                  2.2284999600506904E+001                  3.4208780842708910E+008                  1.6654252481732239E+000                  3.9593060982135253E-001                  6.2108916039783257E-001                  8.1826944874869190E-001                  8.5000496627254152E-001                  1.1024693539670276E+012                  4.9744743145228648E+008                  1.0294009429565439E+002                  3.9592669184895607E-001                  0.0000000000000000E+000                  9.9624673157653760E+003                  1.0986053729215280E+002                  1.6895480543056481E-013                  1.6895480543056481E-013                  0.0000000000000000E+000                  0.0000000000000000E+000                  6.7593536725560677E-015                  0.0000000000000000E+000                  3.2010646418508358E+001                  6.9999999999999996E-001                  2.9797635251139990E-005                  2.7997020236474884E-001                  4.1193902129486445E-003                  1.2067031330276047E-003                  1.1203876416666529E-002                  2.5129237964844936E-003                  9.5710644087274629E-004                  0.0000000000000000E+000                  0.0000000000000000E+000                  0.0000000000000000E+000                  0.0000000000000000E+000                  0.0000000000000000E+000                  0.0000000000000000E+000                  0.0000000000000000E+000                  0.0000000000000000E+000                  0.0000000000000000E+000                  0.0000000000000000E+000                 -6.0554616332727020E+000                 -9.8999999999999986E+001                  0.0000000000000000E+000                  0.0000000000000000E+000                 -9.8999999999999986E+001                 -9.8999999999999986E+001                  1.4716807835261251E+001                 -9.9000000000000000E+001                 -9.9000000000000000E+001                 -9.9000000000000000E+001 
                 4.4610825816313276E-001                  3.2586564401694669E+000                  9.7290168543475612E+000                  1.1231373668439902E+012                 -1.8985725094567683E+000                  5.8268700568070448E+000                  1.4858341357126203E+014                  2.2285288478075231E+001                  3.4206713997618330E+008                  1.6654145382917356E+000                  3.9594212627364672E-001                  6.2108096934118739E-001                  8.1842241744030320E-001                  8.5000496627254152E-001                  1.1226254352219380E+012                  5.1193162205227804E+008                  1.0079515971067907E+002                  3.9593841893111076E-001                  0.0000000000000000E+000                  9.9348105966029107E+003                  1.0838130888691931E+002                  1.8642842246526222E-013                  1.8642842246526222E-013                  0.0000000000000000E+000                  0.0000000000000000E+000                  7.4584188323976934E-015                  0.0000000000000000E+000                  3.2240443242486947E+001                  6.9999999999999996E-001                  2.9797635251139990E-005                  2.7997020236474884E-001                  4.1193902129486445E-003                  1.2067031330276047E-003                  1.1203876416666529E-002                  2.5129237964844936E-003                  9.5710644087274629E-004                  0.0000000000000000E+000                  0.0000000000000000E+000                  0.0000000000000000E+000                  0.0000000000000000E+000                  0.0000000000000000E+000                  0.0000000000000000E+000                  0.0000000000000000E+000                  0.0000000000000000E+000                  0.0000000000000000E+000                  0.0000000000000000E+000                 -6.0551449699409936E+000                 -9.8999999999999986E+001                  0.0000000000000000E+000                  0.0000000000000000E+000                 -9.8999999999999986E+001                 -9.8999999999999986E+001                  1.4718928894704826E+001                 -9.9000000000000000E+001                 -9.9000000000000000E+001                 -9.9000000000000000E+001 
                 4.4039786699985695E-001                  3.2385412978197183E+000                  9.6336910319392342E+000                  1.1436801267707202E+012                 -1.8938454228926411E+000                  5.8299868352917574E+000                  1.4955491533669459E+014                  2.2285532327606290E+001                  3.4204711529078603E+008                  1.6654028824571736E+000                  3.9595315774886464E-001                  6.2107325490244958E-001                  8.1858314327539339E-001                  8.5000496627254152E-001                  1.1431532863708384E+012                  5.2684039988176656E+008                  9.8685670244203052E+001                  3.9594966773887513E-001                  0.0000000000000000E+000                  9.9070365435626409E+003                  1.0691108618410946E+002                  2.0566751861248526E-013                  2.0566751861248526E-013                  0.0000000000000000E+000                  0.0000000000000000E+000                  8.2281153703249430E-015                  0.0000000000000000E+000                  3.2471798322763654E+001                  6.9999999999999996E-001                  2.9797635251139990E-005                  2.7997020236474884E-001                  4.1193902129486445E-003                  1.2067031330276047E-003                  1.1203876416666529E-002                  2.5129237964844936E-003                  9.5710644087274629E-004                  0.0000000000000000E+000                  0.0000000000000000E+000                  0.0000000000000000E+000                  0.0000000000000000E+000                  0.0000000000000000E+000                  0.0000000000000000E+000                  0.0000000000000000E+000                  0.0000000000000000E+000                  0.0000000000000000E+000                  0.0000000000000000E+000                 -6.0548204944815875E+000                 -9.8999999999999986E+001                  0.0000000000000000E+000                  0.0000000000000000E+000                 -9.8999999999999986E+001                 -9.8999999999999986E+001                  1.4721073769672900E+001                 -9.9000000000000000E+001                 -9.9000000000000000E+001                 -9.9000000000000000E+001 
                 4.3465109976911903E-001                  3.2182658586669897E+000                  9.5370695607303446E+000                  1.1646019774072666E+012                 -1.8891180099841263E+000                  5.8331041926068270E+000                  1.5053345077724469E+014                  2.2285737536582428E+001                  3.4202771053052747E+008                  1.6653900900388876E+000                  3.9596367183261338E-001                  6.2106600002422574E-001                  8.1874181954618797E-001                  8.5000496627254152E-001                  1.1640597911567322E+012                  5.4218625053441882E+008                  9.6613302515691871E+001                  3.9596041564033219E-001                  0.0000000000000000E+000                  9.8791428815270283E+003                  1.0545297547042554E+002                  2.2684609575653004E-013                  2.2684609575653007E-013                  0.0000000000000000E+000                  0.0000000000000000E+000                  9.0754045700106416E-015                  0.0000000000000000E+000                  3.2705098515046117E+001                  6.9999999999999996E-001                  2.9797635251139990E-005                  2.7997020236474884E-001                  4.1193902129486445E-003                  1.2067031330276047E-003                  1.1203876416666529E-002                  2.5129237964844936E-003                  9.5710644087274629E-004                  0.0000000000000000E+000                  0.0000000000000000E+000                  0.0000000000000000E+000                  0.0000000000000000E+000                  0.0000000000000000E+000                  0.0000000000000000E+000                  0.0000000000000000E+000                  0.0000000000000000E+000                  0.0000000000000000E+000                  0.0000000000000000E+000                 -6.0545023742176252E+000                 -9.8999999999999986E+001                  0.0000000000000000E+000                  0.0000000000000000E+000                 -9.8999999999999986E+001                 -9.8999999999999986E+001                  1.4723243519584836E+001                 -9.9000000000000000E+001                 -9.9000000000000000E+001                 -9.9000000000000000E+001 
                 4.2886831156932576E-001                  3.1978272745302498E+000                  9.4391439145155740E+000                  1.1859099440173494E+012                 -1.8843902309994549E+000                  5.8362221199553117E+000                  1.5151905656267444E+014                  2.2285891874222372E+001                  3.4200891288965714E+008                  1.6653759531032808E+000                  3.9597361533712239E-001                  6.2105914452493938E-001                  8.1889658408638111E-001                  8.5000496627254152E-001                  1.1853519619914473E+012                  5.5798202590204918E+008                  9.4580156531303587E+001                  3.9597061986039400E-001                  0.0000000000000000E+000                  9.8511263028203357E+003                  1.0400981361896913E+002                  2.5015491234753670E-013                  2.5015491234753670E-013                  0.0000000000000000E+000                  0.0000000000000000E+000                  1.0007918094631559E-014                  0.0000000000000000E+000                  3.2940639572821077E+001                  6.9999999999999996E-001                  2.9797635251139990E-005                  2.7997020236474884E-001                  4.1193902129486445E-003                  1.2067031330276047E-003                  1.1203876416666529E-002                  2.5129237964844936E-003                  9.5710644087274629E-004                  0.0000000000000000E+000                  0.0000000000000000E+000                  0.0000000000000000E+000                  0.0000000000000000E+000                  0.0000000000000000E+000                  0.0000000000000000E+000                  0.0000000000000000E+000                  0.0000000000000000E+000                  0.0000000000000000E+000                  0.0000000000000000E+000                 -6.0541943168843577E+000                 -9.8999999999999986E+001                  0.0000000000000000E+000                  0.0000000000000000E+000                 -9.8999999999999986E+001                 -9.8999999999999986E+001                  1.4725439124934613E+001                 -9.9000000000000000E+001                 -9.9000000000000000E+001                 -9.9000000000000000E+001 
                 4.2304988053521886E-001                  3.1772226011415361E+000                  9.3399050888400392E+000                  1.2076111832354709E+012                 -1.8796619494975706E+000                  5.8393406082123160E+000                  1.5251178167314566E+014                  2.2285965249733081E+001                  3.4199072140224600E+008                  1.6653602472711242E+000                  3.9598291589730927E-001                  6.2105259437780780E-001                  8.1905360920832471E-001                  8.5000496627254152E-001                  1.2070369422815938E+012                  5.7424095387725890E+008                  9.2587993393265890E+001                  3.9598021764114366E-001                  0.0000000000000000E+000                  9.8229804797126617E+003                  1.0258412815656277E+002                  2.7580306745172483E-013                  2.7580306745172483E-013                  0.0000000000000000E+000                  0.0000000000000000E+000                  1.1034021359984433E-014                  0.0000000000000000E+000                  3.3178472944494359E+001                  6.9999999999999996E-001                  2.9797635251139990E-005                  2.7997020236474884E-001                  4.1193902129486445E-003                  1.2067031330276047E-003                  1.1203876416666529E-002                  2.5129237964844936E-003                  9.5710644087274629E-004                  0.0000000000000000E+000                  0.0000000000000000E+000                  0.0000000000000000E+000                  0.0000000000000000E+000                  0.0000000000000000E+000                  0.0000000000000000E+000                  0.0000000000000000E+000                  0.0000000000000000E+000                  0.0000000000000000E+000                  0.0000000000000000E+000                 -6.0538893979875086E+000                 -9.8999999999999986E+001                  0.0000000000000000E+000                  0.0000000000000000E+000                 -9.8999999999999986E+001                 -9.8999999999999986E+001                  1.4727661280940858E+001                 -9.9000000000000000E+001                 -9.9000000000000000E+001                 -9.9000000000000000E+001 
                 4.1719620872169871E-001                  3.1564487983052256E+000                  9.2393443485231987E+000                  1.2297129852305896E+012                 -1.8749329494686380E+000                  5.8424596477838699E+000                  1.5351169519141416E+014                  2.2285916908645010E+001                  3.4197315085322952E+008                  1.6653427784055761E+000                  3.9599149694292729E-001                  6.2104623291193350E-001                  8.1922529700289881E-001                  8.5000496627254152E-001                  1.2291220085821978E+012                  5.9097664839183354E+008                  9.0638237557981128E+001                  3.9598913450996998E-001                  0.0000000000000000E+000                  9.7946962927928780E+003                  1.0117813961750915E+002                  3.0401972234718088E-013                  3.0401972234718088E-013                  0.0000000000000000E+000                  0.0000000000000000E+000                  1.2162882410393992E-014                  0.0000000000000000E+000                  3.3418646880207845E+001                  6.9999999999999996E-001                  2.9797635251139990E-005                  2.7997020236474884E-001                  4.1193902129486445E-003                  1.2067031330276047E-003                  1.1203876416666529E-002                  2.5129237964844936E-003                  9.5710644087274629E-004                  0.0000000000000000E+000                  0.0000000000000000E+000                  0.0000000000000000E+000                  0.0000000000000000E+000                  0.0000000000000000E+000                  0.0000000000000000E+000                  0.0000000000000000E+000                  0.0000000000000000E+000                  0.0000000000000000E+000                  0.0000000000000000E+000                 -6.0535721040728117E+000                 -9.8999999999999986E+001                  0.0000000000000000E+000                  0.0000000000000000E+000                 -9.8999999999999986E+001                 -9.8999999999999986E+001                  1.4729910445262131E+001                 -9.9000000000000000E+001                 -9.9000000000000000E+001                 -9.9000000000000000E+001 
                 4.1130772303257190E-001                  3.1355027292310829E+000                  9.1374532642944484E+000                  1.2522227757449524E+012                 -1.8702030445851914E+000                  5.8455792288429196E+000                  1.5451892234710222E+014                  2.2285741599690457E+001                  3.4195625109482169E+008                  1.6653236842887666E+000                  3.9599936345414971E-001                  6.2103994883915903E-001                  8.1941635297186421E-001                  8.5000496627254152E-001                  1.2516145726232200E+012                  6.0820312173237741E+008                  8.8731987144614280E+001                  3.9599733454256347E-001                  0.0000000000000000E+000                  9.7662630329255226E+003                  9.9793755903983879E+001                  3.3505590882352216E-013                  3.3505590882352221E-013                  0.0000000000000000E+000                  0.0000000000000000E+000                  1.3404544263380473E-014                  0.0000000000000000E+000                  3.3661088874007724E+001                  6.9999999999999996E-001                  2.9797635251139990E-005                  2.7997020236474884E-001                  4.1193902129486445E-003                  1.2067031330276047E-003                  1.1203876416666529E-002                  2.5129237964844936E-003                  9.5710644087274629E-004                  0.0000000000000000E+000                  0.0000000000000000E+000                  0.0000000000000000E+000                  0.0000000000000000E+000                  0.0000000000000000E+000                  0.0000000000000000E+000                  0.0000000000000000E+000                  0.0000000000000000E+000                  0.0000000000000000E+000                  0.0000000000000000E+000                 -6.0532347244608831E+000                 -9.8999999999999986E+001                  0.0000000000000000E+000                  0.0000000000000000E+000                 -9.8999999999999986E+001                 -9.8999999999999986E+001                  1.4732186983954401E+001                 -9.9000000000000000E+001                 -9.9000000000000000E+001                 -9.9000000000000000E+001 
                 4.0538487618804980E-001                  3.1143811544476852E+000                  9.0342241118862603E+000                  1.2751481181611040E+012                 -1.8654721393774589E+000                  5.8486993418430231E+000                  1.5553360500523131E+014                  2.2285465199496571E+001                  3.4194007808776259E+008                  1.6653032417233293E+000                  3.9600658519541276E-001                  6.2103370800805013E-001                  8.1962097770088871E-001                  8.5000496627254152E-001                  1.2745221833621187E+012                  6.2593479898523057E+008                  8.6870027056848215E+001                  3.9600485501301175E-001                  0.0000000000000000E+000                  9.7376688523038119E+003                  9.8432574402298812E+001                  3.6918650802021727E-013                  3.6918650802021727E-013                  0.0000000000000000E+000                  0.0000000000000000E+000                  1.4770004077074979E-014                  0.0000000000000000E+000                  3.3905551077824974E+001                  6.9999999999999996E-001                  2.9797635251139990E-005                  2.7997020236474884E-001                  4.1193902129486445E-003                  1.2067031330276047E-003                  1.1203876416666529E-002                  2.5129237964844936E-003                  9.5710644087274629E-004                  0.0000000000000000E+000                  0.0000000000000000E+000                  0.0000000000000000E+000                  0.0000000000000000E+000                  0.0000000000000000E+000                  0.0000000000000000E+000                  0.0000000000000000E+000                  0.0000000000000000E+000                  0.0000000000000000E+000                  0.0000000000000000E+000                 -6.0528821006389233E+000                 -9.8999999999999986E+001                  0.0000000000000000E+000                  0.0000000000000000E+000                 -9.8999999999999986E+001                 -9.8999999999999986E+001                  1.4734491232243631E+001                 -9.9000000000000000E+001                 -9.9000000000000000E+001                 -9.9000000000000000E+001 
                 3.9942814772846108E-001                  3.0930807223001735E+000                  8.9296504517406614E+000                  1.2984967157100000E+012                 -1.8607402148991523E+000                  5.8518199778444151E+000                  1.5655587562384400E+014                  2.2285126896827009E+001                  3.4192467809658098E+008                  1.6652817079253148E+000                  3.9601326085236604E-001                  6.2102756719632124E-001                  8.1982686587768050E-001                  8.5000496627254152E-001                  1.2978525291777925E+012                  6.4418653220742393E+008                  8.5052796575161366E+001                  3.9601178010588456E-001                  0.0000000000000000E+000                  9.7089016040186561E+003                  9.7095768434578019E+001                  4.0671245104934681E-013                  4.0671245104934676E-013                  0.0000000000000000E+000                  0.0000000000000000E+000                  1.6271301190581132E-014                  0.0000000000000000E+000                  3.4151674861975550E+001                  6.9999999999999996E-001                  2.9797635251139990E-005                  2.7997020236474884E-001                  4.1193902129486445E-003                  1.2067031330276047E-003                  1.1203876416666529E-002                  2.5129237964844936E-003                  9.5710644087274629E-004                  0.0000000000000000E+000                  0.0000000000000000E+000                  0.0000000000000000E+000                  0.0000000000000000E+000                  0.0000000000000000E+000                  0.0000000000000000E+000                  0.0000000000000000E+000                  0.0000000000000000E+000                  0.0000000000000000E+000                  0.0000000000000000E+000                 -6.0525274000731670E+000                 -9.8999999999999986E+001                  0.0000000000000000E+000                  0.0000000000000000E+000                 -9.8999999999999986E+001                 -9.8999999999999986E+001                  1.4736823567664127E+001                 -9.9000000000000000E+001                 -9.9000000000000000E+001                 -9.9000000000000000E+001 
                 3.9343804505152713E-001                  3.0715979595462031E+000                  8.8237275249866212E+000                  1.3222764138663242E+012                 -1.8560073190619220E+000                  5.8549411286862592E+000                  1.5758585615228972E+014                  2.2284775287604596E+001                  3.4191008865332508E+008                  1.6652593265666644E+000                  3.9601950901276306E-001                  6.2102166264892877E-001                  8.2001656680037194E-001                  8.5000496627254152E-001                  1.3216134402519597E+012                  6.6297361436458814E+008                  8.3279591154346491E+001                  3.9601821843358964E-001                  0.0000000000000000E+000                  9.6799497519823417E+003                  9.5782311558450786E+001                  4.4796311262148955E-013                  4.4796311262148955E-013                  0.0000000000000000E+000                  0.0000000000000000E+000                  1.7921612885824312E-014                  0.0000000000000000E+000                  3.4399148606876672E+001                  6.9999999999999996E-001                  2.9797635251139990E-005                  2.7997020236474884E-001                  4.1193902129486445E-003                  1.2067031330276047E-003                  1.1203876416666529E-002                  2.5129237964844936E-003                  9.5710644087274629E-004                  0.0000000000000000E+000                  0.0000000000000000E+000                  0.0000000000000000E+000                  0.0000000000000000E+000                  0.0000000000000000E+000                  0.0000000000000000E+000                  0.0000000000000000E+000                  0.0000000000000000E+000                  0.0000000000000000E+000                  0.0000000000000000E+000                 -6.0521904461302443E+000                 -9.8999999999999986E+001                  0.0000000000000000E+000                  0.0000000000000000E+000                 -9.8999999999999986E+001                 -9.8999999999999986E+001                  1.4739184503254307E+001                 -9.9000000000000000E+001                 -9.9000000000000000E+001                 -9.9000000000000000E+001 
                 3.8741510446814659E-001                  3.0499292617519695E+000                  8.7164521673803232E+000                  1.3464952030117285E+012                 -1.8512735524476276E+000                  5.8580627871042568E+000                  1.5862365752653131E+014                  2.2284463629907403E+001                  3.4189634003681624E+008                  1.6652363382740460E+000                  3.9602545550098128E-001                  6.2101619332179936E-001                  8.2016920584702047E-001                  8.5000496627254152E-001                  1.3458128912182151E+012                  6.8231179351337016E+008                  8.1548171637785771E+001                  3.9602429219925478E-001                  0.0000000000000000E+000                  9.6508045293753767E+003                  9.4489753870080477E+001                  4.9329892367182139E-013                  4.9329892367182139E-013                  0.0000000000000000E+000                  0.0000000000000000E+000                  1.9735358910957062E-014                  0.0000000000000000E+000                  3.4647994022211208E+001                  6.9999999999999996E-001                  2.9797635251139990E-005                  2.7997020236474884E-001                  4.1193902129486445E-003                  1.2067031330276047E-003                  1.1203876416666529E-002                  2.5129237964844936E-003                  9.5710644087274629E-004                  0.0000000000000000E+000                  0.0000000000000000E+000                  0.0000000000000000E+000                  0.0000000000000000E+000                  0.0000000000000000E+000                  0.0000000000000000E+000                  0.0000000000000000E+000                  0.0000000000000000E+000                  0.0000000000000000E+000                  0.0000000000000000E+000                 -6.0518956005912852E+000                 -9.8999999999999986E+001                  0.0000000000000000E+000                  0.0000000000000000E+000                 -9.8999999999999986E+001                 -9.8999999999999986E+001                  1.4741574887783651E+001                 -9.9000000000000000E+001                 -9.9000000000000000E+001                 -9.9000000000000000E+001 
                 3.8135989226253941E-001                  3.0280708836377710E+000                  8.6078218216366285E+000                  1.3711612213609604E+012                 -1.8465390481009829E+000                  5.8611849467529300E+000                  1.5966937870573666E+014                  2.2284243462526018E+001                  3.4188345676670080E+008                  1.6652129911247708E+000                  3.9603121520475215E-001                  6.2101139528197957E-001                  8.2026295307973907E-001                  8.5000496627254152E-001                  1.3704590040740332E+012                  7.0221728692733490E+008                  7.9855868684198214E+001                  3.9603012177901031E-001                  0.0000000000000000E+000                  9.6214599391125448E+003                  9.3215933004240057E+001                  5.4311422671388017E-013                  5.4311422671388017E-013                  0.0000000000000000E+000                  0.0000000000000000E+000                  2.1728315714588117E-014                  0.0000000000000000E+000                  3.4898258049752805E+001                  6.9999999999999996E-001                  2.9797635251139990E-005                  2.7997020236474884E-001                  4.1193902129486445E-003                  1.2067031330276047E-003                  1.1203876416666529E-002                  2.5129237964844936E-003                  9.5710644087274629E-004                  0.0000000000000000E+000                  0.0000000000000000E+000                  0.0000000000000000E+000                  0.0000000000000000E+000                  0.0000000000000000E+000                  0.0000000000000000E+000                  0.0000000000000000E+000                  0.0000000000000000E+000                  0.0000000000000000E+000                  0.0000000000000000E+000                 -6.0516687472499271E+000                 -9.8999999999999986E+001                  0.0000000000000000E+000                  0.0000000000000000E+000                 -9.8999999999999986E+001                 -9.8999999999999986E+001                  1.4743995883151118E+001                 -9.9000000000000000E+001                 -9.9000000000000000E+001                 -9.9000000000000000E+001 
                 3.7527300578410788E-001                  3.0060189297626407E+000                  8.4978344939909309E+000                  1.3962827580600969E+012                 -1.8418038858930523E+000                  5.8643076018040707E+000                  1.6072306985046300E+014                  2.2284129538222953E+001                  3.4187144198616672E+008                  1.6651894018816427E+000                  3.9603679962974325E-001                  6.2100735306239241E-001                  8.2029247325559751E-001                  8.5000496627254152E-001                  1.3955600512672151E+012                  7.2270679288183773E+008                  7.8200344731514278E+001                  3.9603577050971572E-001                  0.0000000000000000E+000                  9.5919103420447245E+003                  9.1959024468152649E+001                  5.9784047795419354E-013                  5.9784047795419354E-013                  0.0000000000000000E+000                  0.0000000000000000E+000                  2.3917744552910724E-014                  0.0000000000000000E+000                  3.5150033379469868E+001                  6.9999999999999996E-001                  2.9797635251139990E-005                  2.7997020236474884E-001                  4.1193902129486445E-003                  1.2067031330276047E-003                  1.1203876416666529E-002                  2.5129237964844936E-003                  9.5710644087274629E-004                  0.0000000000000000E+000                  0.0000000000000000E+000                  0.0000000000000000E+000                  0.0000000000000000E+000                  0.0000000000000000E+000                  0.0000000000000000E+000                  0.0000000000000000E+000                  0.0000000000000000E+000                  0.0000000000000000E+000                  0.0000000000000000E+000                 -6.0515164392403129E+000                 -9.8999999999999986E+001                  0.0000000000000000E+000                  0.0000000000000000E+000                 -9.8999999999999986E+001                 -9.8999999999999986E+001                  1.4746448739952315E+001                 -9.9000000000000000E+001                 -9.9000000000000000E+001                 -9.9000000000000000E+001 
                 3.6915507459196373E-001                  2.9837693490062329E+000                  8.3864886456933423E+000                  1.4218682562810786E+012                 -1.8370680346851431E+000                  5.8674307459984254E+000                  1.6178473425485056E+014                  2.2284092087170652E+001                  3.4186027242227364E+008                  1.6651655046156997E+000                  3.9604207383887280E-001                  6.2100388935116613E-001                  8.2027401927435939E-001                  8.5000496627254152E-001                  1.4211244587823806E+012                  7.4379749869797325E+008                  7.6579602401846586E+001                  3.9604117685179552E-001                  0.0000000000000000E+000                  9.5621494144791050E+003                  9.0717539686372248E+001                  6.5794973557382269E-013                  6.5794973557382269E-013                  0.0000000000000000E+000                  0.0000000000000000E+000                  2.6322531045540518E-014                  0.0000000000000000E+000                  3.5403535239002856E+001                  6.9999999999999996E-001                  2.9797635251139990E-005                  2.7997020236474884E-001                  4.1193902129486445E-003                  1.2067031330276047E-003                  1.1203876416666529E-002                  2.5129237964844936E-003                  9.5710644087274629E-004                  0.0000000000000000E+000                  0.0000000000000000E+000                  0.0000000000000000E+000                  0.0000000000000000E+000                  0.0000000000000000E+000                  0.0000000000000000E+000                  0.0000000000000000E+000                  0.0000000000000000E+000                  0.0000000000000000E+000                  0.0000000000000000E+000                 -6.0514194760780562E+000                 -9.8999999999999986E+001                  0.0000000000000000E+000                  0.0000000000000000E+000                 -9.8999999999999986E+001                 -9.8999999999999986E+001                  1.4748934715329456E+001                 -9.9000000000000000E+001                 -9.9000000000000000E+001                 -9.9000000000000000E+001 
                 3.6300676165834528E-001                  2.9613179316669873E+000                  8.2737828386589811E+000                  1.4479263161824182E+012                 -1.8323314259670040E+000                  5.8705543719355742E+000                  1.6285438973221341E+014                  2.2284102175199003E+001                  3.4184992205330908E+008                  1.6651412382237678E+000                  3.9604686705861591E-001                  6.2100075683059253E-001                  8.2022364264907477E-001                  8.5000496627254152E-001                  1.4471608090926350E+012                  7.6550708978331661E+008                  7.4991961908386514E+001                  3.9604618797714708E-001                  0.0000000000000000E+000                  9.5321696693350041E+003                  8.9490308565379038E+001                  7.2395828374508984E-013                  7.2395828374508984E-013                  0.0000000000000000E+000                  0.0000000000000000E+000                  2.8963330161709213E-014                  0.0000000000000000E+000                  3.5658965224627224E+001                  6.9999999999999996E-001                  2.9797635251139990E-005                  2.7997020236474884E-001                  4.1193902129486445E-003                  1.2067031330276047E-003                  1.1203876416666529E-002                  2.5129237964844936E-003                  9.5710644087274629E-004                  0.0000000000000000E+000                  0.0000000000000000E+000                  0.0000000000000000E+000                  0.0000000000000000E+000                  0.0000000000000000E+000                  0.0000000000000000E+000                  0.0000000000000000E+000                  0.0000000000000000E+000                  0.0000000000000000E+000                  0.0000000000000000E+000                 -6.0513587316523605E+000                 -9.8999999999999986E+001                  0.0000000000000000E+000                  0.0000000000000000E+000                 -9.8999999999999986E+001                 -9.8999999999999986E+001                  1.4751455041727304E+001                 -9.9000000000000000E+001                 -9.9000000000000000E+001                 -9.9000000000000000E+001 
                 3.5682876463595514E-001                  2.9386603024498164E+000                  8.1597158098277145E+000                  1.4744656978232612E+012                 -1.8275939767889264E+000                  5.8736784709356469E+000                  1.6393207142993081E+014                  2.2284140276778121E+001                  3.4184036275822031E+008                  1.6651165334104836E+000                  3.9605101024478084E-001                  6.2099767386646909E-001                  8.2015393194939279E-001                  8.5000496627254152E-001                  1.4736778440609294E+012                  7.8785376233187521E+008                  7.3436037904437555E+001                  3.9605063395202877E-001                  0.0000000000000000E+000                  9.5019623520189925E+003                  8.8276465852141385E+001                  7.9643062911466559E-013                  7.9643062911466559E-013                  0.0000000000000000E+000                  0.0000000000000000E+000                  3.1862726107755457E-014                  0.0000000000000000E+000                  3.5916453204357687E+001                  6.9999999999999996E-001                  2.9797635251139990E-005                  2.7997020236474884E-001                  4.1193902129486445E-003                  1.2067031330276047E-003                  1.1203876416666529E-002                  2.5129237964844936E-003                  9.5710644087274629E-004                  0.0000000000000000E+000                  0.0000000000000000E+000                  0.0000000000000000E+000                  0.0000000000000000E+000                  0.0000000000000000E+000                  0.0000000000000000E+000                  0.0000000000000000E+000                  0.0000000000000000E+000                  0.0000000000000000E+000                  0.0000000000000000E+000                 -6.0513191659587910E+000                 -9.8999999999999986E+001                  0.0000000000000000E+000                  0.0000000000000000E+000                 -9.8999999999999986E+001                 -9.8999999999999986E+001                  1.4754010916028601E+001                 -9.9000000000000000E+001                 -9.9000000000000000E+001                 -9.9000000000000000E+001 
                 3.5062181719640706E-001                  2.9157919117450235E+000                  8.0442867365010109E+000                  1.5014953240333127E+012                 -1.8228556052934448E+000                  5.8768030331288035E+000                  1.6501783087509125E+014                  2.2284200067919389E+001                  3.4183156331074631E+008                  1.6650912950123564E+000                  3.9605435905378861E-001                  6.2099434289920930E-001                  8.2007285892915094E-001                  8.5000496627254152E-001                  1.5006844677954314E+012                  8.1085623788129723E+008                  7.1910736355730279E+001                  3.9605435803044098E-001                  0.0000000000000000E+000                  9.4715166809495204E+003                  8.7075477237529952E+001                  8.7598385200810309E-013                  8.7598385200810309E-013                  0.0000000000000000E+000                  0.0000000000000000E+000                  3.5045406405989089E-014                  0.0000000000000000E+000                  3.6176004139911576E+001                  6.9999999999999996E-001                  2.9797635251139990E-005                  2.7997020236474884E-001                  4.1193902129486445E-003                  1.2067031330276047E-003                  1.1203876416666529E-002                  2.5129237964844936E-003                  9.5710644087274629E-004                  0.0000000000000000E+000                  0.0000000000000000E+000                  0.0000000000000000E+000                  0.0000000000000000E+000                  0.0000000000000000E+000                  0.0000000000000000E+000                  0.0000000000000000E+000                  0.0000000000000000E+000                  0.0000000000000000E+000                  0.0000000000000000E+000                 -6.0512913600539999E+000                 -9.8999999999999986E+001                  0.0000000000000000E+000                  0.0000000000000000E+000                 -9.8999999999999986E+001                 -9.8999999999999986E+001                  1.4756603459397299E+001                 -9.9000000000000000E+001                 -9.9000000000000000E+001                 -9.9000000000000000E+001 
                 3.4438669045173032E-001                  2.8927080254894926E+000                  7.9274956821591420E+000                  1.5290242832430845E+012                 -1.8181162440019745E+000                  5.8799280476981748E+000                  1.6611173470259494E+014                  2.2284291164565246E+001                  3.4182348858545613E+008                  1.6650653893454004E+000                  3.9605681210903509E-001                  6.2099046640148980E-001                  8.1998294680834116E-001                  8.5000496627254152E-001                  1.5281897494635930E+012                  8.3453377949146163E+008                  7.0415473321501210E+001                  3.9605723728348974E-001                  0.0000000000000000E+000                  9.4408197232570183E+003                  8.5887668337963476E+001                  9.6329233520139530E-013                  9.6329233520139530E-013                  0.0000000000000000E+000                  0.0000000000000000E+000                  3.8538351078914741E-014                  0.0000000000000000E+000                  3.6437592964280519E+001                  6.9999999999999996E-001                  2.9797635251139990E-005                  2.7997020236474884E-001                  4.1193902129486445E-003                  1.2067031330276047E-003                  1.1203876416666529E-002                  2.5129237964844936E-003                  9.5710644087274629E-004                  0.0000000000000000E+000                  0.0000000000000000E+000                  0.0000000000000000E+000                  0.0000000000000000E+000                  0.0000000000000000E+000                  0.0000000000000000E+000                  0.0000000000000000E+000                  0.0000000000000000E+000                  0.0000000000000000E+000                  0.0000000000000000E+000                 -6.0512726417082296E+000                 -9.8999999999999986E+001                  0.0000000000000000E+000                  0.0000000000000000E+000                 -9.8999999999999986E+001                 -9.8999999999999986E+001                  1.4759233740368339E+001                 -9.9000000000000000E+001                 -9.9000000000000000E+001                 -9.9000000000000000E+001 
                 3.3812419446166742E-001                  2.8694037136068671E+000                  7.8093437469645490E+000                  1.5570618323116389E+012                 -1.8133758756431737E+000                  5.8830535033289744E+000                  1.6721385528721084E+014                  2.2284432077244674E+001                  3.4181611381752348E+008                  1.6650386478120403E+000                  3.9605834599066425E-001                  6.2098582461982965E-001                  8.1988336734030010E-001                  8.5000496627254152E-001                  1.5562029261014197E+012                  8.5890621021918976E+008                  6.8950199892983363E+001                  3.9605920921282767E-001                  0.0000000000000000E+000                  9.4098578522588232E+003                  8.4713798570555468E+001                  1.0590928440626269E-012                  1.0590928440626269E-012                  0.0000000000000000E+000                  0.0000000000000000E+000                  4.2371035890745620E-014                  0.0000000000000000E+000                  3.6701180587250228E+001                  6.9999999999999996E-001                  2.9797635251139990E-005                  2.7997020236474884E-001                  4.1193902129486445E-003                  1.2067031330276047E-003                  1.1203876416666529E-002                  2.5129237964844936E-003                  9.5710644087274629E-004                  0.0000000000000000E+000                  0.0000000000000000E+000                  0.0000000000000000E+000                  0.0000000000000000E+000                  0.0000000000000000E+000                  0.0000000000000000E+000                  0.0000000000000000E+000                  0.0000000000000000E+000                  0.0000000000000000E+000                  0.0000000000000000E+000                 -6.0512647531724841E+000                 -9.8999999999999986E+001                  0.0000000000000000E+000                  0.0000000000000000E+000                 -9.8999999999999986E+001                 -9.8999999999999986E+001                  1.4761902894753984E+001                 -9.9000000000000000E+001                 -9.9000000000000000E+001                 -9.9000000000000000E+001 
                 3.3183517982471017E-001                  2.8458738356473177E+000                  7.6898331712487193E+000                  1.5856173994464565E+012                 -1.8086346205495110E+000                  5.8861793890372054E+000                  1.6832423295114766E+014                  2.2284614720021015E+001                  3.4180947552827013E+008                  1.6650109220094416E+000                  3.9605907468280249E-001                  6.2098048308609843E-001                  8.1978105262571455E-001                  8.5000496627254152E-001                  1.5847334055107832E+012                  8.8399393567333066E+008                  6.7514955666138249E+001                  3.9606031895114163E-001                  0.0000000000000000E+000                  9.3786176863620349E+003                  8.3554421900955603E+001                  1.1641898798508620E-012                  1.1641898798508620E-012                  0.0000000000000000E+000                  0.0000000000000000E+000                  4.6575646517122245E-014                  0.0000000000000000E+000                  3.6966561679640613E+001                  6.9999999999999996E-001                  2.9797635251139990E-005                  2.7997020236474884E-001                  4.1193902129486445E-003                  1.2067031330276047E-003                  1.1203876416666529E-002                  2.5129237964844936E-003                  9.5710644087274629E-004                  0.0000000000000000E+000                  0.0000000000000000E+000                  0.0000000000000000E+000                  0.0000000000000000E+000                  0.0000000000000000E+000                  0.0000000000000000E+000                  0.0000000000000000E+000                  0.0000000000000000E+000                  0.0000000000000000E+000                  0.0000000000000000E+000                 -6.0512606284046422E+000                 -9.8999999999999986E+001                  0.0000000000000000E+000                  0.0000000000000000E+000                 -9.8999999999999986E+001                 -9.8999999999999986E+001                  1.4764612195527279E+001                 -9.9000000000000000E+001                 -9.9000000000000000E+001                 -9.9000000000000000E+001 
                 3.2552053935715047E-001                  2.8221130205470528E+000                  7.5689679406908388E+000                  1.6147005874329634E+012                 -1.8038926545734772E+000                  5.8893056948441966E+000                  1.6944288005324412E+014                  2.2284819404956501E+001                  3.4180362884582466E+008                  1.6649820803009348E+000                  3.9605914319534918E-001                  6.2097456925876549E-001                  8.1968671357350986E-001                  8.5000496627254152E-001                  1.6137907694660833E+012                  9.0981796688000619E+008                  6.6109614288886746E+001                  3.9606069597118848E-001                  0.0000000000000000E+000                  9.3470861305294638E+003                  8.2409885972304309E+001                  1.2794618809026043E-012                  1.2794618809026043E-012                  0.0000000000000000E+000                  0.0000000000000000E+000                  5.1187326636390673E-014                  0.0000000000000000E+000                  3.7233500716422768E+001                  6.9999999999999996E-001                  2.9797635251139990E-005                  2.7997020236474884E-001                  4.1193902129486445E-003                  1.2067031330276047E-003                  1.1203876416666529E-002                  2.5129237964844936E-003                  9.5710644087274629E-004                  0.0000000000000000E+000                  0.0000000000000000E+000                  0.0000000000000000E+000                  0.0000000000000000E+000                  0.0000000000000000E+000                  0.0000000000000000E+000                  0.0000000000000000E+000                  0.0000000000000000E+000                  0.0000000000000000E+000                  0.0000000000000000E+000                 -6.0512483499644443E+000                 -9.8999999999999986E+001                  0.0000000000000000E+000                  0.0000000000000000E+000                 -9.8999999999999986E+001                 -9.8999999999999986E+001                  1.4767363063982796E+001                 -9.9000000000000000E+001                 -9.9000000000000000E+001                 -9.9000000000000000E+001 
                 3.1918120986598258E-001                  2.7981156494735839E+000                  7.4467539587898379E+000                  1.6443211770517112E+012                 -1.7991501720502694E+000                  5.8924324118622708E+000                  1.7056978850794981E+014                  2.2285023830478860E+001                  3.4179863051798022E+008                  1.6649519984881012E+000                  3.9605868157886692E-001                  6.2096819152850657E-001                  8.1961159427086316E-001                  8.5000496627254152E-001                  1.6433847771121353E+012                  9.3639993957589722E+008                  6.4733895222202293E+001                  3.9606047783004045E-001                  0.0000000000000000E+000                  9.3152502004357575E+003                  8.1280345576644947E+001                  1.4058678915856132E-012                  1.4058678915856132E-012                  0.0000000000000000E+000                  0.0000000000000000E+000                  5.6244444734901390E-014                  0.0000000000000000E+000                  3.7501795186158397E+001                  6.9999999999999996E-001                  2.9797635251139990E-005                  2.7997020236474884E-001                  4.1193902129486445E-003                  1.2067031330276047E-003                  1.1203876416666529E-002                  2.5129237964844936E-003                  9.5710644087274629E-004                  0.0000000000000000E+000                  0.0000000000000000E+000                  0.0000000000000000E+000                  0.0000000000000000E+000                  0.0000000000000000E+000                  0.0000000000000000E+000                  0.0000000000000000E+000                  0.0000000000000000E+000                  0.0000000000000000E+000                  0.0000000000000000E+000                 -6.0512146692700757E+000                 -9.8999999999999986E+001                  0.0000000000000000E+000                  0.0000000000000000E+000                 -9.8999999999999986E+001                 -9.8999999999999986E+001                  1.4770157068736019E+001                 -9.9000000000000000E+001                 -9.9000000000000000E+001                 -9.9000000000000000E+001 
                 3.1281817401984868E-001                  2.7738758394259180E+000                  7.3231990154706841E+000                  1.6744891306732759E+012                 -1.7944073766785078E+000                  5.8955595321480798E+000                  1.7170493236933366E+014                  2.2285204078834472E+001                  3.4179453842629617E+008                  1.6649205580319213E+000                  3.9605778959671423E-001                  6.2096143529970549E-001                  8.1956660665769032E-001                  8.5000496627254152E-001                  1.6735253685411025E+012                  9.6376213217339933E+008                  6.3387378632554771E+001                  3.9605977947050047E-001                  0.0000000000000000E+000                  9.2830972018815519E+003                  8.0165774548855708E+001                  1.5444547457891891E-012                  1.5444547457891891E-012                  0.0000000000000000E+000                  0.0000000000000000E+000                  6.1788881497425572E-014                  0.0000000000000000E+000                  3.7771333498044811E+001                  6.9999999999999996E-001                  2.9797635251139990E-005                  2.7997020236474884E-001                  4.1193902129486445E-003                  1.2067031330276047E-003                  1.1203876416666529E-002                  2.5129237964844936E-003                  9.5710644087274629E-004                  0.0000000000000000E+000                  0.0000000000000000E+000                  0.0000000000000000E+000                  0.0000000000000000E+000                  0.0000000000000000E+000                  0.0000000000000000E+000                  0.0000000000000000E+000                  0.0000000000000000E+000                  0.0000000000000000E+000                  0.0000000000000000E+000                 -6.0511459138602355E+000                 -9.8999999999999986E+001                  0.0000000000000000E+000                  0.0000000000000000E+000                 -9.8999999999999986E+001                 -9.8999999999999986E+001                  1.4772995950098569E+001                 -9.9000000000000000E+001                 -9.9000000000000000E+001                 -9.9000000000000000E+001 
                 3.0643246230674909E-001                  2.7493874259628535E+000                  7.1983125644500792E+000                  1.7052145961409287E+012                 -1.7896644720546446E+000                  5.8986870484636773E+000                  1.7284827123313897E+014                  2.2285335731197627E+001                  3.4179141122009635E+008                  1.6648876432412776E+000                  3.9605652378804956E-001                  6.2095435945023558E-001                  8.1956159488173486E-001                  8.5000496627254152E-001                  1.7042226686576387E+012                  9.9192748328998744E+008                  6.2069517972508322E+001                  3.9605867908822417E-001                  0.0000000000000000E+000                  9.2506150344645321E+003                  7.9065978718619860E+001                  1.6963648755255750E-012                  1.6963648755255748E-012                  0.0000000000000000E+000                  0.0000000000000000E+000                  6.7866342206469064E-014                  0.0000000000000000E+000                  3.8042106179975058E+001                  6.9999999999999996E-001                  2.9797635251139990E-005                  2.7997020236474884E-001                  4.1193902129486445E-003                  1.2067031330276047E-003                  1.1203876416666529E-002                  2.5129237964844936E-003                  9.5710644087274629E-004                  0.0000000000000000E+000                  0.0000000000000000E+000                  0.0000000000000000E+000                  0.0000000000000000E+000                  0.0000000000000000E+000                  0.0000000000000000E+000                  0.0000000000000000E+000                  0.0000000000000000E+000                  0.0000000000000000E+000                  0.0000000000000000E+000                 -6.0510288319617542E+000                 -9.8999999999999986E+001                  0.0000000000000000E+000                  0.0000000000000000E+000                 -9.8999999999999986E+001                 -9.8999999999999986E+001                  1.4775881648931611E+001                 -9.9000000000000000E+001                 -9.9000000000000000E+001                 -9.9000000000000000E+001 
                 3.0002515505853361E-001                  2.7246439448746971E+000                  7.0721054602978803E+000                  1.7365079109894436E+012                 -1.7849216392317977E+000                  5.9018149539489526E+000                  1.7399976207285869E+014                  2.2285396371766254E+001                  3.4178930826550430E+008                  1.6648531386287531E+000                  3.9605488255367344E-001                  6.2094699719991109E-001                  8.1960379479299972E-001                  8.5000496627254152E-001                  1.7354869913807407E+012                  1.0209196087028371E+009                  6.0779661306448517E+001                  3.9605720420109997E-001                  0.0000000000000000E+000                  9.2177916096294539E+003                  7.7980632508971809E+001                  1.8628448531266084E-012                  1.8628448531266084E-012                  0.0000000000000000E+000                  0.0000000000000000E+000                  7.4526698490632558E-014                  0.0000000000000000E+000                  3.8314099631722037E+001                  6.9999999999999996E-001                  2.9797635251139990E-005                  2.7997020236474884E-001                  4.1193902129486445E-003                  1.2067031330276047E-003                  1.1203876416666529E-002                  2.5129237964844936E-003                  9.5710644087274629E-004                  0.0000000000000000E+000                  0.0000000000000000E+000                  0.0000000000000000E+000                  0.0000000000000000E+000                  0.0000000000000000E+000                  0.0000000000000000E+000                  0.0000000000000000E+000                  0.0000000000000000E+000                  0.0000000000000000E+000                  0.0000000000000000E+000                 -6.0508525618724924E+000                 -9.8999999999999986E+001                  0.0000000000000000E+000                  0.0000000000000000E+000                 -9.8999999999999986E+001                 -9.8999999999999986E+001                  1.4778816250753989E+001                 -9.9000000000000000E+001                 -9.9000000000000000E+001                 -9.9000000000000000E+001 
                 2.9359738456129170E-001                  2.6996386134787014E+000                  6.9445900465078436E+000                  1.7683796069182668E+012                 -1.7801788301931969E+000                  5.9049432414938066E+000                  1.7515948215077347E+014                  2.2285383350458154E+001                  3.4178829264713585E+008                  1.6648169472077285E+000                  3.9605274243694433E-001                  6.2093942372690147E-001                  8.1968485198561647E-001                  8.5000496627254152E-001                  1.7673288441027734E+012                  1.0507628154934568E+009                  5.9517216134937108E+001                  3.9605529236723319E-001                  0.0000000000000000E+000                  9.1846138638794746E+003                  7.6909660110855242E+001                  2.0452555679715840E-012                  2.0452555679715840E-012                  0.0000000000000000E+000                  0.0000000000000000E+000                  8.1824395465980979E-014                  0.0000000000000000E+000                  3.8587690358776520E+001                  6.9999999999999996E-001                  2.9797635251139990E-005                  2.7997020236474884E-001                  4.1193902129486445E-003                  1.2067031330276047E-003                  1.1203876416666529E-002                  2.5129237964844936E-003                  9.5710644087274629E-004                  0.0000000000000000E+000                  0.0000000000000000E+000                  0.0000000000000000E+000                  0.0000000000000000E+000                  0.0000000000000000E+000                  0.0000000000000000E+000                  0.0000000000000000E+000                  0.0000000000000000E+000                  0.0000000000000000E+000                  0.0000000000000000E+000                 -6.0506256238826968E+000                 -9.8999999999999986E+001                  0.0000000000000000E+000                  0.0000000000000000E+000                 -9.8999999999999986E+001                 -9.8999999999999986E+001                  1.4781801904220638E+001                 -9.9000000000000000E+001                 -9.9000000000000000E+001                 -9.9000000000000000E+001 
                 2.8715033727203276E-001                  2.6743643223332398E+000                  6.8157789316461210E+000                  1.8008404139136995E+012                 -1.7754357850759308E+000                  5.9080719030101303E+000                  1.7632761904237384E+014                  2.2285300097003162E+001                  3.4178843127359766E+008                  1.6647790035296886E+000                  3.9604990927115236E-001                  6.2093177500636620E-001                  8.1978977379208695E-001                  8.5000496627254152E-001                  1.7997589317989531E+012                  1.0814821147462988E+009                  5.8281789644505892E+001                  3.9605278479731448E-001                  0.0000000000000000E+000                  9.1510673576200825E+003                  7.5853254027615350E+001                  2.2450825784210884E-012                  2.2450825784210884E-012                  0.0000000000000000E+000                  0.0000000000000000E+000                  8.9818865886871154E-014                  0.0000000000000000E+000                  3.8863601514197349E+001                  6.9999999999999996E-001                  2.9797635251139990E-005                  2.7997020236474884E-001                  4.1193902129486445E-003                  1.2067031330276047E-003                  1.1203876416666529E-002                  2.5129237964844936E-003                  9.5710644087274629E-004                  0.0000000000000000E+000                  0.0000000000000000E+000                  0.0000000000000000E+000                  0.0000000000000000E+000                  0.0000000000000000E+000                  0.0000000000000000E+000                  0.0000000000000000E+000                  0.0000000000000000E+000                  0.0000000000000000E+000                  0.0000000000000000E+000                 -6.0503660589882902E+000                 -9.8999999999999986E+001                  0.0000000000000000E+000                  0.0000000000000000E+000                 -9.8999999999999986E+001                 -9.8999999999999986E+001                  1.4784840794950027E+001                 -9.9000000000000000E+001                 -9.9000000000000000E+001                 -9.9000000000000000E+001 
                 2.8068525615417017E-001                  2.6488136249510834E+000                  6.6856838969720345E+000                  1.8339012639255059E+012                 -1.7706921956331820E+000                  5.9112009291638152E+000                  1.7750437504860488E+014                  2.2285136203261096E+001                  3.4178979309750938E+008                  1.6647392716025500E+000                  3.9604619697863852E-001                  6.2092420634255263E-001                  8.1991123990633719E-001                  8.5000496627254152E-001                  1.8327881606872551E+012                  1.1131032382508445E+009                  5.7073080709657660E+001                  3.9604949132738182E-001                  0.0000000000000000E+000                  9.1171361003489837E+003                  7.4811615487086968E+001                  2.4639465707365401E-012                  2.4639465707365401E-012                  0.0000000000000000E+000                  0.0000000000000000E+000                  9.8574948576901397E-014                  0.0000000000000000E+000                  3.9142571750217662E+001                  6.9999999999999996E-001                  2.9797635251139990E-005                  2.7997020236474884E-001                  4.1193902129486445E-003                  1.2067031330276047E-003                  1.1203876416666529E-002                  2.5129237964844936E-003                  9.5710644087274629E-004                  0.0000000000000000E+000                  0.0000000000000000E+000                  0.0000000000000000E+000                  0.0000000000000000E+000                  0.0000000000000000E+000                  0.0000000000000000E+000                  0.0000000000000000E+000                  0.0000000000000000E+000                  0.0000000000000000E+000                  0.0000000000000000E+000                 -6.0500837195303037E+000                 -9.8999999999999986E+001                  0.0000000000000000E+000                  0.0000000000000000E+000                 -9.8999999999999986E+001                 -9.8999999999999986E+001                  1.4787935142110141E+001                 -9.9000000000000000E+001                 -9.9000000000000000E+001                 -9.9000000000000000E+001 
                 2.7420344314660666E-001                  2.6229787165504970E+000                  6.5543159076783830E+000                  1.8675732943754617E+012                 -1.7659477242887416E+000                  5.9143303094502722E+000                  1.7868995951954772E+014                  2.2284867435163445E+001                  3.4179244958702666E+008                  1.6646977520827579E+000                  3.9604144094082927E-001                  6.2091688829915603E-001                  8.2004978532143691E-001                  8.5000496627254152E-001                  1.8664276417166348E+012                  1.1456526588270113E+009                  5.5890775614248419E+001                  3.9604523655495677E-001                  0.0000000000000000E+000                  9.0828023571762496E+003                  7.3784948623758581E+001                  2.7036152741272710E-012                  2.7036152741272710E-012                  0.0000000000000000E+000                  0.0000000000000000E+000                  1.0816336511541050E-013                  0.0000000000000000E+000                  3.9425242645619832E+001                  6.9999999999999996E-001                  2.9797635251139990E-005                  2.7997020236474884E-001                  4.1193902129486445E-003                  1.2067031330276047E-003                  1.1203876416666529E-002                  2.5129237964844936E-003                  9.5710644087274629E-004                  0.0000000000000000E+000                  0.0000000000000000E+000                  0.0000000000000000E+000                  0.0000000000000000E+000                  0.0000000000000000E+000                  0.0000000000000000E+000                  0.0000000000000000E+000                  0.0000000000000000E+000                  0.0000000000000000E+000                  0.0000000000000000E+000                 -6.0497798692483791E+000                 -9.8999999999999986E+001                  0.0000000000000000E+000                  0.0000000000000000E+000                 -9.8999999999999986E+001                 -9.8999999999999986E+001                  1.4791087187145335E+001                 -9.9000000000000000E+001                 -9.9000000000000000E+001                 -9.9000000000000000E+001 
                 2.6770626180714668E-001                  2.5968514097359958E+000                  6.4216855131308312E+000                  1.9018678512400979E+012                 -1.7612020212882613E+000                  5.9174600323280027E+000                  1.7988458305239494E+014                  2.2284456892234029E+001                  3.4179647520428777E+008                  1.6646544885614600E+000                  3.9603550984449065E-001                  6.2091000344968117E-001                  8.2021314367706566E-001                  8.5000496627254152E-001                  1.9006886936282229E+012                  1.1791576118750646E+009                  5.4734545921804404E+001                  3.9603987245676237E-001                  0.0000000000000000E+000                  9.0480456066041424E+003                  7.2773454381779771E+001                  2.9660163809537971E-012                  2.9660163809537971E-012                  0.0000000000000000E+000                  0.0000000000000000E+000                  1.1866123673741751E-013                  0.0000000000000000E+000                  3.9711780186256604E+001                  6.9999999999999996E-001                  2.9797635251139990E-005                  2.7997020236474884E-001                  4.1193902129486445E-003                  1.2067031330276047E-003                  1.1203876416666529E-002                  2.5129237964844936E-003                  9.5710644087274629E-004                  0.0000000000000000E+000                  0.0000000000000000E+000                  0.0000000000000000E+000                  0.0000000000000000E+000                  0.0000000000000000E+000                  0.0000000000000000E+000                  0.0000000000000000E+000                  0.0000000000000000E+000                  0.0000000000000000E+000                  0.0000000000000000E+000                 -6.0494477057505893E+000                 -9.8999999999999986E+001                  0.0000000000000000E+000                  0.0000000000000000E+000                 -9.8999999999999986E+001                 -9.8999999999999986E+001                  1.4794299069055175E+001                 -9.9000000000000000E+001                 -9.9000000000000000E+001                 -9.9000000000000000E+001 
                 2.6119514021510049E-001                  2.5704231071926000E+000                  6.2878045401543989E+000                  1.9367964915478647E+012                 -1.7564547451906207E+000                  5.9205900853976541E+000                  1.8108845045261062E+014                  2.2283856914907247E+001                  3.4180194748913145E+008                  1.6646095728103605E+000                  3.9602831806492089E-001                  6.2090374229499812E-001                  8.2041510215868474E-001                  8.5000496627254152E-001                  1.9355828454297053E+012                  1.2136461181595089E+009                  5.3604057588406548E+001                  3.9603329050578795E-001                  0.0000000000000000E+000                  9.0128420352875946E+003                  7.1777325569326479E+001                  3.2532515141855313E-012                  3.2532515141855317E-012                  0.0000000000000000E+000                  0.0000000000000000E+000                  1.3015264313123325E-013                  0.0000000000000000E+000                  4.0002235069382998E+001                  6.9999999999999996E-001                  2.9797635251139990E-005                  2.7997020236474884E-001                  4.1193902129486445E-003                  1.2067031330276047E-003                  1.1203876416666529E-002                  2.5129237964844936E-003                  9.5710644087274629E-004                  0.0000000000000000E+000                  0.0000000000000000E+000                  0.0000000000000000E+000                  0.0000000000000000E+000                  0.0000000000000000E+000                  0.0000000000000000E+000                  0.0000000000000000E+000                  0.0000000000000000E+000                  0.0000000000000000E+000                  0.0000000000000000E+000                 -6.0490733599061421E+000                 -9.8999999999999986E+001                  0.0000000000000000E+000                  0.0000000000000000E+000                 -9.8999999999999986E+001                 -9.8999999999999986E+001                  1.4797572836844470E+001                 -9.9000000000000000E+001                 -9.9000000000000000E+001                 -9.9000000000000000E+001 
                 2.5467157412710095E-001                  2.5436847707633983E+000                  6.1526865979749719E+000                  1.9723709854826531E+012                 -1.7517057377307399E+000                  5.9237204559144665E+000                  1.8230168468397075E+014                  2.2283045803251650E+001                  3.4180886589300859E+008                  1.6645632107850774E+000                  3.9601990442133783E-001                  6.2089822514501947E-001                  8.2066514665954970E-001                  8.5000496627254152E-001                  1.9711218384713767E+012                  1.2491470112764032E+009                  5.2498965868727673E+001                  3.9602546721532467E-001                  0.0000000000000000E+000                  8.9771658713694651E+003                  7.0796730020131307E+001                  3.5676100727178972E-012                  3.5676100727178976E-012                  0.0000000000000000E+000                  0.0000000000000000E+000                  1.4272917634943010E-013                  0.0000000000000000E+000                  4.0296388251479812E+001                  6.9999999999999996E-001                  2.9797635251139990E-005                  2.7997020236474884E-001                  4.1193902129486445E-003                  1.2067031330276047E-003                  1.1203876416666529E-002                  2.5129237964844936E-003                  9.5710644087274629E-004                  0.0000000000000000E+000                  0.0000000000000000E+000                  0.0000000000000000E+000                  0.0000000000000000E+000                  0.0000000000000000E+000                  0.0000000000000000E+000                  0.0000000000000000E+000                  0.0000000000000000E+000                  0.0000000000000000E+000                  0.0000000000000000E+000                 -6.0486469694287184E+000                 -9.8999999999999986E+001                  0.0000000000000000E+000                  0.0000000000000000E+000                 -9.8999999999999986E+001                 -9.8999999999999986E+001                  1.4800910674337048E+001                 -9.9000000000000000E+001                 -9.9000000000000000E+001                 -9.9000000000000000E+001 
                 2.4813713034529111E-001                  2.5166268765407631E+000                  6.0163481183937089E+000                  2.0086033188631416E+012                 -1.7469552298778264E+000                  5.9268511319278376E+000                  1.8352423929550941E+014                  2.2282081754887095E+001                  3.4181704152635896E+008                  1.6645157662732177E+000                  3.9601050101692081E-001                  6.2089340338480570E-001                  8.2095163075940925E-001                  8.5000496627254152E-001                  2.0073176288890295E+012                  1.2856899741120367E+009                  5.1418899338435409E+001                  3.9601653797014058E-001                  0.0000000000000000E+000                  8.9409900879556062E+003                  6.9831763314716355E+001                  3.9115833359792172E-012                  3.9115833359792172E-012                  0.0000000000000000E+000                  0.0000000000000000E+000                  1.5649050509309180E-013                  0.0000000000000000E+000                  4.0593286677688475E+001                  6.9999999999999996E-001                  2.9797635251139987E-005                  2.7997020236474884E-001                  4.1193902129486445E-003                  1.2067031330276047E-003                  1.1203876416666529E-002                  2.5129237964844936E-003                  9.5710644087274629E-004                  0.0000000000000000E+000                  0.0000000000000000E+000                  0.0000000000000000E+000                  0.0000000000000000E+000                  0.0000000000000000E+000                  0.0000000000000000E+000                  0.0000000000000000E+000                  0.0000000000000000E+000                  0.0000000000000000E+000                  0.0000000000000000E+000                 -6.0481814159691165E+000                 -9.8999999999999986E+001                  0.0000000000000000E+000                  0.0000000000000000E+000                 -9.8999999999999986E+001                 -9.8999999999999986E+001                  1.4804315010058295E+001                 -9.9000000000000000E+001                 -9.9000000000000000E+001                 -9.9000000000000000E+001 
                 2.4159345030297966E-001                  2.4892393524992511E+000                  5.8788109843975267E+000                  2.0455056969502698E+012                 -1.7422035198566201E+000                  5.9299821031759645E+000                  1.8475604437612088E+014                  2.2281041787879190E+001                  3.4182625468626928E+008                  1.6644675846607189E+000                  3.9600037202450245E-001                  6.2088920536967263E-001                  8.2125504399308280E-001                  8.5000496627254152E-001                  2.0441823913749683E+012                  1.3233055753014786E+009                  5.0363333100900334E+001                  3.9600675093041421E-001                  0.0000000000000000E+000                  8.9042867267968013E+003                  6.8882086486331545E+001                  4.2878840151226876E-012                  4.2878840151226876E-012                  0.0000000000000000E+000                  0.0000000000000000E+000                  1.7154515689887454E-013                  0.0000000000000000E+000                  4.0891963239317455E+001                  6.9999999999999996E-001                  2.9797635251139987E-005                  2.7997020236474884E-001                  4.1193902129486445E-003                  1.2067031330276047E-003                  1.1203876416666529E-002                  2.5129237964844936E-003                  9.5710644087274629E-004                  0.0000000000000000E+000                  0.0000000000000000E+000                  0.0000000000000000E+000                  0.0000000000000000E+000                  0.0000000000000000E+000                  0.0000000000000000E+000                  0.0000000000000000E+000                  0.0000000000000000E+000                  0.0000000000000000E+000                  0.0000000000000000E+000                 -6.0476983451816739E+000                 -9.8999999999999986E+001                  0.0000000000000000E+000                  0.0000000000000000E+000                 -9.8999999999999986E+001                 -9.8999999999999986E+001                  1.4807788561821109E+001                 -9.9000000000000000E+001                 -9.9000000000000000E+001                 -9.9000000000000000E+001 
                 2.3504225388207162E-001                  2.4615115308963000E+000                  5.7401027381129861E+000                  2.0830905487380786E+012                 -1.7374508996454716E+000                  5.9331133612432527E+000                  1.8599703408664988E+014                  2.2280006770768676E+001                  3.4183628020100880E+008                  1.6644189614575640E+000                  3.9598977969029381E-001                  6.2088556250039950E-001                  8.2155292187568418E-001                  8.5000496627254152E-001                  2.0817285234389209E+012                  1.3620252991577585E+009                  4.9331529388427199E+001                  3.9599636934504956E-001                  0.0000000000000000E+000                  8.8670270341343366E+003                  6.7947104939670325E+001                  4.6994659452289701E-012                  4.6994659452289709E-012                  0.0000000000000000E+000                  0.0000000000000000E+000                  1.8801130596742394E-013                  0.0000000000000000E+000                  4.1191620067373734E+001                  6.9999999999999996E-001                  2.9797635251139987E-005                  2.7997020236474884E-001                  4.1193902129486445E-003                  1.2067031330276047E-003                  1.1203876416666529E-002                  2.5129237964844936E-003                  9.5710644087274629E-004                  0.0000000000000000E+000                  0.0000000000000000E+000                  0.0000000000000000E+000                  0.0000000000000000E+000                  0.0000000000000000E+000                  0.0000000000000000E+000                  0.0000000000000000E+000                  0.0000000000000000E+000                  0.0000000000000000E+000                  0.0000000000000000E+000                 -6.0472229722528441E+000                 -9.8999999999999986E+001                  0.0000000000000000E+000                  0.0000000000000000E+000                 -9.8999999999999986E+001                 -9.8999999999999986E+001                  1.4811334372097418E+001                 -9.9000000000000000E+001                 -9.9000000000000000E+001                 -9.9000000000000000E+001 
                 2.2848534346948141E-001                  2.4334321004339738E+000                  5.6002561673317963E+000                  2.1213705317342656E+012                 -1.7326976309623712E+000                  5.9362448995417667E+000                  1.8724715192481059E+014                  2.2279056486038733E+001                  3.4184688654985613E+008                  1.6643701376986582E+000                  3.9597896607320149E-001                  6.2088241477091066E-001                  8.2182260672609087E-001                  8.5000496627254152E-001                  2.1199686501596172E+012                  1.4018815746484497E+009                  4.8322737015324613E+001                  3.9598564541380971E-001                  0.0000000000000000E+000                  8.8291819700173273E+003                  6.7026334989150556E+001                  5.1495451492447320E-012                  5.1495451492447320E-012                  0.0000000000000000E+000                  0.0000000000000000E+000                  2.0601761587106586E-013                  0.0000000000000000E+000                  4.1491942347281899E+001                  6.9999999999999996E-001                  2.9797635251139987E-005                  2.7997020236474884E-001                  4.1193902129486445E-003                  1.2067031330276047E-003                  1.1203876416666529E-002                  2.5129237964844936E-003                  9.5710644087274629E-004                  0.0000000000000000E+000                  0.0000000000000000E+000                  0.0000000000000000E+000                  0.0000000000000000E+000                  0.0000000000000000E+000                  0.0000000000000000E+000                  0.0000000000000000E+000                  0.0000000000000000E+000                  0.0000000000000000E+000                  0.0000000000000000E+000                 -6.0467812019733724E+000                 -9.8999999999999986E+001                  0.0000000000000000E+000                  0.0000000000000000E+000                 -9.8999999999999986E+001                 -9.8999999999999986E+001                  1.4814955914770959E+001                 -9.9000000000000000E+001                 -9.9000000000000000E+001                 -9.9000000000000000E+001 
                 2.2192460822242441E-001                  2.4049890544884280E+000                  5.4593078236782384E+000                  2.1603585373458481E+012                 -1.7279439277820865E+000                  5.9393767132261148E+000                  1.8850635419483506E+014                  2.2278265981493092E+001                  3.4185783547104228E+008                  1.6643212985166522E+000                  3.9596814547823145E-001                  6.2087971335750225E-001                  8.2204333946926123E-001                  8.5000496627254152E-001                  2.1589156295413669E+012                  1.4429078044811878E+009                  4.7336312670305688E+001                  3.9597480736504292E-001                  0.0000000000000000E+000                  8.7907228751615439E+003                  6.6119411786129390E+001                  5.6416227056447458E-012                  5.6416227056447458E-012                  0.0000000000000000E+000                  0.0000000000000000E+000                  2.2570415442340973E-013                  0.0000000000000000E+000                  4.1793001869244137E+001                  6.9999999999999996E-001                  2.9797635251139987E-005                  2.7997020236474884E-001                  4.1193902129486445E-003                  1.2067031330276047E-003                  1.1203876416666529E-002                  2.5129237964844936E-003                  9.5710644087274629E-004                  0.0000000000000000E+000                  0.0000000000000000E+000                  0.0000000000000000E+000                  0.0000000000000000E+000                  0.0000000000000000E+000                  0.0000000000000000E+000                  0.0000000000000000E+000                  0.0000000000000000E+000                  0.0000000000000000E+000                  0.0000000000000000E+000                 -6.0463974780018681E+000                 -9.8999999999999986E+001                  0.0000000000000000E+000                  0.0000000000000000E+000                 -9.8999999999999986E+001                 -9.8999999999999986E+001                  1.4818657175382146E+001                 -9.9000000000000000E+001                 -9.9000000000000000E+001                 -9.9000000000000000E+001 
                 2.1536202857628495E-001                  2.3761696344212386E+000                  5.3172968673870482E+000                  2.2000676966037627E+012                 -1.7231899233077057E+000                  5.9425087989467089E+000                  1.8977462589096228E+014                  2.2277693136357588E+001                  3.4186892338623023E+008                  1.6642725256006432E+000                  3.9595746875558996E-001                  6.2087739777144202E-001                  8.2220092790077715E-001                  8.5000496627254152E-001                  2.1985825582109092E+012                  1.4851383928533516E+009                  4.6371709206935535E+001                  3.9596403781714151E-001                  0.0000000000000000E+000                  8.7516202942289001E+003                  6.5226087795215875E+001                  6.1795098545965600E-012                  6.1795098545965600E-012                  0.0000000000000000E+000                  0.0000000000000000E+000                  2.4722339810519889E-013                  0.0000000000000000E+000                  4.2094919472083333E+001                  6.9999999999999996E-001                  2.9797635251139987E-005                  2.7997020236474884E-001                  4.1193902129486445E-003                  1.2067031330276047E-003                  1.1203876416666529E-002                  2.5129237964844936E-003                  9.5710644087274629E-004                  0.0000000000000000E+000                  0.0000000000000000E+000                  0.0000000000000000E+000                  0.0000000000000000E+000                  0.0000000000000000E+000                  0.0000000000000000E+000                  0.0000000000000000E+000                  0.0000000000000000E+000                  0.0000000000000000E+000                  0.0000000000000000E+000                 -6.0460893868165870E+000                 -9.8999999999999986E+001                  0.0000000000000000E+000                  0.0000000000000000E+000                 -9.8999999999999986E+001                 -9.8999999999999986E+001                  1.4822442504861987E+001                 -9.9000000000000000E+001                 -9.9000000000000000E+001                 -9.9000000000000000E+001 
                 2.0879968110679681E-001                  2.3469602686784801E+000                  5.1742650675852468E+000                  2.2405113857602769E+012                 -1.7184355616379023E+000                  5.9456411536338294E+000                  1.9105206575530062E+014                  2.2277321761430724E+001                  3.4188024919410443E+008                  1.6642235132866614E+000                  3.9594682118877378E-001                  6.2087523835857694E-001                  8.2230506458322405E-001                  8.5000496627254152E-001                  2.2389827770002114E+012                  1.5286087600656288E+009                  4.5428472559964227E+001                  3.9595335484104149E-001                  0.0000000000000000E+000                  8.7118424841003161E+003                  6.4346236937874806E+001                  6.7673564822390424E-012                  6.7673564822390424E-012                  0.0000000000000000E+000                  0.0000000000000000E+000                  2.7074137163924151E-013                  0.0000000000000000E+000                  4.2398098006836243E+001                  6.9999999999999996E-001                  2.9797635251139987E-005                  2.7997020236474884E-001                  4.1193902129486445E-003                  1.2067031330276047E-003                  1.1203876416666529E-002                  2.5129237964844936E-003                  9.5710644087274629E-004                  0.0000000000000000E+000                  0.0000000000000000E+000                  0.0000000000000000E+000                  0.0000000000000000E+000                  0.0000000000000000E+000                  0.0000000000000000E+000                  0.0000000000000000E+000                  0.0000000000000000E+000                  0.0000000000000000E+000                  0.0000000000000000E+000                 -6.0458461378559107E+000                 -9.8999999999999986E+001                  0.0000000000000000E+000                  0.0000000000000000E+000                 -9.8999999999999986E+001                 -9.8999999999999986E+001                  1.4826316494253859E+001                 -9.9000000000000000E+001                 -9.9000000000000000E+001                 -9.9000000000000000E+001 
                 2.0223974381039517E-001                  2.3173465123284220E+000                  5.0302560257070841E+000                  2.2817032310540464E+012                 -1.7136807528884042E+000                  5.9487737729305303E+000                  1.9233882454298609E+014                  2.2277111429224927E+001                  3.4189205171843016E+008                  1.6641738293055806E+000                  3.9593595595094855E-001                  6.2087294784909242E-001                  8.2237186831001508E-001                  8.5000496627254152E-001                  2.2801298757039048E+012                  1.5733553501417487E+009                  4.4506225800030592E+001                  3.9594257760428081E-001                  0.0000000000000000E+000                  8.6713550669483739E+003                  6.3479835633086950E+001                  7.4096781871449947E-012                  7.4096781871449947E-012                  0.0000000000000000E+000                  0.0000000000000000E+000                  2.9643873084223032E-013                  0.0000000000000000E+000                  4.2702887411754013E+001                  6.9999999999999996E-001                  2.9797635251139987E-005                  2.7997020236474884E-001                  4.1193902129486445E-003                  1.2067031330276047E-003                  1.1203876416666529E-002                  2.5129237964844936E-003                  9.5710644087274629E-004                  0.0000000000000000E+000                  0.0000000000000000E+000                  0.0000000000000000E+000                  0.0000000000000000E+000                  0.0000000000000000E+000                  0.0000000000000000E+000                  0.0000000000000000E+000                  0.0000000000000000E+000                  0.0000000000000000E+000                  0.0000000000000000E+000                 -6.0456487244638062E+000                 -9.8999999999999986E+001                  0.0000000000000000E+000                  0.0000000000000000E+000                 -9.8999999999999986E+001                 -9.8999999999999986E+001                  1.4830284001480953E+001                 -9.9000000000000000E+001                 -9.9000000000000000E+001                 -9.9000000000000000E+001 
                 1.9568450185120256E-001                  2.2873129684258426E+000                  4.8853155553859748E+000                  2.3236571131513213E+012                 -1.7089254600548103E+000                  5.9519066505426030E+000                  1.9363506017758909E+014                  2.2277031623301802E+001                  3.4190457506014627E+008                  1.6641230919305456E+000                  3.9592460058920453E-001                  6.2087026931641709E-001                  8.2241251725091047E-001                  8.5000496627254152E-001                  2.3220376975022603E+012                  1.6194156490611355E+009                  4.3604662540198412E+001                  3.9593144638045302E-001                  0.0000000000000000E+000                  8.6301206480924684E+003                  6.2626965556999572E+001                  8.1113858896243572E-012                  8.1113858896243572E-012                  0.0000000000000000E+000                  0.0000000000000000E+000                  3.2451194720847103E-013                  0.0000000000000000E+000                  4.3009409814124098E+001                  6.9999999999999996E-001                  2.9797635251139987E-005                  2.7997020236474884E-001                  4.1193902129486445E-003                  1.2067031330276047E-003                  1.1203876416666529E-002                  2.5129237964844936E-003                  9.5710644087274629E-004                  0.0000000000000000E+000                  0.0000000000000000E+000                  0.0000000000000000E+000                  0.0000000000000000E+000                  0.0000000000000000E+000                  0.0000000000000000E+000                  0.0000000000000000E+000                  0.0000000000000000E+000                  0.0000000000000000E+000                  0.0000000000000000E+000                 -6.0454834357920486E+000                 -9.8999999999999986E+001                  0.0000000000000000E+000                  0.0000000000000000E+000                 -9.8999999999999986E+001                 -9.8999999999999986E+001                  1.4834350190989387E+001                 -9.9000000000000000E+001                 -9.9000000000000000E+001                 -9.9000000000000000E+001 
                 1.8913635382670874E-001                  2.2568431937195981E+000                  4.7394926758988882E+000                  2.3663871716458262E+012                 -1.7041697001969585E+000                  5.9550397780206508E+000                  1.9494093885118472E+014                  2.2277062489274559E+001                  3.4191806800937319E+008                  1.6640709717487130E+000                  3.9591245985907542E-001                  6.2086697933638624E-001                  8.2243272507341103E-001                  8.5000496627254152E-001                  2.3647203434372441E+012                  1.6668282085818279E+009                  4.2723612420939098E+001                  3.9591967721921562E-001                  0.0000000000000000E+000                  8.5880985474609479E+003                  6.1787988990610636E+001                  8.8778189399671963E-012                  8.8778189399671963E-012                  0.0000000000000000E+000                  0.0000000000000000E+000                  3.5517463247649194E-013                  0.0000000000000000E+000                  4.3317624264994997E+001                  6.9999999999999996E-001                  2.9797635251139987E-005                  2.7997020236474884E-001                  4.1193902129486445E-003                  1.2067031330276047E-003                  1.1203876416666529E-002                  2.5129237964844936E-003                  9.5710644087274629E-004                  0.0000000000000000E+000                  0.0000000000000000E+000                  0.0000000000000000E+000                  0.0000000000000000E+000                  0.0000000000000000E+000                  0.0000000000000000E+000                  0.0000000000000000E+000                  0.0000000000000000E+000                  0.0000000000000000E+000                  0.0000000000000000E+000                 -6.0453423908781403E+000                 -9.8999999999999986E+001                  0.0000000000000000E+000                  0.0000000000000000E+000                 -9.8999999999999986E+001                 -9.8999999999999986E+001                  1.4838520597164399E+001                 -9.9000000000000000E+001                 -9.9000000000000000E+001                 -9.9000000000000000E+001 
                 1.8259781860456228E-001                  2.2259195926746842E+000                  4.5928404038328496E+000                  2.4099078097686104E+012                 -1.6994135414409817E+000                  5.9581731445763904E+000                  1.9625663586442797E+014                  2.2277195167075266E+001                  3.4193278390251791E+008                  1.6640171890388593E+000                  3.9589921885611623E-001                  6.2086288992946648E-001                  8.2243244980460561E-001                  8.5000496627254152E-001                  2.4081921770980493E+012                  1.7156326705609372E+009                  4.1863030348728977E+001                  3.9590696492617705E-001                  0.0000000000000000E+000                  8.5452445634721407E+003                  6.0963340764091846E+001                  9.7147809096090066E-012                  9.7147809096090066E-012                  0.0000000000000000E+000                  0.0000000000000000E+000                  3.8865897053191122E-013                  0.0000000000000000E+000                  4.3627492572246943E+001                  6.9999999999999996E-001                  2.9797635251139987E-005                  2.7997020236474884E-001                  4.1193902129486445E-003                  1.2067031330276047E-003                  1.1203876416666529E-002                  2.5129237964844936E-003                  9.5710644087274629E-004                  0.0000000000000000E+000                  0.0000000000000000E+000                  0.0000000000000000E+000                  0.0000000000000000E+000                  0.0000000000000000E+000                  0.0000000000000000E+000                  0.0000000000000000E+000                  0.0000000000000000E+000                  0.0000000000000000E+000                  0.0000000000000000E+000                 -6.0452238395707045E+000                 -9.8999999999999986E+001                  0.0000000000000000E+000                  0.0000000000000000E+000                 -9.8999999999999986E+001                 -9.8999999999999986E+001                  1.4842801223847085E+001                 -9.9000000000000000E+001                 -9.9000000000000000E+001                 -9.9000000000000000E+001 
                 1.7607154276597109E-001                  2.1945232981241540E+000                  4.4454160010013615E+000                  2.4542336995408198E+012                 -1.6946570929246889E+000                  5.9613067369806769E+000                  1.9758233410997056E+014                  2.2277431234391273E+001                  3.4194897440849817E+008                  1.6639615165588175E+000                  3.9588455407425305E-001                  6.2085785341289113E-001                  8.2240608474033561E-001                  8.5000496627254152E-001                  2.4524678297482231E+012                  1.7658697925968263E+009                  4.1022846271209481E+001                  3.9589299016277851E-001                  0.0000000000000000E+000                  8.5015111805888555E+003                  6.0153304551206517E+001                  1.0628578391037588E-011                  1.0628578391037590E-011                  0.0000000000000000E+000                  0.0000000000000000E+000                  4.2521726968170755E-013                  0.0000000000000000E+000                  4.3938977137490681E+001                  6.9999999999999996E-001                  2.9797635251139987E-005                  2.7997020236474884E-001                  4.1193902129486445E-003                  1.2067031330276047E-003                  1.1203876416666529E-002                  2.5129237964844936E-003                  9.5710644087274629E-004                  0.0000000000000000E+000                  0.0000000000000000E+000                  0.0000000000000000E+000                  0.0000000000000000E+000                  0.0000000000000000E+000                  0.0000000000000000E+000                  0.0000000000000000E+000                  0.0000000000000000E+000                  0.0000000000000000E+000                  0.0000000000000000E+000                 -6.0451319679924467E+000                 -9.8999999999999986E+001                  0.0000000000000000E+000                  0.0000000000000000E+000                 -9.8999999999999986E+001                 -9.8999999999999986E+001                  1.4847198653057927E+001                 -9.9000000000000000E+001                 -9.9000000000000000E+001                 -9.9000000000000000E+001 
                 1.6956030870504976E-001                  2.1626340367647692E+000                  4.2972812511803253E+000                  2.4993797875125981E+012                 -1.6899003766105842E+000                  5.9644405405529781E+000                  1.9891815676775559E+014                  2.2277760177325458E+001                  3.4196668681522346E+008                  1.6639040682067667E+000                  3.9586838965760662E-001                  6.2085187952931742E-001                  8.2235351839340576E-001                  8.5000496627254152E-001                  2.4975622060204844E+012                  1.8175814921137788E+009                  4.0202894174032764E+001                  3.9587755327258783E-001                  0.0000000000000000E+000                  8.4568474223992071E+003                  5.9358022093032389E+001                  1.1626066436926181E-011                  1.1626066436926181E-011                  0.0000000000000000E+000                  0.0000000000000000E+000                  4.6512378054579526E-013                  0.0000000000000000E+000                  4.4252353065753560E+001                  6.9999999999999996E-001                  2.9797635251139987E-005                  2.7997020236474884E-001                  4.1193902129486445E-003                  1.2067031330276047E-003                  1.1203876416666529E-002                  2.5129237964844936E-003                  9.5710644087274629E-004                  0.0000000000000000E+000                  0.0000000000000000E+000                  0.0000000000000000E+000                  0.0000000000000000E+000                  0.0000000000000000E+000                  0.0000000000000000E+000                  0.0000000000000000E+000                  0.0000000000000000E+000                  0.0000000000000000E+000                  0.0000000000000000E+000                 -6.0450651145965821E+000                 -9.8999999999999986E+001                  0.0000000000000000E+000                  0.0000000000000000E+000                 -9.8999999999999986E+001                 -9.8999999999999986E+001                  1.4851720102166130E+001                 -9.9000000000000000E+001                 -9.9000000000000000E+001                 -9.9000000000000000E+001 
                 1.6306704346727929E-001                  2.1302299858574929E+000                  4.1485017115812415E+000                  2.5453613003767070E+012                 -1.6851432570070437E+000                  5.9675745415325547E+000                  2.0026413608883912E+014                  2.2278149072949361E+001                  3.4198570891805077E+008                  1.6638453167363145E+000                  3.9585099514510352E-001                  6.2084511454777302E-001                  8.2228638443966440E-001                  8.5000496627254152E-001                  2.5434904894591064E+012                  1.8708109176005099E+009                  3.9402911759679135E+001                  3.9586075130417570E-001                  0.0000000000000000E+000                  8.4111980592863874E+003                  5.8577503235313777E+001                  1.2714698063668492E-011                  1.2714698063668492E-011                  0.0000000000000000E+000                  0.0000000000000000E+000                  5.0867667655404387E-013                  0.0000000000000000E+000                  4.4568351251538381E+001                  6.9999999999999996E-001                  2.9797635251139987E-005                  2.7997020236474884E-001                  4.1193902129486445E-003                  1.2067031330276047E-003                  1.1203876416666529E-002                  2.5129237964844936E-003                  9.5710644087274629E-004                  0.0000000000000000E+000                  0.0000000000000000E+000                  0.0000000000000000E+000                  0.0000000000000000E+000                  0.0000000000000000E+000                  0.0000000000000000E+000                  0.0000000000000000E+000                  0.0000000000000000E+000                  0.0000000000000000E+000                  0.0000000000000000E+000                 -6.0450094331083957E+000                 -9.8999999999999986E+001                  0.0000000000000000E+000                  0.0000000000000000E+000                 -9.8999999999999986E+001                 -9.8999999999999986E+001                  1.4856373453973704E+001                 -9.9000000000000000E+001                 -9.9000000000000000E+001                 -9.9000000000000000E+001 
                 1.5659482843066694E-001                  2.0972876147859036E+000                  3.9991455290728215E+000                  2.5921937498218857E+012                 -1.6803855631676510E+000                  5.9707087286581251E+000                  2.0162028363062512E+014                  2.2278566788154574E+001                  3.4200580804460549E+008                  1.6637856989752249E+000                  3.9583270329614295E-001                  6.2083766311906430E-001                  8.2221705604039663E-001                  8.5000496627254152E-001                  2.5902681473082554E+012                  1.9256025136302958E+009                  3.8622530098777993E+001                  3.9584288551745345E-001                  0.0000000000000000E+000                  8.3645025782301673E+003                  5.7811622324242776E+001                  1.3902572763882553E-011                  1.3902572763882552E-011                  0.0000000000000000E+000                  0.0000000000000000E+000                  5.5619999479446465E-013                  0.0000000000000000E+000                  4.4887719468014694E+001                  6.9999999999999996E-001                  2.9797635251139987E-005                  2.7997020236474884E-001                  4.1193902129486445E-003                  1.2067031330276047E-003                  1.1203876416666529E-002                  2.5129237964844936E-003                  9.5710644087274629E-004                  0.0000000000000000E+000                  0.0000000000000000E+000                  0.0000000000000000E+000                  0.0000000000000000E+000                  0.0000000000000000E+000                  0.0000000000000000E+000                  0.0000000000000000E+000                  0.0000000000000000E+000                  0.0000000000000000E+000                  0.0000000000000000E+000                 -6.0449509599001523E+000                 -9.8999999999999986E+001                  0.0000000000000000E+000                  0.0000000000000000E+000                 -9.8999999999999986E+001                 -9.8999999999999986E+001                  1.4861167285377627E+001                 -9.9000000000000000E+001                 -9.9000000000000000E+001                 -9.9000000000000000E+001 
                 1.5014690995387231E-001                  2.0637814935195995E+000                  3.8492837866509970E+000                  2.6398929370665200E+012                 -1.6756271086090193E+000                  5.9738430934885232E+000                  2.0298659719784241E+014                  2.2278986803217290E+001                  3.4202674724713695E+008                  1.6637255975944212E+000                  3.9581388005742096E-001                  6.2082957881104517E-001                  8.2215721330395486E-001                  8.5000496627254152E-001                  2.6379109349975269E+012                  1.9820020689932435E+009                  3.7861275331488194E+001                  3.9582430538432023E-001                  0.0000000000000000E+000                  8.3166942401394717E+003                  5.7060124665210218E+001                  1.5198490876663937E-011                  1.5198490876663937E-011                  0.0000000000000000E+000                  0.0000000000000000E+000                  6.0804581121402195E-013                  0.0000000000000000E+000                  4.5211073302693201E+001                  6.9999999999999996E-001                  2.9797635251139987E-005                  2.7997020236474884E-001                  4.1193902129486445E-003                  1.2067031330276047E-003                  1.1203876416666529E-002                  2.5129237964844936E-003                  9.5710644087274629E-004                  0.0000000000000000E+000                  0.0000000000000000E+000                  0.0000000000000000E+000                  0.0000000000000000E+000                  0.0000000000000000E+000                  0.0000000000000000E+000                  0.0000000000000000E+000                  0.0000000000000000E+000                  0.0000000000000000E+000                  0.0000000000000000E+000                 -6.0448772211764767E+000                 -9.8999999999999986E+001                  0.0000000000000000E+000                  0.0000000000000000E+000                 -9.8999999999999986E+001                 -9.8999999999999986E+001                  1.4866110913833539E+001                 -9.9000000000000000E+001                 -9.9000000000000000E+001                 -9.9000000000000000E+001 
                 1.4372671115618768E-001                  2.0296840705859207E+000                  3.6989913963983052E+000                  2.6884749567812031E+012                 -1.6708677044925331E+000                  5.9769776305092481E+000                  2.0436306490953709E+014                  2.2279387943541689E+001                  3.4204828568759108E+008                  1.6636653535295751E+000                  3.9579491060866051E-001                  6.2082086599748831E-001                  8.2211732058558207E-001                  8.5000496627254152E-001                  2.6864349000177964E+012                  2.0400567634066074E+009                  3.7118568550628225E+001                  3.9580538660123610E-001                  0.0000000000000000E+000                  8.2676990162156362E+003                  5.6322603437031972E+001                  1.6612012431625968E-011                  1.6612012431625971E-011                  0.0000000000000000E+000                  0.0000000000000000E+000                  6.6459659480337611E-013                  0.0000000000000000E+000                  4.5538553150596407E+001                  6.9999999999999996E-001                  2.9797635251139987E-005                  2.7997020236474884E-001                  4.1193902129486445E-003                  1.2067031330276047E-003                  1.1203876416666529E-002                  2.5129237964844936E-003                  9.5710644087274629E-004                  0.0000000000000000E+000                  0.0000000000000000E+000                  0.0000000000000000E+000                  0.0000000000000000E+000                  0.0000000000000000E+000                  0.0000000000000000E+000                  0.0000000000000000E+000                  0.0000000000000000E+000                  0.0000000000000000E+000                  0.0000000000000000E+000                 -6.0447778254806135E+000                 -9.8999999999999986E+001                  0.0000000000000000E+000                  0.0000000000000000E+000                 -9.8999999999999986E+001                 -9.8999999999999986E+001                  1.4871214417271752E+001                 -9.9000000000000000E+001                 -9.9000000000000000E+001                 -9.9000000000000000E+001 
                 1.3733784504831392E-001                  1.9949654156572887E+000                  3.5483491743441125E+000                  2.7379562001817700E+012                 -1.6661071743837534E+000                  5.9801123370685163E+000                  2.0574967142169094E+014                  2.2279754639775128E+001                  3.4207017921953660E+008                  1.6636052836384316E+000                  3.9577618252404695E-001                  6.2081148217719406E-001                  8.2210625358554046E-001                  8.5000496627254152E-001                  2.7358563849687759E+012                  2.0998152129943087E+009                  3.6393625959089952E+001                  3.9578651568105971E-001                  0.0000000000000000E+000                  8.2174340017961022E+003                  5.5598164352243650E+001                  1.8153520543897535E-011                  1.8153520543897531E-011                  0.0000000000000000E+000                  0.0000000000000000E+000                  7.2626774385294017E-013                  0.0000000000000000E+000                  4.5870092839413360E+001                  6.9999999999999996E-001                  2.9797635251139987E-005                  2.7997020236474884E-001                  4.1193902129486445E-003                  1.2067031330276047E-003                  1.1203876416666529E-002                  2.5129237964844936E-003                  9.5710644087274629E-004                  0.0000000000000000E+000                  0.0000000000000000E+000                  0.0000000000000000E+000                  0.0000000000000000E+000                  0.0000000000000000E+000                  0.0000000000000000E+000                  0.0000000000000000E+000                  0.0000000000000000E+000                  0.0000000000000000E+000                  0.0000000000000000E+000                 -6.0446448621099478E+000                 -9.8999999999999986E+001                  0.0000000000000000E+000                  0.0000000000000000E+000                 -9.8999999999999986E+001                 -9.8999999999999986E+001                  1.4876488735358082E+001                 -9.9000000000000000E+001                 -9.9000000000000000E+001                 -9.9000000000000000E+001 
                 1.3098412919158800E-001                  1.9595929195817783E+000                  3.3974450511061618E+000                  2.7883533574646006E+012                 -1.6613454313373370E+000                  5.9832472128215812E+000                  2.0714643164242072E+014                  2.2280081284215196E+001                  3.4209222918940437E+008                  1.6635456387137812E+000                  3.9575798667597112E-001                  6.2080142910127989E-001                  8.2212703992266867E-001                  8.5000496627254152E-001                  2.7861920299570259E+012                  2.1613275075746527E+009                  3.5685445740345990E+001                  3.9576803185288939E-001                  0.0000000000000000E+000                  8.1658069491653578E+003                  5.4885679219151434E+001                  1.9834286635178483E-011                  1.9834286635178483E-011                  0.0000000000000000E+000                  0.0000000000000000E+000                  7.9351019526423007E-013                  0.0000000000000000E+000                  4.6205497481912403E+001                  6.9999999999999996E-001                  2.9797635251139987E-005                  2.7997020236474884E-001                  4.1193902129486445E-003                  1.2067031330276047E-003                  1.1203876416666529E-002                  2.5129237964844936E-003                  9.5710644087274629E-004                  0.0000000000000000E+000                  0.0000000000000000E+000                  0.0000000000000000E+000                  0.0000000000000000E+000                  0.0000000000000000E+000                  0.0000000000000000E+000                  0.0000000000000000E+000                  0.0000000000000000E+000                  0.0000000000000000E+000                  0.0000000000000000E+000                 -6.0444772515223288E+000                 -9.8999999999999986E+001                  0.0000000000000000E+000                  0.0000000000000000E+000                 -9.8999999999999986E+001                 -9.8999999999999986E+001                  1.4881945973006706E+001                 -9.9000000000000000E+001                 -9.9000000000000000E+001                 -9.9000000000000000E+001 
                 1.2466960207254120E-001                  1.9235309376535297E+000                  3.2463750676518148E+000                  2.8396834203583965E+012                 -1.6565826263746737E+000                  5.9863822579416519E+000                  2.0855346146034588E+014                  2.2280375142510522E+001                  3.4211440900083053E+008                  1.6634864773860512E+000                  3.9574030052578446E-001                  6.2079099748486366E-001                  8.2216982109389869E-001                  8.5000496627254152E-001                  2.8374587751357861E+012                  2.2246452226103101E+009                  3.4993003746944595E+001                  3.9575006886845127E-001                  0.0000000000000000E+000                  8.1127162430565741E+003                  5.4184105337731630E+001                  2.1666534929332000E-011                  2.1666534929332000E-011                  0.0000000000000000E+000                  0.0000000000000000E+000                  8.6681300483693968E-013                  0.0000000000000000E+000                  4.6544029724385382E+001                  6.9999999999999996E-001                  2.9797635251139987E-005                  2.7997020236474884E-001                  4.1193902129486445E-003                  1.2067031330276047E-003                  1.1203876416666529E-002                  2.5129237964844936E-003                  9.5710644087274629E-004                  0.0000000000000000E+000                  0.0000000000000000E+000                  0.0000000000000000E+000                  0.0000000000000000E+000                  0.0000000000000000E+000                  0.0000000000000000E+000                  0.0000000000000000E+000                  0.0000000000000000E+000                  0.0000000000000000E+000                  0.0000000000000000E+000                 -6.0442868561117207E+000                 -9.8999999999999986E+001                  0.0000000000000000E+000                  0.0000000000000000E+000                 -9.8999999999999986E+001                 -9.8999999999999986E+001                  1.4887599709549599E+001                 -9.9000000000000000E+001                 -9.9000000000000000E+001                 -9.9000000000000000E+001 
                 1.1839854145854066E-001                  1.8867403581043458E+000                  3.0952457650900769E+000                  2.8919636864009746E+012                 -1.6518189412900626E+000                  5.9895174715200907E+000                  2.0997090044679028E+014                  2.2280630610438138E+001                  3.4213673246387267E+008                  1.6634278762583128E+000                  3.9572302280311622E-001                  6.2078054186759890E-001                  8.2222857611669808E-001                  8.5000496627254152E-001                  2.8896738649704507E+012                  2.2898214305241494E+009                  3.4315381921280071E+001                  3.9573256463773415E-001                  0.0000000000000000E+000                  8.0580502096870896E+003                  5.3492504282313746E+001                  2.3663527660414596E-011                  2.3663527660414596E-011                  0.0000000000000000E+000                  0.0000000000000000E+000                  9.4670675620554072E-013                  0.0000000000000000E+000                  4.6885033593642042E+001                  6.9999999999999996E-001                  2.9797635251139987E-005                  2.7997020236474884E-001                  4.1193902129486445E-003                  1.2067031330276047E-003                  1.1203876416666529E-002                  2.5129237964844936E-003                  9.5710644087274629E-004                  0.0000000000000000E+000                  0.0000000000000000E+000                  0.0000000000000000E+000                  0.0000000000000000E+000                  0.0000000000000000E+000                  0.0000000000000000E+000                  0.0000000000000000E+000                  0.0000000000000000E+000                  0.0000000000000000E+000                  0.0000000000000000E+000                 -6.0440796195554398E+000                 -9.8999999999999986E+001                  0.0000000000000000E+000                  0.0000000000000000E+000                 -9.8999999999999986E+001                 -9.8999999999999986E+001                  1.4893465267571466E+001                 -9.9000000000000000E+001                 -9.9000000000000000E+001                 -9.9000000000000000E+001 
                 1.1217548506570930E-001                  1.8491781112190151E+000                  2.9441745694475161E+000                  2.9452117636463218E+012                 -1.6470545293734760E+000                  5.9926528512280042E+000                  2.1139888108612194E+014                  2.2280826940831368E+001                  3.4215921509298795E+008                  1.6633699576727221E+000                  3.9570605151417115E-001                  6.2077041152583434E-001                  8.2230422536584080E-001                  8.5000496627254152E-001                  2.9428548529114341E+012                  2.3569107348878059E+009                  3.3651770908183124E+001                  3.9571541743761862E-001                  0.0000000000000000E+000                  8.0016853503529128E+003                  5.2810041454872398E+001                  2.5839652975366514E-011                  2.5839652975366514E-011                  0.0000000000000000E+000                  0.0000000000000000E+000                  1.0337670775816104E-012                  0.0000000000000000E+000                  4.7228127802725432E+001                  6.9999999999999996E-001                  2.9797635251139987E-005                  2.7997020236474884E-001                  4.1193902129486445E-003                  1.2067031330276047E-003                  1.1203876416666529E-002                  2.5129237964844936E-003                  9.5710644087274629E-004                  0.0000000000000000E+000                  0.0000000000000000E+000                  0.0000000000000000E+000                  0.0000000000000000E+000                  0.0000000000000000E+000                  0.0000000000000000E+000                  0.0000000000000000E+000                  0.0000000000000000E+000                  0.0000000000000000E+000                  0.0000000000000000E+000                 -6.0438524928330297E+000                 -9.8999999999999986E+001                  0.0000000000000000E+000                  0.0000000000000000E+000                 -9.8999999999999986E+001                 -9.8999999999999986E+001                  1.4899559979028401E+001                 -9.9000000000000000E+001                 -9.9000000000000000E+001                 -9.9000000000000000E+001 
                 1.0600525393562386E-001                  1.8107965908901174E+000                  2.7932896411969481E+000                  2.9994455756348301E+012                 -1.6422895104478239E+000                  5.9957883933935481E+000                  2.1283751341869369E+014                  2.2280932451349170E+001                  3.4218187334059966E+008                  1.6633128507740202E+000                  3.9568930808305613E-001                  6.2076095066851278E-001                  8.2240327474708097E-001                  8.5000496627254152E-001                  2.9970196063211890E+012                  2.4259693136410222E+009                  3.3001457702851511E+001                  3.9569853693626433E-001                  0.0000000000000000E+000                  7.9434842180784053E+003                  5.2135980932386978E+001                  2.8210517912691772E-011                  2.8210517912691772E-011                  0.0000000000000000E+000                  0.0000000000000000E+000                  1.1286183615725839E-012                  0.0000000000000000E+000                  4.7573242471254261E+001                  6.9999999999999996E-001                  2.9797635251139987E-005                  2.7997020236474884E-001                  4.1193902129486445E-003                  1.2067031330276047E-003                  1.1203876416666529E-002                  2.5129237964844936E-003                  9.5710644087274629E-004                  0.0000000000000000E+000                  0.0000000000000000E+000                  0.0000000000000000E+000                  0.0000000000000000E+000                  0.0000000000000000E+000                  0.0000000000000000E+000                  0.0000000000000000E+000                  0.0000000000000000E+000                  0.0000000000000000E+000                  0.0000000000000000E+000                 -6.0435952061711316E+000                 -9.8999999999999986E+001                  0.0000000000000000E+000                  0.0000000000000000E+000                 -9.8999999999999986E+001                 -9.8999999999999986E+001                  1.4905903503990524E+001                 -9.9000000000000000E+001                 -9.9000000000000000E+001                 -9.9000000000000000E+001 
                 9.9892978968398355E-002                  1.7715429617620899E+000                  2.6427297353840453E+000                  3.0546833668345640E+012                 -1.6375239666104497E+000                  5.9989240932912447E+000                  2.1428687203326856E+014                  2.2280907664934574E+001                  3.4220472369514298E+008                  1.6632566623595910E+000                  3.9567276133965723E-001                  6.2075249663124266E-001                  8.2253675113176028E-001                  8.5000496627254152E-001                  3.0521863118661152E+012                  2.4970549684488363E+009                  3.2363809400303822E+001                  3.9568186828148089E-001                  0.0000000000000000E+000                  7.8832927036971823E+003                  5.1469679801016440E+001                  3.0793049068572123E-011                  3.0793049068572123E-011                  0.0000000000000000E+000                  0.0000000000000000E+000                  1.2319377925539413E-012                  0.0000000000000000E+000                  4.7920483822657616E+001                  6.9999999999999996E-001                  2.9797635251139987E-005                  2.7997020236474884E-001                  4.1193902129486445E-003                  1.2067031330276047E-003                  1.1203876416666529E-002                  2.5129237964844936E-003                  9.5710644087274629E-004                  0.0000000000000000E+000                  0.0000000000000000E+000                  0.0000000000000000E+000                  0.0000000000000000E+000                  0.0000000000000000E+000                  0.0000000000000000E+000                  0.0000000000000000E+000                  0.0000000000000000E+000                  0.0000000000000000E+000                  0.0000000000000000E+000                 -6.0432916178903593E+000                 -9.8999999999999986E+001                  0.0000000000000000E+000                  0.0000000000000000E+000                 -9.8999999999999986E+001                 -9.8999999999999986E+001                  1.4912518180028528E+001                 -9.9000000000000000E+001                 -9.9000000000000000E+001                 -9.9000000000000000E+001 
                 9.3844131242623974E-002                  1.7313583229864360E+000                  2.4926446473747284E+000                  3.1109437081433560E+012                 -1.6327579392052494E+000                  6.0020599455563799E+000                  2.1574698868728406E+014                  2.2280712975729031E+001                  3.4222778291789985E+008                  1.6632014451805999E+000                  3.9565643642283271E-001                  6.2074535317806956E-001                  8.2271767052618783E-001                  8.5000496627254152E-001                  3.1083734809641733E+012                  2.5702271791827726E+009                  3.1738268268500672E+001                  3.9566540853766369E-001                  0.0000000000000000E+000                  7.8209363761425539E+003                  5.0810606543858363E+001                  3.3605601549866478E-011                  3.3605601549866478E-011                  6.1803250122148324E-037                  0.0000000000000000E+000                  1.3444597055773220E-012                  0.0000000000000000E+000                  4.8269977936861672E+001                  6.9999999999999996E-001                  2.9797635251139987E-005                  2.7997020236474884E-001                  4.1193902129486445E-003                  1.2067031330276047E-003                  1.1203876416666529E-002                  2.5129237964844936E-003                  9.5710644087274629E-004                  0.0000000000000000E+000                  0.0000000000000000E+000                  0.0000000000000000E+000                  0.0000000000000000E+000                  0.0000000000000000E+000                  0.0000000000000000E+000                  0.0000000000000000E+000                  0.0000000000000000E+000                  0.0000000000000000E+000                  0.0000000000000000E+000                 -6.0429231036584614E+000                 -9.8999999999999986E+001                  0.0000000000000000E+000                  0.0000000000000000E+000                 -9.8999999999999986E+001                 -9.8999999999999986E+001                  1.4919429410288595E+001                 -9.9000000000000000E+001                 -9.9000000000000000E+001                 -9.9000000000000000E+001 
                 8.7864556988618905E-002                  1.6901766910280858E+000                  2.3431963189040310E+000                  3.1682455017750957E+012                 -1.6279914375886961E+000                  6.0051959443356733E+000                  2.1721787450909553E+014                  2.2280365319184117E+001                  3.4225107815474820E+008                  1.6631470808142936E+000                  3.9564035049399665E-001                  6.2073953612251254E-001                  8.2294169643385640E-001                  8.5000496627254152E-001                  3.1655999546203022E+012                  2.6455471547934737E+009                  3.1124431390414337E+001                  3.9564917878393591E-001                  0.0000000000000000E+000                  7.7562159204070394E+003                  5.0158591575449812E+001                  3.6668075683138174E-011                  3.6668075683138167E-011                  8.6308997404273670E-037                  0.0000000000000000E+000                  1.4669802555764347E-012                  0.0000000000000000E+000                  4.8621831692427143E+001                  6.9999999999999996E-001                  2.9797635251139987E-005                  2.7997020236474884E-001                  4.1193902129486445E-003                  1.2067031330276047E-003                  1.1203876416666529E-002                  2.5129237964844936E-003                  9.5710644087274629E-004                  0.0000000000000000E+000                  0.0000000000000000E+000                  0.0000000000000000E+000                  0.0000000000000000E+000                  0.0000000000000000E+000                  0.0000000000000000E+000                  0.0000000000000000E+000                  0.0000000000000000E+000                  0.0000000000000000E+000                  0.0000000000000000E+000                 -6.0424947894250742E+000                 -9.8999999999999986E+001                  0.0000000000000000E+000                  0.0000000000000000E+000                 -9.8999999999999986E+001                 -9.8999999999999986E+001                  1.4926666189498365E+001                 -9.9000000000000000E+001                 -9.9000000000000000E+001                 -9.9000000000000000E+001 
                 8.1960518242865377E-002                  1.6479237502073871E+000                  2.1945602492286058E+000                  3.2266079851397344E+012                 -1.6232244813098520E+000                  6.0083320829398330E+000                  2.1869956216078903E+014                  2.2279921387245576E+001                  3.4227464523503029E+008                  1.6630933441442171E+000                  3.9562446651919186E-001                  6.2073489458832043E-001                  8.2319021904294043E-001                  8.5000496627254152E-001                  3.2238849072661597E+012                  2.7230778735746179E+009                  3.0522075488842010E+001                  3.9563316883228905E-001                  0.0000000000000000E+000                  7.6889019856398436E+003                  4.9513676045955272E+001                  4.0002039227566768E-011                  4.0002039227566768E-011                  1.2043877873943867E-036                  0.0000000000000000E+000                  1.6003623067684310E-012                  0.0000000000000000E+000                  4.8976017988238958E+001                  6.9999999999999996E-001                  2.9797635251139987E-005                  2.7997020236474884E-001                  4.1193902129486445E-003                  1.2067031330276047E-003                  1.1203876416666529E-002                  2.5129237964844936E-003                  9.5710644087274629E-004                  0.0000000000000000E+000                  0.0000000000000000E+000                  0.0000000000000000E+000                  0.0000000000000000E+000                  0.0000000000000000E+000                  0.0000000000000000E+000                  0.0000000000000000E+000                  0.0000000000000000E+000                  0.0000000000000000E+000                  0.0000000000000000E+000                 -6.0420315491398036E+000                 -9.8999999999999986E+001                  0.0000000000000000E+000                  0.0000000000000000E+000                 -9.8999999999999986E+001                 -9.8999999999999986E+001                  1.4934261834521369E+001                 -9.9000000000000000E+001                 -9.9000000000000000E+001                 -9.9000000000000000E+001 
                 7.6138740471636962E-002                  1.6045152996288157E+000                  2.0469274706424905E+000                  3.2860507337866914E+012                 -1.6184571087095017E+000                  6.0114683532928215E+000                  2.2019211773832209E+014                  2.2279437290523532E+001                  3.4229852243560791E+008                  1.6630400070808531E+000                  3.9560870086511268E-001                  6.2073130000664578E-001                  8.2344296948282081E-001                  8.5000496627254152E-001                  3.2832478496687310E+012                  2.8028841179604883E+009                  2.9931046748233200E+001                  3.9561731803606159E-001                  0.0000000000000000E+000                  7.6187300245849219E+003                  4.8875904288303850E+001                  4.3630860573986102E-011                  4.3630860573986095E-011                  1.6793549678483186E-036                  0.0000000000000000E+000                  1.7455407615809356E-012                  0.0000000000000000E+000                  4.9332374940563128E+001                  6.9999999999999996E-001                  2.9797635251139987E-005                  2.7997020236474884E-001                  4.1193902129486445E-003                  1.2067031330276047E-003                  1.1203876416666529E-002                  2.5129237964844936E-003                  9.5710644087274629E-004                  0.0000000000000000E+000                  0.0000000000000000E+000                  0.0000000000000000E+000                  0.0000000000000000E+000                  0.0000000000000000E+000                  0.0000000000000000E+000                  0.0000000000000000E+000                  0.0000000000000000E+000                  0.0000000000000000E+000                  0.0000000000000000E+000                 -6.0415609874313976E+000                 -9.8999999999999986E+001                  0.0000000000000000E+000                  0.0000000000000000E+000                 -9.8999999999999986E+001                 -9.8999999999999986E+001                  1.4942254989537757E+001                 -9.9000000000000000E+001                 -9.9000000000000000E+001                 -9.9000000000000000E+001 
                 7.0406468832848415E-002                  1.5598553064857354E+000                  1.9005067687590533E+000                  3.3465936627945352E+012                 -1.6136893681960114E+000                  6.0146047453039690E+000                  2.2169564662317109E+014                  2.2278964234772396E+001                  3.4232275057252407E+008                  1.6629868586084586E+000                  3.9559291637514321E-001                  6.2072864619633683E-001                  8.2367969544201658E-001                  8.5000496627254152E-001                  3.3437086302885288E+012                  2.8850325060062747E+009                  2.9351201618862437E+001                  3.9560151555410350E-001                  0.0000000000000000E+000                  7.5453930601517486E+003                  4.8245320732311029E+001                  4.7579853402110666E-011                  4.7579853402110666E-011                  2.3398327525394973E-036                  0.0000000000000000E+000                  1.9035283479907730E-012                  0.0000000000000000E+000                  4.9690695868840940E+001                  6.9999999999999996E-001                  2.9797635251139987E-005                  2.7997020236474884E-001                  4.1193902129486445E-003                  1.2067031330276047E-003                  1.1203876416666529E-002                  2.5129237964844936E-003                  9.5710644087274629E-004                  0.0000000000000000E+000                  0.0000000000000000E+000                  0.0000000000000000E+000                  0.0000000000000000E+000                  0.0000000000000000E+000                  0.0000000000000000E+000                  0.0000000000000000E+000                  0.0000000000000000E+000                  0.0000000000000000E+000                  0.0000000000000000E+000                 -6.0411111945679359E+000                 -9.8999999999999986E+001                  0.0000000000000000E+000                  0.0000000000000000E+000                 -9.8999999999999986E+001                 -9.8999999999999986E+001                  1.4950690888605054E+001                 -9.9000000000000000E+001                 -9.9000000000000000E+001                 -9.9000000000000000E+001 
                 6.4771535308237330E-002                  1.5138334390552515E+000                  1.7555269428099745E+000                  3.4082570251953896E+012                 -1.6089213093751442E+000                  6.0177412460551389E+000                  2.2321029679528869E+014                  2.2278545376645432E+001                  3.4234737318714011E+008                  1.6629337188835571E+000                  3.9557691909798354E-001                  6.2072684759625596E-001                  8.2388152051022312E-001                  8.5000496627254152E-001                  3.4052874336794399E+012                  2.9695915159499211E+009                  2.8782409793033246E+001                  3.9558559522213482E-001                  0.0000000000000000E+000                  7.4685323600153915E+003                  4.7621970450944211E+001                  5.1876432270623312E-011                  5.1876432270623306E-011                  3.2575676019669836E-036                  0.0000000000000000E+000                  2.0754218442575715E-012                  0.0000000000000000E+000                  5.0050923987576724E+001                  6.9999999999999996E-001                  2.9797635251139987E-005                  2.7997020236474884E-001                  4.1193902129486445E-003                  1.2067031330276047E-003                  1.1203876416666529E-002                  2.5129237964844936E-003                  9.5710644087274629E-004                  0.0000000000000000E+000                  0.0000000000000000E+000                  0.0000000000000000E+000                  0.0000000000000000E+000                  0.0000000000000000E+000                  0.0000000000000000E+000                  0.0000000000000000E+000                  0.0000000000000000E+000                  0.0000000000000000E+000                  0.0000000000000000E+000                 -6.0407089256651787E+000                 -9.8999999999999986E+001                  0.0000000000000000E+000                  0.0000000000000000E+000                 -9.8999999999999986E+001                 -9.8999999999999986E+001                  1.4959623020895588E+001                 -9.9000000000000000E+001                 -9.9000000000000000E+001                 -9.9000000000000000E+001 
                 5.9242439661859429E-002                  1.4663218983130879E+000                  1.6122389165466429E+000                  3.4710614060752227E+012                 -1.6041529736619733E+000                  6.0208778387874355E+000                  2.2473625883599200E+014                  2.2278213008238918E+001                  3.4237243559590596E+008                  1.6628804512784343E+000                  3.9556046111813004E-001                  6.2072583815488369E-001                  8.2403230337576916E-001                  8.5000496627254152E-001                  3.4680047745731309E+012                  3.0566315020916939E+009                  2.8224549932051755E+001                  3.9556933530686289E-001                  0.0000000000000000E+000                  7.3877256119079902E+003                  4.7005899743758405E+001                  5.6550279847733092E-011                  5.6550279847733098E-011                  4.5317753647398601E-036                  0.0000000000000000E+000                  2.2624087693619809E-012                  0.0000000000000000E+000                  5.0413030682039988E+001                  6.9999999999999996E-001                  2.9797635251139987E-005                  2.7997020236474884E-001                  4.1193902129486445E-003                  1.2067031330276047E-003                  1.1203876416666529E-002                  2.5129237964844936E-003                  9.5710644087274629E-004                  0.0000000000000000E+000                  0.0000000000000000E+000                  0.0000000000000000E+000                  0.0000000000000000E+000                  0.0000000000000000E+000                  0.0000000000000000E+000                  0.0000000000000000E+000                  0.0000000000000000E+000                  0.0000000000000000E+000                  0.0000000000000000E+000                 -6.0403777696066845E+000                 -9.8999999999999986E+001                  0.0000000000000000E+000                  0.0000000000000000E+000                 -9.8999999999999986E+001                 -9.8999999999999986E+001                  1.4969115298500517E+001                 -9.9000000000000000E+001                 -9.9000000000000000E+001                 -9.9000000000000000E+001 
                 5.3828448086624271E-002                  1.4171712862667327E+000                  1.4709187694860946E+000                  3.5350277108153066E+012                 -1.5993843282429063E+000                  6.0240145024006271E+000                  2.2627370513953419E+014                  2.2277973066963590E+001                  3.4239788382915699E+008                  1.6628271848261427E+000                  3.9554342945426935E-001                  6.2072548667736260E-001                  8.2412830529161529E-001                  8.5000496627254152E-001                  3.5318814860942114E+012                  3.1462247210952721E+009                  2.7677511657631765E+001                  3.9555255539775108E-001                  0.0000000000000000E+000                  7.3024695639015208E+003                  4.6397160345848647E+001                  6.1633535620294809E-011                  6.1633535620294822E-011                  6.2995498090386424E-036                  0.0000000000000000E+000                  2.4657749327451206E-012                  0.0000000000000000E+000                  5.0777167726856987E+001                  6.9999999999999996E-001                  2.9797635251139987E-005                  2.7997020236474884E-001                  4.1193902129486445E-003                  1.2067031330276047E-003                  1.1203876416666529E-002                  2.5129237964844936E-003                  9.5710644087274629E-004                  0.0000000000000000E+000                  0.0000000000000000E+000                  0.0000000000000000E+000                  0.0000000000000000E+000                  0.0000000000000000E+000                  0.0000000000000000E+000                  0.0000000000000000E+000                  0.0000000000000000E+000                  0.0000000000000000E+000                  0.0000000000000000E+000                 -6.0401243233988566E+000                 -9.8999999999999986E+001                  0.0000000000000000E+000                  0.0000000000000000E+000                 -9.8999999999999986E+001                 -9.8999999999999986E+001                  1.4979244833868908E+001                 -9.9000000000000000E+001                 -9.9000000000000000E+001                 -9.9000000000000000E+001 
                 4.8539714913704832E-002                  1.3662051323820699E+000                  1.3318710636342683E+000                  3.6001771431096436E+012                 -1.5946152247717478E+000                  6.0271512120562436E+000                  2.2782270626560509E+014                  2.2277806344860874E+001                  3.4242347933195364E+008                  1.6627744678861995E+000                  3.9552604591529450E-001                  6.2072552012525795E-001                  8.2418150620732278E-001                  8.5000496627254152E-001                  3.5969386977207974E+012                  3.2384453888461456E+009                  2.7141189638189942E+001                  3.9553531139699888E-001                  0.0000000000000000E+000                  7.2121561952334359E+003                  4.5795811404950499E+001                  6.7161000752314602E-011                  6.7161000752314602E-011                  8.7501743267429138E-036                  0.0000000000000000E+000                  2.6869126301423898E-012                  0.0000000000000000E+000                  5.1143817876870138E+001                  6.9999999999999996E-001                  2.9797635251139987E-005                  2.7997020236474884E-001                  4.1193902129486445E-003                  1.2067031330276047E-003                  1.1203876416666529E-002                  2.5129237964844936E-003                  9.5710644087274629E-004                  0.0000000000000000E+000                  0.0000000000000000E+000                  0.0000000000000000E+000                  0.0000000000000000E+000                  0.0000000000000000E+000                  0.0000000000000000E+000                  0.0000000000000000E+000                  0.0000000000000000E+000                  0.0000000000000000E+000                  0.0000000000000000E+000                 -6.0399317398505978E+000                 -9.8999999999999986E+001                  0.0000000000000000E+000                  0.0000000000000000E+000                 -9.8999999999999986E+001                 -9.8999999999999986E+001                  1.4990105761359407E+001                 -9.9000000000000000E+001                 -9.9000000000000000E+001                 -9.9000000000000000E+001 
                 4.3387435013960099E-002                  1.3132124956331215E+000                  1.1954327661625666E+000                  3.6665311655304526E+012                 -1.5898455136812548E+000                  6.0302879388259818E+000                  2.2938328980354862E+014                  2.2277703702243549E+001                  3.4244895885421062E+008                  1.6627228886768306E+000                  3.9550861872812709E-001                  6.2072565550637471E-001                  8.2420141573215933E-001                  8.5000496627254152E-001                  3.6631977958193394E+012                  3.3333697111135082E+009                  2.6615462206135508E+001                  3.9551786883312168E-001                  0.0000000000000000E+000                  7.1160403121992131E+003                  4.5201911228519350E+001                  7.3170334248559415E-011                  7.3170334248559415E-011                  1.2144779942224338E-035                  0.0000000000000000E+000                  2.9273284915563565E-012                  0.0000000000000000E+000                  5.1513385135745779E+001                  6.9999999999999996E-001                  2.9797635251139987E-005                  2.7997020236474884E-001                  4.1193902129486445E-003                  1.2067031330276047E-003                  1.1203876416666529E-002                  2.5129237964844936E-003                  9.5710644087274629E-004                  0.0000000000000000E+000                  0.0000000000000000E+000                  0.0000000000000000E+000                  0.0000000000000000E+000                  0.0000000000000000E+000                  0.0000000000000000E+000                  0.0000000000000000E+000                  0.0000000000000000E+000                  0.0000000000000000E+000                  0.0000000000000000E+000                 -6.0397842747358599E+000                 -9.8999999999999986E+001                  0.0000000000000000E+000                  0.0000000000000000E+000                 -9.8999999999999986E+001                 -9.8999999999999986E+001                  1.5001814633432311E+001                 -9.9000000000000000E+001                 -9.9000000000000000E+001                 -9.9000000000000000E+001 
                 3.8384037902276784E-002                  1.2579377204835671E+000                  1.0619796368895080E+000                  3.7341114343437271E+012                 -1.5850750747519478E+000                  6.0334246471738897E+000                  2.3095544739432866E+014                  2.2277669951281975E+001                  3.4247405387450790E+008                  1.6626730247157522E+000                  3.9549150998075677E-001                  6.2072561797630976E-001                  8.2419288647418998E-001                  8.5000496627254152E-001                  3.7306803584997554E+012                  3.4310758439715390E+009                  2.6100186615353188E+001                  3.9550056339445244E-001                  0.0000000000000000E+000                  7.0131944675192008E+003                  4.4615515566263760E+001                  7.9702267380453390E-011                  7.9702267380453390E-011                  1.6843321369152637E-035                  0.0000000000000000E+000                  3.1886520598576843E-012                  0.0000000000000000E+000                  5.1886078518308224E+001                  6.9999999999999996E-001                  2.9797635251139987E-005                  2.7997020236474884E-001                  4.1193902129486445E-003                  1.2067031330276047E-003                  1.1203876416666529E-002                  2.5129237964844936E-003                  9.5710644087274629E-004                  0.0000000000000000E+000                  0.0000000000000000E+000                  0.0000000000000000E+000                  0.0000000000000000E+000                  0.0000000000000000E+000                  0.0000000000000000E+000                  0.0000000000000000E+000                  0.0000000000000000E+000                  0.0000000000000000E+000                  0.0000000000000000E+000                 -6.0396705189801150E+000                 -9.8999999999999986E+001                  0.0000000000000000E+000                  0.0000000000000000E+000                 -9.8999999999999986E+001                 -9.8999999999999986E+001                  1.5014518209590474E+001                 -9.9000000000000000E+001                 -9.9000000000000000E+001                 -9.9000000000000000E+001 
                 3.3543439869269942E-002                  1.2000659038401638E+000                  9.3193466447625462E-001                  3.8029396907488027E+012                 -1.5803038392646984E+000                  6.0365612905129664E+000                  2.3253913394286106E+014                  2.2277724005591146E+001                  3.4249849142090428E+008                  1.6626254358545922E+000                  3.9547513126773293E-001                  6.2072514262454126E-001                  8.2415586443322864E-001                  8.5000496627254152E-001                  3.7994080469712930E+012                  3.5316437775095425E+009                  2.5595202940524764E+001                  3.9548378270470114E-001                  0.0000000000000000E+000                  6.9024436595379566E+003                  4.4036677045233581E+001                  8.6800827089529382E-011                  8.6800827089529382E-011                  2.3341556321392879E-035                  0.0000000000000000E+000                  3.4726447285566657E-012                  0.0000000000000000E+000                  5.2261924400271148E+001                  6.9999999999999996E-001                  2.9797635251139987E-005                  2.7997020236474884E-001                  4.1193902129486445E-003                  1.2067031330276047E-003                  1.1203876416666529E-002                  2.5129237964844936E-003                  9.5710644087274629E-004                  0.0000000000000000E+000                  0.0000000000000000E+000                  0.0000000000000000E+000                  0.0000000000000000E+000                  0.0000000000000000E+000                  0.0000000000000000E+000                  0.0000000000000000E+000                  0.0000000000000000E+000                  0.0000000000000000E+000                  0.0000000000000000E+000                 -6.0395840441921633E+000                 -9.8999999999999986E+001                  0.0000000000000000E+000                  0.0000000000000000E+000                 -9.8999999999999986E+001                 -9.8999999999999986E+001                  1.5028404984594037E+001                 -9.9000000000000000E+001                 -9.9000000000000000E+001                 -9.9000000000000000E+001 
                 2.8881379168244032E-002                  1.1392016535316811E+000                  8.0577892327067457E-001                  3.8730375731853125E+012                 -1.5755318169844972E+000                  6.0396978035023645E+000                  2.3413426721913891E+014                  2.2277898660106846E+001                  3.4252199499109328E+008                  1.6625806588521452E+000                  3.9545993609021557E-001                  6.2072397540805357E-001                  8.2408520082841430E-001                  8.5000496627254152E-001                  3.8694024181014951E+012                  3.6351550838172436E+009                  2.5100339039006851E+001                  3.9546796044288640E-001                  0.0000000000000000E+000                  6.7822670205347595E+003                  4.3465445194742522E+001                  9.4513560677704648E-011                  9.4513560677704648E-011                  3.2321674112612390E-035                  0.0000000000000000E+000                  3.7812087310611719E-012                  0.0000000000000000E+000                  5.2640961520936045E+001                  6.9999999999999996E-001                  2.9797635251139987E-005                  2.7997020236474884E-001                  4.1193902129486445E-003                  1.2067031330276047E-003                  1.1203876416666529E-002                  2.5129237964844936E-003                  9.5710644087274629E-004                  0.0000000000000000E+000                  0.0000000000000000E+000                  0.0000000000000000E+000                  0.0000000000000000E+000                  0.0000000000000000E+000                  0.0000000000000000E+000                  0.0000000000000000E+000                  0.0000000000000000E+000                  0.0000000000000000E+000                  0.0000000000000000E+000                 -6.0395240457959520E+000                 -9.8999999999999986E+001                  0.0000000000000000E+000                  0.0000000000000000E+000                 -9.8999999999999986E+001                 -9.8999999999999986E+001                  1.5043722802479499E+001                 -9.9000000000000000E+001                 -9.9000000000000000E+001                 -9.9000000000000000E+001 
                 2.4415874072179523E-002                  1.0748369144970915E+000                  6.8406560548658724E-001                  3.9444262783356450E+012                 -1.5707591548942985E+000                  6.0428340877920030E+000                  2.3574075150058294E+014                  2.2278228835024592E+001                  3.4254434950193512E+008                  1.6625390762381640E+000                  3.9544632177012728E-001                  6.2072192517299685E-001                  8.2397414049826334E-001                  8.5000496627254152E-001                  3.9406845859450259E+012                  3.7416923906191711E+009                  2.4615401809409288E+001                  3.9545352258397359E-001                  0.0000000000000000E+000                  6.6506450763943831E+003                  4.2901866186478564E+001                  1.0289174122991856E-010                  1.0289174122991856E-010                  4.4721492269989011E-035                  0.0000000000000000E+000                  4.1163953590945474E-012                  0.0000000000000000E+000                  5.3023202567274978E+001                  6.9999999999999996E-001                  2.9797635251139987E-005                  2.7997020236474884E-001                  4.1193902129486445E-003                  1.2067031330276047E-003                  1.1203876416666529E-002                  2.5129237964844936E-003                  9.5710644087274629E-004                  0.0000000000000000E+000                  0.0000000000000000E+000                  0.0000000000000000E+000                  0.0000000000000000E+000                  0.0000000000000000E+000                  0.0000000000000000E+000                  0.0000000000000000E+000                  0.0000000000000000E+000                  0.0000000000000000E+000                  0.0000000000000000E+000                 -6.0394928423480394E+000                 -9.8999999999999986E+001                  0.0000000000000000E+000                  0.0000000000000000E+000                 -9.8999999999999986E+001                 -9.8999999999999986E+001                  1.5060806834222685E+001                 -9.9000000000000000E+001                 -9.9000000000000000E+001                 -9.9000000000000000E+001 
                 2.0167869894566298E-002                  1.0063000744337194E+000                  5.6743981810975197E-001                  4.0171259133401938E+012                 -1.5659862683179659E+000                  6.0459699833110525E+000                  2.3735859396621056E+014                  2.2278697518269908E+001                  3.4256568183195031E+008                  1.6625003699796459E+000                  3.9543422511353404E-001                  6.2071908699068934E-001                  8.2383145713513706E-001                  8.5000496627254152E-001                  4.0132745750912256E+012                  3.8513382489682584E+009                  2.4140164199017118E+001                  3.9544063108815214E-001                  0.0000000000000000E+000                  6.5048106714059313E+003                  4.2345981837721240E+001                  1.1199050539665277E-010                  1.1199050539665278E-010                  6.1828774904868630E-035                  0.0000000000000000E+000                  4.4804104750259380E-012                  0.0000000000000000E+000                  5.3408266484721672E+001                  6.9999999999999996E-001                  2.9797635251139987E-005                  2.7997020236474884E-001                  4.1193902129486445E-003                  1.2067031330276047E-003                  1.1203876416666529E-002                  2.5129237964844936E-003                  9.5710644087274629E-004                  0.0000000000000000E+000                  0.0000000000000000E+000                  0.0000000000000000E+000                  0.0000000000000000E+000                  0.0000000000000000E+000                  0.0000000000000000E+000                  0.0000000000000000E+000                  0.0000000000000000E+000                  0.0000000000000000E+000                  0.0000000000000000E+000                 -6.0394816440475285E+000                 -9.8999999999999986E+001                  0.0000000000000000E+000                  0.0000000000000000E+000                 -9.8999999999999986E+001                 -9.8999999999999986E+001                  1.5080126172164551E+001                 -9.9000000000000000E+001                 -9.9000000000000000E+001                 -9.9000000000000000E+001 
                 1.6162190901843749E-002                  9.3267099783081775E-001                  4.5666824504915171E-001                  4.0911541625557354E+012                 -1.5612137867433202E+000                  6.0491052118336501E+000                  2.3898781537575597E+014                  2.2279265915299572E+001                  3.4258623547385854E+008                  1.6624639979628595E+000                  3.9542340320194908E-001                  6.2071565125013306E-001                  8.2367144748464693E-001                  8.5000496627254152E-001                  4.0871899897596011E+012                  3.9641727961343884E+009                  2.3674383268813571E+001                  3.9542914312689614E-001                  0.0000000000000000E+000                  6.4318927061950308E+003                  4.1797847679755392E+001                  1.2186891740620573E-010                  1.2186891740620573E-010                  8.5409299325294019E-035                  0.0000000000000000E+000                  4.8756170728896952E-012                  0.0000000000000000E+000                  5.3795833495293408E+001                  6.9999999999999996E-001                  2.9797635251139987E-005                  2.7997020236474884E-001                  4.1193902129486445E-003                  1.2067031330276047E-003                  1.1203876416666529E-002                  2.5129237964844936E-003                  9.5710644087274629E-004                  0.0000000000000000E+000                  0.0000000000000000E+000                  0.0000000000000000E+000                  0.0000000000000000E+000                  0.0000000000000000E+000                  0.0000000000000000E+000                  0.0000000000000000E+000                  0.0000000000000000E+000                  0.0000000000000000E+000                  0.0000000000000000E+000                 -6.0394795349411936E+000                 -9.8999999999999986E+001                  0.0000000000000000E+000                  0.0000000000000000E+000                 -9.8999999999999986E+001                 -9.8999999999999986E+001                  1.5099269156453893E+001                 -9.9000000000000000E+001                 -9.9000000000000000E+001                 -9.9000000000000000E+001 
                 1.2429014882553777E-002                  8.5262913493619186E-001                  3.5268321863503899E-001                  4.1987736774695195E+012                 -1.5544380729103526E+000                  6.0535734335343063E+000                  2.4133051821260672E+014                  2.2280266185852437E+001                  3.4261476754029042E+008                  1.6624149443372336E+000                  3.9540959560063382E-001                  6.2071007593306526E-001                  8.2344143054400698E-001                  8.5000496627254152E-001                  4.1946429602632275E+012                  4.1307172062918096E+009                  2.3218148645988645E+001                  3.9541890772214916E-001                  0.0000000000000000E+000                  6.6374852709128772E+003                  4.1028174744034096E+001                  1.3741884951967881E-010                  1.3741884951967881E-010                  1.3516963345268509E-034                  0.0000000000000000E+000                  5.4977248002131691E-012                  0.0000000000000000E+000                  5.4352872365255450E+001                  6.9999999999999996E-001                  2.9797635251139987E-005                  2.7997020236474884E-001                  4.1193902129486445E-003                  1.2067031330276047E-003                  1.1203876416666529E-002                  2.5129237964844936E-003                  9.5710644087274629E-004                  0.0000000000000000E+000                  0.0000000000000000E+000                  0.0000000000000000E+000                  0.0000000000000000E+000                  0.0000000000000000E+000                  0.0000000000000000E+000                  0.0000000000000000E+000                  0.0000000000000000E+000                  0.0000000000000000E+000                  0.0000000000000000E+000                 -6.0395360707141803E+000                 -9.8999999999999986E+001                  0.0000000000000000E+000                  0.0000000000000000E+000                 -9.8999999999999986E+001                 -9.8999999999999986E+001                  1.5112131320582819E+001                 -9.9000000000000000E+001                 -9.9000000000000000E+001                 -9.9000000000000000E+001 
                 5.9443162161479639E-003                  6.6373497168903461E-001                  1.7018610574582163E-001                  4.3237934988634033E+012                 -1.5467520915719537E+000                  6.0585926784052893E+000                  2.4399145312750956E+014                  2.2281104411462874E+001                  3.4264618939604092E+008                  1.6623628928367584E+000                  3.9539559760742227E-001                  6.2070347111750557E-001                  8.2321386184550061E-001                  8.5000496627254152E-001                  4.3194673402012637E+012                  4.3261586621397448E+009                  2.2323958025367421E+001                  3.9540027964129826E-001                  0.0000000000000000E+000                  7.2376853367359054E+003                  4.0186250614091101E+001                  1.5722079376551038E-010                  1.5722079376551038E-010                  2.2600844473040369E-034                  0.0000000000000000E+000                  6.2899433382277986E-012                  0.0000000000000000E+000                  5.4985529014770655E+001                  6.9999999999999996E-001                  2.9797635251139987E-005                  2.7997020236474884E-001                  4.1193902129486445E-003                  1.2067031330276047E-003                  1.1203876416666529E-002                  2.5129237964844936E-003                  9.5710644087274629E-004                  0.0000000000000000E+000                  0.0000000000000000E+000                  0.0000000000000000E+000                  0.0000000000000000E+000                  0.0000000000000000E+000                  0.0000000000000000E+000                  0.0000000000000000E+000                  0.0000000000000000E+000                  0.0000000000000000E+000                  0.0000000000000000E+000                 -6.0394159915184087E+000                 -9.8999999999999986E+001                  0.0000000000000000E+000                  0.0000000000000000E+000                 -9.8999999999999986E+001                 -9.8999999999999986E+001                  1.5148070827886528E+001                 -9.9000000000000000E+001                 -9.9000000000000000E+001                 -9.9000000000000000E+001 
                 3.3147562441956757E-003                  5.4508832556068409E-001                  9.5321733677963344E-002                  4.3949048114287388E+012                 -1.5424866431055320E+000                  6.0613904277626238E+000                  2.4548873656810900E+014                  2.2281579127742855E+001                  3.4266394430507135E+008                  1.6623342335962847E+000                  3.9538795903203072E-001                  6.2069981748930581E-001                  8.2311958192892420E-001                  8.5000496627254152E-001                  4.3904657266373887E+012                  4.4390847913501692E+009                  2.1891462495893343E+001                  3.9539157842988698E-001                  0.0000000000000000E+000                  7.7405885775386851E+003                  3.9723851638789448E+001                  1.6942943137589167E-010                  1.6942943137589167E-010                  3.0073094671574823E-034                  0.0000000000000000E+000                  6.7783756873700119E-012                  0.0000000000000000E+000                  5.5341527261915481E+001                  6.9999999999999996E-001                  2.9797635251139987E-005                  2.7997020236474884E-001                  4.1193902129486445E-003                  1.2067031330276047E-003                  1.1203876416666529E-002                  2.5129237964844936E-003                  9.5710644087274629E-004                  0.0000000000000000E+000                  0.0000000000000000E+000                  0.0000000000000000E+000                  0.0000000000000000E+000                  0.0000000000000000E+000                  0.0000000000000000E+000                  0.0000000000000000E+000                  0.0000000000000000E+000                  0.0000000000000000E+000                  0.0000000000000000E+000                 -6.0393766632033561E+000                 -9.8999999999999986E+001                  0.0000000000000000E+000                  0.0000000000000000E+000                 -9.8999999999999986E+001                 -9.8999999999999986E+001                  1.5176412938027784E+001                 -9.9000000000000000E+001                 -9.9000000000000000E+001                 -9.9000000000000000E+001 
                 1.7154865245586691E-003                  4.3690000211150104E-001                  4.9495248054942875E-002                  4.4468130070265410E+012                 -1.5394168559711814E+000                  6.0634044936205358E+000                  2.4657288360574350E+014                  2.2281886254502229E+001                  3.4267685551095140E+008                  1.6623137309787441E+000                  3.9538246426163792E-001                  6.2069721660454236E-001                  8.2306727764829268E-001                  8.5000496627254152E-001                  4.4422908076681953E+012                  4.5221993583457136E+009                  2.1576471208090226E+001                  3.9538523341805010E-001                  0.0000000000000000E+000                  8.3425846835832599E+003                  3.9394421675179544E+001                  1.7878427254448079E-010                  1.7878427254448079E-010                  3.6925018348131790E-034                  0.0000000000000000E+000                  7.1526359065633193E-012                  0.0000000000000000E+000                  5.5599337727879522E+001                  6.9999999999999996E-001                  2.9797635251139987E-005                  2.7997020236474884E-001                  4.1193902129486445E-003                  1.2067031330276047E-003                  1.1203876416666529E-002                  2.5129237964844936E-003                  9.5710644087274629E-004                  0.0000000000000000E+000                  0.0000000000000000E+000                  0.0000000000000000E+000                  0.0000000000000000E+000                  0.0000000000000000E+000                  0.0000000000000000E+000                  0.0000000000000000E+000                  0.0000000000000000E+000                  0.0000000000000000E+000                  0.0000000000000000E+000                 -6.0393431247471883E+000                 -9.8999999999999986E+001                  0.0000000000000000E+000                  0.0000000000000000E+000                 -9.8999999999999986E+001                 -9.8999999999999986E+001                  1.5208327428658309E+001                 -9.9000000000000000E+001                 -9.9000000000000000E+001                 -9.9000000000000000E+001 
                 8.5301510235183473E-004                  3.4573679682892589E-001                  2.4666316539142995E-002                  4.4800944886623574E+012                 -1.5374677291731300E+000                  6.0646837412468342E+000                  2.4726421131772206E+014                  2.2282068874091323E+001                  3.4268509006505197E+008                  1.6623008066293476E+000                  3.9537898916079267E-001                  6.2069555455178982E-001                  8.2303998200720452E-001                  8.5000496627254152E-001                  4.4755186922386406E+012                  4.5757964237167101E+009                  2.1367419414654172E+001                  3.9538104095428556E-001                  0.0000000000000000E+000                  9.0264131713672996E+003                  3.9186642287664313E+001                  1.8498486764982204E-010                  1.8498486764982204E-010                  4.2060033926393739E-034                  0.0000000000000000E+000                  7.4007038491217854E-012                  0.0000000000000000E+000                  5.5763775502485586E+001                  6.9999999999999996E-001                  2.9797635251139987E-005                  2.7997020236474884E-001                  4.1193902129486445E-003                  1.2067031330276047E-003                  1.1203876416666529E-002                  2.5129237964844936E-003                  9.5710644087274629E-004                  0.0000000000000000E+000                  0.0000000000000000E+000                  0.0000000000000000E+000                  0.0000000000000000E+000                  0.0000000000000000E+000                  0.0000000000000000E+000                  0.0000000000000000E+000                  0.0000000000000000E+000                  0.0000000000000000E+000                  0.0000000000000000E+000                 -6.0393201032588903E+000                 -9.8999999999999986E+001                  0.0000000000000000E+000                  0.0000000000000000E+000                 -9.8999999999999986E+001                 -9.8999999999999986E+001                  1.5242130717594511E+001                 -9.9000000000000000E+001                 -9.9000000000000000E+001                 -9.9000000000000000E+001 
                 4.7070273750392049E-004                  2.8340517784613900E-001                  1.3627711037297803E-002                  4.5001148523748711E+012                 -1.5363026325896041E+000                  6.0654491054518189E+000                  2.4767884199851656E+014                  2.2282176778205741E+001                  3.4269002596189129E+008                  1.6622931161706340E+000                  3.9537691802128228E-001                  6.2069455001487195E-001                  8.2302576307816133E-001                  8.5000496627254152E-001                  4.4955066859921631E+012                  4.6081663827076693E+009                  2.1253829947555669E+001                  3.9537881942814768E-001                  0.0000000000000000E+000                  9.6489334640649395E+003                  3.9062818888928348E+001                  1.8879373528294051E-010                  1.8879373528294051E-010                  4.5464804881599990E-034                  0.0000000000000000E+000                  7.5530856722076911E-012                  0.0000000000000000E+000                  5.5862412233153172E+001                  6.9999999999999996E-001                  2.9797635251139987E-005                  2.7997020236474884E-001                  4.1193902129486445E-003                  1.2067031330276047E-003                  1.1203876416666529E-002                  2.5129237964844936E-003                  9.5710644087274629E-004                  0.0000000000000000E+000                  0.0000000000000000E+000                  0.0000000000000000E+000                  0.0000000000000000E+000                  0.0000000000000000E+000                  0.0000000000000000E+000                  0.0000000000000000E+000                  0.0000000000000000E+000                  0.0000000000000000E+000                  0.0000000000000000E+000                 -6.0393073290209465E+000                 -9.8999999999999986E+001                  0.0000000000000000E+000                  0.0000000000000000E+000                 -9.8999999999999986E+001                 -9.8999999999999986E+001                  1.5270870482215312E+001                 -9.9000000000000000E+001                 -9.9000000000000000E+001                 -9.9000000000000000E+001 
                 2.4035170261877233E-004                  2.2641636237738871E-001                  6.9649605239972302E-003                  4.5142673085851895E+012                 -1.5354821593603027E+000                  6.0659881001573615E+000                  2.4797129160864253E+014                  2.2282250517144760E+001                  3.4269350279170626E+008                  1.6622877255040214E+000                  3.9537546496638842E-001                  6.2069383644730280E-001                  8.2301666865289225E-001                  8.5000496627254152E-001                  4.5096362088911982E+012                  4.6310996939914570E+009                  2.1169899604075059E+001                  3.9537725214205205E-001                  0.0000000000000000E+000                  1.0401996705129817E+004                  3.8975863834704839E+001                  1.9152175121714852E-010                  1.9152175121714852E-010                  4.8025373822667561E-034                  0.0000000000000000E+000                  7.6622257342984880E-012                  0.0000000000000000E+000                  5.5931988345219025E+001                  6.9999999999999996E-001                  2.9797635251139987E-005                  2.7997020236474884E-001                  4.1193902129486445E-003                  1.2067031330276047E-003                  1.1203876416666529E-002                  2.5129237964844936E-003                  9.5710644087274629E-004                  0.0000000000000000E+000                  0.0000000000000000E+000                  0.0000000000000000E+000                  0.0000000000000000E+000                  0.0000000000000000E+000                  0.0000000000000000E+000                  0.0000000000000000E+000                  0.0000000000000000E+000                  0.0000000000000000E+000                  0.0000000000000000E+000                 -6.0392976969423406E+000                 -9.8999999999999986E+001                  0.0000000000000000E+000                  0.0000000000000000E+000                 -9.8999999999999986E+001                 -9.8999999999999986E+001                  1.5303341422184682E+001                 -9.9000000000000000E+001                 -9.9000000000000000E+001                 -9.9000000000000000E+001 
                 1.2517618517630927E-004                  1.8211323096768808E-001                  3.6294360706196137E-003                  4.5230725561324258E+012                 -1.5349730242736552E+000                  6.0663226345108301E+000                  2.4815299304241647E+014                  2.2282295697531936E+001                  3.4269566093463123E+008                  1.6622843903518529E+000                  3.9537456552575601E-001                  6.2069339051364036E-001                  8.2301140978140397E-001                  8.5000496627254152E-001                  4.5184271652030293E+012                  4.6453909293966255E+009                  2.1117837085874825E+001                  3.9537637089346112E-001                  0.0000000000000000E+000                  1.1187277848024696E+004                  3.8921990165500567E+001                  1.9323414224846915E-010                  1.9323414224846915E-010                  4.9686081737851352E-034                  0.0000000000000000E+000                  7.7307335694832027E-012                  0.0000000000000000E+000                  5.5975218037818415E+001                  6.9999999999999996E-001                  2.9797635251139987E-005                  2.7997020236474884E-001                  4.1193902129486445E-003                  1.2067031330276047E-003                  1.1203876416666529E-002                  2.5129237964844936E-003                  9.5710644087274629E-004                  0.0000000000000000E+000                  0.0000000000000000E+000                  0.0000000000000000E+000                  0.0000000000000000E+000                  0.0000000000000000E+000                  0.0000000000000000E+000                  0.0000000000000000E+000                  0.0000000000000000E+000                  0.0000000000000000E+000                  0.0000000000000000E+000                 -6.0392916366713045E+000                 -9.8999999999999986E+001                  0.0000000000000000E+000                  0.0000000000000000E+000                 -9.8999999999999986E+001                 -9.8999999999999986E+001                  1.5334845593562227E+001                 -9.9000000000000000E+001                 -9.9000000000000000E+001                 -9.9000000000000000E+001 
                 6.7588426455244291E-005                  1.4826832119339367E-001                  1.9603848347223359E-003                  4.5284830226685684E+012                 -1.5346606892902053E+000                  6.0665278847691262E+000                  2.4826454565034872E+014                  2.2282323198332350E+001                  3.4269698500731051E+008                  1.6622823483280624E+000                  3.9537401467100225E-001                  6.2069311564447849E-001                  8.2300833012707086E-001                  8.5000496627254152E-001                  4.5238288416713672E+012                  4.6541809972011623E+009                  2.1085785640911833E+001                  3.9537592444968850E-001                  0.0000000000000000E+000                  1.1982341093294337E+004                  3.8888972826055010E+001                  1.9429211180919757E-010                  1.9429211180919757E-010                  5.0733074936556547E-034                  0.0000000000000000E+000                  7.7730598860635544E-012                  0.0000000000000000E+000                  5.6001758594432303E+001                  6.9999999999999996E-001                  2.9797635251139987E-005                  2.7997020236474884E-001                  4.1193902129486445E-003                  1.2067031330276047E-003                  1.1203876416666529E-002                  2.5129237964844936E-003                  9.5710644087274629E-004                  0.0000000000000000E+000                  0.0000000000000000E+000                  0.0000000000000000E+000                  0.0000000000000000E+000                  0.0000000000000000E+000                  0.0000000000000000E+000                  0.0000000000000000E+000                  0.0000000000000000E+000                  0.0000000000000000E+000                  0.0000000000000000E+000                 -6.0392878824694929E+000                 -9.8999999999999986E+001                  0.0000000000000000E+000                  0.0000000000000000E+000                 -9.8999999999999986E+001                 -9.8999999999999986E+001                  1.5364599032156356E+001                 -9.9000000000000000E+001                 -9.9000000000000000E+001                 -9.9000000000000000E+001 
                 3.8794547094822816E-005                  1.2320682145740712E-001                  1.1254635278405420E-003                  4.5317395710621250E+012                 -1.5344728816252686E+000                  6.0666513121587462E+000                  2.4833165406016447E+014                  2.2282339657850645E+001                  3.4269778120323622E+008                  1.6622811219430365E+000                  3.9537368379131271E-001                  6.2069294986029200E-001                  8.2300653219378483E-001                  8.5000496627254152E-001                  4.5270800961449619E+012                  4.6594749171629963E+009                  2.1066348460892186E+001                  3.9537574663834985E-001                  0.0000000000000000E+000                  1.2746130587095064E+004                  3.8869131068745752E+001                  1.9493102811500128E-010                  1.9493102811500128E-010                  5.1373196057263010E-034                  0.0000000000000000E+000                  7.7986210883597839E-012                  0.0000000000000000E+000                  5.6017725119873788E+001                  6.9999999999999996E-001                  2.9797635251139987E-005                  2.7997020236474884E-001                  4.1193902129486445E-003                  1.2067031330276047E-003                  1.1203876416666529E-002                  2.5129237964844936E-003                  9.5710644087274629E-004                  0.0000000000000000E+000                  0.0000000000000000E+000                  0.0000000000000000E+000                  0.0000000000000000E+000                  0.0000000000000000E+000                  0.0000000000000000E+000                  0.0000000000000000E+000                  0.0000000000000000E+000                  0.0000000000000000E+000                  0.0000000000000000E+000                 -6.0392856114395608E+000                 -9.8999999999999986E+001                  0.0000000000000000E+000                  0.0000000000000000E+000                 -9.8999999999999986E+001                 -9.8999999999999986E+001                  1.5391397008444629E+001                 -9.9000000000000000E+001                 -9.9000000000000000E+001                 -9.9000000000000000E+001 
                 2.4397607414112484E-005                  1.0555195514097768E-001                  7.0788385319357154E-004                  4.5336405529502139E+012                 -1.5343633152027101E+000                  6.0667233230040472E+000                  2.4837081598253259E+014                  2.2282349234856039E+001                  3.4269824570854133E+008                  1.6622804069948107E+000                  3.9537349088096169E-001                  6.2069285296135457E-001                  8.2300550203801204E-001                  8.5000496627254152E-001                  4.5289779866373633E+012                  4.6625663128508005E+009                  2.1054846702940001E+001                  3.9537571954904216E-001                  0.0000000000000000E+000                  1.3421063120705667E+004                  3.8857559426914626E+001                  1.9530473060101528E-010                  1.9530473060101528E-010                  5.1750355578702753E-034                  0.0000000000000000E+000                  7.8135718491803032E-012                  0.0000000000000000E+000                  5.6027042617405776E+001                  6.9999999999999996E-001                  2.9797635251139987E-005                  2.7997020236474884E-001                  4.1193902129486445E-003                  1.2067031330276047E-003                  1.1203876416666529E-002                  2.5129237964844936E-003                  9.5710644087274629E-004                  0.0000000000000000E+000                  0.0000000000000000E+000                  0.0000000000000000E+000                  0.0000000000000000E+000                  0.0000000000000000E+000                  0.0000000000000000E+000                  0.0000000000000000E+000                  0.0000000000000000E+000                  0.0000000000000000E+000                  0.0000000000000000E+000                 -6.0392842821787474E+000                 -9.8999999999999986E+001                  0.0000000000000000E+000                  0.0000000000000000E+000                 -9.8999999999999986E+001                 -9.8999999999999986E+001                  1.5413782670604807E+001                 -9.9000000000000000E+001                 -9.9000000000000000E+001                 -9.9000000000000000E+001 
                 1.7199137573923850E-005                  9.3937118268231867E-002                  4.9905928760289218E-004                  4.5350647246383535E+012                 -1.5342812630391585E+000                  6.0667772543680947E+000                  2.4840015007130978E+014                  2.2282356406727263E+001                  3.4269859359389001E+008                  1.6622798717955789E+000                  3.9537334646373390E-001                  6.2069278030274810E-001                  8.2300473971610399E-001                  8.5000496627254152E-001                  4.5303998417312559E+012                  4.6648829070979452E+009                  2.1048264660393134E+001                  3.9537575779915574E-001                  0.0000000000000000E+000                  1.3953212322612882E+004                  3.8848895048680227E+001                  1.9558506301619875E-010                  1.9558506301619872E-010                  5.2034621369423784E-034                  0.0000000000000000E+000                  7.8247871422394232E-012                  0.0000000000000000E+000                  5.6034021869401926E+001                  6.9999999999999996E-001                  2.9797635251139987E-005                  2.7997020236474884E-001                  4.1193902129486445E-003                  1.2067031330276047E-003                  1.1203876416666529E-002                  2.5129237964844936E-003                  9.5710644087274629E-004                  0.0000000000000000E+000                  0.0000000000000000E+000                  0.0000000000000000E+000                  0.0000000000000000E+000                  0.0000000000000000E+000                  0.0000000000000000E+000                  0.0000000000000000E+000                  0.0000000000000000E+000                  0.0000000000000000E+000                  0.0000000000000000E+000                 -6.0392832915941845E+000                 -9.8999999999999986E+001                  0.0000000000000000E+000                  0.0000000000000000E+000                 -9.8999999999999986E+001                 -9.8999999999999986E+001                  1.5430656869203913E+001                 -9.9000000000000000E+001                 -9.9000000000000000E+001                 -9.9000000000000000E+001 
                 1.0000667733735217E-005                  7.8401881846365332E-002                  2.9020870887287481E-004                  4.5365107460320986E+012                 -1.5341979774724148E+000                  6.0668319948930103E+000                  2.4842992808738853E+014                  2.2282363657497193E+001                  3.4269894667243230E+008                  1.6622793288394699E+000                  3.9537319994634468E-001                  6.2069270647887509E-001                  8.2300397378280454E-001                  8.5000496627254152E-001                  4.5318435105966260E+012                  4.6672354354726391E+009                  2.1040626577560793E+001                  3.9537589852178018E-001                  0.0000000000000000E+000                  1.4820304363654192E+004                  3.8840102885577103E+001                  1.9587000297754083E-010                  1.9587000297754086E-010                  5.2324737573694712E-034                  0.0000000000000000E+000                  7.8361867699785925E-012                  0.0000000000000000E+000                  5.6041106774670894E+001                  6.9999999999999996E-001                  2.9797635251139987E-005                  2.7997020236474884E-001                  4.1193902129486445E-003                  1.2067031330276047E-003                  1.1203876416666529E-002                  2.5129237964844936E-003                  9.5710644087274629E-004                  0.0000000000000000E+000                  0.0000000000000000E+000                  0.0000000000000000E+000                  0.0000000000000000E+000                  0.0000000000000000E+000                  0.0000000000000000E+000                  0.0000000000000000E+000                  0.0000000000000000E+000                  0.0000000000000000E+000                  0.0000000000000000E+000                 -6.0392822735292953E+000                 -9.8999999999999986E+001                  0.0000000000000000E+000                  0.0000000000000000E+000                 -9.8999999999999986E+001                 -9.8999999999999986E+001                  1.5456824574716400E+001                 -9.9000000000000000E+001                 -9.9000000000000000E+001                 -9.9000000000000000E+001 
                 5.0003338655908526E-006                  6.2225366185703235E-002                  1.4511472516818980E-004                  4.5376310963588242E+012                 -1.5341334673556615E+000                  6.0668743945465131E+000                  2.4845299550047150E+014                  2.2282369257182417E+001                  3.4269922013631260E+008                  1.6622789084726450E+000                  3.9537308650513014E-001                  6.2069264924513567E-001                  8.2300338598060541E-001                  8.5000496627254152E-001                  4.5329620379408555E+012                  4.6690584179688692E+009                  2.1034107138840881E+001                  3.9537620209191060E-001                  0.0000000000000000E+000                  1.6007404753476550E+004                  3.8833294330703367E+001                  1.9609098317395520E-010                  1.9609098317395520E-010                  5.2550552197360937E-034                  0.0000000000000000E+000                  7.8450275516256792E-012                  0.0000000000000000E+000                  5.6046595099167405E+001                  6.9999999999999996E-001                  2.9797635251139987E-005                  2.7997020236474884E-001                  4.1193902129486445E-003                  1.2067031330276047E-003                  1.1203876416666529E-002                  2.5129237964844936E-003                  9.5710644087274629E-004                  0.0000000000000000E+000                  0.0000000000000000E+000                  0.0000000000000000E+000                  0.0000000000000000E+000                  0.0000000000000000E+000                  0.0000000000000000E+000                  0.0000000000000000E+000                  0.0000000000000000E+000                  0.0000000000000000E+000                  0.0000000000000000E+000                 -6.0392814782645301E+000                 -9.8999999999999986E+001                  0.0000000000000000E+000                  0.0000000000000000E+000                 -9.8999999999999986E+001                 -9.8999999999999986E+001                  1.5490275360989635E+001                 -9.9000000000000000E+001                 -9.9000000000000000E+001                 -9.9000000000000000E+001 
                 2.5001669315741818E-006                  4.9387181898409578E-002                  7.2560628507159684E-005                  4.5383369370899014E+012                 -1.5340928332976436E+000                  6.0669011019859926E+000                  2.4846752679837581E+014                  2.2282372780898296E+001                  3.4269939238703012E+008                  1.6622786437600230E+000                  3.9537301506716271E-001                  6.2069261316942403E-001                  8.2300301820671351E-001                  8.5000496627254152E-001                  4.5336667300141572E+012                  4.6702070757441177E+009                  2.1030001548168350E+001                  3.9537662909295362E-001                  0.0000000000000000E+000                  1.7289355213561030E+004                  3.8829006238442972E+001                  1.9623030229315551E-010                  1.9623030229315548E-010                  5.2693288505185335E-034                  0.0000000000000000E+000                  7.8506013086112123E-012                  0.0000000000000000E+000                  5.6050052487032588E+001                  6.9999999999999996E-001                  2.9797635251139987E-005                  2.7997020236474884E-001                  4.1193902129486445E-003                  1.2067031330276047E-003                  1.1203876416666529E-002                  2.5129237964844936E-003                  9.5710644087274629E-004                  0.0000000000000000E+000                  0.0000000000000000E+000                  0.0000000000000000E+000                  0.0000000000000000E+000                  0.0000000000000000E+000                  0.0000000000000000E+000                  0.0000000000000000E+000                  0.0000000000000000E+000                  0.0000000000000000E+000                  0.0000000000000000E+000                 -6.0392809766239157E+000                 -9.8999999999999986E+001                  0.0000000000000000E+000                  0.0000000000000000E+000                 -9.8999999999999986E+001                 -9.8999999999999986E+001                  1.5523725032365684E+001                 -9.9000000000000000E+001                 -9.9000000000000000E+001                 -9.9000000000000000E+001 
                 1.2500834645103355E-006                  3.9198070633438380E-002                  3.6281342325857149E-005                  4.5387816143708115E+012                 -1.5340672373500366E+000                  6.0669179255709205E+000                  2.4847668084473697E+014                  2.2282374999279138E+001                  3.4269950089007473E+008                  1.6622784770417263E+000                  3.9537297007414335E-001                  6.2069259043484548E-001                  8.2300278752443601E-001                  8.5000496627254152E-001                  4.5341106835860068E+012                  4.6709307848049498E+009                  2.1027415471044240E+001                  3.9537717308709108E-001                  0.0000000000000000E+000                  1.8673809786259622E+004                  3.8826305314074382E+001                  1.9631811168723965E-010                  1.9631811168723962E-010                  5.2783398597252294E-034                  0.0000000000000000E+000                  7.8541143097470933E-012                  0.0000000000000000E+000                  5.6052230498231154E+001                  6.9999999999999996E-001                  2.9797635251139987E-005                  2.7997020236474884E-001                  4.1193902129486445E-003                  1.2067031330276047E-003                  1.1203876416666529E-002                  2.5129237964844936E-003                  9.5710644087274629E-004                  0.0000000000000000E+000                  0.0000000000000000E+000                  0.0000000000000000E+000                  0.0000000000000000E+000                  0.0000000000000000E+000                  0.0000000000000000E+000                  0.0000000000000000E+000                  0.0000000000000000E+000                  0.0000000000000000E+000                  0.0000000000000000E+000                 -6.0392806604128850E+000                 -9.8999999999999986E+001                  0.0000000000000000E+000                  0.0000000000000000E+000                 -9.8999999999999986E+001                 -9.8999999999999986E+001                  1.5557174001468645E+001                 -9.9000000000000000E+001                 -9.9000000000000000E+001                 -9.9000000000000000E+001 
                 6.2504173081187909E-007                  3.1111248991713948E-002                  1.8140994355823293E-005                  4.5390617535986523E+012                 -1.5340511136791366E+000                  6.0669285233574861E+000                  2.4848244749821644E+014                  2.2282376396290601E+001                  3.4269956923960674E+008                  1.6622783720315275E+000                  3.9537294173426601E-001                  6.2069257610962969E-001                  8.2300264260159328E-001                  8.5000496627254152E-001                  4.5343903668656777E+012                  4.6713867329743395E+009                  2.1025785897459780E+001                  3.9537783656953884E-001                  0.0000000000000000E+000                  2.0169015977442607E+004                  3.8824603996255370E+001                  1.9637344557783654E-010                  1.9637344557783654E-010                  5.2840240702397002E-034                  0.0000000000000000E+000                  7.8563280594560921E-012                  0.0000000000000000E+000                  5.6053602563426956E+001                  6.9999999999999996E-001                  2.9797635251139987E-005                  2.7997020236474884E-001                  4.1193902129486445E-003                  1.2067031330276047E-003                  1.1203876416666529E-002                  2.5129237964844936E-003                  9.5710644087274629E-004                  0.0000000000000000E+000                  0.0000000000000000E+000                  0.0000000000000000E+000                  0.0000000000000000E+000                  0.0000000000000000E+000                  0.0000000000000000E+000                  0.0000000000000000E+000                  0.0000000000000000E+000                  0.0000000000000000E+000                  0.0000000000000000E+000                 -6.0392804611823898E+000                 -9.8999999999999986E+001                  0.0000000000000000E+000                  0.0000000000000000E+000                 -9.8999999999999986E+001                 -9.8999999999999986E+001                  1.5590622527591504E+001                 -9.9000000000000000E+001                 -9.9000000000000000E+001                 -9.9000000000000000E+001 
                 3.1252086396265078E-007                  2.4692875350532734E-002                  9.0705983472563783E-006                  4.5392382342362412E+012                 -1.5340409567145810E+000                  6.0669351993882721E+000                  2.4848608025166741E+014                  2.2282377276223261E+001                  3.4269961229597139E+008                  1.6622783058853356E+000                  3.9537292388278766E-001                  6.2069256708397158E-001                  8.2300255146429879E-001                  8.5000496627254152E-001                  4.5345665602577988E+012                  4.6716739784426861E+009                  2.1024758032445867E+001                  3.9537862874205582E-001                  0.0000000000000000E+000                  2.1783868457232926E+004                  3.8823532294017170E+001                  1.9640831068767109E-010                  1.9640831068767109E-010                  5.2876079325262630E-034                  0.0000000000000000E+000                  7.8577229121573625E-012                  0.0000000000000000E+000                  5.6054466916915061E+001                  6.9999999999999996E-001                  2.9797635251139987E-005                  2.7997020236474884E-001                  4.1193902129486445E-003                  1.2067031330276047E-003                  1.1203876416666529E-002                  2.5129237964844936E-003                  9.5710644087274629E-004                  0.0000000000000000E+000                  0.0000000000000000E+000                  0.0000000000000000E+000                  0.0000000000000000E+000                  0.0000000000000000E+000                  0.0000000000000000E+000                  0.0000000000000000E+000                  0.0000000000000000E+000                  0.0000000000000000E+000                  0.0000000000000000E+000                 -6.0392803356991234E+000                 -9.8999999999999986E+001                  0.0000000000000000E+000                  0.0000000000000000E+000                 -9.8999999999999986E+001                 -9.8999999999999986E+001                  1.5624070774163945E+001                 -9.9000000000000000E+001                 -9.9000000000000000E+001                 -9.9000000000000000E+001 
                 1.5626043037150333E-007                  1.9598679752514968E-002                  4.5353304064361779E-006                  4.5393494116222373E+012                 -1.5340345583579560E+000                  6.0669394049655887E+000                  2.4848836874070072E+014                  2.2282377830539591E+001                  3.4269963941939223E+008                  1.6622782642181451E+000                  3.9537291263763624E-001                  6.2069256139762230E-001                  8.2300249411458937E-001                  8.5000496627254152E-001                  4.5346775566839395E+012                  4.6718549382978020E+009                  2.1024107773045277E+001                  3.9537956430034871E-001                  0.0000000000000000E+000                  2.3527965074061867E+004                  3.8822857186779196E+001                  1.9643027709931858E-010                  1.9643027709931858E-010                  5.2898668308975585E-034                  0.0000000000000000E+000                  7.8586017250672899E-012                  0.0000000000000000E+000                  5.6055011431676903E+001                  6.9999999999999996E-001                  2.9797635251139987E-005                  2.7997020236474884E-001                  4.1193902129486445E-003                  1.2067031330276047E-003                  1.1203876416666529E-002                  2.5129237964844936E-003                  9.5710644087274629E-004                  0.0000000000000000E+000                  0.0000000000000000E+000                  0.0000000000000000E+000                  0.0000000000000000E+000                  0.0000000000000000E+000                  0.0000000000000000E+000                  0.0000000000000000E+000                  0.0000000000000000E+000                  0.0000000000000000E+000                  0.0000000000000000E+000                 -6.0392802566857728E+000                 -9.8999999999999986E+001                  0.0000000000000000E+000                  0.0000000000000000E+000                 -9.8999999999999986E+001                 -9.8999999999999986E+001                  1.5657518844250378E+001                 -9.9000000000000000E+001                 -9.9000000000000000E+001                 -9.9000000000000000E+001 
                 7.8130213797974047E-008                  1.5555450254913124E-002                  2.2676744145735223E-006                  4.5394427955439131E+012                 -1.5340291841710343E+000                  6.0669429373972132E+000                  2.4849029095146084E+014                  2.2282378296218411E+001                  3.4269966220150590E+008                  1.6622782292210825E+000                  3.9537290319259533E-001                  6.2069255662105249E-001                  8.2300244598228134E-001                  8.5000496627254152E-001                  4.5347707886048203E+012                  4.6720069390925016E+009                  2.1023692578850344E+001                  3.9538066287975415E-001                  0.0000000000000000E+000                  2.5411666010851037E+004                  3.8822290144049603E+001                  1.9644872938814265E-010                  1.9644872938814263E-010                  5.2917649089790992E-034                  0.0000000000000000E+000                  7.8593399480369028E-012                  0.0000000000000000E+000                  5.6055468802104741E+001                  6.9999999999999996E-001                  2.9797635251139987E-005                  2.7997020236474884E-001                  4.1193902129486445E-003                  1.2067031330276047E-003                  1.1203876416666529E-002                  2.5129237964844936E-003                  9.5710644087274629E-004                  0.0000000000000000E+000                  0.0000000000000000E+000                  0.0000000000000000E+000                  0.0000000000000000E+000                  0.0000000000000000E+000                  0.0000000000000000E+000                  0.0000000000000000E+000                  0.0000000000000000E+000                  0.0000000000000000E+000                  0.0000000000000000E+000                 -6.0392801903917315E+000                 -9.8999999999999986E+001                  0.0000000000000000E+000                  0.0000000000000000E+000                 -9.8999999999999986E+001                 -9.8999999999999986E+001                  1.5690966802963466E+001                 -9.9000000000000000E+001                 -9.9000000000000000E+001                 -9.9000000000000000E+001 
