                                       1                                        2                                        3                                        4                                        5                                        6                                        7                                        8                                        9                                       10                                       11                                       12                                       13                                       14                                       15                                       16                                       17                                       18                                       19                                       20                                       21                                       22                                       23                                       24                                       25                                       26                                       27                                       28                                       29                                       30                                       31                                       32                                       33                                       34                                       35                                       36                                       37                                       38                                       39                                       40                                       41                                       42                                       43                                       44                                       45                                       46                                       47                                       48                                       49                                       50                                       51                                       52 
                            model_number                                num_zones                             initial_mass                                initial_z                                 star_age                                time_step                                     Teff                            photosphere_L                            photosphere_r                               center_eta                                center_h1                               center_he3                               center_he4                               center_c12                               center_n14                               center_o16                              center_ne20                                star_mass                                star_mdot                             star_mass_h1                            star_mass_he3                            star_mass_he4                            star_mass_c12                            star_mass_n14                            star_mass_o16                           star_mass_ne20                             he_core_mass                              c_core_mass                              o_core_mass                             si_core_mass                             fe_core_mass                   neutron_rich_core_mass                               tau10_mass                             tau10_radius                              tau100_mass                            tau100_radius                             dynamic_time                             kh_timescale                            nuc_timescale                           power_nuc_burn                             power_h_burn                            power_he_burn                                power_neu                                burn_min1                                burn_min2                             time_seconds                           version_number                                 compiler                                    build                         MESA_SDK_version                             math_backend                                     date 
                                      62                                      375                  1.0000000000000000E+000                  2.0000000000000000E-002                  4.0569710334280007E+000                  6.7617017223800002E-001                  3.8290536519156803E+003                  1.6150788642435487E+002                  2.8918302747421635E+001                 -8.0436213576779689E+000                  6.9999999999999984E-001                  2.9797635251138618E-005                  2.7997020236474890E-001                  4.1193902129486454E-003                  1.2067031330276047E-003                  1.1203876416666531E-002                  2.5129237964844936E-003                  9.9999999923939287E-001                 -1.8693420063280386E-010                  6.9999999946757485E-001                  2.9797635228474293E-005                  2.7997020215180135E-001                  4.1193902098154078E-003                  1.2067031321097777E-003                  1.1203876408144776E-002                  2.5129237945731454E-003                  0.0000000000000000E+000                  0.0000000000000000E+000                  0.0000000000000000E+000                  0.0000000000000000E+000                  0.0000000000000000E+000                  0.0000000000000000E+000                  9.9999508213451038E-001                  2.8754391313478788E+001                  9.9999319105273121E-001                  2.8703059126427060E+001                  1.5570149113220831E+006                  5.0258902938068504E+003                  6.1916481069657296E+007                  1.3444616687389389E-021                  1.3444616687389389E-021                  0.0000000000000000E+000                  5.3787382764722937E-023                  5.0000000000000000E+001                  1.0000000000000000E+003                  1.2803050035366432E+008                                  "12778"                               "gfortran"                                  "9.2.0"                    "x86_64-linux-20.3.2"                                 "CRMATH"                               "20260329" 

                                       1                                        2                                        3                                        4                                        5                                        6                                        7                                        8                                        9                                       10                                       11                                       12                                       13                                       14                                       15                                       16                                       17                                       18                                       19                                       20                                       21                                       22                                       23                                       24                                       25                                       26                                       27                                       28                                       29                                       30                                       31                                       32                                       33                                       34                                       35                                       36                                       37                                       38                                       39                                       40                                       41                                       42                                       43                                       44                                       45                                       46                                       47                                       48                                       49                                       50                                       51                                       52                                       53                                       54                                       55                                       56 
                                    mass                                   radius                               luminosity                                 pressure                                   logRho                                     logT                                   energy                                  entropy                                       cp                                   gamma1                                    grada                                       mu                                   free_e                                       ye                                     pgas                                     prad                                    gradr                                    gradT                                 velocity                                 conv_vel                                  opacity                                  eps_nuc                                       pp                                      cno                                 tri_alfa                        eps_nuc_neu_total                              non_nuc_neu                                 eps_grav                                       h1                                      he3                                      he4                                      c12                                      n14                                      o16                                     ne20                                     mg24                                     si28                                      s32                                     ar36                                     ca40                                     ti44                                     cr48                                     fe52                                     fe54                                     fe56                                     ni56                                      eta                                log_omega                                    v_rot                                    j_rot                           dynamo_log_B_r                         dynamo_log_B_phi                               log_D_conv                               log_D_semi                                log_D_ovr                               log_D_thrm 
                 9.9999999923939287E-001                  2.8918302747421635E+001                  1.6150788642435487E+002                  2.5023344195030995E+003                 -7.9904619771811420E+000                  3.5830914655301513E+000                  1.8663931928005156E+012                  2.0460849524075485E+001                  1.7985092728528947E+008                  1.5862528370521249E+000                  3.6327609960909985E-001                  1.2935057756329338E+000                  3.0403319022691321E-003                  8.5000496627254152E-001                  2.5017922968042963E+003                  5.4212269880306130E-001                  1.2501355788726501E-001                  1.2501355788726501E-001                  0.0000000000000000E+000                  0.0000000000000000E+000                  8.7328158490817074E-003                  1.4991684859134451E-027                  1.4991684859134449E-027                  0.0000000000000000E+000                  0.0000000000000000E+000                  5.9976659864391609E-029                  0.0000000000000000E+000                  6.7862171014697048E-001                  6.9999999999999996E-001                  2.9797635251138645E-005                  2.7997020236474890E-001                  4.1193902129486454E-003                  1.2067031330276047E-003                  1.1203876416666522E-002                  2.5129237964844914E-003                  9.5710644087274672E-004                  0.0000000000000000E+000                  0.0000000000000000E+000                  0.0000000000000000E+000                  0.0000000000000000E+000                  0.0000000000000000E+000                  0.0000000000000000E+000                  0.0000000000000000E+000                  0.0000000000000000E+000                  0.0000000000000000E+000                  0.0000000000000000E+000                 -1.7934396951342915E+001                 -9.8999999999999986E+001                  0.0000000000000000E+000                  0.0000000000000000E+000                 -9.8999999999999986E+001                 -9.8999999999999986E+001                 -9.9000000000000000E+001                 -9.9000000000000000E+001                 -9.9000000000000000E+001                 -9.9000000000000000E+001 
                 9.9999999923839300E-001                  2.8918302692493452E+001                  1.6150788642435452E+002                  2.5023366608613096E+003                 -7.9904616372293908E+000                  3.5830915141605089E+000                  1.8663932374573828E+012                  2.0460849064822479E+001                  1.7985090928382233E+008                  1.5862529024341274E+000                  3.6327613011505638E-001                  1.2935057742588336E+000                  3.0403319022692912E-003                  8.5000496627254152E-001                  2.5017945379196885E+003                  5.4212294162103558E-001                  1.2501362523655660E-001                  1.2501362523655660E-001                  0.0000000000000000E+000                  0.0000000000000000E+000                  8.7328284048389659E-003                  1.4991696595292646E-027                  1.4991696595292646E-027                  0.0000000000000000E+000                  0.0000000000000000E+000                  5.9976706816790539E-029                  0.0000000000000000E+000                  6.7862973365121815E-001                  6.9999999999999996E-001                  2.9797635251138645E-005                  2.7997020236474890E-001                  4.1193902129486454E-003                  1.2067031330276045E-003                  1.1203876416666522E-002                  2.5129237964844914E-003                  9.5710644087274672E-004                  0.0000000000000000E+000                  0.0000000000000000E+000                  0.0000000000000000E+000                  0.0000000000000000E+000                  0.0000000000000000E+000                  0.0000000000000000E+000                  0.0000000000000000E+000                  0.0000000000000000E+000                  0.0000000000000000E+000                  0.0000000000000000E+000                 -1.7934396336538466E+001                 -9.8999999999999986E+001                  0.0000000000000000E+000                  0.0000000000000000E+000                 -9.8999999999999986E+001                 -9.8999999999999986E+001                 -9.9000000000000000E+001                 -9.9000000000000000E+001                 -9.9000000000000000E+001                 -9.9000000000000000E+001 
                 9.9999999923589289E-001                  2.8918302555173341E+001                  1.6150788642435367E+002                  2.5023398628016821E+003                 -7.9904611515847268E+000                  3.5830915836325490E+000                  1.8663933012530273E+012                  2.0460848408747918E+001                  1.7985088356735584E+008                  1.5862529958373115E+000                  3.6327617369514592E-001                  1.2935057722958261E+000                  3.0403319022695181E-003                  8.5000496627254152E-001                  2.5017977395131775E+003                  5.4212328850454738E-001                  1.2501396198303261E-001                  1.2501396198303261E-001                  0.0000000000000000E+000                  0.0000000000000000E+000                  8.7328463416739555E-003                  1.4991713361224865E-027                  1.4991713361224863E-027                  0.0000000000000000E+000                  0.0000000000000000E+000                  5.9976773891613922E-029                  0.0000000000000000E+000                  6.7864318201958962E-001                  6.9999999999999996E-001                  2.9797635251138645E-005                  2.7997020236474890E-001                  4.1193902129486454E-003                  1.2067031330276045E-003                  1.1203876416666522E-002                  2.5129237964844914E-003                  9.5710644087274672E-004                  0.0000000000000000E+000                  0.0000000000000000E+000                  0.0000000000000000E+000                  0.0000000000000000E+000                  0.0000000000000000E+000                  0.0000000000000000E+000                  0.0000000000000000E+000                  0.0000000000000000E+000                  0.0000000000000000E+000                  0.0000000000000000E+000                 -1.7934395458248339E+001                 -9.8999999999999986E+001                  0.0000000000000000E+000                  0.0000000000000000E+000                 -9.8999999999999986E+001                 -9.8999999999999986E+001                 -9.9000000000000000E+001                 -9.9000000000000000E+001                 -9.9000000000000000E+001                 -9.9000000000000000E+001 
                 9.9999999923339300E-001                  2.8918302417853333E+001                  1.6150788642435276E+002                  2.5023446657123259E+003                 -7.9904604231191989E+000                  3.5830916878407546E+000                  1.8663933969466345E+012                  2.0460847424639386E+001                  1.7985084499252087E+008                  1.5862531359426308E+000                  3.6327623906552636E-001                  1.2935057693513052E+000                  3.0403319022698667E-003                  8.5000496627254152E-001                  2.5018025419034948E+003                  5.4212380883095690E-001                  1.2501429873020029E-001                  1.2501429873020029E-001                  0.0000000000000000E+000                  0.0000000000000000E+000                  8.7328732469996537E-003                  1.4991738510107669E-027                  1.4991738510107667E-027                  0.0000000000000000E+000                  0.0000000000000000E+000                  5.9976874503786879E-029                  0.0000000000000000E+000                  6.7866115415261274E-001                  6.9999999999999996E-001                  2.9797635251138645E-005                  2.7997020236474890E-001                  4.1193902129486454E-003                  1.2067031330276045E-003                  1.1203876416666522E-002                  2.5129237964844914E-003                  9.5710644087274672E-004                  0.0000000000000000E+000                  0.0000000000000000E+000                  0.0000000000000000E+000                  0.0000000000000000E+000                  0.0000000000000000E+000                  0.0000000000000000E+000                  0.0000000000000000E+000                  0.0000000000000000E+000                  0.0000000000000000E+000                  0.0000000000000000E+000                 -1.7934394140817034E+001                 -9.8999999999999986E+001                  0.0000000000000000E+000                  0.0000000000000000E+000                 -9.8999999999999986E+001                 -9.8999999999999986E+001                 -9.9000000000000000E+001                 -9.9000000000000000E+001                 -9.9000000000000000E+001                 -9.9000000000000000E+001 
                 9.9999999922839289E-001                  2.8918302143213737E+001                  1.6150788642435103E+002                  2.5023558725042612E+003                 -7.9904587233731421E+000                  3.5830919309939122E+000                  1.8663936202325300E+012                  2.0460845128400578E+001                  1.7985075498395565E+008                  1.5862534628574383E+000                  3.6327639159755576E-001                  1.2935057624807096E+000                  3.0403319022706738E-003                  8.5000496627254152E-001                  2.5018137474813302E+003                  5.4212502293124321E-001                  1.2501497222682187E-001                  1.2501497222682187E-001                  0.0000000000000000E+000                  0.0000000000000000E+000                  8.7329360264347469E-003                  1.4991797190762144E-027                  1.4991797190762142E-027                  0.0000000000000000E+000                  0.0000000000000000E+000                  5.9977109265235438E-029                  0.0000000000000000E+000                  6.7870162209594831E-001                  6.9999999999999996E-001                  2.9797635251138642E-005                  2.7997020236474890E-001                  4.1193902129486454E-003                  1.2067031330276045E-003                  1.1203876416666522E-002                  2.5129237964844914E-003                  9.5710644087274672E-004                  0.0000000000000000E+000                  0.0000000000000000E+000                  0.0000000000000000E+000                  0.0000000000000000E+000                  0.0000000000000000E+000                  0.0000000000000000E+000                  0.0000000000000000E+000                  0.0000000000000000E+000                  0.0000000000000000E+000                  0.0000000000000000E+000                 -1.7934391066828749E+001                 -9.8999999999999986E+001                  0.0000000000000000E+000                  0.0000000000000000E+000                 -9.8999999999999986E+001                 -9.8999999999999986E+001                 -9.9000000000000000E+001                 -9.9000000000000000E+001                 -9.9000000000000000E+001                 -9.9000000000000000E+001 
                 9.9999999921589300E-001                  2.8918301456617325E+001                  1.6150788642434662E+002                  2.5023718822085398E+003                 -7.9904562951819313E+000                  3.5830922783580963E+000                  1.8663939392151572E+012                  2.0460841848098472E+001                  1.7985062639814806E+008                  1.5862539298868268E+000                  3.6327660950428919E-001                  1.2935057526654044E+000                  3.0403319022718218E-003                  8.5000496627254152E-001                  2.5018297554511623E+003                  5.4212675737757154E-001                  1.2501665597994852E-001                  1.2501665597994852E-001                  0.0000000000000000E+000                  0.0000000000000000E+000                  8.7330257123155956E-003                  1.4991881020064804E-027                  1.4991881020064804E-027                  0.0000000000000000E+000                  0.0000000000000000E+000                  5.9977444637918331E-029                  0.0000000000000000E+000                  6.7876886131435243E-001                  6.9999999999999996E-001                  2.9797635251138648E-005                  2.7997020236474890E-001                  4.1193902129486454E-003                  1.2067031330276045E-003                  1.1203876416666522E-002                  2.5129237964844914E-003                  9.5710644087274672E-004                  0.0000000000000000E+000                  0.0000000000000000E+000                  0.0000000000000000E+000                  0.0000000000000000E+000                  0.0000000000000000E+000                  0.0000000000000000E+000                  0.0000000000000000E+000                  0.0000000000000000E+000                  0.0000000000000000E+000                  0.0000000000000000E+000                 -1.7934386675465809E+001                 -9.8999999999999986E+001                  0.0000000000000000E+000                  0.0000000000000000E+000                 -9.8999999999999986E+001                 -9.8999999999999986E+001                 -9.9000000000000000E+001                 -9.9000000000000000E+001                 -9.9000000000000000E+001                 -9.9000000000000000E+001 
                 9.9999999920339289E-001                  2.8918300770024832E+001                  1.6150788642434225E+002                  2.5023958967672565E+003                 -7.9904526529317721E+000                  3.5830927994080013E+000                  1.8663944176932651E+012                  2.0460836927722294E+001                  1.7985043351611441E+008                  1.5862546304439884E+000                  3.6327693637049591E-001                  1.2935057379421966E+000                  3.0403319022735500E-003                  8.5000496627254152E-001                  2.5018537674081808E+003                  5.4212935907559034E-001                  1.2501833975036328E-001                  1.2501833975036328E-001                  0.0000000000000000E+000                  0.0000000000000000E+000                  8.7331602429671570E-003                  1.4992006763632180E-027                  1.4992006763632182E-027                  0.0000000000000000E+000                  0.0000000000000000E+000                  5.9977947695395969E-029                  0.0000000000000000E+000                  6.7885873471932445E-001                  6.9999999999999996E-001                  2.9797635251138642E-005                  2.7997020236474890E-001                  4.1193902129486454E-003                  1.2067031330276045E-003                  1.1203876416666524E-002                  2.5129237964844919E-003                  9.5710644087274672E-004                  0.0000000000000000E+000                  0.0000000000000000E+000                  0.0000000000000000E+000                  0.0000000000000000E+000                  0.0000000000000000E+000                  0.0000000000000000E+000                  0.0000000000000000E+000                  0.0000000000000000E+000                  0.0000000000000000E+000                  0.0000000000000000E+000                 -1.7934380088518342E+001                 -9.8999999999999986E+001                  0.0000000000000000E+000                  0.0000000000000000E+000                 -9.8999999999999986E+001                 -9.8999999999999986E+001                 -9.9000000000000000E+001                 -9.9000000000000000E+001                 -9.9000000000000000E+001                 -9.9000000000000000E+001 
                 9.9999999917839288E-001                  2.8918299396851300E+001                  1.6150788642433346E+002                  2.5024439258937946E+003                 -7.9904453685649699E+000                  3.5830938415225377E+000                  1.8663953746662000E+012                  2.0460827087255169E+001                  1.7985004773889402E+008                  1.5862560316096890E+000                  3.6327759012688582E-001                  1.2935057084947776E+000                  3.0403319022769982E-003                  8.5000496627254152E-001                  2.5019017913312118E+003                  5.4213456258261783E-001                  1.2502170734614593E-001                  1.2502170734614593E-001                  0.0000000000000000E+000                  0.0000000000000000E+000                  8.7334293111295570E-003                  1.4992258249321570E-027                  1.4992258249321570E-027                  0.0000000000000000E+000                  0.0000000000000000E+000                  5.9978953804568846E-029                  0.0000000000000000E+000                  6.7903849190040000E-001                  6.9999999999999996E-001                  2.9797635251138642E-005                  2.7997020236474884E-001                  4.1193902129486445E-003                  1.2067031330276045E-003                  1.1203876416666524E-002                  2.5129237964844914E-003                  9.5710644087274672E-004                  0.0000000000000000E+000                  0.0000000000000000E+000                  0.0000000000000000E+000                  0.0000000000000000E+000                  0.0000000000000000E+000                  0.0000000000000000E+000                  0.0000000000000000E+000                  0.0000000000000000E+000                  0.0000000000000000E+000                  0.0000000000000000E+000                 -1.7934366914981709E+001                 -9.8999999999999986E+001                  0.0000000000000000E+000                  0.0000000000000000E+000                 -9.8999999999999986E+001                 -9.8999999999999986E+001                 -9.9000000000000000E+001                 -9.9000000000000000E+001                 -9.9000000000000000E+001                 -9.9000000000000000E+001 
                 9.9999999912839288E-001                  2.8918296650549731E+001                  1.6150788642431587E+002                  2.5025159696109645E+003                 -7.9904344423562330E+000                  3.5830954047394585E+000                  1.8663968101757292E+012                  2.0460812327308115E+001                  1.7984946903422955E+008                  1.5862581335079882E+000                  3.6327857083145493E-001                  1.2935056643206229E+000                  3.0403319022821746E-003                  8.5000496627254185E-001                  2.5019738272428026E+003                  5.4214236816208128E-001                  1.2502844273987537E-001                  1.2502844273987537E-001                  0.0000000000000000E+000                  0.0000000000000000E+000                  8.7338329318705429E-003                  1.4992635473976737E-027                  1.4992635473976737E-027                  0.0000000000000000E+000                  0.0000000000000000E+000                  5.9980462952809887E-029                  0.0000000000000000E+000                  6.7932969284325639E-001                  7.0000000000000007E-001                  2.9797635251138645E-005                  2.7997020236474890E-001                  4.1193902129486445E-003                  1.2067031330276043E-003                  1.1203876416666524E-002                  2.5129237964844919E-003                  9.5710644087274672E-004                  0.0000000000000000E+000                  0.0000000000000000E+000                  0.0000000000000000E+000                  0.0000000000000000E+000                  0.0000000000000000E+000                  0.0000000000000000E+000                  0.0000000000000000E+000                  0.0000000000000000E+000                  0.0000000000000000E+000                  0.0000000000000000E+000                 -1.7934347155618834E+001                 -9.8999999999999986E+001                  0.0000000000000000E+000                  0.0000000000000000E+000                 -9.8999999999999986E+001                 -9.8999999999999986E+001                 -9.9000000000000000E+001                 -9.9000000000000000E+001                 -9.9000000000000000E+001                 -9.9000000000000000E+001 
                 9.9999999906589288E-001                  2.8918293217758336E+001                  1.6150788642429387E+002                  2.5025960182236063E+003                 -7.9904223026040100E+000                  3.5830971417097257E+000                  1.8663984052559500E+012                  2.0460795928423188E+001                  1.7984882597506002E+008                  1.5862604691588902E+000                  3.6327966060057676E-001                  1.2935056152340270E+000                  3.0403319022879322E-003                  8.5000496627254185E-001                  2.5020538671821337E+003                  5.4215104147243609E-001                  1.2503686235006858E-001                  1.2503686235006858E-001                  0.0000000000000000E+000                  0.0000000000000000E+000                  8.7342814252453337E-003                  1.4993054607052559E-027                  1.4993054607052559E-027                  0.0000000000000000E+000                  0.0000000000000000E+000                  5.9982139762465578E-029                  0.0000000000000000E+000                  6.7966438965822351E-001                  7.0000000000000007E-001                  2.9797635251138645E-005                  2.7997020236474890E-001                  4.1193902129486445E-003                  1.2067031330276043E-003                  1.1203876416666524E-002                  2.5129237964844919E-003                  9.5710644087274672E-004                  0.0000000000000000E+000                  0.0000000000000000E+000                  0.0000000000000000E+000                  0.0000000000000000E+000                  0.0000000000000000E+000                  0.0000000000000000E+000                  0.0000000000000000E+000                  0.0000000000000000E+000                  0.0000000000000000E+000                  0.0000000000000000E+000                 -1.7934325202091898E+001                 -9.8999999999999986E+001                  0.0000000000000000E+000                  0.0000000000000000E+000                 -9.8999999999999986E+001                 -9.8999999999999986E+001                 -9.9000000000000000E+001                 -9.9000000000000000E+001                 -9.9000000000000000E+001                 -9.9000000000000000E+001 
                 9.9999999900339287E-001                  2.8918289785062179E+001                  1.6150788642427187E+002                  2.5027160911995720E+003                 -7.9904040938920486E+000                  3.5830997472558668E+000                  1.8664007979806428E+012                  2.0460771332018961E+001                  1.7984786130326957E+008                  1.5862639729623933E+000                  3.6328129540678200E-001                  1.2935055415978849E+000                  3.0403319022965676E-003                  8.5000496627254174E-001                  2.5021739271474207E+003                  5.4216405215125163E-001                  1.2504528240351515E-001                  1.2504528240351515E-001                  0.0000000000000000E+000                  0.0000000000000000E+000                  8.7349542110721316E-003                  1.4993683296997147E-027                  1.4993683296997148E-027                  0.0000000000000000E+000                  0.0000000000000000E+000                  5.9984654938266113E-029                  0.0000000000000000E+000                  6.8011118879990473E-001                  7.0000000000000007E-001                  2.9797635251138642E-005                  2.7997020236474884E-001                  4.1193902129486436E-003                  1.2067031330276045E-003                  1.1203876416666522E-002                  2.5129237964844927E-003                  9.5710644087274662E-004                  0.0000000000000000E+000                  0.0000000000000000E+000                  0.0000000000000000E+000                  0.0000000000000000E+000                  0.0000000000000000E+000                  0.0000000000000000E+000                  0.0000000000000000E+000                  0.0000000000000000E+000                  0.0000000000000000E+000                  0.0000000000000000E+000                 -1.7934292274224926E+001                 -9.8999999999999986E+001                  0.0000000000000000E+000                  0.0000000000000000E+000                 -9.8999999999999986E+001                 -9.8999999999999986E+001                 -9.9000000000000000E+001                 -9.9000000000000000E+001                 -9.9000000000000000E+001                 -9.9000000000000000E+001 
                 9.9999999887839286E-001                  2.8918282919955359E+001                  1.6150788642422788E+002                  2.5029562373795102E+003                 -7.9903676798052032E+000                  3.5831049587163459E+000                  1.8664055838476553E+012                  2.0460722146337737E+001                  1.7984593163107330E+008                  1.5862709818533456E+000                  3.6328456561836570E-001                  1.2935053943005264E+000                  3.0403319023138446E-003                  8.5000496627254174E-001                  2.5024140473032257E+003                  5.4219007628427784E-001                  1.2506212388434323E-001                  1.2506212388434323E-001                  0.0000000000000000E+000                  0.0000000000000000E+000                  8.7362999542368678E-003                  1.4994940640747147E-027                  1.4994940640747147E-027                  0.0000000000000000E+000                  0.0000000000000000E+000                  5.9989685145286589E-029                  0.0000000000000000E+000                  6.8078645688401007E-001                  7.0000000000000007E-001                  2.9797635251138642E-005                  2.7997020236474884E-001                  4.1193902129486436E-003                  1.2067031330276045E-003                  1.1203876416666522E-002                  2.5129237964844936E-003                  9.5710644087274640E-004                  0.0000000000000000E+000                  0.0000000000000000E+000                  0.0000000000000000E+000                  0.0000000000000000E+000                  0.0000000000000000E+000                  0.0000000000000000E+000                  0.0000000000000000E+000                  0.0000000000000000E+000                  0.0000000000000000E+000                  0.0000000000000000E+000                 -1.7934226427446596E+001                 -9.8999999999999986E+001                  0.0000000000000000E+000                  0.0000000000000000E+000                 -9.8999999999999986E+001                 -9.8999999999999986E+001                 -9.9000000000000000E+001                 -9.9000000000000000E+001                 -9.9000000000000000E+001                 -9.9000000000000000E+001 
                 9.9999999862839295E-001                  2.8918269190882800E+001                  1.6150788642413974E+002                  2.5034365306513300E+003                 -7.9902948649773489E+000                  3.5831153831102531E+000                  1.8664151572522886E+012                  2.0460623803480370E+001                  1.7984207097287598E+008                  1.5862850047691470E+000                  3.6329110843728424E-001                  1.2935050996055508E+000                  3.0403319023484280E-003                  8.5000496627254174E-001                  2.5028942885156757E+003                  5.4224213565415280E-001                  1.2509581223171853E-001                  1.2509581223171853E-001                  0.0000000000000000E+000                  0.0000000000000000E+000                  8.7389921267091858E-003                  1.4997455183671609E-027                  1.4997455183671609E-027                  0.0000000000000000E+000                  0.0000000000000000E+000                  5.9999744980929695E-029                  0.0000000000000000E+000                  6.8212771807020900E-001                  7.0000000000000007E-001                  2.9797635251138638E-005                  2.7997020236474879E-001                  4.1193902129486419E-003                  1.2067031330276043E-003                  1.1203876416666524E-002                  2.5129237964844941E-003                  9.5710644087274618E-004                  0.0000000000000000E+000                  0.0000000000000000E+000                  0.0000000000000000E+000                  0.0000000000000000E+000                  0.0000000000000000E+000                  0.0000000000000000E+000                  0.0000000000000000E+000                  0.0000000000000000E+000                  0.0000000000000000E+000                  0.0000000000000000E+000                 -1.7934094769707240E+001                 -9.8999999999999986E+001                  0.0000000000000000E+000                  0.0000000000000000E+000                 -9.8999999999999986E+001                 -9.8999999999999986E+001                 -9.9000000000000000E+001                 -9.9000000000000000E+001                 -9.9000000000000000E+001                 -9.9000000000000000E+001 
                 9.9999999812839291E-001                  2.8918241737302157E+001                  1.6150788642396316E+002                  2.5045572192074164E+003                 -7.9901250320867971E+000                  3.5831397134740732E+000                  1.8664375029908479E+012                  2.0460394480329057E+001                  1.7983305658291301E+008                  1.5863177492968523E+000                  3.6330638638497192E-001                  1.2935044115182588E+000                  3.0403319024292714E-003                  8.5000496627254174E-001                  2.5040148555466008E+003                  5.4236366081562093E-001                  1.2516321135479261E-001                  1.2516321135479261E-001                  0.0000000000000000E+000                  0.0000000000000000E+000                  8.7452772812253911E-003                  1.5003321728204400E-027                  1.5003321728204398E-027                  0.0000000000000000E+000                  0.0000000000000000E+000                  6.0023215041121865E-029                  0.0000000000000000E+000                  6.8529597447964230E-001                  7.0000000000000007E-001                  2.9797635251138635E-005                  2.7997020236474884E-001                  4.1193902129486428E-003                  1.2067031330276047E-003                  1.1203876416666527E-002                  2.5129237964844954E-003                  9.5710644087274640E-004                  0.0000000000000000E+000                  0.0000000000000000E+000                  0.0000000000000000E+000                  0.0000000000000000E+000                  0.0000000000000000E+000                  0.0000000000000000E+000                  0.0000000000000000E+000                  0.0000000000000000E+000                  0.0000000000000000E+000                  0.0000000000000000E+000                 -1.7933787749163876E+001                 -9.8999999999999986E+001                  0.0000000000000000E+000                  0.0000000000000000E+000                 -9.8999999999999986E+001                 -9.8999999999999986E+001                 -9.9000000000000000E+001                 -9.9000000000000000E+001                 -9.9000000000000000E+001                 -9.9000000000000000E+001 
                 9.9999999687839303E-001                  2.8918173129956912E+001                  1.6150788642351961E+002                  2.5061582180501337E+003                 -7.9898825878175614E+000                  3.5831744964670520E+000                  1.8664694533444419E+012                  2.0460067267742804E+001                  1.7982015753687045E+008                  1.5863646090566261E+000                  3.6332825030689825E-001                  1.2935034268556476E+000                  3.0403319025451678E-003                  8.5000496627254152E-001                  2.5056156806081226E+003                  5.4253744201106535E-001                  1.2533182493717396E-001                  1.2533182493717396E-001                  0.0000000000000000E+000                  0.0000000000000000E+000                  8.7542658232286161E-003                  1.5011700467256861E-027                  1.5011700467256861E-027                  0.0000000000000000E+000                  0.0000000000000000E+000                  6.0056735541783968E-029                  0.0000000000000000E+000                  6.8979028029381295E-001                  6.9999999999999984E-001                  2.9797635251138604E-005                  2.7997020236474901E-001                  4.1193902129486436E-003                  1.2067031330276054E-003                  1.1203876416666533E-002                  2.5129237964844945E-003                  9.5710644087274586E-004                  0.0000000000000000E+000                  0.0000000000000000E+000                  0.0000000000000000E+000                  0.0000000000000000E+000                  0.0000000000000000E+000                  0.0000000000000000E+000                  0.0000000000000000E+000                  0.0000000000000000E+000                  0.0000000000000000E+000                  0.0000000000000000E+000                 -1.7933349636861269E+001                 -9.8999999999999986E+001                  0.0000000000000000E+000                  0.0000000000000000E+000                 -9.8999999999999986E+001                 -9.8999999999999986E+001                 -9.9000000000000000E+001                 -9.9000000000000000E+001                 -9.9000000000000000E+001                 -9.9000000000000000E+001 
                 9.9999999562839281E-001                  2.8918104560575557E+001                  1.6150788642307316E+002                  2.5085597390886014E+003                 -7.9895192870202800E+000                  3.5832267073050521E+000                  1.8665174206442788E+012                  2.0459577216446124E+001                  1.7980077600868124E+008                  1.5864350288251146E+000                  3.6336110682965833E-001                  1.2935019473799907E+000                  3.0403319027198111E-003                  8.5000496627254152E-001                  2.5080169406886685E+003                  5.4279839993288248E-001                  1.2550061152588698E-001                  1.2550061152588698E-001                  0.0000000000000000E+000                  0.0000000000000000E+000                  8.7677669778983679E-003                  1.5024264701274027E-027                  1.5024264701274025E-027                  0.0000000000000000E+000                  0.0000000000000000E+000                  6.0107000791967126E-029                  0.0000000000000000E+000                  6.9648386253278782E-001                  6.9999999999999996E-001                  2.9797635251138570E-005                  2.7997020236474884E-001                  4.1193902129486428E-003                  1.2067031330276056E-003                  1.1203876416666526E-002                  2.5129237964844932E-003                  9.5710644087274542E-004                  0.0000000000000000E+000                  0.0000000000000000E+000                  0.0000000000000000E+000                  0.0000000000000000E+000                  0.0000000000000000E+000                  0.0000000000000000E+000                  0.0000000000000000E+000                  0.0000000000000000E+000                  0.0000000000000000E+000                  0.0000000000000000E+000                 -1.7932693435790899E+001                 -9.8999999999999986E+001                  0.0000000000000000E+000                  0.0000000000000000E+000                 -9.8999999999999986E+001                 -9.8999999999999986E+001                 -9.9000000000000000E+001                 -9.9000000000000000E+001                 -9.9000000000000000E+001                 -9.9000000000000000E+001 
                 9.9999999312839283E-001                  2.8917967535511625E+001                  1.6150788642217159E+002                  2.5133628721892414E+003                 -7.9887940144432248E+000                  3.5833312766313692E+000                  1.8666135224602385E+012                  2.0458599954328879E+001                  1.7976188307001472E+008                  1.5865763774964194E+000                  3.6342705729006830E-001                  1.2934989785051150E+000                  3.0403319030721347E-003                  8.5000496627254174E-001                  2.5128195507579785E+003                  5.4332143126301047E-001                  1.2583873500998335E-001                  1.2583873500998335E-001                  0.0000000000000000E+000                  0.0000000000000000E+000                  8.7948381234011479E-003                  1.5049378668718386E-027                  1.5049378668718386E-027                  0.0000000000000000E+000                  0.0000000000000000E+000                  6.0207473280378091E-029                  0.0000000000000000E+000                  7.0987885964555864E-001                  7.0000000000000007E-001                  2.9797635251138591E-005                  2.7997020236474884E-001                  4.1193902129486462E-003                  1.2067031330276051E-003                  1.1203876416666514E-002                  2.5129237964844945E-003                  9.5710644087274542E-004                  0.0000000000000000E+000                  0.0000000000000000E+000                  0.0000000000000000E+000                  0.0000000000000000E+000                  0.0000000000000000E+000                  0.0000000000000000E+000                  0.0000000000000000E+000                  0.0000000000000000E+000                  0.0000000000000000E+000                  0.0000000000000000E+000                 -1.7931384603791944E+001                 -9.8999999999999986E+001                  0.0000000000000000E+000                  0.0000000000000000E+000                 -9.8999999999999986E+001                 -9.8999999999999986E+001                 -9.9000000000000000E+001                 -9.9000000000000000E+001                 -9.9000000000000000E+001                 -9.9000000000000000E+001 
                 9.9999998812839286E-001                  2.8917693938781230E+001                  1.6150788642033379E+002                  2.5210051690840014E+003                 -7.9876437799417399E+000                  3.5834981302149966E+000                  1.8667669577929758E+012                  2.0457053226007812E+001                  1.7969959723884758E+008                  1.5868028448348603E+000                  3.6353272256963493E-001                  1.2934942233489100E+000                  3.0403319036414510E-003                  8.5000496627254185E-001                  2.5204610120462476E+003                  5.4415703775364410E-001                  1.2651703236069348E-001                  1.2651703236069348E-001                  0.0000000000000000E+000                  0.0000000000000000E+000                  8.8381110970937801E-003                  1.5089293879564165E-027                  1.5089293879564164E-027                  0.0000000000000000E+000                  0.0000000000000000E+000                  6.0367160536802571E-029                  0.0000000000000000E+000                  7.3110155133729415E-001                  7.0000000000000018E-001                  2.9797635251138618E-005                  2.7997020236474873E-001                  4.1193902129486428E-003                  1.2067031330276045E-003                  1.1203876416666519E-002                  2.5129237964844945E-003                  9.5710644087274662E-004                  0.0000000000000000E+000                  0.0000000000000000E+000                  0.0000000000000000E+000                  0.0000000000000000E+000                  0.0000000000000000E+000                  0.0000000000000000E+000                  0.0000000000000000E+000                  0.0000000000000000E+000                  0.0000000000000000E+000                  0.0000000000000000E+000                 -1.7929312383102587E+001                 -9.8999999999999986E+001                  0.0000000000000000E+000                  0.0000000000000000E+000                 -9.8999999999999986E+001                 -9.8999999999999986E+001                 -9.9000000000000000E+001                 -9.9000000000000000E+001                 -9.9000000000000000E+001                 -9.9000000000000000E+001 
                 9.9999998119554467E-001                  2.8917315572746986E+001                  1.6150788641770939E+002                  2.5298858077841396E+003                 -7.9863129617603725E+000                  3.5836927875961795E+000                  1.8669461060322773E+012                  2.0455268655462810E+001                  1.7962657873785728E+008                  1.5870684965014079E+000                  3.6365667027968629E-001                  1.2934886475766358E+000                  3.0403319043169805E-003                  8.5000496627254152E-001                  2.5293406742735201E+003                  5.4513351061955573E-001                  1.2746189029178423E-001                  1.2746189029178423E-001                  0.0000000000000000E+000                  0.0000000000000000E+000                  8.8887114638587471E-003                  1.5135607796705114E-027                  1.5135607796705114E-027                  0.0000000000000000E+000                  0.0000000000000000E+000                  6.0552446852615462E-029                  0.0000000000000000E+000                  7.5535964111344411E-001                  6.9999999999999984E-001                  2.9797635251138652E-005                  2.7997020236474901E-001                  4.1193902129486462E-003                  1.2067031330276049E-003                  1.1203876416666524E-002                  2.5129237964844958E-003                  9.5710644087274694E-004                  0.0000000000000000E+000                  0.0000000000000000E+000                  0.0000000000000000E+000                  0.0000000000000000E+000                  0.0000000000000000E+000                  0.0000000000000000E+000                  0.0000000000000000E+000                  0.0000000000000000E+000                  0.0000000000000000E+000                  0.0000000000000000E+000                 -1.7926920384080447E+001                 -9.8999999999999986E+001                  0.0000000000000000E+000                  0.0000000000000000E+000                 -9.8999999999999986E+001                 -9.8999999999999986E+001                 -9.9000000000000000E+001                 -9.9000000000000000E+001                 -9.9000000000000000E+001                 -9.9000000000000000E+001 
                 9.9999997426269660E-001                  2.8916938354517455E+001                  1.6150788641499790E+002                  2.5423959692513467E+003                 -7.9844483850473669E+000                  3.5839680525068607E+000                  1.8671996696486863E+012                  2.0452776137164559E+001                  1.7952282136291423E+008                  1.5874462994643448E+000                  3.6383293860665017E-001                  1.2934807247873792E+000                  3.0403319052933566E-003                  8.5000496627254174E-001                  2.5418494519192732E+003                  5.4651733207377384E-001                  1.2841213907406968E-001                  1.2841213907406968E-001                  0.0000000000000000E+000                  0.0000000000000000E+000                  8.9605126267668523E-003                  1.5200736306427857E-027                  1.5200736306427856E-027                  0.0000000000000000E+000                  0.0000000000000000E+000                  6.0813003988911824E-029                  0.0000000000000000E+000                  7.8912637656584705E-001                  7.0000000000000007E-001                  2.9797635251138631E-005                  2.7997020236474879E-001                  4.1193902129486462E-003                  1.2067031330276060E-003                  1.1203876416666527E-002                  2.5129237964844962E-003                  9.5710644087274651E-004                  0.0000000000000000E+000                  0.0000000000000000E+000                  0.0000000000000000E+000                  0.0000000000000000E+000                  0.0000000000000000E+000                  0.0000000000000000E+000                  0.0000000000000000E+000                  0.0000000000000000E+000                  0.0000000000000000E+000                  0.0000000000000000E+000                 -1.7923577769286410E+001                 -9.8999999999999986E+001                  0.0000000000000000E+000                  0.0000000000000000E+000                 -9.8999999999999986E+001                 -9.8999999999999986E+001                 -9.9000000000000000E+001                 -9.9000000000000000E+001                 -9.9000000000000000E+001                 -9.9000000000000000E+001 
                 9.9999996166394856E-001                  2.8916255764835800E+001                  1.6150788640985013E+002                  2.5585367139141154E+003                 -7.9820608375956343E+000                  3.5843257700840425E+000                  1.8675296424204797E+012                  2.0449600767153388E+001                  1.7938691766128454E+008                  1.5879417063161112E+000                  3.6406406863552720E-001                  1.2934703418093967E+000                  3.0403319066010155E-003                  8.5000496627254185E-001                  2.5579883930015390E+003                  5.4832091257652860E-001                  1.3015233800795428E-001                  1.3015233800795428E-001                  0.0000000000000000E+000                  0.0000000000000000E+000                  9.0541786429414357E-003                  1.5284541220510633E-027                  1.5284541220510633E-027                  0.0000000000000000E+000                  0.0000000000000000E+000                  6.1148279101361504E-029                  0.0000000000000000E+000                  8.3175381743316712E-001                  7.0000000000000007E-001                  2.9797635251138625E-005                  2.7997020236474890E-001                  4.1193902129486488E-003                  1.2067031330276051E-003                  1.1203876416666527E-002                  2.5129237964844962E-003                  9.5710644087274651E-004                  0.0000000000000000E+000                  0.0000000000000000E+000                  0.0000000000000000E+000                  0.0000000000000000E+000                  0.0000000000000000E+000                  0.0000000000000000E+000                  0.0000000000000000E+000                  0.0000000000000000E+000                  0.0000000000000000E+000                  0.0000000000000000E+000                 -1.7919315751405982E+001                 -9.8999999999999986E+001                  0.0000000000000000E+000                  0.0000000000000000E+000                 -9.8999999999999986E+001                 -9.8999999999999986E+001                 -9.9000000000000000E+001                 -9.9000000000000000E+001                 -9.9000000000000000E+001                 -9.9000000000000000E+001 
                 9.9999994906520040E-001                  2.8915576885453174E+001                  1.6150788640442431E+002                  2.5828927965143935E+003                 -7.9784945471396114E+000                  3.5848692954307713E+000                  1.8680318129638411E+012                  2.0444885823322817E+001                  1.7917888751547813E+008                  1.5887013526776679E+000                  3.6441842721807566E-001                  1.2934544482575794E+000                  3.0403319086740985E-003                  8.5000496627254152E-001                  2.5823417237959270E+003                  5.5107271846630201E-001                  1.3191044073976302E-001                  1.3191044073976302E-001                  0.0000000000000000E+000                  0.0000000000000000E+000                  9.1974327637875091E-003                  1.5410582329844554E-027                  1.5410582329844556E-027                  0.0000000000000000E+000                  0.0000000000000000E+000                  6.1652526943719275E-029                  0.0000000000000000E+000                  8.9403727838383773E-001                  6.9999999999999984E-001                  2.9797635251138621E-005                  2.7997020236474901E-001                  4.1193902129486445E-003                  1.2067031330276060E-003                  1.1203876416666531E-002                  2.5129237964844949E-003                  9.5710644087274531E-004                  0.0000000000000000E+000                  0.0000000000000000E+000                  0.0000000000000000E+000                  0.0000000000000000E+000                  0.0000000000000000E+000                  0.0000000000000000E+000                  0.0000000000000000E+000                  0.0000000000000000E+000                  0.0000000000000000E+000                  0.0000000000000000E+000                 -1.7912981335018760E+001                 -9.8999999999999986E+001                  0.0000000000000000E+000                  0.0000000000000000E+000                 -9.8999999999999986E+001                 -9.8999999999999986E+001                 -9.9000000000000000E+001                 -9.9000000000000000E+001                 -9.9000000000000000E+001                 -9.9000000000000000E+001 
                 9.9999992364496681E-001                  2.8914218230817081E+001                  1.6150788639265693E+002                  2.6321900129461965E+003                 -7.9714097318328907E+000                  3.5859850514001494E+000                  1.8690656708658252E+012                  2.0435628849451078E+001                  1.7874654438064051E+008                  1.5902853682290892E+000                  3.6515708543076220E-001                  1.2934213918343911E+000                  3.0403319132806107E-003                  8.5000496627254174E-001                  2.6316332479349030E+003                  5.5676501129331413E-001                  1.3551520665224531E-001                  1.3551520665224531E-001                  0.0000000000000000E+000                  0.0000000000000000E+000                  9.4947918356971563E-003                  1.5664068330112743E-027                  1.5664068330112743E-027                  0.0000000000000000E+000                  0.0000000000000000E+000                  6.2666638683759059E-029                  0.0000000000000000E+000                  1.0141430128509146E+000                  6.9999999999999984E-001                  2.9797635251138618E-005                  2.7997020236474907E-001                  4.1193902129486471E-003                  1.2067031330276051E-003                  1.1203876416666536E-002                  2.5129237964844936E-003                  9.5710644087274651E-004                  0.0000000000000000E+000                  0.0000000000000000E+000                  0.0000000000000000E+000                  0.0000000000000000E+000                  0.0000000000000000E+000                  0.0000000000000000E+000                  0.0000000000000000E+000                  0.0000000000000000E+000                  0.0000000000000000E+000                  0.0000000000000000E+000                 -1.7900521631065669E+001                 -9.8999999999999986E+001                  0.0000000000000000E+000                  0.0000000000000000E+000                 -9.8999999999999986E+001                 -9.8999999999999986E+001                 -9.9000000000000000E+001                 -9.9000000000000000E+001                 -9.9000000000000000E+001                 -9.9000000000000000E+001 
                 9.9999987212845265E-001                  2.8911508960782545E+001                  1.6150788636560557E+002                  2.7330238778039861E+003                 -7.9574541263048388E+000                  3.5883333244872695E+000                  1.8712532252109644E+012                  2.0417848922776063E+001                  1.7782254907259575E+008                  1.5936963042629451E+000                  3.6674597169398671E-001                  1.2933505133357734E+000                  3.0403319247142282E-003                  8.5000496627254174E-001                  2.7324549396916464E+003                  5.6893811233985947E-001                  1.4305195959533029E-001                  1.4305195959533029E-001                  0.0000000000000000E+000                  0.0000000000000000E+000                  1.0134296646669904E-002                  1.6175643893672602E-027                  1.6175643893672602E-027                  0.0000000000000000E+000                  0.0000000000000000E+000                  6.4713279462243394E-029                  0.0000000000000000E+000                  1.2350314288722071E+000                  7.0000000000000007E-001                  2.9797635251138638E-005                  2.7997020236474879E-001                  4.1193902129486454E-003                  1.2067031330276043E-003                  1.1203876416666526E-002                  2.5129237964844919E-003                  9.5710644087274683E-004                  0.0000000000000000E+000                  0.0000000000000000E+000                  0.0000000000000000E+000                  0.0000000000000000E+000                  0.0000000000000000E+000                  0.0000000000000000E+000                  0.0000000000000000E+000                  0.0000000000000000E+000                  0.0000000000000000E+000                  0.0000000000000000E+000                 -1.7876498312421013E+001                 -9.8999999999999986E+001                  0.0000000000000000E+000                  0.0000000000000000E+000                 -9.8999999999999986E+001                 -9.8999999999999986E+001                 -9.9000000000000000E+001                 -9.9000000000000000E+001                 -9.9000000000000000E+001                 -9.9000000000000000E+001 
                 9.9999976633541976E-001                  2.8906119703210088E+001                  1.6150788629795386E+002                  2.9439903061654441E+003                 -7.9304176860528104E+000                  3.5935389681760275E+000                  1.8761465344442048E+012                  2.0385345754709956E+001                  1.7579140975917780E+008                  1.6013312025134812E+000                  3.7028993260539833E-001                  1.2931918565271923E+000                  3.0403319603755372E-003                  8.5000496627254185E-001                  2.9433934253748062E+003                  5.9688079063794997E-001                  1.5947639079085704E-001                  1.5947639079085704E-001                  0.0000000000000000E+000                  0.0000000000000000E+000                  1.1607103968940593E-002                  1.7214753179793640E-027                  1.7214753179793640E-027                  0.0000000000000000E+000                  0.0000000000000000E+000                  6.8870404215193595E-029                  0.0000000000000000E+000                  1.6076472502183465E+000                  7.0000000000000018E-001                  2.9797635251138577E-005                  2.7997020236474868E-001                  4.1193902129486410E-003                  1.2067031330276028E-003                  1.1203876416666517E-002                  2.5129237964844919E-003                  9.5710644087274510E-004                  0.0000000000000000E+000                  0.0000000000000000E+000                  0.0000000000000000E+000                  0.0000000000000000E+000                  0.0000000000000000E+000                  0.0000000000000000E+000                  0.0000000000000000E+000                  0.0000000000000000E+000                  0.0000000000000000E+000                  0.0000000000000000E+000                 -1.7832224266773963E+001                 -9.8999999999999986E+001                  0.0000000000000000E+000                  0.0000000000000000E+000                 -9.8999999999999986E+001                 -9.8999999999999986E+001                 -9.9000000000000000E+001                 -9.9000000000000000E+001                 -9.9000000000000000E+001                 -9.9000000000000000E+001 
                 9.9999954324788431E-001                  2.8895435251470527E+001                  1.6150788611225477E+002                  3.1628338087840393E+003                 -7.9054214180074425E+000                  3.5996223174755446E+000                  1.8819316167718796E+012                  2.0359017145707035E+001                  1.7360159039975002E+008                  1.6098004535466517E+000                  3.7419332281748491E-001                  1.2930079063271922E+000                  3.0403320253567755E-003                  8.5000496627254185E-001                  3.1622025302825587E+003                  6.3127850148049347E-001                  1.9717696577153859E-001                  1.9717696577153859E-001                  0.0000000000000000E+000                  0.0000000000000000E+000                  1.3355566509860306E-002                  1.8234746035347857E-027                  1.8234746035347857E-027                  0.0000000000000000E+000                  0.0000000000000000E+000                  7.2951050595990570E-029                  0.0000000000000000E+000                  1.8514313974814862E+000                  7.0000000000000029E-001                  2.9797635251138577E-005                  2.7997020236474868E-001                  4.1193902129486462E-003                  1.2067031330276043E-003                  1.1203876416666529E-002                  2.5129237964844941E-003                  9.5710644087274564E-004                  0.0000000000000000E+000                  0.0000000000000000E+000                  0.0000000000000000E+000                  0.0000000000000000E+000                  0.0000000000000000E+000                  0.0000000000000000E+000                  0.0000000000000000E+000                  0.0000000000000000E+000                  0.0000000000000000E+000                  0.0000000000000000E+000                 -1.7795679372712502E+001                 -9.8999999999999986E+001                  0.0000000000000000E+000                  0.0000000000000000E+000                 -9.8999999999999986E+001                 -9.8999999999999986E+001                 -9.9000000000000000E+001                 -9.9000000000000000E+001                 -9.9000000000000000E+001                 -9.9000000000000000E+001 
                 9.9999942567914479E-001                  2.8890116458947794E+001                  1.6150788599954979E+002                  3.3167064884455467E+003                 -7.8893324310357835E+000                  3.6041217812567297E+000                  1.8862368281019719E+012                  2.0343697343850184E+001                  1.7218044048175132E+008                  1.6154393562754961E+000                  3.7677416951674481E-001                  1.2928806235058108E+000                  3.0403320952027408E-003                  8.5000496627254218E-001                  3.3160484991103103E+003                  6.5798933523641945E-001                  2.1806373878401389E-001                  2.1806373878401389E-001                  0.0000000000000000E+000                  0.0000000000000000E+000                  1.4644687108878063E-002                  1.8923020195289618E-027                  1.8923020195289618E-027                  0.0000000000000000E+000                  0.0000000000000000E+000                  7.5704602686548479E-029                  0.0000000000000000E+000                  1.9620316538512905E+000                  7.0000000000000051E-001                  2.9797635251138550E-005                  2.7997020236474846E-001                  4.1193902129486410E-003                  1.2067031330276036E-003                  1.1203876416666517E-002                  2.5129237964844914E-003                  9.5710644087274488E-004                  0.0000000000000000E+000                  0.0000000000000000E+000                  0.0000000000000000E+000                  0.0000000000000000E+000                  0.0000000000000000E+000                  0.0000000000000000E+000                  0.0000000000000000E+000                  0.0000000000000000E+000                  0.0000000000000000E+000                  0.0000000000000000E+000                 -1.7774173699149831E+001                 -9.8999999999999986E+001                  0.0000000000000000E+000                  0.0000000000000000E+000                 -9.8999999999999986E+001                 -9.8999999999999986E+001                 -9.9000000000000000E+001                 -9.9000000000000000E+001                 -9.9000000000000000E+001                 -9.9000000000000000E+001 
                 9.9999930390280034E-001                  2.8884805720378147E+001                  1.6150788587583753E+002                  3.5178597121822568E+003                 -7.8699744069351381E+000                  3.6102817002627714E+000                  1.8921620379330479E+012                  2.0327299727366082E+001                  1.7037325132444721E+008                  1.6227562524911727E+000                  3.8011032048682003E-001                  1.2927207046428586E+000                  3.0403322511485683E-003                  8.5000496627254185E-001                  3.5171633125540216E+003                  6.9639962823531310E-001                  2.3976414572275279E-001                  2.3976414572275279E-001                  0.0000000000000000E+000                  0.0000000000000000E+000                  1.6376806515173641E-002                  1.9785663651442760E-027                  1.9785663651442760E-027                  0.0000000000000000E+000                  0.0000000000000000E+000                  7.9155747347129531E-029                  0.0000000000000000E+000                  2.0531129990574586E+000                  7.0000000000000029E-001                  2.9797635251138570E-005                  2.7997020236474857E-001                  4.1193902129486376E-003                  1.2067031330276032E-003                  1.1203876416666524E-002                  2.5129237964844923E-003                  9.5710644087274488E-004                  0.0000000000000000E+000                  0.0000000000000000E+000                  0.0000000000000000E+000                  0.0000000000000000E+000                  0.0000000000000000E+000                  0.0000000000000000E+000                  0.0000000000000000E+000                  0.0000000000000000E+000                  0.0000000000000000E+000                  0.0000000000000000E+000                 -1.7750875774880168E+001                 -9.8999999999999986E+001                  0.0000000000000000E+000                  0.0000000000000000E+000                 -9.8999999999999986E+001                 -9.8999999999999986E+001                 -9.9000000000000000E+001                 -9.9000000000000000E+001                 -9.9000000000000000E+001                 -9.9000000000000000E+001 
                 9.9999911302032973E-001                  2.8876840466424522E+001                  1.6150788567291860E+002                  3.7703992109101800E+003                 -7.8481513639670286E+000                  3.6185043616547476E+000                  1.9001252545203340E+012                  2.0312246553335843E+001                  1.6833557204139373E+008                  1.6312233440255957E+000                  3.8394757544734065E-001                  1.2925345407325721E+000                  3.0403326379627171E-003                  8.5000496627254174E-001                  3.7696480219855316E+003                  7.5118892464845033E-001                  2.7301796388687266E-001                  2.7301796388687266E-001                  0.0000000000000000E+000                  0.0000000000000000E+000                  1.8630144728292521E-002                  2.0805403406065283E-027                  2.0805403406065283E-027                  0.0000000000000000E+000                  0.0000000000000000E+000                  8.3235381156728818E-029                  0.0000000000000000E+000                  2.0900636730647837E+000                  6.9999999999999996E-001                  2.9797635251138621E-005                  2.7997020236474901E-001                  4.1193902129486445E-003                  1.2067031330276045E-003                  1.1203876416666533E-002                  2.5129237964844923E-003                  9.5710644087274575E-004                  0.0000000000000000E+000                  0.0000000000000000E+000                  0.0000000000000000E+000                  0.0000000000000000E+000                  0.0000000000000000E+000                  0.0000000000000000E+000                  0.0000000000000000E+000                  0.0000000000000000E+000                  0.0000000000000000E+000                  0.0000000000000000E+000                 -1.7729026324298843E+001                 -9.8999999999999986E+001                  0.0000000000000000E+000                  0.0000000000000000E+000                 -9.8999999999999986E+001                 -9.8999999999999986E+001                 -9.9000000000000000E+001                 -9.9000000000000000E+001                 -9.9000000000000000E+001                 -9.9000000000000000E+001 
                 9.9999891180539491E-001                  2.8868851130208469E+001                  1.6150788545516599E+002                  4.0607161420934949E+003                 -7.8259031342568512E+000                  3.6284075959134530E+000                  1.9098078966637937E+012                  2.0300877366459279E+001                  1.6644527437643316E+008                  1.6392949511846242E+000                  3.8758044499479982E-001                  1.2923491159986740E+000                  3.0403335744874759E-003                  8.5000496627254163E-001                  4.0598932135746327E+003                  8.2292851886231311E-001                  3.0669589789413515E-001                  3.0669589789413515E-001                  0.0000000000000000E+000                  0.0000000000000000E+000                  2.1347037917475123E-002                  2.1899134937634970E-027                  2.1899134937634970E-027                  0.0000000000000000E+000                  0.0000000000000000E+000                  8.7611031036608347E-029                  0.0000000000000000E+000                  2.0437985175766924E+000                  6.9999999999999973E-001                  2.9797635251138604E-005                  2.7997020236474912E-001                  4.1193902129486515E-003                  1.2067031330276062E-003                  1.1203876416666529E-002                  2.5129237964844962E-003                  9.5710644087274716E-004                  0.0000000000000000E+000                  0.0000000000000000E+000                  0.0000000000000000E+000                  0.0000000000000000E+000                  0.0000000000000000E+000                  0.0000000000000000E+000                  0.0000000000000000E+000                  0.0000000000000000E+000                  0.0000000000000000E+000                  0.0000000000000000E+000                 -1.7712002163929974E+001                 -9.8999999999999986E+001                  0.0000000000000000E+000                  0.0000000000000000E+000                 -9.8999999999999986E+001                 -9.8999999999999986E+001                 -9.9000000000000000E+001                 -9.9000000000000000E+001                 -9.9000000000000000E+001                 -9.9000000000000000E+001 
                 9.9999866276753613E-001                  2.8859451100366048E+001                  1.6150788519162558E+002                  4.4438766248838319E+003                 -7.8003961301936986E+000                  3.6419913627056704E+000                  1.9232837716947544E+012                  2.0293575122931784E+001                  1.6453142276258165E+008                  1.6476626590837964E+000                  3.9133024493308888E-001                  1.2921545618735557E+000                  3.0403369771487641E-003                  8.5000496627254152E-001                  4.4429440210845414E+003                  9.3260379929086223E-001                  3.4544568455365654E-001                  3.4544568455365654E-001                  0.0000000000000000E+000                  0.0000000000000000E+000                  2.5034222377214414E-002                  2.3223999549200116E-027                  2.3223999549200112E-027                  0.0000000000000000E+000                  0.0000000000000000E+000                  9.2911366183882291E-029                  0.0000000000000000E+000                  1.9071520070602661E+000                  6.9999999999999984E-001                  2.9797635251138635E-005                  2.7997020236474907E-001                  4.1193902129486445E-003                  1.2067031330276062E-003                  1.1203876416666531E-002                  2.5129237964844936E-003                  9.5710644087274705E-004                  0.0000000000000000E+000                  0.0000000000000000E+000                  0.0000000000000000E+000                  0.0000000000000000E+000                  0.0000000000000000E+000                  0.0000000000000000E+000                  0.0000000000000000E+000                  0.0000000000000000E+000                  0.0000000000000000E+000                  0.0000000000000000E+000                 -1.7700185709903248E+001                 -9.8999999999999986E+001                  0.0000000000000000E+000                  0.0000000000000000E+000                 -9.8999999999999986E+001                 -9.8999999999999986E+001                 -9.9000000000000000E+001                 -9.9000000000000000E+001                 -9.9000000000000000E+001                 -9.9000000000000000E+001 
                 9.9999831833489727E-001                  2.8847182719829277E+001                  1.6150788485150468E+002                  4.7710214548896620E+003                 -7.7814111107657835E+000                  3.6538168862445861E+000                  1.9352440273035146E+012                  2.0292262583549086E+001                  1.6336343800838357E+008                  1.6528474400259769E+000                  3.9364755921481598E-001                  1.2920647406351453E+000                  2.9995682610530617E-003                  8.5000496627254152E-001                  4.7699815364609740E+003                  1.0399184286883756E+000                  3.8649036545844545E-001                  3.8649036545844545E-001                  0.0000000000000000E+000                  0.0000000000000000E+000                  2.7671898070109821E-002                  2.4261875130219117E-027                  2.4261875130219117E-027                  0.0000000000000000E+000                  0.0000000000000000E+000                  9.7063555300083232E-029                  0.0000000000000000E+000                  1.8829453259313524E+000                  6.9999999999999996E-001                  2.9797635251138618E-005                  2.7997020236474884E-001                  4.1193902129486445E-003                  1.2067031330276047E-003                  1.1203876416666529E-002                  2.5129237964844936E-003                  9.5710644087274629E-004                  0.0000000000000000E+000                  0.0000000000000000E+000                  0.0000000000000000E+000                  0.0000000000000000E+000                  0.0000000000000000E+000                  0.0000000000000000E+000                  0.0000000000000000E+000                  0.0000000000000000E+000                  0.0000000000000000E+000                  0.0000000000000000E+000                 -1.7706418885875490E+001                 -9.8999999999999986E+001                  0.0000000000000000E+000                  0.0000000000000000E+000                 -9.8999999999999986E+001                 -9.8999999999999986E+001                 -9.9000000000000000E+001                 -9.9000000000000000E+001                 -9.9000000000000000E+001                 -9.9000000000000000E+001 
                 9.9999815691959293E-001                  2.8841675781331329E+001                  1.6150788469413320E+002                  5.0956951986876938E+003                 -7.7639893879765953E+000                  3.6652465129390377E+000                  1.9471953567024644E+012                  2.0282613216260472E+001                  1.6248107165611428E+008                  1.6561302925823984E+000                  3.9512654909828238E-001                  1.2934742589777022E+000                  1.7032889520850283E-003                  8.5000496627254152E-001                  5.0945398374808228E+003                  1.1553612068706018E+000                  3.9704135821538189E-001                  3.9704135821416026E-001                  0.0000000000000000E+000                  7.5754965412083479E+001                  2.9485675337330090E-002                  2.5255052094641447E-027                  2.5255052094641447E-027                  0.0000000000000000E+000                  0.0000000000000000E+000                  1.0103692037154231E-028                  0.0000000000000000E+000                  1.9891580637027448E+000                  6.9999999999999996E-001                  2.9797635251138618E-005                  2.7997020236474884E-001                  4.1193902129486445E-003                  1.2067031330276047E-003                  1.1203876416666529E-002                  2.5129237964844936E-003                  9.5710644087274629E-004                  0.0000000000000000E+000                  0.0000000000000000E+000                  0.0000000000000000E+000                  0.0000000000000000E+000                  0.0000000000000000E+000                  0.0000000000000000E+000                  0.0000000000000000E+000                  0.0000000000000000E+000                  0.0000000000000000E+000                  0.0000000000000000E+000                 -1.8087459921459370E+001                 -9.8999999999999986E+001                  0.0000000000000000E+000                  0.0000000000000000E+000                 -9.8999999999999986E+001                 -9.8999999999999986E+001                  1.1649355428924720E+001                 -9.9000000000000000E+001                 -9.9000000000000000E+001                 -9.9000000000000000E+001 
                 9.9999781669103105E-001                  2.8830518317117804E+001                  1.6150788434371731E+002                  5.4324145616316828E+003                 -7.7467368399231340E+000                  3.6764591192745262E+000                  1.9593036801401394E+012                  2.0259308321618750E+001                  1.6196265920970991E+008                  1.6564931075526952E+000                  3.9541059241966114E-001                  1.2969479294559527E+000                  4.5742529175728019E-004                  8.5000496627254152E-001                  5.4311335053609891E+003                  1.2810562706935149E+000                  4.0597602937820682E-001                  4.0597602928189991E-001                  0.0000000000000000E+000                  3.1953127104318531E+002                  3.0955504894099574E-002                  2.6278648247639543E-027                  2.6278648247639543E-027                  0.0000000000000000E+000                  0.0000000000000000E+000                  1.0513198232656187E-028                  0.0000000000000000E+000                  2.1292459116008624E+000                  6.9999999999999996E-001                  2.9797635251138618E-005                  2.7997020236474884E-001                  4.1193902129486445E-003                  1.2067031330276047E-003                  1.1203876416666529E-002                  2.5129237964844936E-003                  9.5710644087274629E-004                  0.0000000000000000E+000                  0.0000000000000000E+000                  0.0000000000000000E+000                  0.0000000000000000E+000                  0.0000000000000000E+000                  0.0000000000000000E+000                  0.0000000000000000E+000                  0.0000000000000000E+000                  0.0000000000000000E+000                  0.0000000000000000E+000                 -1.8973628461934581E+001                 -9.8999999999999986E+001                  0.0000000000000000E+000                  0.0000000000000000E+000                 -9.8999999999999986E+001                 -9.8999999999999986E+001                  1.2288588766187141E+001                 -9.9000000000000000E+001                 -9.9000000000000000E+001                 -9.9000000000000000E+001 
                 9.9999763746879788E-001                  2.8824866510792731E+001                  1.6150788414612893E+002                  5.7627071166445276E+003                 -7.7310462609593413E+000                  3.6869869710911889E+000                  1.9708959432084724E+012                  2.0237004101246306E+001                  1.6190454185526446E+008                  1.6546921784023414E+000                  3.9480285122770725E-001                  1.2999706269636073E+000                  1.4828423721675169E-004                  8.5000496627254152E-001                  5.7612956207674897E+003                  1.4114958770382697E+000                  4.0868238226057346E-001                  4.0868238201596979E-001                  0.0000000000000000E+000                  4.3068021266141102E+002                  3.2468964607927558E-002                  2.7245554074693912E-027                  2.7245554074693912E-027                  0.0000000000000000E+000                  0.0000000000000000E+000                  1.0900024546419150E-028                  0.0000000000000000E+000                  2.1058652657942858E+000                  6.9999999999999996E-001                  2.9797635251138618E-005                  2.7997020236474884E-001                  4.1193902129486445E-003                  1.2067031330276047E-003                  1.1203876416666529E-002                  2.5129237964844936E-003                  9.5710644087274629E-004                  0.0000000000000000E+000                  0.0000000000000000E+000                  0.0000000000000000E+000                  0.0000000000000000E+000                  0.0000000000000000E+000                  0.0000000000000000E+000                  0.0000000000000000E+000                  0.0000000000000000E+000                  0.0000000000000000E+000                  0.0000000000000000E+000                 -1.9735876778696568E+001                 -9.8999999999999986E+001                  0.0000000000000000E+000                  0.0000000000000000E+000                 -9.8999999999999986E+001                 -9.8999999999999986E+001                  1.2425179261660409E+001                 -9.9000000000000000E+001                 -9.9000000000000000E+001                 -9.9000000000000000E+001 
                 9.9999730755409499E-001                  2.8814826298150951E+001                  1.6150788378639953E+002                  6.0706968969809914E+003                 -7.7176484623258865E+000                  3.6963753077337489E+000                  1.9813891580719290E+012                  2.0227577424124007E+001                  1.6200842760288483E+008                  1.6532559290723627E+000                  3.9430117342769438E-001                  1.3009482255836557E+000                  1.0149757855881298E-004                  8.5000496627254152E-001                  6.0691579170357600E+003                  1.5389799452310882E+000                  4.1773571691451178E-001                  4.1773571494770761E-001                  0.0000000000000000E+000                  8.4073460703728972E+002                  3.4363930285782114E-002                  2.8099281640804288E-027                  2.8099281640804292E-027                  0.0000000000000000E+000                  0.0000000000000000E+000                  1.1241572066473667E-028                  0.0000000000000000E+000                  1.9121154917899934E+000                  6.9999999999999996E-001                  2.9797635251138618E-005                  2.7997020236474884E-001                  4.1193902129486445E-003                  1.2067031330276047E-003                  1.1203876416666529E-002                  2.5129237964844936E-003                  9.5710644087274629E-004                  0.0000000000000000E+000                  0.0000000000000000E+000                  0.0000000000000000E+000                  0.0000000000000000E+000                  0.0000000000000000E+000                  0.0000000000000000E+000                  0.0000000000000000E+000                  0.0000000000000000E+000                  0.0000000000000000E+000                  0.0000000000000000E+000                 -1.9992165606532630E+001                 -9.8999999999999986E+001                  0.0000000000000000E+000                  0.0000000000000000E+000                 -9.8999999999999986E+001                 -9.8999999999999986E+001                  1.2728198544055827E+001                 -9.9000000000000000E+001                 -9.9000000000000000E+001                 -9.9000000000000000E+001 
                 9.9999716337194322E-001                  2.8810569623878742E+001                  1.6150788364365175E+002                  6.3654717126675660E+003                 -7.7058932164756584E+000                  3.7051958348957919E+000                  1.9913856882285881E+012                  2.0229953108649099E+001                  1.6225065855283508E+008                  1.6516792644629745E+000                  3.9372226404902477E-001                  1.3009178933839460E+000                  9.9136691251310391E-005                  8.5000496627254152E-001                  6.3638024869426254E+003                  1.6692257249410332E+000                  4.2629062872175566E-001                  4.2629062217613123E-001                  0.0000000000000000E+000                  1.2376441876392907E+003                  3.7055593849133907E-002                  2.8870349579863908E-027                  2.8870349579863904E-027                  0.0000000000000000E+000                  0.0000000000000000E+000                  1.1550050265882755E-028                  0.0000000000000000E+000                  1.6955749753135558E+000                  6.9999999999999996E-001                  2.9797635251138618E-005                  2.7997020236474884E-001                  4.1193902129486445E-003                  1.2067031330276047E-003                  1.1203876416666529E-002                  2.5129237964844936E-003                  9.5710644087274629E-004                  0.0000000000000000E+000                  0.0000000000000000E+000                  0.0000000000000000E+000                  0.0000000000000000E+000                  0.0000000000000000E+000                  0.0000000000000000E+000                  0.0000000000000000E+000                  0.0000000000000000E+000                  0.0000000000000000E+000                  0.0000000000000000E+000                 -1.9999951896527215E+001                 -9.8999999999999986E+001                  0.0000000000000000E+000                  0.0000000000000000E+000                 -9.8999999999999986E+001                 -9.8999999999999986E+001                  1.2901606605706469E+001                 -9.9000000000000000E+001                 -9.9000000000000000E+001                 -9.9000000000000000E+001 
                 9.9999685406738570E-001                  2.8801677854382426E+001                  1.6150788337210352E+002                  6.7058455272726687E+003                 -7.6936399079014759E+000                  3.7155432748873105E+000                  2.0033896015324822E+012                  2.0239452823901281E+001                  1.6281286910812876E+008                  1.6483795867156725E+000                  3.9245424190572015E-001                  1.3008385731751286E+000                  9.8493025963381260E-005                  8.5000496627254152E-001                  6.7040093913425762E+003                  1.8361359300928759E+000                  4.5864771793397469E-001                  4.5864761549956956E-001                  0.0000000000000000E+000                  2.9806855714455164E+003                  4.1665057910306239E-002                  2.9696619910242601E-027                  2.9696619910242598E-027                  0.0000000000000000E+000                  0.0000000000000000E+000                  1.1880613074720954E-028                  0.0000000000000000E+000                  1.0927337063981888E+000                  6.9999999999999996E-001                  2.9797635251138618E-005                  2.7997020236474884E-001                  4.1193902129486445E-003                  1.2067031330276047E-003                  1.1203876416666529E-002                  2.5129237964844936E-003                  9.5710644087274629E-004                  0.0000000000000000E+000                  0.0000000000000000E+000                  0.0000000000000000E+000                  0.0000000000000000E+000                  0.0000000000000000E+000                  0.0000000000000000E+000                  0.0000000000000000E+000                  0.0000000000000000E+000                  0.0000000000000000E+000                  0.0000000000000000E+000                 -1.9999876612280708E+001                 -9.8999999999999986E+001                  0.0000000000000000E+000                  0.0000000000000000E+000                 -9.8999999999999986E+001                 -9.8999999999999986E+001                  1.3295237630894510E+001                 -9.9000000000000000E+001                 -9.9000000000000000E+001                 -9.9000000000000000E+001 
                 9.9999664038091662E-001                  2.8795702691309408E+001                  1.6150788325120106E+002                  6.9530789238540183E+003                 -7.6856480137358734E+000                  3.7232555837167216E+000                  2.0125722277580208E+012                  2.0248142760343043E+001                  1.6342714363968667E+008                  1.6449254857545570E+000                  3.9109779101123965E-001                  1.3007769373067832E+000                  1.0233090947014786E-004                  8.5000496627254152E-001                  6.9511076177602499E+003                  1.9713060937687572E+000                  4.9110252216873368E-001                  4.9110194254075762E-001                  0.0000000000000000E+000                  5.1488771266308031E+003                  4.6196265824826416E-002                  3.0248233440929863E-027                  3.0248233440929860E-027                  0.0000000000000000E+000                  0.0000000000000000E+000                  1.2101294988851559E-028                  0.0000000000000000E+000                  4.4047145659519876E-001                  6.9999999999999996E-001                  2.9797635251138618E-005                  2.7997020236474884E-001                  4.1193902129486445E-003                  1.2067031330276047E-003                  1.1203876416666529E-002                  2.5129237964844936E-003                  9.5710644087274629E-004                  0.0000000000000000E+000                  0.0000000000000000E+000                  0.0000000000000000E+000                  0.0000000000000000E+000                  0.0000000000000000E+000                  0.0000000000000000E+000                  0.0000000000000000E+000                  0.0000000000000000E+000                  0.0000000000000000E+000                  0.0000000000000000E+000                 -2.0000259737185367E+001                 -9.8999999999999986E+001                  0.0000000000000000E+000                  0.0000000000000000E+000                 -9.8999999999999986E+001                 -9.8999999999999986E+001                  1.3540986214219529E+001                 -9.9000000000000000E+001                 -9.9000000000000000E+001                 -9.9000000000000000E+001 
                 9.9999647450349183E-001                  2.8791147286774127E+001                  1.6150788321336998E+002                  7.2466134501450006E+003                 -7.6771589941833458E+000                  3.7326970986902759E+000                  2.0241482464242424E+012                  2.0259023741963954E+001                  1.6443444322430485E+008                  1.6394582427032669E+000                  3.8891067531888612E-001                  1.3006941624730315E+000                  1.1693391753516198E-004                  8.5000496627254152E-001                  7.2444630458226584E+003                  2.1504043223418763E+000                  5.2445230779665875E-001                  5.2445011713316714E-001                  0.0000000000000000E+000                  7.7979716780795961E+003                  5.3146935357254330E-002                  3.0845386516848801E-027                  3.0845386516848797E-027                  0.0000000000000000E+000                  0.0000000000000000E+000                  1.2340195734557843E-028                  0.0000000000000000E+000                 -5.7428819852750734E-001                  6.9999999999999996E-001                  2.9797635251138618E-005                  2.7997020236474884E-001                  4.1193902129486445E-003                  1.2067031330276047E-003                  1.1203876416666529E-002                  2.5129237964844936E-003                  9.5710644087274629E-004                  0.0000000000000000E+000                  0.0000000000000000E+000                  0.0000000000000000E+000                  0.0000000000000000E+000                  0.0000000000000000E+000                  0.0000000000000000E+000                  0.0000000000000000E+000                  0.0000000000000000E+000                  0.0000000000000000E+000                  0.0000000000000000E+000                 -2.0003362488567156E+001                 -9.8999999999999986E+001                  0.0000000000000000E+000                  0.0000000000000000E+000                 -9.8999999999999986E+001                 -9.8999999999999986E+001                  1.3727991475369045E+001                 -9.9000000000000000E+001                 -9.9000000000000000E+001                 -9.9000000000000000E+001 
                 9.9999619001845674E-001                  2.8783482600086835E+001                  1.6150788329796271E+002                  7.5870063262281656E+003                 -7.6692532022169706E+000                  3.7446819295823524E+000                  2.0394299886324082E+012                  2.0275986347972928E+001                  1.6625004235681611E+008                  1.6300091626001991E+000                  3.8505918324966493E-001                  1.3005816957094891E+000                  1.6007035272251326E-004                  8.5000496627254152E-001                  7.5846049541981547E+003                  2.4013720300110575E+000                  6.0177098694292075E-001                  6.0175012433198272E-001                  0.0000000000000000E+000                  1.5616953757095540E+004                  6.5065060178668935E-002                  3.1412110676186526E-027                  3.1412110676186526E-027                  0.0000000000000000E+000                  0.0000000000000000E+000                  1.2566922900062770E-028                  0.0000000000000000E+000                 -2.5542368203603734E+000                  6.9999999999999996E-001                  2.9797635251138618E-005                  2.7997020236474884E-001                  4.1193902129486445E-003                  1.2067031330276047E-003                  1.1203876416666529E-002                  2.5129237964844936E-003                  9.5710644087274629E-004                  0.0000000000000000E+000                  0.0000000000000000E+000                  0.0000000000000000E+000                  0.0000000000000000E+000                  0.0000000000000000E+000                  0.0000000000000000E+000                  0.0000000000000000E+000                  0.0000000000000000E+000                  0.0000000000000000E+000                  0.0000000000000000E+000                 -2.0016802146359854E+001                 -9.8999999999999986E+001                  0.0000000000000000E+000                  0.0000000000000000E+000                 -9.8999999999999986E+001                 -9.8999999999999986E+001                  1.4041924484744071E+001                 -9.9000000000000000E+001                 -9.9000000000000000E+001                 -9.9000000000000000E+001 
                 9.9999595280323605E-001                  2.8777203720944879E+001                  1.6150788361168648E+002                  7.9024437382349861E+003                 -7.6639904395984670E+000                  3.7570446741997188E+000                  2.0559444625453262E+012                  2.0299616484140586E+001                  1.6894227665616626E+008                  1.6166904491847174E+000                  3.7953501787667288E-001                  1.3004607972907734E+000                  2.4386033169627956E-004                  8.5000496627254152E-001                  7.8997527585054277E+003                  2.6909797295587929E+000                  6.9894453204439499E-001                  6.9878991464653661E-001                  0.0000000000000000E+000                  2.8684964266661140E+004                  8.3163954180892591E-002                  3.1795131559346495E-027                  3.1795131559346495E-027                  0.0000000000000000E+000                  0.0000000000000000E+000                  1.2720156598921825E-028                  0.0000000000000000E+000                 -5.6604245838161606E+000                  6.9999999999999996E-001                  2.9797635251138618E-005                  2.7997020236474884E-001                  4.1193902129486445E-003                  1.2067031330276047E-003                  1.1203876416666529E-002                  2.5129237964844936E-003                  9.5710644087274629E-004                  0.0000000000000000E+000                  0.0000000000000000E+000                  0.0000000000000000E+000                  0.0000000000000000E+000                  0.0000000000000000E+000                  0.0000000000000000E+000                  0.0000000000000000E+000                  0.0000000000000000E+000                  0.0000000000000000E+000                  0.0000000000000000E+000                 -2.0026546087776769E+001                 -9.8999999999999986E+001                  0.0000000000000000E+000                  0.0000000000000000E+000                 -9.8999999999999986E+001                 -9.8999999999999986E+001                  1.4317328356114528E+001                 -9.9000000000000000E+001                 -9.9000000000000000E+001                 -9.9000000000000000E+001 
                 9.9999570698757345E-001                  2.8770772725921560E+001                  1.6150788433213381E+002                  8.1462601289333406E+003                 -7.6621604353690476E+000                  3.7683341402318864E+000                  2.0718932674413672E+012                  2.0332666174582446E+001                  1.7238429723245102E+008                  1.6006848551349029E+000                  3.7275314047814512E-001                  1.3002689312245528E+000                  3.5503297106699930E-004                  8.5000496627254152E-001                  8.1432742768421012E+003                  2.9858520912390052E+000                  8.5764922638972518E-001                  8.5607838589438601E-001                  0.0000000000000000E+000                  5.7400591274258521E+004                  1.0699280189105143E-001                  3.1929409776177217E-027                  3.1929409776177217E-027                  0.0000000000000000E+000                  0.0000000000000000E+000                  1.2773876771230503E-028                  0.0000000000000000E+000                 -1.0003402470183111E+001                  6.9999999999999996E-001                  2.9797635251138618E-005                  2.7997020236474884E-001                  4.1193902129486445E-003                  1.2067031330276047E-003                  1.1203876416666529E-002                  2.5129237964844936E-003                  9.5710644087274629E-004                  0.0000000000000000E+000                  0.0000000000000000E+000                  0.0000000000000000E+000                  0.0000000000000000E+000                  0.0000000000000000E+000                  0.0000000000000000E+000                  0.0000000000000000E+000                  0.0000000000000000E+000                  0.0000000000000000E+000                  0.0000000000000000E+000                 -1.9994682014483843E+001                 -9.8999999999999986E+001                  0.0000000000000000E+000                  0.0000000000000000E+000                 -9.8999999999999986E+001                 -9.8999999999999986E+001                  1.4632133090207121E+001                 -9.9000000000000000E+001                 -9.9000000000000000E+001                 -9.9000000000000000E+001 
                 9.9999557977952125E-001                  2.8767457597658591E+001                  1.6150788499101341E+002                  8.3126286582235080E+003                 -7.6619896566627226E+000                  3.7768703039552549E+000                  2.0845971366053872E+012                  2.0359805435275639E+001                  1.7576493674282950E+008                  1.5859489919298111E+000                  3.6637007583164971E-001                  1.3000624392132283E+000                  4.6560705176530200E-004                  8.5000496627254152E-001                  8.3093985807027730E+003                  3.2300775207343402E+000                  9.7802409160293147E-001                  9.7221827689779605E-001                  0.0000000000000000E+000                  8.4428745547588667E+004                  1.3106179353096847E-001                  3.1941969713644916E-027                  3.1941969713644912E-027                  0.0000000000000000E+000                  0.0000000000000000E+000                  1.2778901577344824E-028                  0.0000000000000000E+000                 -1.4150702228437643E+001                  6.9999999999999996E-001                  2.9797635251138618E-005                  2.7997020236474884E-001                  4.1193902129486445E-003                  1.2067031330276047E-003                  1.1203876416666529E-002                  2.5129237964844936E-003                  9.5710644087274629E-004                  0.0000000000000000E+000                  0.0000000000000000E+000                  0.0000000000000000E+000                  0.0000000000000000E+000                  0.0000000000000000E+000                  0.0000000000000000E+000                  0.0000000000000000E+000                  0.0000000000000000E+000                  0.0000000000000000E+000                  0.0000000000000000E+000                 -1.9930494201912282E+001                 -9.8999999999999986E+001                  0.0000000000000000E+000                  0.0000000000000000E+000                 -9.8999999999999986E+001                 -9.8999999999999986E+001                  1.4807736478643168E+001                 -9.9000000000000000E+001                 -9.9000000000000000E+001                 -9.9000000000000000E+001 
                 9.9999545257146882E-001                  2.8764143008967203E+001                  1.6150788592305713E+002                  8.4790738644110988E+003                 -7.6631514250253412E+000                  3.7865342854640551E+000                  2.0997962932521980E+012                  2.0392577032967701E+001                  1.8065196914310431E+008                  1.5661794572424792E+000                  3.5757340946107374E-001                  1.2997887594834243E+000                  6.3121942208214270E-004                  8.5000496627254152E-001                  8.4755430989349006E+003                  3.5307654761988485E+000                  1.1458440326550898E+000                  1.1223990845307275E+000                  0.0000000000000000E+000                  1.2668560113869021E+005                  1.6622948363690868E-001                  3.1856624763370452E-027                  3.1856624763370452E-027                  0.0000000000000000E+000                  0.0000000000000000E+000                  1.2744757949713844E-028                  0.0000000000000000E+000                 -1.9642842055870997E+001                  6.9999999999999996E-001                  2.9797635251138618E-005                  2.7997020236474884E-001                  4.1193902129486445E-003                  1.2067031330276047E-003                  1.1203876416666529E-002                  2.5129237964844936E-003                  9.5710644087274629E-004                  0.0000000000000000E+000                  0.0000000000000000E+000                  0.0000000000000000E+000                  0.0000000000000000E+000                  0.0000000000000000E+000                  0.0000000000000000E+000                  0.0000000000000000E+000                  0.0000000000000000E+000                  0.0000000000000000E+000                  0.0000000000000000E+000                 -1.9810285883607953E+001                 -9.8999999999999986E+001                  0.0000000000000000E+000                  0.0000000000000000E+000                 -9.8999999999999986E+001                 -9.8999999999999986E+001                  1.4993025777616277E+001                 -9.9000000000000000E+001                 -9.9000000000000000E+001                 -9.9000000000000000E+001 
                 9.9999532536341651E-001                  2.8760818774495398E+001                  1.6150788721684364E+002                  8.6516305246948541E+003                 -7.6658149569649332E+000                  3.7977816243038700E+000                  2.1188570496243142E+012                  2.0435294745981071E+001                  1.8805877289211681E+008                  1.5391389431224947E+000                  3.4516209338991138E-001                  1.2993481587280353E+000                  8.9626751743985742E-004                  8.5000496627254152E-001                  8.6477143845365772E+003                  3.9161401582777895E+000                  1.3754196712012072E+000                  1.2855778488345544E+000                  0.0000000000000000E+000                  1.8523358000539494E+005                  2.2028667292319001E-001                  3.1661818154039413E-027                  3.1661818154039413E-027                  0.0000000000000000E+000                  0.0000000000000000E+000                  1.2666822415066968E-028                  0.0000000000000000E+000                 -2.6182998244222727E+001                  6.9999999999999996E-001                  2.9797635251138618E-005                  2.7997020236474884E-001                  4.1193902129486445E-003                  1.2067031330276047E-003                  1.1203876416666529E-002                  2.5129237964844936E-003                  9.5710644087274629E-004                  0.0000000000000000E+000                  0.0000000000000000E+000                  0.0000000000000000E+000                  0.0000000000000000E+000                  0.0000000000000000E+000                  0.0000000000000000E+000                  0.0000000000000000E+000                  0.0000000000000000E+000                  0.0000000000000000E+000                  0.0000000000000000E+000                 -1.9605055920125711E+001                 -9.8999999999999986E+001                  0.0000000000000000E+000                  0.0000000000000000E+000                 -9.8999999999999986E+001                 -9.8999999999999986E+001                  1.5168269941801785E+001                 -9.9000000000000000E+001                 -9.9000000000000000E+001                 -9.9000000000000000E+001 
                 9.9999518893571149E-001                  2.8757230815034674E+001                  1.6150788906639184E+002                  8.8303108161941000E+003                 -7.6696792152948339E+000                  3.8102735707323725E+000                  2.1422035765530073E+012                  2.0483334409633894E+001                  1.9908509296127331E+008                  1.5042206081073961E+000                  3.2843165830179899E-001                  1.2986355336492905E+000                  1.3108501316906544E-003                  8.5000496627254152E-001                  8.8259171605833581E+003                  4.3936556107428055E+000                  1.6990978094405975E+000                  1.4070154651084426E+000                  0.0000000000000000E+000                  2.5349055864140828E+005                  2.9989294627425234E-001                  3.1381308317611184E-027                  3.1381308317611188E-027                  0.0000000000000000E+000                  0.0000000000000000E+000                  1.2554599918351851E-028                  0.0000000000000000E+000                 -3.1668427531850991E+001                  6.9999999999999996E-001                  2.9797635251138618E-005                  2.7997020236474884E-001                  4.1193902129486445E-003                  1.2067031330276047E-003                  1.1203876416666529E-002                  2.5129237964844936E-003                  9.5710644087274629E-004                  0.0000000000000000E+000                  0.0000000000000000E+000                  0.0000000000000000E+000                  0.0000000000000000E+000                  0.0000000000000000E+000                  0.0000000000000000E+000                  0.0000000000000000E+000                  0.0000000000000000E+000                  0.0000000000000000E+000                  0.0000000000000000E+000                 -1.9300442572585894E+001                 -9.8999999999999986E+001                  0.0000000000000000E+000                  0.0000000000000000E+000                 -9.8999999999999986E+001                 -9.8999999999999986E+001                  1.5316647773923524E+001                 -9.9000000000000000E+001                 -9.9000000000000000E+001                 -9.9000000000000000E+001 
                 9.9999505250800613E-001                  2.8753609880648092E+001                  1.6150789130342679E+002                  9.0090811049529220E+003                 -7.6736932411287873E+000                  3.8226417705641165E+000                  2.1681624296366433E+012                  2.0534019947134929E+001                  2.1370981620581159E+008                  1.4657014814132565E+000                  3.0900024087167510E-001                  1.2976702785680869E+000                  1.8916313308593915E-003                  8.5000496627254152E-001                  9.0041573230042632E+003                  4.9237819486585623E+000                  2.0816079389439288E+000                  1.4208477386378453E+000                  0.0000000000000000E+000                  3.0708514112429402E+005                  4.0036845024801865E-001                  3.1092558149829047E-027                  3.1092558149829044E-027                  0.0000000000000000E+000                  0.0000000000000000E+000                  1.2439080743808752E-028                  0.0000000000000000E+000                 -3.4972430074954900E+001                  6.9999999999999996E-001                  2.9797635251138618E-005                  2.7997020236474884E-001                  4.1193902129486445E-003                  1.2067031330276047E-003                  1.1203876416666529E-002                  2.5129237964844936E-003                  9.5710644087274629E-004                  0.0000000000000000E+000                  0.0000000000000000E+000                  0.0000000000000000E+000                  0.0000000000000000E+000                  0.0000000000000000E+000                  0.0000000000000000E+000                  0.0000000000000000E+000                  0.0000000000000000E+000                  0.0000000000000000E+000                  0.0000000000000000E+000                 -1.8935876152045200E+001                 -9.8999999999999986E+001                  0.0000000000000000E+000                  0.0000000000000000E+000                 -9.8999999999999986E+001                 -9.8999999999999986E+001                  1.5412555505520514E+001                 -9.9000000000000000E+001                 -9.9000000000000000E+001                 -9.9000000000000000E+001 
                 9.9999491608030111E-001                  2.8749954399201009E+001                  1.6150789377385411E+002                  9.1879423073496528E+003                 -7.6771665023568136E+000                  3.8342115004975703E+000                  2.1958023489887480E+012                  2.0590522106012084E+001                  2.3159773124819267E+008                  1.4274932123779411E+000                  2.8863703449779782E-001                  1.2964057949273260E+000                  2.6403544917650277E-003                  8.5000496627254152E-001                  9.1824648660562107E+003                  5.4774412934420793E+000                  2.4998042014939079E+000                  1.3550878097844496E+000                  0.0000000000000000E+000                  3.4116495608592482E+005                  5.2008266053873509E-001                  3.0844853185438176E-027                  3.0844853185438176E-027                  0.0000000000000000E+000                  0.0000000000000000E+000                  1.2339982366701519E-028                  0.0000000000000000E+000                 -3.6747796223903144E+001                  6.9999999999999996E-001                  2.9797635251138618E-005                  2.7997020236474884E-001                  4.1193902129486445E-003                  1.2067031330276047E-003                  1.1203876416666529E-002                  2.5129237964844936E-003                  9.5710644087274629E-004                  0.0000000000000000E+000                  0.0000000000000000E+000                  0.0000000000000000E+000                  0.0000000000000000E+000                  0.0000000000000000E+000                  0.0000000000000000E+000                  0.0000000000000000E+000                  0.0000000000000000E+000                  0.0000000000000000E+000                  0.0000000000000000E+000                 -1.8559931543915958E+001                 -9.8999999999999986E+001                  0.0000000000000000E+000                  0.0000000000000000E+000                 -9.8999999999999986E+001                 -9.8999999999999986E+001                  1.5470525558577258E+001                 -9.9000000000000000E+001                 -9.9000000000000000E+001                 -9.9000000000000000E+001 
                 9.9999477965259576E-001                  2.8746268624865198E+001                  1.6150789636969202E+002                  9.4693353539283598E+003                 -7.6813437252220966E+000                  3.8505987544164713E+000                  2.2424237609522056E+012                  2.0682534735522729E+001                  2.6606725081500375E+008                  1.3728786817564202E+000                  2.5732456653236530E-001                  1.2938273348339575E+000                  4.1720182844720418E-003                  8.5000496627254152E-001                  9.4629655399841959E+003                  6.3698139441647390E+000                  2.9848982559312622E+000                  1.2524977123996042E+000                  0.0000000000000000E+000                  3.6170514879911655E+005                  7.6051335708875900E-001                  3.0549555949036025E-027                  3.0549555949036025E-027                  0.0000000000000000E+000                  0.0000000000000000E+000                  1.2221843931472108E-028                  0.0000000000000000E+000                 -3.8442399874237744E+001                  6.9999999999999996E-001                  2.9797635251138618E-005                  2.7997020236474884E-001                  4.1193902129486445E-003                  1.2067031330276047E-003                  1.1203876416666529E-002                  2.5129237964844936E-003                  9.5710644087274629E-004                  0.0000000000000000E+000                  0.0000000000000000E+000                  0.0000000000000000E+000                  0.0000000000000000E+000                  0.0000000000000000E+000                  0.0000000000000000E+000                  0.0000000000000000E+000                  0.0000000000000000E+000                  0.0000000000000000E+000                  0.0000000000000000E+000                 -1.8012576718419439E+001                 -9.8999999999999986E+001                  0.0000000000000000E+000                  0.0000000000000000E+000                 -9.8999999999999986E+001                 -9.8999999999999986E+001                  1.5507343979466846E+001                 -9.9000000000000000E+001                 -9.9000000000000000E+001                 -9.9000000000000000E+001 
                 9.9999448703107563E-001                  2.8738283421511735E+001                  1.6150790219421611E+002                  9.7575302317250407E+003                 -7.6827617156249692E+000                  3.8639965340316702E+000                  2.2891493258896743E+012                  2.0766259099907284E+001                  3.0418245566838157E+008                  1.3306757830957052E+000                  2.3117188765999555E-001                  1.2908132105404035E+000                  5.9822903116818430E-003                  8.5000496627254152E-001                  9.7503238400021510E+003                  7.2063917228899825E+000                  4.1896988980495227E+000                  1.0288303106382384E+000                  0.0000000000000000E+000                  3.7707687824312103E+005                  1.0708883007676830E+000                  3.0449959155878858E-027                  3.0449959155878855E-027                  0.0000000000000000E+000                  0.0000000000000000E+000                  1.2181998623602621E-028                  0.0000000000000000E+000                 -3.8950292054527367E+001                  6.9999999999999996E-001                  2.9797635251138618E-005                  2.7997020236474884E-001                  4.1193902129486445E-003                  1.2067031330276047E-003                  1.1203876416666529E-002                  2.5129237964844936E-003                  9.5710644087274629E-004                  0.0000000000000000E+000                  0.0000000000000000E+000                  0.0000000000000000E+000                  0.0000000000000000E+000                  0.0000000000000000E+000                  0.0000000000000000E+000                  0.0000000000000000E+000                  0.0000000000000000E+000                  0.0000000000000000E+000                  0.0000000000000000E+000                 -1.7589089799983228E+001                 -9.8999999999999986E+001                  0.0000000000000000E+000                  0.0000000000000000E+000                 -9.8999999999999986E+001                 -9.8999999999999986E+001                  1.5546635798224047E+001                 -9.9000000000000000E+001                 -9.9000000000000000E+001                 -9.9000000000000000E+001 
                 9.9999434072031534E-001                  2.8734276090633294E+001                  1.6150790514495432E+002                  9.9497673236094615E+003                 -7.6829962693876768E+000                  3.8719142709208283E+000                  2.3214189786602065E+012                  2.0819438101076436E+001                  3.3180183591884625E+008                  1.3075612531650744E+000                  2.1605699691851260E-001                  1.2885175540940432E+000                  7.3606223277727922E-003                  8.5000496627254152E-001                  9.9420157689596017E+003                  7.7515546498599912E+000                  4.9099615139509751E+000                  9.3446839143111937E-001                  0.0000000000000000E+000                  3.7763915838620340E+005                  1.3311446239037341E+000                  3.0433515899204803E-027                  3.0433515899204799E-027                  0.0000000000000000E+000                  0.0000000000000000E+000                  1.2175420232835353E-028                  0.0000000000000000E+000                 -3.9138932372448089E+001                  6.9999999999999996E-001                  2.9797635251138618E-005                  2.7997020236474884E-001                  4.1193902129486445E-003                  1.2067031330276047E-003                  1.1203876416666529E-002                  2.5129237964844936E-003                  9.5710644087274629E-004                  0.0000000000000000E+000                  0.0000000000000000E+000                  0.0000000000000000E+000                  0.0000000000000000E+000                  0.0000000000000000E+000                  0.0000000000000000E+000                  0.0000000000000000E+000                  0.0000000000000000E+000                  0.0000000000000000E+000                  0.0000000000000000E+000                 -1.7363341196677265E+001                 -9.8999999999999986E+001                  0.0000000000000000E+000                  0.0000000000000000E+000                 -9.8999999999999986E+001                 -9.8999999999999986E+001                  1.5556326352911494E+001                 -9.9000000000000000E+001                 -9.9000000000000000E+001                 -9.9000000000000000E+001 
                 9.9999419440955550E-001                  2.8730265475934484E+001                  1.6150790810998328E+002                  1.0252210661390283E+004                 -7.6824409622836178E+000                  3.8829935526886765E+000                  2.3738344776859224E+012                  2.0901084605820447E+001                  3.7814349618860155E+008                  1.2780302230881457E+000                  1.9581160814290111E-001                  1.2845336340101796E+000                  9.7679369653555434E-003                  8.5000496627254152E-001                  1.0243626340565355E+004                  8.5843208249281791E+000                  5.7882627229763797E+000                  8.5127812117672674E-001                  0.0000000000000000E+000                  3.7596823710414994E+005                  1.8244362003325474E+000                  3.0472459768197285E-027                  3.0472459768197285E-027                  0.0000000000000000E+000                  0.0000000000000000E+000                  1.2191000357460307E-028                  0.0000000000000000E+000                 -3.9401176718269916E+001                  6.9999999999999996E-001                  2.9797635251138618E-005                  2.7997020236474884E-001                  4.1193902129486445E-003                  1.2067031330276047E-003                  1.1203876416666529E-002                  2.5129237964844936E-003                  9.5710644087274629E-004                  0.0000000000000000E+000                  0.0000000000000000E+000                  0.0000000000000000E+000                  0.0000000000000000E+000                  0.0000000000000000E+000                  0.0000000000000000E+000                  0.0000000000000000E+000                  0.0000000000000000E+000                  0.0000000000000000E+000                  0.0000000000000000E+000                 -1.7085989980726787E+001                 -9.8999999999999986E+001                  0.0000000000000000E+000                  0.0000000000000000E+000                 -9.8999999999999986E+001                 -9.8999999999999986E+001                  1.5562630506703407E+001                 -9.9000000000000000E+001                 -9.9000000000000000E+001                 -9.9000000000000000E+001 
                 9.9999388060077765E-001                  2.8721670691146063E+001                  1.6150791451201724E+002                  1.0665246804116019E+004                 -7.6794638378805287E+000                  3.8952410293098003E+000                  2.4432414319843423E+012                  2.1001756735314117E+001                  4.4076756624368733E+008                  1.2498075841547909E+000                  1.7539156917618390E-001                  1.2788987889285415E+000                  1.3218141786857132E-002                  8.5000496627254152E-001                  1.0655637413516915E+004                  9.6093905991046764E+000                  7.8923282944890580E+000                  7.1404300551377298E-001                  0.0000000000000000E+000                  3.6826594760064053E+005                  2.5970882750696278E+000                  3.0682097886919827E-027                  3.0682097886919827E-027                  0.0000000000000000E+000                  0.0000000000000000E+000                  1.2274869477307355E-028                  0.0000000000000000E+000                 -4.0007156491526317E+001                  6.9999999999999996E-001                  2.9797635251138618E-005                  2.7997020236474884E-001                  4.1193902129486445E-003                  1.2067031330276047E-003                  1.1203876416666529E-002                  2.5129237964844936E-003                  9.5710644087274629E-004                  0.0000000000000000E+000                  0.0000000000000000E+000                  0.0000000000000000E+000                  0.0000000000000000E+000                  0.0000000000000000E+000                  0.0000000000000000E+000                  0.0000000000000000E+000                  0.0000000000000000E+000                  0.0000000000000000E+000                  0.0000000000000000E+000                 -1.6818771567310389E+001                 -9.8999999999999986E+001                  0.0000000000000000E+000                  0.0000000000000000E+000                 -9.8999999999999986E+001                 -9.8999999999999986E+001                  1.5569028274795222E+001                 -9.9000000000000000E+001                 -9.9000000000000000E+001                 -9.9000000000000000E+001 
                 9.9999356679200013E-001                  2.8713129528517051E+001                  1.6150792101251284E+002                  1.1315464210827688E+004                 -7.6730292627295063E+000                  3.9111444023058053E+000                  2.5568448671983809E+012                  2.1160360255057569E+001                  5.4358042058354378E+008                  1.2198725837102788E+000                  1.5243768138599678E-001                  1.2691037575737296E+000                  1.9254607253239082E-002                  8.5000496627254152E-001                  1.1304338972104093E+004                  1.1125238723594284E+001                  1.0319597350561715E+001                  6.1632756437151159E-001                  0.0000000000000000E+000                  3.5911721617816406E+005                  4.1251415793826398E+000                  3.1140137570766862E-027                  3.1140137570766862E-027                  0.0000000000000000E+000                  0.0000000000000000E+000                  1.2458115660651195E-028                  0.0000000000000000E+000                 -4.0659703646958050E+001                  6.9999999999999996E-001                  2.9797635251138618E-005                  2.7997020236474884E-001                  4.1193902129486445E-003                  1.2067031330276047E-003                  1.1203876416666529E-002                  2.5129237964844936E-003                  9.5710644087274629E-004                  0.0000000000000000E+000                  0.0000000000000000E+000                  0.0000000000000000E+000                  0.0000000000000000E+000                  0.0000000000000000E+000                  0.0000000000000000E+000                  0.0000000000000000E+000                  0.0000000000000000E+000                  0.0000000000000000E+000                  0.0000000000000000E+000                 -1.6486062778206072E+001                 -9.8999999999999986E+001                  0.0000000000000000E+000                  0.0000000000000000E+000                 -9.8999999999999986E+001                 -9.8999999999999986E+001                  1.5571153258533990E+001                 -9.9000000000000000E+001                 -9.9000000000000000E+001                 -9.9000000000000000E+001 
                 9.9999289375546851E-001                  2.8695063677365777E+001                  1.6150793518175243E+002                  1.2236762350826622E+004                 -7.6600943315258849E+000                  3.9275325965930414E+000                  2.7077739854421724E+012                  2.1355657050900351E+001                  6.7749042716731071E+008                  1.1966917447740253E+000                  1.3343820339716497E-001                  1.2555948904340033E+000                  2.7744777647387760E-002                  8.5000496627254152E-001                  1.2223824500699955E+004                  1.2937850126667458E+001                  1.6302431136704580E+001                  4.8193642450677365E-001                  0.0000000000000000E+000                  3.4133872585951968E+005                  6.6681097149144986E+000                  3.2081693740832923E-027                  3.2081693740832923E-027                  0.0000000000000000E+000                  0.0000000000000000E+000                  1.2834800434161384E-028                  0.0000000000000000E+000                 -4.1717470274194554E+001                  6.9999999999999996E-001                  2.9797635251138618E-005                  2.7997020236474884E-001                  4.1193902129486445E-003                  1.2067031330276047E-003                  1.1203876416666529E-002                  2.5129237964844936E-003                  9.5710644087274629E-004                  0.0000000000000000E+000                  0.0000000000000000E+000                  0.0000000000000000E+000                  0.0000000000000000E+000                  0.0000000000000000E+000                  0.0000000000000000E+000                  0.0000000000000000E+000                  0.0000000000000000E+000                  0.0000000000000000E+000                  0.0000000000000000E+000                 -1.6146243660017518E+001                 -9.8999999999999986E+001                  0.0000000000000000E+000                  0.0000000000000000E+000                 -9.8999999999999986E+001                 -9.8999999999999986E+001                  1.5572015123905286E+001                 -9.9000000000000000E+001                 -9.9000000000000000E+001                 -9.9000000000000000E+001 
                 9.9999217203796331E-001                  2.8676235404393697E+001                  1.6150795077113449E+002                  1.3227277290507762E+004                 -7.6446558254920705E+000                  3.9409740439571261E+000                  2.8627861599085625E+012                  2.1544745595770898E+001                  8.1014533015776467E+008                  1.1825891051085959E+000                  1.2115645161846894E-001                  1.2414536848627957E+000                  3.6795556704982697E-002                  8.5000496627254152E-001                  1.3212634363234496E+004                  1.4642927273265649E+001                  2.3563720632819013E+001                  3.9747342292558596E-001                  0.0000000000000000E+000                  3.2665690493383008E+005                  9.8652991496524258E+000                  3.3242832047437647E-027                  3.3242832047437647E-027                  0.0000000000000000E+000                  0.0000000000000000E+000                  1.3299332592670102E-028                  0.0000000000000000E+000                 -4.2239098005978647E+001                  6.9999999999999996E-001                  2.9797635251138618E-005                  2.7997020236474884E-001                  4.1193902129486445E-003                  1.2067031330276047E-003                  1.1203876416666529E-002                  2.5129237964844936E-003                  9.5710644087274629E-004                  0.0000000000000000E+000                  0.0000000000000000E+000                  0.0000000000000000E+000                  0.0000000000000000E+000                  0.0000000000000000E+000                  0.0000000000000000E+000                  0.0000000000000000E+000                  0.0000000000000000E+000                  0.0000000000000000E+000                  0.0000000000000000E+000                 -1.5875103304344478E+001                 -9.8999999999999986E+001                  0.0000000000000000E+000                  0.0000000000000000E+000                 -9.8999999999999986E+001                 -9.8999999999999986E+001                  1.5572104523543260E+001                 -9.9000000000000000E+001                 -9.9000000000000000E+001                 -9.9000000000000000E+001 
                 9.9999139814480642E-001                  2.8656724995135242E+001                  1.6150796769655003E+002                  1.4292275495686114E+004                 -7.6275161538231435E+000                  3.9524020005935703E+000                  3.0204894871844385E+012                  2.1728215500819712E+001                  9.3914019928818870E+008                  1.1734872287757288E+000                  1.1283334914054921E-001                  1.2270207089275842E+000                  4.6182681711843178E-002                  8.5000496627254152E-001                  1.4276007287108872E+004                  1.6268208577241566E+001                  3.2413648105945988E+001                  3.3965229721225210E-001                  0.0000000000000000E+000                  3.1460105336135242E+005                  1.3711702376815545E+001                  3.4581211104893885E-027                  3.4581211104893885E-027                  0.0000000000000000E+000                  0.0000000000000000E+000                  1.3834772780051361E-028                  0.0000000000000000E+000                 -4.2315241591672653E+001                  6.9999999999999996E-001                  2.9797635251138618E-005                  2.7997020236474884E-001                  4.1193902129486445E-003                  1.2067031330276047E-003                  1.1203876416666529E-002                  2.5129237964844936E-003                  9.5710644087274629E-004                  0.0000000000000000E+000                  0.0000000000000000E+000                  0.0000000000000000E+000                  0.0000000000000000E+000                  0.0000000000000000E+000                  0.0000000000000000E+000                  0.0000000000000000E+000                  0.0000000000000000E+000                  0.0000000000000000E+000                  0.0000000000000000E+000                 -1.5647935609901099E+001                 -9.8999999999999986E+001                  0.0000000000000000E+000                  0.0000000000000000E+000                 -9.8999999999999986E+001                 -9.8999999999999986E+001                  1.5572636177208912E+001                 -9.9000000000000000E+001                 -9.9000000000000000E+001                 -9.9000000000000000E+001 
                 9.9999056833323108E-001                  2.8636586543647287E+001                  1.6150798587764399E+002                  1.5437419410659955E+004                 -7.6091041684633298E+000                  3.9623811883264017E+000                  3.1785754326333477E+012                  2.1903207414863093E+001                  1.0624374297819297E+009                  1.1673934647361393E+000                  1.0697858485362949E-001                  1.2126651969059083E+000                  5.5784299196528150E-002                  8.5000496627254152E-001                  1.5419585093618092E+004                  1.7834317041863088E+001                  4.2981303587505543E+001                  2.9797696865312723E-001                  0.0000000000000000E+000                  3.0451687775812246E+005                  1.8205619404364320E+001                  3.6079037120645318E-027                  3.6079037120645318E-027                  0.0000000000000000E+000                  0.0000000000000000E+000                  1.4434002301816450E-028                  0.0000000000000000E+000                 -4.1984724752968809E+001                  6.9999999999999996E-001                  2.9797635251138618E-005                  2.7997020236474884E-001                  4.1193902129486445E-003                  1.2067031330276047E-003                  1.1203876416666529E-002                  2.5129237964844936E-003                  9.5710644087274629E-004                  0.0000000000000000E+000                  0.0000000000000000E+000                  0.0000000000000000E+000                  0.0000000000000000E+000                  0.0000000000000000E+000                  0.0000000000000000E+000                  0.0000000000000000E+000                  0.0000000000000000E+000                  0.0000000000000000E+000                  0.0000000000000000E+000                 -1.5451066213178763E+001                 -9.8999999999999986E+001                  0.0000000000000000E+000                  0.0000000000000000E+000                 -9.8999999999999986E+001                 -9.8999999999999986E+001                  1.5573671771033766E+001                 -9.9000000000000000E+001                 -9.9000000000000000E+001                 -9.9000000000000000E+001 
                 9.9998967859508658E-001                  2.8615860493204270E+001                  1.6150800521945868E+002                  1.6668798843661847E+004                 -7.5896986821852979E+000                  3.9712775383583745E+000                  3.3355112565553384E+012                  2.2068147665480922E+001                  1.1790086623088088E+009                  1.1632213634918531E+000                  1.0274776043156791E-001                  1.1986066416722039E+000                  6.5523732653839331E-002                  8.5000496627254152E-001                  1.6649441672823221E+004                  1.9357170838624658E+001                  5.5423783564192220E+001                  2.6678046140754430E-001                  0.0000000000000000E+000                  2.9586342694244673E+005                  2.3345572729005145E+001                  3.7727965930355717E-027                  3.7727965930355717E-027                  0.0000000000000000E+000                  0.0000000000000000E+000                  1.5093682940073821E-028                  0.0000000000000000E+000                 -4.1360875790345162E+001                  6.9999999999999996E-001                  2.9797635251138618E-005                  2.7997020236474884E-001                  4.1193902129486445E-003                  1.2067031330276047E-003                  1.1203876416666529E-002                  2.5129237964844936E-003                  9.5710644087274629E-004                  0.0000000000000000E+000                  0.0000000000000000E+000                  0.0000000000000000E+000                  0.0000000000000000E+000                  0.0000000000000000E+000                  0.0000000000000000E+000                  0.0000000000000000E+000                  0.0000000000000000E+000                  0.0000000000000000E+000                  0.0000000000000000E+000                 -1.5276174462663505E+001                 -9.8999999999999986E+001                  0.0000000000000000E+000                  0.0000000000000000E+000                 -9.8999999999999986E+001                 -9.8999999999999986E+001                  1.5575029737963384E+001                 -9.9000000000000000E+001                 -9.9000000000000000E+001                 -9.9000000000000000E+001 
                 9.9998872463774346E-001                  2.8594578350151941E+001                  1.6150802564917703E+002                  1.7992965225721615E+004                 -7.5695259368404431E+000                  3.9793381398181724E+000                  3.4913326250517393E+012                  2.2226298482193023E+001                  1.2891420412334011E+009                  1.1603229885036757E+000                  9.9610448892032105E-002                  1.1848820851999782E+000                  7.5295082294643406E-002                  8.5000496627254152E-001                  1.7972116270872477E+004                  2.0848954849139052E+001                  6.9914757726766467E+001                  2.4266722480968184E-001                  0.0000000000000000E+000                  2.8824480860387214E+005                  2.9128137307849947E+001                  3.9522034334405548E-027                  3.9522034334405541E-027                  0.0000000000000000E+000                  0.0000000000000000E+000                  1.5811429020373920E-028                  0.0000000000000000E+000                 -4.0531472015475316E+001                  6.9999999999999996E-001                  2.9797635251138618E-005                  2.7997020236474884E-001                  4.1193902129486445E-003                  1.2067031330276047E-003                  1.1203876416666529E-002                  2.5129237964844936E-003                  9.5710644087274629E-004                  0.0000000000000000E+000                  0.0000000000000000E+000                  0.0000000000000000E+000                  0.0000000000000000E+000                  0.0000000000000000E+000                  0.0000000000000000E+000                  0.0000000000000000E+000                  0.0000000000000000E+000                  0.0000000000000000E+000                  0.0000000000000000E+000                 -1.5118572472703159E+001                 -9.8999999999999986E+001                  0.0000000000000000E+000                  0.0000000000000000E+000                 -9.8999999999999986E+001                 -9.8999999999999986E+001                  1.5576539411233009E+001                 -9.9000000000000000E+001                 -9.9000000000000000E+001                 -9.9000000000000000E+001 
                 9.9998770186297459E-001                  2.8572763701671509E+001                  1.6150804711344497E+002                  1.9416967982852068E+004                 -7.5487553769431139E+000                  3.9867352482660317E+000                  3.6465550614149067E+012                  2.2380964929068025E+001                  1.3934309944380536E+009                  1.1582959416945311E+000                  9.7232594461578975E-002                  1.1714641617894572E+000                  8.4987420076368114E-002                  8.5000496627254152E-001                  1.9394649086126752E+004                  2.2318896725314520E+001                  8.6636282368947619E+001                  2.2349426916513729E-001                  0.0000000000000000E+000                  2.8138767140213144E+005                  3.5543821491864570E+001                  4.1458460986305409E-027                  4.1458460986305417E-027                  0.0000000000000000E+000                  0.0000000000000000E+000                  1.6586127820071662E-028                  0.0000000000000000E+000                 -3.9545630465029539E+001                  6.9999999999999996E-001                  2.9797635251138618E-005                  2.7997020236474884E-001                  4.1193902129486445E-003                  1.2067031330276047E-003                  1.1203876416666529E-002                  2.5129237964844936E-003                  9.5710644087274629E-004                  0.0000000000000000E+000                  0.0000000000000000E+000                  0.0000000000000000E+000                  0.0000000000000000E+000                  0.0000000000000000E+000                  0.0000000000000000E+000                  0.0000000000000000E+000                  0.0000000000000000E+000                  0.0000000000000000E+000                  0.0000000000000000E+000                 -1.4975211210504389E+001                 -9.8999999999999986E+001                  0.0000000000000000E+000                  0.0000000000000000E+000                 -9.8999999999999986E+001                 -9.8999999999999986E+001                  1.5578095313269824E+001                 -9.9000000000000000E+001                 -9.9000000000000000E+001                 -9.9000000000000000E+001 
                 9.9998660534600758E-001                  2.8550433945086500E+001                  1.6150806956557548E+002                  2.0948392062280534E+004                 -7.5274998311122161E+000                  3.9935940487462540E+000                  3.8013099361141758E+012                  2.2532586325974062E+001                  1.4919469659490554E+009                  1.1568953212192077E+000                  9.5410686131919512E-002                  1.1583455218112828E+000                  9.4538829642857369E-002                  8.5000496627254152E-001                  2.0924617752103179E+004                  2.3774310177357055E+001                  1.0577466635883066E+002                  2.0791416718377231E-001                  0.0000000000000000E+000                  2.7511127412707050E+005                  4.2578358359897251E+001                  4.3538374235034688E-027                  4.3538374235034695E-027                  0.0000000000000000E+000                  0.0000000000000000E+000                  1.7418230753425329E-028                  0.0000000000000000E+000                 -3.8408778956847044E+001                  6.9999999999999996E-001                  2.9797635251138618E-005                  2.7997020236474884E-001                  4.1193902129486445E-003                  1.2067031330276047E-003                  1.1203876416666529E-002                  2.5129237964844936E-003                  9.5710644087274629E-004                  0.0000000000000000E+000                  0.0000000000000000E+000                  0.0000000000000000E+000                  0.0000000000000000E+000                  0.0000000000000000E+000                  0.0000000000000000E+000                  0.0000000000000000E+000                  0.0000000000000000E+000                  0.0000000000000000E+000                  0.0000000000000000E+000                 -1.4843448555947594E+001                 -9.8999999999999986E+001                  0.0000000000000000E+000                  0.0000000000000000E+000                 -9.8999999999999986E+001                 -9.8999999999999986E+001                  1.5579637237866681E+001                 -9.9000000000000000E+001                 -9.9000000000000000E+001                 -9.9000000000000000E+001 
                 9.9998542981384453E-001                  2.8527602438260999E+001                  1.6150809294364873E+002                  2.2595398140929945E+004                 -7.5058198737904922E+000                  4.0000094223850207E+000                  3.9549742399300938E+012                  2.2678711751314911E+001                  1.5844187131394029E+009                  1.1559626502191120E+000                  9.4012315054395362E-002                  1.1455780252428485E+000                  1.0395884496231710E-001                  8.5000496627254152E-001                  2.2570176727620106E+004                  2.5221413309837768E+001                  1.2752653882473714E+002                  1.9506122495943407E-001                  0.0000000000000000E+000                  2.6929230940329237E+005                  5.0217415615414382E+001                  4.5767354505620329E-027                  4.5767354505620329E-027                  0.0000000000000000E+000                  0.0000000000000000E+000                  1.8309970359718986E-028                  0.0000000000000000E+000                 -3.7083063741597122E+001                  6.9999999999999996E-001                  2.9797635251138618E-005                  2.7997020236474884E-001                  4.1193902129486445E-003                  1.2067031330276047E-003                  1.1203876416666529E-002                  2.5129237964844936E-003                  9.5710644087274629E-004                  0.0000000000000000E+000                  0.0000000000000000E+000                  0.0000000000000000E+000                  0.0000000000000000E+000                  0.0000000000000000E+000                  0.0000000000000000E+000                  0.0000000000000000E+000                  0.0000000000000000E+000                  0.0000000000000000E+000                  0.0000000000000000E+000                 -1.4720716045936758E+001                 -9.8999999999999986E+001                  0.0000000000000000E+000                  0.0000000000000000E+000                 -9.8999999999999986E+001                 -9.8999999999999986E+001                  1.5581115532818810E+001                 -9.9000000000000000E+001                 -9.9000000000000000E+001                 -9.9000000000000000E+001 
                 9.9998416962131398E-001                  2.8504280769388764E+001                  1.6150811714035248E+002                  2.4366767404746872E+004                 -7.4837177961670358E+000                  4.0060558173510668E+000                  4.1056321339598418E+012                  2.2814409255901353E+001                  1.6700776669577775E+009                  1.1553925500799422E+000                  9.2954094887524111E-002                  1.1333056278537097E+000                  1.1334218297247473E-001                  8.5000496627254152E-001                  2.4340101581323681E+004                  2.6665823423190734E+001                  1.5211084694957526E+002                  1.8435282762608912E-001                  0.0000000000000000E+000                  2.6383858590776770E+005                  5.8452130638446967E+001                  4.8157252014715807E-027                  4.8157252014715807E-027                  0.0000000000000000E+000                  0.0000000000000000E+000                  1.9266087509777594E-028                  0.0000000000000000E+000                 -3.5528234499569550E+001                  6.9999999999999996E-001                  2.9797635251138618E-005                  2.7997020236474884E-001                  4.1193902129486445E-003                  1.2067031330276047E-003                  1.1203876416666529E-002                  2.5129237964844936E-003                  9.5710644087274629E-004                  0.0000000000000000E+000                  0.0000000000000000E+000                  0.0000000000000000E+000                  0.0000000000000000E+000                  0.0000000000000000E+000                  0.0000000000000000E+000                  0.0000000000000000E+000                  0.0000000000000000E+000                  0.0000000000000000E+000                  0.0000000000000000E+000                 -1.4604319469197289E+001                 -9.8999999999999986E+001                  0.0000000000000000E+000                  0.0000000000000000E+000                 -9.8999999999999986E+001                 -9.8999999999999986E+001                  1.5582458370427599E+001                 -9.9000000000000000E+001                 -9.9000000000000000E+001                 -9.9000000000000000E+001 
                 9.9998281872347061E-001                  2.8480481638678633E+001                  1.6150814199112151E+002                  2.6271950440396009E+004                 -7.4612044619091460E+000                  4.0117928549685100E+000                  4.2519663509429766E+012                  2.2938062756803248E+001                  1.7486074624800885E+009                  1.1551071910483568E+000                  9.2171095910034834E-002                  1.1216164638451929E+000                  1.2273794560796877E-001                  8.5000496627254152E-001                  2.6243837702119818E+004                  2.8112738276192243E+001                  1.7979543417093186E+002                  1.7536584071424771E-001                  0.0000000000000000E+000                  2.5867750982360562E+005                  6.7292769755282904E+001                  5.0719972848469040E-027                  5.0719972848469040E-027                  0.0000000000000000E+000                  0.0000000000000000E+000                  2.0291345425921033E-028                  0.0000000000000000E+000                 -3.3896301829047133E+001                  6.9999999999999996E-001                  2.9797635251138618E-005                  2.7997020236474884E-001                  4.1193902129486445E-003                  1.2067031330276047E-003                  1.1203876416666529E-002                  2.5129237964844936E-003                  9.5710644087274629E-004                  0.0000000000000000E+000                  0.0000000000000000E+000                  0.0000000000000000E+000                  0.0000000000000000E+000                  0.0000000000000000E+000                  0.0000000000000000E+000                  0.0000000000000000E+000                  0.0000000000000000E+000                  0.0000000000000000E+000                  0.0000000000000000E+000                 -1.4492674873006795E+001                 -9.8999999999999986E+001                  0.0000000000000000E+000                  0.0000000000000000E+000                 -9.8999999999999986E+001                 -9.8999999999999986E+001                  1.5583587896249279E+001                 -9.9000000000000000E+001                 -9.9000000000000000E+001                 -9.9000000000000000E+001 
                 9.9998137064604908E-001                  2.8456218335082045E+001                  1.6150816740598603E+002                  2.8321117187570679E+004                 -7.4383785525048989E+000                  4.0172675668099780E+000                  4.3957009840032388E+012                  2.3054745788711330E+001                  1.8212600419665127E+009                  1.1550363873692073E+000                  9.1593301973195609E-002                  1.1103655840669462E+000                  1.3203625264537108E-001                  8.5000496627254152E-001                  2.8291550545979197E+004                  2.9566641591480543E+001                  2.1090281050683407E+002                  1.6773757801703099E-001                  0.0000000000000000E+000                  2.5375482477458997E+005                  7.6754524858994813E+001                  5.3457551700591200E-027                  5.3457551700591208E-027                  0.0000000000000000E+000                  0.0000000000000000E+000                  2.1386558120276017E-028                  0.0000000000000000E+000                 -3.2430792556803148E+001                  6.9999999999999996E-001                  2.9797635251138618E-005                  2.7997020236474884E-001                  4.1193902129486445E-003                  1.2067031330276047E-003                  1.1203876416666529E-002                  2.5129237964844936E-003                  9.5710644087274629E-004                  0.0000000000000000E+000                  0.0000000000000000E+000                  0.0000000000000000E+000                  0.0000000000000000E+000                  0.0000000000000000E+000                  0.0000000000000000E+000                  0.0000000000000000E+000                  0.0000000000000000E+000                  0.0000000000000000E+000                  0.0000000000000000E+000                 -1.4386025596256601E+001                 -9.8999999999999986E+001                  0.0000000000000000E+000                  0.0000000000000000E+000                 -9.8999999999999986E+001                 -9.8999999999999986E+001                  1.5584494671158939E+001                 -9.9000000000000000E+001                 -9.9000000000000000E+001                 -9.9000000000000000E+001 
                 9.9997981845786665E-001                  2.8431499717984398E+001                  1.6150819347026007E+002                  3.0525210047809622E+004                 -7.4153610552397602E+000                  4.0225164417791923E+000                  4.5396089341443496E+012                  2.3170881424798033E+001                  1.8895206916309342E+009                  1.1551274256259711E+000                  9.1167780031980242E-002                  1.0993418682943048E+000                  1.4104673168838702E-001                  8.5000496627254152E-001                  3.0494178924530181E+004                  3.1031123279441971E+001                  2.4578948523604004E+002                  1.6116199542162199E-001                  0.0000000000000000E+000                  2.4903542149298490E+005                  8.6852425523056837E+001                  5.6367769623285294E-027                  5.6367769623285302E-027                  0.0000000000000000E+000                  0.0000000000000000E+000                  2.2550837866890259E-028                  0.0000000000000000E+000                 -3.1054440704756232E+001                  6.9999999999999996E-001                  2.9797635251138618E-005                  2.7997020236474884E-001                  4.1193902129486445E-003                  1.2067031330276047E-003                  1.1203876416666529E-002                  2.5129237964844936E-003                  9.5710644087274629E-004                  0.0000000000000000E+000                  0.0000000000000000E+000                  0.0000000000000000E+000                  0.0000000000000000E+000                  0.0000000000000000E+000                  0.0000000000000000E+000                  0.0000000000000000E+000                  0.0000000000000000E+000                  0.0000000000000000E+000                  0.0000000000000000E+000                 -1.4285156682834524E+001                 -9.8999999999999986E+001                  0.0000000000000000E+000                  0.0000000000000000E+000                 -9.8999999999999986E+001                 -9.8999999999999986E+001                  1.5585251224989587E+001                 -9.9000000000000000E+001                 -9.9000000000000000E+001                 -9.9000000000000000E+001 
                 9.9997815474037222E-001                  2.8406328515773993E+001                  1.6150822022168953E+002                  3.2896004424850304E+004                 -7.3921582149912446E+000                  4.0275690761805860E+000                  4.6831855363499600E+012                  2.3285549462660438E+001                  1.9531827772501116E+009                  1.1553542386003448E+000                  9.0873957408808492E-002                  1.0885790618866487E+000                  1.4976629886746487E-001                  8.5000496627254152E-001                  3.2863495093707745E+004                  3.2509331142562274E+001                  2.8485375951291667E+002                  1.5544037782431250E-001                  0.0000000000000000E+000                  2.4449496219010133E+005                  9.7608997365834583E+001                  5.9461810808155256E-027                  5.9461810808155256E-027                  0.0000000000000000E+000                  0.0000000000000000E+000                  2.3788659082496445E-028                  0.0000000000000000E+000                 -2.9460961612314332E+001                  6.9999999999999996E-001                  2.9797635251138618E-005                  2.7997020236474884E-001                  4.1193902129486445E-003                  1.2067031330276047E-003                  1.1203876416666529E-002                  2.5129237964844936E-003                  9.5710644087274629E-004                  0.0000000000000000E+000                  0.0000000000000000E+000                  0.0000000000000000E+000                  0.0000000000000000E+000                  0.0000000000000000E+000                  0.0000000000000000E+000                  0.0000000000000000E+000                  0.0000000000000000E+000                  0.0000000000000000E+000                  0.0000000000000000E+000                 -1.4189113724237291E+001                 -9.8999999999999986E+001                  0.0000000000000000E+000                  0.0000000000000000E+000                 -9.8999999999999986E+001                 -9.8999999999999986E+001                  1.5585900026390672E+001                 -9.9000000000000000E+001                 -9.9000000000000000E+001                 -9.9000000000000000E+001 
                 9.9997637155240449E-001                  2.8380707567157479E+001                  1.6150824742286937E+002                  3.5446175041499548E+004                 -7.3686988721357665E+000                  4.0324510456790987E+000                  4.8236104130845859E+012                  2.3393506873724171E+001                  2.0112327031318953E+009                  1.1557024636059006E+000                  9.0699410788901896E-002                  1.0782619016385568E+000                  1.5837295156423531E-001                  8.5000496627254152E-001                  3.5412170579170626E+004                  3.4004462328924056E+001                  3.2853629863292338E+002                  1.5045914970933036E-001                  0.0000000000000000E+000                  2.4010864292920861E+005                  1.0904531372489350E+002                  6.2762767317676143E-027                  6.2762767317676143E-027                  0.0000000000000000E+000                  0.0000000000000000E+000                  2.5109260120154104E-028                  0.0000000000000000E+000                 -2.7670678570774623E+001                  6.9999999999999996E-001                  2.9797635251138618E-005                  2.7997020236474884E-001                  4.1193902129486445E-003                  1.2067031330276047E-003                  1.1203876416666529E-002                  2.5129237964844936E-003                  9.5710644087274629E-004                  0.0000000000000000E+000                  0.0000000000000000E+000                  0.0000000000000000E+000                  0.0000000000000000E+000                  0.0000000000000000E+000                  0.0000000000000000E+000                  0.0000000000000000E+000                  0.0000000000000000E+000                  0.0000000000000000E+000                  0.0000000000000000E+000                 -1.4095958970695742E+001                 -9.8999999999999986E+001                  0.0000000000000000E+000                  0.0000000000000000E+000                 -9.8999999999999986E+001                 -9.8999999999999986E+001                  1.5586382659372020E+001                 -9.9000000000000000E+001                 -9.9000000000000000E+001                 -9.9000000000000000E+001 
                 9.9997446039112337E-001                  2.8354644413071302E+001                  1.6150827480459697E+002                  3.8189363886039020E+004                 -7.3449693014185353E+000                  4.0371845318585864E+000                  4.9598460549728604E+012                  2.3493275274749703E+001                  2.0636262807421870E+009                  1.1561559246977335E+000                  9.0629384630854237E-002                  1.0684291692698169E+000                  1.6696476708036107E-001                  8.5000496627254152E-001                  3.8153844139590256E+004                  3.5519746448766391E+001                  3.7729026231201533E+002                  1.4612204110342802E-001                  0.0000000000000000E+000                  2.3585165053672896E+005                  1.2117038104689495E+002                  6.6288233597433678E-027                  6.6288233597433678E-027                  0.0000000000000000E+000                  0.0000000000000000E+000                  2.6519679922374011E-028                  0.0000000000000000E+000                 -2.5878261432377300E+001                  6.9999999999999996E-001                  2.9797635251138618E-005                  2.7997020236474884E-001                  4.1193902129486445E-003                  1.2067031330276047E-003                  1.1203876416666529E-002                  2.5129237964844936E-003                  9.5710644087274629E-004                  0.0000000000000000E+000                  0.0000000000000000E+000                  0.0000000000000000E+000                  0.0000000000000000E+000                  0.0000000000000000E+000                  0.0000000000000000E+000                  0.0000000000000000E+000                  0.0000000000000000E+000                  0.0000000000000000E+000                  0.0000000000000000E+000                 -1.4004856137487334E+001                 -9.8999999999999986E+001                  0.0000000000000000E+000                  0.0000000000000000E+000                 -9.8999999999999986E+001                 -9.8999999999999986E+001                  1.5586625541911246E+001                 -9.9000000000000000E+001                 -9.9000000000000000E+001                 -9.9000000000000000E+001 
                 9.9997241215408705E-001                  2.8328148108491270E+001                  1.6150830224932992E+002                  4.1140250299661202E+004                 -7.3210189240517671E+000                  4.0417881866857135E+000                  5.0928428160852900E+012                  2.3586668555924621E+001                  2.1111786010526347E+009                  1.1566928787342330E+000                  9.0644918547297643E-002                  1.0589923155379817E+000                  1.7552540274696238E-001                  8.5000496627254152E-001                  4.1103192086396077E+004                  3.7058213265122831E+001                  4.3157171656235715E+002                  1.4232708909559061E-001                  0.0000000000000000E+000                  2.3170614089363208E+005                  1.3398642592479771E+002                  7.0047363560910180E-027                  7.0047363560910180E-027                  0.0000000000000000E+000                  0.0000000000000000E+000                  2.8023580660291289E-028                  0.0000000000000000E+000                 -2.4244036293853647E+001                  6.9999999999999996E-001                  2.9797635251138618E-005                  2.7997020236474884E-001                  4.1193902129486445E-003                  1.2067031330276047E-003                  1.1203876416666529E-002                  2.5129237964844936E-003                  9.5710644087274629E-004                  0.0000000000000000E+000                  0.0000000000000000E+000                  0.0000000000000000E+000                  0.0000000000000000E+000                  0.0000000000000000E+000                  0.0000000000000000E+000                  0.0000000000000000E+000                  0.0000000000000000E+000                  0.0000000000000000E+000                  0.0000000000000000E+000                 -1.3915712215164463E+001                 -9.8999999999999986E+001                  0.0000000000000000E+000                  0.0000000000000000E+000                 -9.8999999999999986E+001                 -9.8999999999999986E+001                  1.5586624799581466E+001                 -9.9000000000000000E+001                 -9.9000000000000000E+001                 -9.9000000000000000E+001 
                 9.9997021710040968E-001                  2.8301225395532040E+001                  1.6150832980390820E+002                  4.4314628916982852E+004                 -7.2969622599484572E+000                  4.0462773824835594E+000                  5.2256662799652930E+012                  2.3678433260476886E+001                  2.1549993170636663E+009                  1.1572955668788765E+000                  9.0726381118960475E-002                  1.0497596348577611E+000                  1.8389377569078122E-001                  8.5000496627254152E-001                  4.4276006338933061E+004                  3.8622578049788054E+001                  4.9184108361570031E+002                  1.3897859978123764E-001                  0.0000000000000000E+000                  2.2766876309707903E+005                  1.4748433356563797E+002                  7.4037814370397101E-027                  7.4037814370397101E-027                  0.0000000000000000E+000                  0.0000000000000000E+000                  2.9620025043791482E-028                  0.0000000000000000E+000                 -2.2941855708983574E+001                  6.9999999999999996E-001                  2.9797635251138618E-005                  2.7997020236474884E-001                  4.1193902129486445E-003                  1.2067031330276047E-003                  1.1203876416666529E-002                  2.5129237964844936E-003                  9.5710644087274629E-004                  0.0000000000000000E+000                  0.0000000000000000E+000                  0.0000000000000000E+000                  0.0000000000000000E+000                  0.0000000000000000E+000                  0.0000000000000000E+000                  0.0000000000000000E+000                  0.0000000000000000E+000                  0.0000000000000000E+000                  0.0000000000000000E+000                 -1.3829288953394935E+001                 -9.8999999999999986E+001                  0.0000000000000000E+000                  0.0000000000000000E+000                 -9.8999999999999986E+001                 -9.8999999999999986E+001                  1.5586465884817480E+001                 -9.9000000000000000E+001                 -9.9000000000000000E+001                 -9.9000000000000000E+001 
                 9.9996786480604172E-001                  2.8273876392107418E+001                  1.6150835774632145E+002                  4.7729498962511105E+004                 -7.2728637113529544E+000                  4.0506651023523892E+000                  5.3602500581835176E+012                  2.3771700249445246E+001                  2.1954468129337268E+009                  1.1579613427063578E+000                  9.0867231316780234E-002                  1.0406219424206378E+000                  1.9193363562696281E-001                  8.5000496627254152E-001                  4.7689283586011203E+004                  4.0215376499904401E+001                  5.5856521124342055E+002                  1.3600706138906954E-001                  0.0000000000000000E+000                  2.2374429271392041E+005                  1.6165094173681541E+002                  7.8263167844739596E-027                  7.8263167844739596E-027                  0.0000000000000000E+000                  0.0000000000000000E+000                  3.1310446037433415E-028                  0.0000000000000000E+000                 -2.1521540833997570E+001                  6.9999999999999996E-001                  2.9797635251138618E-005                  2.7997020236474884E-001                  4.1193902129486445E-003                  1.2067031330276047E-003                  1.1203876416666529E-002                  2.5129237964844936E-003                  9.5710644087274629E-004                  0.0000000000000000E+000                  0.0000000000000000E+000                  0.0000000000000000E+000                  0.0000000000000000E+000                  0.0000000000000000E+000                  0.0000000000000000E+000                  0.0000000000000000E+000                  0.0000000000000000E+000                  0.0000000000000000E+000                  0.0000000000000000E+000                 -1.3746146279995642E+001                 -9.8999999999999986E+001                  0.0000000000000000E+000                  0.0000000000000000E+000                 -9.8999999999999986E+001                 -9.8999999999999986E+001                  1.5586258557658127E+001                 -9.9000000000000000E+001                 -9.9000000000000000E+001                 -9.9000000000000000E+001 
                 9.9996534411475813E-001                  2.8246097320172520E+001                  1.6150838583534997E+002                  5.1403161288637653E+004                 -7.2485855672973347E+000                  4.0549630010488675E+000                  5.4920982338753604E+012                  2.3859314191235669E+001                  2.2315900789638653E+009                  1.1586869453846100E+000                  9.1068049759485695E-002                  1.0318366969268156E+000                  1.9988099502954773E-001                  8.5000496627254152E-001                  5.1361322053775046E+004                  4.1839234862610759E+001                  6.3228018955256243E+002                  1.3337483235914963E-001                  0.0000000000000000E+000                  2.1991934847860551E+005                  1.7649870591791338E+002                  8.2763917753278904E-027                  8.2763917753278890E-027                  0.0000000000000000E+000                  0.0000000000000000E+000                  3.3111043828545469E-028                  0.0000000000000000E+000                 -1.9523795202433483E+001                  6.9999999999999996E-001                  2.9797635251138618E-005                  2.7997020236474884E-001                  4.1193902129486445E-003                  1.2067031330276047E-003                  1.1203876416666529E-002                  2.5129237964844936E-003                  9.5710644087274629E-004                  0.0000000000000000E+000                  0.0000000000000000E+000                  0.0000000000000000E+000                  0.0000000000000000E+000                  0.0000000000000000E+000                  0.0000000000000000E+000                  0.0000000000000000E+000                  0.0000000000000000E+000                  0.0000000000000000E+000                  0.0000000000000000E+000                 -1.3664425270867355E+001                 -9.8999999999999986E+001                  0.0000000000000000E+000                  0.0000000000000000E+000                 -9.8999999999999986E+001                 -9.8999999999999986E+001                  1.5585952880701898E+001                 -9.9000000000000000E+001                 -9.9000000000000000E+001                 -9.9000000000000000E+001 
                 9.9996264308502036E-001                  2.8217893362324915E+001                  1.6150841314004359E+002                  5.5355313578925008E+004                 -7.2240380945424594E+000                  4.0591816828676892E+000                  5.6177534513039209E+012                  2.3935779973068684E+001                  2.2629829796099634E+009                  1.1594609469649235E+000                  9.1322858307090998E-002                  1.0235789028334914E+000                  2.0792814181505048E-001                  8.5000496627254152E-001                  5.5311816663411752E+004                  4.3496915513258266E+001                  7.1365736671361105E+002                  1.3105249175912551E-001                  0.0000000000000000E+000                  2.1616737886955912E+005                  1.9206613052566843E+002                  8.7577834963741709E-027                  8.7577834963741709E-027                  0.0000000000000000E+000                  0.0000000000000000E+000                  3.5036929263628390E-028                  0.0000000000000000E+000                 -1.7645444184383273E+001                  6.9999999999999996E-001                  2.9797635251138618E-005                  2.7997020236474884E-001                  4.1193902129486445E-003                  1.2067031330276047E-003                  1.1203876416666529E-002                  2.5129237964844936E-003                  9.5710644087274629E-004                  0.0000000000000000E+000                  0.0000000000000000E+000                  0.0000000000000000E+000                  0.0000000000000000E+000                  0.0000000000000000E+000                  0.0000000000000000E+000                  0.0000000000000000E+000                  0.0000000000000000E+000                  0.0000000000000000E+000                  0.0000000000000000E+000                 -1.3582935784792049E+001                 -9.8999999999999986E+001                  0.0000000000000000E+000                  0.0000000000000000E+000                 -9.8999999999999986E+001                 -9.8999999999999986E+001                  1.5585390245857113E+001                 -9.9000000000000000E+001                 -9.9000000000000000E+001                 -9.9000000000000000E+001 
                 9.9995974893785700E-001                  2.8189276082338935E+001                  1.6150843958220207E+002                  5.9607148720426456E+004                 -7.1993477032514788E+000                  4.0633303073523956E+000                  5.7409366281545752E+012                  2.4007801866043600E+001                  2.2907646959016509E+009                  1.1602758244008422E+000                  9.1619100049681268E-002                  1.0156163240663718E+000                  2.1585940633427239E-001                  8.5000496627254152E-001                  5.9561957615608022E+004                  4.5191104818437388E+001                  8.0344068292951954E+002                  1.2899810338405673E-001                  0.0000000000000000E+000                  2.1248300972424992E+005                  2.0837430513908768E+002                  9.2702294680250849E-027                  9.2702294680250863E-027                  0.0000000000000000E+000                  0.0000000000000000E+000                  3.7087052250643219E-028                  0.0000000000000000E+000                 -1.6231090253811352E+001                  6.9999999999999996E-001                  2.9797635251138618E-005                  2.7997020236474884E-001                  4.1193902129486445E-003                  1.2067031330276047E-003                  1.1203876416666529E-002                  2.5129237964844936E-003                  9.5710644087274629E-004                  0.0000000000000000E+000                  0.0000000000000000E+000                  0.0000000000000000E+000                  0.0000000000000000E+000                  0.0000000000000000E+000                  0.0000000000000000E+000                  0.0000000000000000E+000                  0.0000000000000000E+000                  0.0000000000000000E+000                  0.0000000000000000E+000                 -1.3503074637764987E+001                 -9.8999999999999986E+001                  0.0000000000000000E+000                  0.0000000000000000E+000                 -9.8999999999999986E+001                 -9.8999999999999986E+001                  1.5584581619718101E+001                 -9.9000000000000000E+001                 -9.9000000000000000E+001                 -9.9000000000000000E+001 
                 9.9995664800249695E-001                  2.8160249349796750E+001                  1.6150846564278370E+002                  6.4181470789141247E+004                 -7.1746081558938766E+000                  4.0674166501993012E+000                  5.8646541397724150E+012                  2.4080680522664352E+001                  2.3156353968803282E+009                  1.1611310407694100E+000                  9.1951925499036108E-002                  1.0077826582619749E+000                  2.2350566534593469E-001                  8.5000496627254152E-001                  6.4134546432129326E+004                  4.6924357011920428E+001                  9.0239984897512295E+002                  1.2717102133134506E-001                  0.0000000000000000E+000                  2.0887767948199646E+005                  2.2544513187836995E+002                  9.8137751112148115E-027                  9.8137751112148129E-027                  0.0000000000000000E+000                  0.0000000000000000E+000                  3.9261594503385411E-028                  0.0000000000000000E+000                 -1.4983195608693887E+001                  6.9999999999999996E-001                  2.9797635251138618E-005                  2.7997020236474884E-001                  4.1193902129486445E-003                  1.2067031330276047E-003                  1.1203876416666529E-002                  2.5129237964844936E-003                  9.5710644087274629E-004                  0.0000000000000000E+000                  0.0000000000000000E+000                  0.0000000000000000E+000                  0.0000000000000000E+000                  0.0000000000000000E+000                  0.0000000000000000E+000                  0.0000000000000000E+000                  0.0000000000000000E+000                  0.0000000000000000E+000                  0.0000000000000000E+000                 -1.3425504889962781E+001                 -9.8999999999999986E+001                  0.0000000000000000E+000                  0.0000000000000000E+000                 -9.8999999999999986E+001                 -9.8999999999999986E+001                  1.5583666607243970E+001                 -9.9000000000000000E+001                 -9.9000000000000000E+001                 -9.9000000000000000E+001 
                 9.9995332565382877E-001                  2.8130811047316847E+001                  1.6150849141746809E+002                  6.9102825539992060E+004                 -7.1498658707643390E+000                  4.0714477139104899E+000                  5.9903187447358887E+012                  2.4156614021204806E+001                  2.3375757590731354E+009                  1.1620262066779210E+000                  9.2323084861610449E-002                  1.0000118438481880E+000                  2.3077914498125238E-001                  8.5000496627254152E-001                  6.9054126254967661E+004                  4.8699285024392118E+001                  1.0113790004689604E+003                  1.2554899284555571E-001                  0.0000000000000000E+000                  2.0536024777693697E+005                  2.4330627867384763E+002                  1.0389260404203410E-026                  1.0389260404203410E-026                  0.0000000000000000E+000                  0.0000000000000000E+000                  4.1563916490735909E-028                  0.0000000000000000E+000                 -1.3802861892077093E+001                  6.9999999999999996E-001                  2.9797635251138618E-005                  2.7997020236474884E-001                  4.1193902129486445E-003                  1.2067031330276047E-003                  1.1203876416666529E-002                  2.5129237964844936E-003                  9.5710644087274629E-004                  0.0000000000000000E+000                  0.0000000000000000E+000                  0.0000000000000000E+000                  0.0000000000000000E+000                  0.0000000000000000E+000                  0.0000000000000000E+000                  0.0000000000000000E+000                  0.0000000000000000E+000                  0.0000000000000000E+000                  0.0000000000000000E+000                 -1.3350440306156145E+001                 -9.8999999999999986E+001                  0.0000000000000000E+000                  0.0000000000000000E+000                 -9.8999999999999986E+001                 -9.8999999999999986E+001                  1.5582741644549291E+001                 -9.9000000000000000E+001                 -9.9000000000000000E+001                 -9.9000000000000000E+001 
                 9.9994976624234355E-001                  2.8100955924297171E+001                  1.6150851685594108E+002                  7.4397640670726658E+004                 -7.1250441413813226E+000                  4.0754299489360362E+000                  6.1152553709626582E+012                  2.4230102156814645E+001                  2.3563835273999372E+009                  1.1629564663468355E+000                  9.2729984083484290E-002                  9.9244063111221004E-001                  2.3790351732262865E-001                  8.5000496627254152E-001                  7.4347122045291428E+004                  5.0518625435225971E+001                  1.1313501089411682E+003                  1.2411623561168941E-001                  0.0000000000000000E+000                  2.0192526814458251E+005                  2.6200844268758465E+002                  1.1000509666398590E-026                  1.1000509666398591E-026                  0.0000000000000000E+000                  0.0000000000000000E+000                  4.4009318020992145E-028                  0.0000000000000000E+000                 -1.2034143113240702E+001                  6.9999999999999996E-001                  2.9797635251138618E-005                  2.7997020236474884E-001                  4.1193902129486445E-003                  1.2067031330276047E-003                  1.1203876416666529E-002                  2.5129237964844936E-003                  9.5710644087274629E-004                  0.0000000000000000E+000                  0.0000000000000000E+000                  0.0000000000000000E+000                  0.0000000000000000E+000                  0.0000000000000000E+000                  0.0000000000000000E+000                  0.0000000000000000E+000                  0.0000000000000000E+000                  0.0000000000000000E+000                  0.0000000000000000E+000                 -1.3276642546115133E+001                 -9.8999999999999986E+001                  0.0000000000000000E+000                  0.0000000000000000E+000                 -9.8999999999999986E+001                 -9.8999999999999986E+001                  1.5581789157445991E+001                 -9.9000000000000000E+001                 -9.9000000000000000E+001                 -9.9000000000000000E+001 
                 9.9994595302163680E-001                  2.8070683992628734E+001                  1.6150854061618054E+002                  8.0094362668427144E+004                 -7.0999821865615615E+000                  4.0793690828900173E+000                  6.2338435644571855E+012                  2.4290956102015191E+001                  2.3718114541367402E+009                  1.1639162958774325E+000                  9.3165318796340574E-002                  9.8533870296966253E-001                  2.4534287090071966E-001                  8.5000496627254152E-001                  8.0041977534192221E+004                  5.2385134234917906E+001                  1.2634611028148772E+003                  1.2285163001874490E-001                  0.0000000000000000E+000                  1.9854689676490310E+005                  2.8162081439118782E+002                  1.1654172946300854E-026                  1.1654172946300855E-026                  0.0000000000000000E+000                  0.0000000000000000E+000                  4.6624403688690933E-028                  0.0000000000000000E+000                 -1.0068670060893227E+001                  6.9999999999999996E-001                  2.9797635251138618E-005                  2.7997020236474884E-001                  4.1193902129486445E-003                  1.2067031330276047E-003                  1.1203876416666529E-002                  2.5129237964844936E-003                  9.5710644087274629E-004                  0.0000000000000000E+000                  0.0000000000000000E+000                  0.0000000000000000E+000                  0.0000000000000000E+000                  0.0000000000000000E+000                  0.0000000000000000E+000                  0.0000000000000000E+000                  0.0000000000000000E+000                  0.0000000000000000E+000                  0.0000000000000000E+000                 -1.3201751290863568E+001                 -9.8999999999999986E+001                  0.0000000000000000E+000                  0.0000000000000000E+000                 -9.8999999999999986E+001                 -9.8999999999999986E+001                  1.5580641572890434E+001                 -9.9000000000000000E+001                 -9.9000000000000000E+001                 -9.9000000000000000E+001 
                 9.9994186808002605E-001                  2.8040006838823167E+001                  1.6150856191235820E+002                  8.6223594519657359E+004                 -7.0747803710814896E+000                  4.0832701393627646E+000                  6.3491798736237412E+012                  2.4344999718412819E+001                  2.3843958539838324E+009                  1.1649054590192744E+000                  9.3625407513594272E-002                  9.7852457581575403E-001                  2.5289551468918331E-001                  8.5000496627254152E-001                  8.6169292962079999E+004                  5.4301557577367213E+001                  1.4088606739349209E+003                  1.2173475319603784E-001                  0.0000000000000000E+000                  1.9521515721531774E+005                  3.0214973553509714E+002                  1.2350661107768043E-026                  1.2350661107768041E-026                  0.0000000000000000E+000                  0.0000000000000000E+000                  4.9410817221148489E-028                  0.0000000000000000E+000                 -8.8225909165632626E+000                  6.9999999999999996E-001                  2.9797635251138618E-005                  2.7997020236474884E-001                  4.1193902129486445E-003                  1.2067031330276047E-003                  1.1203876416666529E-002                  2.5129237964844936E-003                  9.5710644087274629E-004                  0.0000000000000000E+000                  0.0000000000000000E+000                  0.0000000000000000E+000                  0.0000000000000000E+000                  0.0000000000000000E+000                  0.0000000000000000E+000                  0.0000000000000000E+000                  0.0000000000000000E+000                  0.0000000000000000E+000                  0.0000000000000000E+000                 -1.3126897773634402E+001                 -9.8999999999999986E+001                  0.0000000000000000E+000                  0.0000000000000000E+000                 -9.8999999999999986E+001                 -9.8999999999999986E+001                  1.5579247608750798E+001                 -9.9000000000000000E+001                 -9.9000000000000000E+001                 -9.9000000000000000E+001 
                 9.9993749226247552E-001                  2.8008929553160801E+001                  1.6150858190172542E+002                  9.2818266585167876E+004                 -7.0495816357087007E+000                  4.0871377949343799E+000                  6.4660683395571299E+012                  2.4400993098736144E+001                  2.3945850050244923E+009                  1.1659255498854817E+000                  9.4117729156561386E-002                  9.7174828484259601E-001                  2.6016572965126150E-001                  8.5000496627254152E-001                  9.2761995808523672E+004                  5.6270776644210315E+001                  1.5685762348227447E+003                  1.2075594518014472E-001                  0.0000000000000000E+000                  1.9194873146026552E+005                  3.2358065544143147E+002                  1.3088686747281738E-026                  1.3088686747281738E-026                  0.0000000000000000E+000                  0.0000000000000000E+000                  5.2363408152382997E-028                  0.0000000000000000E+000                 -7.7484122484927109E+000                  6.9999999999999996E-001                  2.9797635251138618E-005                  2.7997020236474884E-001                  4.1193902129486445E-003                  1.2067031330276047E-003                  1.1203876416666529E-002                  2.5129237964844936E-003                  9.5710644087274629E-004                  0.0000000000000000E+000                  0.0000000000000000E+000                  0.0000000000000000E+000                  0.0000000000000000E+000                  0.0000000000000000E+000                  0.0000000000000000E+000                  0.0000000000000000E+000                  0.0000000000000000E+000                  0.0000000000000000E+000                  0.0000000000000000E+000                 -1.3053845359880937E+001                 -9.8999999999999986E+001                  0.0000000000000000E+000                  0.0000000000000000E+000                 -9.8999999999999986E+001                 -9.8999999999999986E+001                  1.5577773435443326E+001                 -9.9000000000000000E+001                 -9.9000000000000000E+001                 -9.9000000000000000E+001 
                 9.9993280508019478E-001                  2.7977447213005973E+001                  1.6150860070650558E+002                  9.9913830339259846E+004                 -7.0243835263710670E+000                  4.0909766374908001E+000                  6.5845695460892744E+012                  2.4459296040576973E+001                  2.4021733697970490E+009                  1.1669793179708723E+000                  9.4646985439139159E-002                  9.6501427571118037E-001                  2.6710673329771989E-001                  8.5000496627254152E-001                  9.9855534403288533E+004                  5.8295935971310236E+001                  1.7437085609942148E+003                  1.1991318311976290E-001                  0.0000000000000000E+000                  1.8875870760517305E+005                  3.4592590651756194E+002                  1.3870800493287462E-026                  1.3870800493287462E-026                  0.0000000000000000E+000                  0.0000000000000000E+000                  5.5492380684006919E-028                  0.0000000000000000E+000                 -6.6227673821847599E+000                  6.9999999999999996E-001                  2.9797635251138618E-005                  2.7997020236474884E-001                  4.1193902129486445E-003                  1.2067031330276047E-003                  1.1203876416666529E-002                  2.5129237964844936E-003                  9.5710644087274629E-004                  0.0000000000000000E+000                  0.0000000000000000E+000                  0.0000000000000000E+000                  0.0000000000000000E+000                  0.0000000000000000E+000                  0.0000000000000000E+000                  0.0000000000000000E+000                  0.0000000000000000E+000                  0.0000000000000000E+000                  0.0000000000000000E+000                 -1.2982660863003794E+001                 -9.8999999999999986E+001                  0.0000000000000000E+000                  0.0000000000000000E+000                 -9.8999999999999986E+001                 -9.8999999999999986E+001                  1.5576321503705701E+001                 -9.9000000000000000E+001                 -9.9000000000000000E+001                 -9.9000000000000000E+001 
                 9.9992778461481857E-001                  2.7945554989592477E+001                  1.6150861792230427E+002                  1.0754845259071930E+005                 -6.9991510128565997E+000                  4.0947908576902234E+000                  6.7033628528988643E+012                  2.4516961398414480E+001                  2.4073201241586251E+009                  1.1680657253115665E+000                  9.5201810479950369E-002                  9.5839132758164447E-001                  2.7383663093461313E-001                  8.5000496627254152E-001                  1.0748807230548101E+005                  6.0380285238295102E+001                  1.9355214490426297E+003                  1.1919472429885603E-001                  0.0000000000000000E+000                  1.8563964434504136E+005                  3.6920599531524516E+002                  1.4700821568356729E-026                  1.4700821568356729E-026                  0.0000000000000000E+000                  0.0000000000000000E+000                  5.8813014233603309E-028                  0.0000000000000000E+000                 -5.2514681631501068E+000                  6.9999999999999996E-001                  2.9797635251138618E-005                  2.7997020236474884E-001                  4.1193902129486445E-003                  1.2067031330276047E-003                  1.1203876416666529E-002                  2.5129237964844936E-003                  9.5710644087274629E-004                  0.0000000000000000E+000                  0.0000000000000000E+000                  0.0000000000000000E+000                  0.0000000000000000E+000                  0.0000000000000000E+000                  0.0000000000000000E+000                  0.0000000000000000E+000                  0.0000000000000000E+000                  0.0000000000000000E+000                  0.0000000000000000E+000                 -1.2912811759574874E+001                 -9.8999999999999986E+001                  0.0000000000000000E+000                  0.0000000000000000E+000                 -9.8999999999999986E+001                 -9.8999999999999986E+001                  1.5574867311674453E+001                 -9.9000000000000000E+001                 -9.9000000000000000E+001                 -9.9000000000000000E+001 
                 9.9992240742410587E-001                  2.7913250609410710E+001                  1.6150863254339848E+002                  1.1576321308756442E+005                 -6.9737858238738140E+000                  4.0985839365831849E+000                  6.8185080826861084E+012                  2.4566954035072655E+001                  2.4103358959742022E+009                  1.1691749899366004E+000                  9.5773771340865774E-002                  9.5205533242710705E-001                  2.8068717103351315E-001                  8.5000496627254152E-001                  1.1570068610428883E+005                  6.2526983275582246E+001                  2.1454466749711842E+003                  1.1857913480858547E-001                  0.0000000000000000E+000                  1.8257585226076143E+005                  3.9346138731712102E+002                  1.5585280624932744E-026                  1.5585280624932741E-026                  0.0000000000000000E+000                  0.0000000000000000E+000                  6.2351435732475942E-028                  0.0000000000000000E+000                 -3.6307905289000715E+000                  6.9999999999999996E-001                  2.9797635251138618E-005                  2.7997020236474884E-001                  4.1193902129486445E-003                  1.2067031330276047E-003                  1.1203876416666529E-002                  2.5129237964844936E-003                  9.5710644087274629E-004                  0.0000000000000000E+000                  0.0000000000000000E+000                  0.0000000000000000E+000                  0.0000000000000000E+000                  0.0000000000000000E+000                  0.0000000000000000E+000                  0.0000000000000000E+000                  0.0000000000000000E+000                  0.0000000000000000E+000                  0.0000000000000000E+000                 -1.2842801072159585E+001                 -9.8999999999999986E+001                  0.0000000000000000E+000                  0.0000000000000000E+000                 -9.8999999999999986E+001                 -9.8999999999999986E+001                  1.5573312992472365E+001                 -9.9000000000000000E+001                 -9.9000000000000000E+001                 -9.9000000000000000E+001 
                 9.9991664844514094E-001                  2.7880539306742140E+001                  1.6150864336995593E+002                  1.2460231438287084E+005                 -6.9483339157383792E+000                  4.1023590863412718E+000                  6.9316308589093418E+012                  2.4612334174528005E+001                  2.4110764931369872E+009                  1.1703086851880498E+000                  9.6372002565469850E-002                  9.4591646366440196E-001                  2.8749583607449813E-001                  8.5000496627254152E-001                  1.2453757507159001E+005                  6.4739311280841306E+001                  2.3749754414589438E+003                  1.1805881311947412E-001                  0.0000000000000000E+000                  1.7956053255018336E+005                  4.1869396400447164E+002                  1.6526261659988274E-026                  1.6526261659988274E-026                  0.0000000000000000E+000                  0.0000000000000000E+000                  6.6115982547565437E-028                  0.0000000000000000E+000                 -2.5560244471757887E+000                  6.9999999999999996E-001                  2.9797635251138618E-005                  2.7997020236474884E-001                  4.1193902129486445E-003                  1.2067031330276047E-003                  1.1203876416666529E-002                  2.5129237964844936E-003                  9.5710644087274629E-004                  0.0000000000000000E+000                  0.0000000000000000E+000                  0.0000000000000000E+000                  0.0000000000000000E+000                  0.0000000000000000E+000                  0.0000000000000000E+000                  0.0000000000000000E+000                  0.0000000000000000E+000                  0.0000000000000000E+000                  0.0000000000000000E+000                 -1.2773296969314533E+001                 -9.8999999999999986E+001                  0.0000000000000000E+000                  0.0000000000000000E+000                 -9.8999999999999986E+001                 -9.8999999999999986E+001                  1.5571618130364794E+001                 -9.9000000000000000E+001                 -9.9000000000000000E+001                 -9.9000000000000000E+001 
                 9.9991048088139600E-001                  2.7847423184228756E+001                  1.6150865153244004E+002                  1.3411332786854409E+005                 -6.9228925708775684E+000                  4.1061196266950990E+000                  7.0464691067792324E+012                  2.4659450388405258E+001                  2.4095478531982355E+009                  1.1714744990810493E+000                  9.7000764931961109E-002                  9.3980469294671554E-001                  2.9398702002305305E-001                  8.5000496627254152E-001                  1.3404630697150613E+005                  6.7020897037964872E+001                  2.6255702109413669E+003                  1.1763771902875730E-001                  0.0000000000000000E+000                  1.7660591284486227E+005                  4.4490326016756126E+002                  1.7523638902004306E-026                  1.7523638902004306E-026                  0.0000000000000000E+000                  0.0000000000000000E+000                  7.0106151509577050E-028                  0.0000000000000000E+000                 -1.4884346646478599E+000                  6.9999999999999996E-001                  2.9797635251138618E-005                  2.7997020236474884E-001                  4.1193902129486445E-003                  1.2067031330276047E-003                  1.1203876416666529E-002                  2.5129237964844936E-003                  9.5710644087274629E-004                  0.0000000000000000E+000                  0.0000000000000000E+000                  0.0000000000000000E+000                  0.0000000000000000E+000                  0.0000000000000000E+000                  0.0000000000000000E+000                  0.0000000000000000E+000                  0.0000000000000000E+000                  0.0000000000000000E+000                  0.0000000000000000E+000                 -1.2705399727766233E+001                 -9.8999999999999986E+001                  0.0000000000000000E+000                  0.0000000000000000E+000                 -9.8999999999999986E+001                 -9.8999999999999986E+001                  1.5569886897396271E+001                 -9.9000000000000000E+001                 -9.9000000000000000E+001                 -9.9000000000000000E+001 
                 9.9990387608044917E-001                  2.7813897044989346E+001                  1.6150865662262083E+002                  1.4434746417124729E+005                 -6.8973813507006900E+000                  4.1098685869753773E+000                  7.1598941292492363E+012                  2.4703844719392933E+001                  2.4060626073164797E+009                  1.1726659241928408E+000                  9.7650141344924557E-002                  9.3386587483515526E-001                  3.0050249330931655E-001                  8.5000496627254152E-001                  1.4427808867902949E+005                  6.9375492217808329E+001                  2.8989989293259368E+003                  1.1730714764843236E-001                  0.0000000000000000E+000                  1.7371136025292767E+005                  4.7216388124253831E+002                  1.8584210308177915E-026                  1.8584210308177912E-026                  0.0000000000000000E+000                  0.0000000000000000E+000                  7.4349138945716985E-028                  0.0000000000000000E+000                 -1.6857034470778850E-002                  6.9999999999999996E-001                  2.9797635251138618E-005                  2.7997020236474884E-001                  4.1193902129486445E-003                  1.2067031330276047E-003                  1.1203876416666529E-002                  2.5129237964844936E-003                  9.5710644087274629E-004                  0.0000000000000000E+000                  0.0000000000000000E+000                  0.0000000000000000E+000                  0.0000000000000000E+000                  0.0000000000000000E+000                  0.0000000000000000E+000                  0.0000000000000000E+000                  0.0000000000000000E+000                  0.0000000000000000E+000                  0.0000000000000000E+000                 -1.2637710163281829E+001                 -9.8999999999999986E+001                  0.0000000000000000E+000                  0.0000000000000000E+000                 -9.8999999999999986E+001                 -9.8999999999999986E+001                  1.5568132584013361E+001                 -9.9000000000000000E+001                 -9.9000000000000000E+001                 -9.9000000000000000E+001 
                 9.9989680340761256E-001                  2.7779961914552011E+001                  1.6150865668435256E+002                  1.5535984011277801E+005                 -6.8717548709870089E+000                  4.1136084819393730E+000                  7.2700521115868018E+012                  2.4742408497058431E+001                  2.4009269415816851E+009                  1.1738767845920302E+000                  9.8315700056037486E-002                  9.2816752847221040E-001                  3.0724882995958447E-001                  8.5000496627254152E-001                  1.5528803329887937E+005                  7.1806813898648514E+001                  3.1974022936166070E+003                  1.1705146074141069E-001                  0.0000000000000000E+000                  1.7086245441464789E+005                  5.0054626855687206E+002                  1.9714214729378729E-026                  1.9714214729378729E-026                  0.0000000000000000E+000                  0.0000000000000000E+000                  7.8869904387906473E-028                  0.0000000000000000E+000                  1.3309408798884779E+000                  6.9999999999999996E-001                  2.9797635251138618E-005                  2.7997020236474884E-001                  4.1193902129486445E-003                  1.2067031330276047E-003                  1.1203876416666529E-002                  2.5129237964844936E-003                  9.5710644087274629E-004                  0.0000000000000000E+000                  0.0000000000000000E+000                  0.0000000000000000E+000                  0.0000000000000000E+000                  0.0000000000000000E+000                  0.0000000000000000E+000                  0.0000000000000000E+000                  0.0000000000000000E+000                  0.0000000000000000E+000                  0.0000000000000000E+000                 -1.2569436074253417E+001                 -9.8999999999999986E+001                  0.0000000000000000E+000                  0.0000000000000000E+000                 -9.8999999999999986E+001                 -9.8999999999999986E+001                  1.5566259823132839E+001                 -9.9000000000000000E+001                 -9.9000000000000000E+001                 -9.9000000000000000E+001 
                 9.9988923011490460E-001                  2.7745622603405668E+001                  1.6150865146535367E+002                  1.6720976835616081E+005                 -6.8460884492493754E+000                  4.1173417700817003E+000                  7.3795420102088164E+012                  2.4778824174819775E+001                  2.3940597457644620E+009                  1.1751142269385149E+000                  9.9008226440013461E-002                  9.2258055214405721E-001                  3.1397099151763885E-001                  8.5000496627254152E-001                  1.6713544953541376E+005                  7.4318820747060315E+001                  3.5229297261248817E+003                  1.1686938422301227E-001                  0.0000000000000000E+000                  1.6806014665696886E+005                  5.3007477243063158E+002                  2.0914865452127149E-026                  2.0914865452127149E-026                  0.0000000000000000E+000                  0.0000000000000000E+000                  8.3673301785106697E-028                  0.0000000000000000E+000                  2.2998797033694256E+000                  6.9999999999999996E-001                  2.9797635251138618E-005                  2.7997020236474884E-001                  4.1193902129486445E-003                  1.2067031330276047E-003                  1.1203876416666529E-002                  2.5129237964844936E-003                  9.5710644087274629E-004                  0.0000000000000000E+000                  0.0000000000000000E+000                  0.0000000000000000E+000                  0.0000000000000000E+000                  0.0000000000000000E+000                  0.0000000000000000E+000                  0.0000000000000000E+000                  0.0000000000000000E+000                  0.0000000000000000E+000                  0.0000000000000000E+000                 -1.2501572865549623E+001                 -9.8999999999999986E+001                  0.0000000000000000E+000                  0.0000000000000000E+000                 -9.8999999999999986E+001                 -9.8999999999999986E+001                  1.5564287248375816E+001                 -9.9000000000000000E+001                 -9.9000000000000000E+001                 -9.9000000000000000E+001 
                 9.9988112119621697E-001                  2.7710878211859775E+001                  1.6150864180903110E+002                  1.7996109141952349E+005                 -6.8204397186978207E+000                  4.1210710604450256E+000                  7.4904327121601201E+012                  2.4816069959108574E+001                  2.3852683944825902E+009                  1.1763858985986719E+000                  9.9728656107462593E-002                  9.1702368654979394E-001                  3.2044201240563758E-001                  8.5000496627254152E-001                  1.7988417554693873E+005                  7.6915872584755959E+001                  3.8777268512098985E+003                  1.1676593055228032E-001                  0.0000000000000000E+000                  1.6531632002779341E+005                  5.6077808153509761E+002                  2.2187748947245240E-026                  2.2187748947245240E-026                  0.0000000000000000E+000                  0.0000000000000000E+000                  8.8765678070433711E-028                  0.0000000000000000E+000                  3.1841279717134494E+000                  6.9999999999999996E-001                  2.9797635251138618E-005                  2.7997020236474884E-001                  4.1193902129486445E-003                  1.2067031330276047E-003                  1.1203876416666529E-002                  2.5129237964844936E-003                  9.5710644087274629E-004                  0.0000000000000000E+000                  0.0000000000000000E+000                  0.0000000000000000E+000                  0.0000000000000000E+000                  0.0000000000000000E+000                  0.0000000000000000E+000                  0.0000000000000000E+000                  0.0000000000000000E+000                  0.0000000000000000E+000                  0.0000000000000000E+000                 -1.2434945384591794E+001                 -9.8999999999999986E+001                  0.0000000000000000E+000                  0.0000000000000000E+000                 -9.8999999999999986E+001                 -9.8999999999999986E+001                  1.5562315479443782E+001                 -9.9000000000000000E+001                 -9.9000000000000000E+001                 -9.9000000000000000E+001 
                 9.9987243922886015E-001                  2.7675723246629225E+001                  1.6150862749531629E+002                  1.9368253828439565E+005                 -6.7947893562551585E+000                  4.1247988591601930E+000                  7.6020976951046855E+012                  2.4853536755274551E+001                  2.3744748996668305E+009                  1.1776959263959581E+000                  1.0047406335960613E-001                  9.1153621437576704E-001                  3.2668620164919471E-001                  8.5000496627254152E-001                  1.9360293570030757E+005                  7.9602584088063637E+001                  4.2642263834627583E+003                  1.1673806736486325E-001                  0.0000000000000000E+000                  1.6263407467585700E+005                  5.9272320864990593E+002                  2.3538204147399794E-026                  2.3538204147399794E-026                  0.0000000000000000E+000                  0.0000000000000000E+000                  9.4168392507499653E-028                  0.0000000000000000E+000                  4.2347762264873170E+000                  6.9999999999999996E-001                  2.9797635251138618E-005                  2.7997020236474884E-001                  4.1193902129486445E-003                  1.2067031330276047E-003                  1.1203876416666529E-002                  2.5129237964844936E-003                  9.5710644087274629E-004                  0.0000000000000000E+000                  0.0000000000000000E+000                  0.0000000000000000E+000                  0.0000000000000000E+000                  0.0000000000000000E+000                  0.0000000000000000E+000                  0.0000000000000000E+000                  0.0000000000000000E+000                  0.0000000000000000E+000                  0.0000000000000000E+000                 -1.2369418674875133E+001                 -9.8999999999999986E+001                  0.0000000000000000E+000                  0.0000000000000000E+000                 -9.8999999999999986E+001                 -9.8999999999999986E+001                  1.5560377303076356E+001                 -9.9000000000000000E+001                 -9.9000000000000000E+001                 -9.9000000000000000E+001 
                 9.9986314421345190E-001                  2.7640153718385140E+001                  1.6150860711437306E+002                  2.0844808770979475E+005                 -6.7690782579556039E+000                  4.1285274304016761E+000                  7.7123082539356367E+012                  2.4888219861303583E+001                  2.3622015808936300E+009                  1.1790315814538599E+000                  1.0124339160614373E-001                  9.0620537740677687E-001                  3.3296619583427561E-001                  8.5000496627254152E-001                  2.0836570397979364E+005                  8.2383730001112824E+001                  4.6852939924385655E+003                  1.1677848274282028E-001                  0.0000000000000000E+000                  1.6000386369461956E+005                  6.2600677588024928E+002                  2.4974365118019395E-026                  2.4974365118019395E-026                  0.0000000000000000E+000                  0.0000000000000000E+000                  9.9913986740589104E-028                  0.0000000000000000E+000                  5.5326207894634694E+000                  6.9999999999999996E-001                  2.9797635251138618E-005                  2.7997020236474884E-001                  4.1193902129486445E-003                  1.2067031330276047E-003                  1.1203876416666529E-002                  2.5129237964844936E-003                  9.5710644087274629E-004                  0.0000000000000000E+000                  0.0000000000000000E+000                  0.0000000000000000E+000                  0.0000000000000000E+000                  0.0000000000000000E+000                  0.0000000000000000E+000                  0.0000000000000000E+000                  0.0000000000000000E+000                  0.0000000000000000E+000                  0.0000000000000000E+000                 -1.2304097467160082E+001                 -9.8999999999999986E+001                  0.0000000000000000E+000                  0.0000000000000000E+000                 -9.8999999999999986E+001                 -9.8999999999999986E+001                  1.5558412997053463E+001                 -9.9000000000000000E+001                 -9.9000000000000000E+001                 -9.9000000000000000E+001 
                 9.9985319340784418E-001                  2.7604170549599960E+001                  1.6150857860859858E+002                  2.2433735382614227E+005                 -6.7432787972213255E+000                  4.1322586676996993E+000                  7.8199319953736719E+012                  2.4918249743172638E+001                  2.3489104174122400E+009                  1.1803825082953550E+000                  1.0202779780897810E-001                  9.0105963381070719E-001                  3.3945377914395963E-001                  8.5000496627254152E-001                  2.2425208968921282E+005                  8.5264136929446906E+001                  5.1440803589616880E+003                  1.1687591380015154E-001                  0.0000000000000000E+000                  1.5741417131526288E+005                  6.6070843129365403E+002                  2.6503564478473682E-026                  2.6503564478473682E-026                  0.0000000000000000E+000                  0.0000000000000000E+000                  1.0603179609941332E-027                  0.0000000000000000E+000                  6.7340243337199519E+000                  6.9999999999999996E-001                  2.9797635251138618E-005                  2.7997020236474884E-001                  4.1193902129486445E-003                  1.2067031330276047E-003                  1.1203876416666529E-002                  2.5129237964844936E-003                  9.5710644087274629E-004                  0.0000000000000000E+000                  0.0000000000000000E+000                  0.0000000000000000E+000                  0.0000000000000000E+000                  0.0000000000000000E+000                  0.0000000000000000E+000                  0.0000000000000000E+000                  0.0000000000000000E+000                  0.0000000000000000E+000                  0.0000000000000000E+000                 -1.2238313620981121E+001                 -9.8999999999999986E+001                  0.0000000000000000E+000                  0.0000000000000000E+000                 -9.8999999999999986E+001                 -9.8999999999999986E+001                  1.5556350654577942E+001                 -9.9000000000000000E+001                 -9.9000000000000000E+001                 -9.9000000000000000E+001 
                 9.9984254114128324E-001                  2.7567777166707074E+001                  1.6150854146701596E+002                  2.4143601541439196E+005                 -6.7174592966681583E+000                  4.1359943398009111E+000                  7.9273460832765156E+012                  2.4947238145851600E+001                  2.3342223774898496E+009                  1.1817628591515907E+000                  1.0283358651557986E-001                  8.9599349046322674E-001                  3.4585863432308062E-001                  8.5000496627254152E-001                  2.4134776655746414E+005                  8.8248856927813392E+001                  5.6436678224521656E+003                  1.1702675226292476E-001                  0.0000000000000000E+000                  1.5486753324645234E+005                  6.9684633690377950E+002                  2.8127716427498378E-026                  2.8127716427498383E-026                  0.0000000000000000E+000                  0.0000000000000000E+000                  1.1252947864561958E-027                  0.0000000000000000E+000                  7.5399583703834159E+000                  6.9999999999999996E-001                  2.9797635251138618E-005                  2.7997020236474884E-001                  4.1193902129486445E-003                  1.2067031330276047E-003                  1.1203876416666529E-002                  2.5129237964844936E-003                  9.5710644087274629E-004                  0.0000000000000000E+000                  0.0000000000000000E+000                  0.0000000000000000E+000                  0.0000000000000000E+000                  0.0000000000000000E+000                  0.0000000000000000E+000                  0.0000000000000000E+000                  0.0000000000000000E+000                  0.0000000000000000E+000                  0.0000000000000000E+000                 -1.2173063843047380E+001                 -9.8999999999999986E+001                  0.0000000000000000E+000                  0.0000000000000000E+000                 -9.8999999999999986E+001                 -9.8999999999999986E+001                  1.5554218822885712E+001                 -9.9000000000000000E+001                 -9.9000000000000000E+001                 -9.9000000000000000E+001 
                 9.9983113861008610E-001                  2.7530971445750517E+001                  1.6150849695124336E+002                  2.5983629995337565E+005                 -6.6916748974513567E+000                  4.1397365852936776E+000                  8.0366031735003730E+012                  2.4977302813233191E+001                  2.3177560184746327E+009                  1.1831883779976766E+000                  1.0367591299184693E-001                  8.9093750884780709E-001                  3.5193851904299456E-001                  8.5000496627254152E-001                  2.5974495636455133E+005                  9.1343588824327014E+001                  6.1870458039434170E+003                  1.1724271539292469E-001                  0.0000000000000000E+000                  1.5237607226505622E+005                  7.3443461547034474E+002                  2.9849005616941103E-026                  2.9849005616941103E-026                  0.0000000000000000E+000                  0.0000000000000000E+000                  1.1941577443227172E-027                  0.0000000000000000E+000                  8.2922857166717048E+000                  6.9999999999999996E-001                  2.9797635251138618E-005                  2.7997020236474884E-001                  4.1193902129486445E-003                  1.2067031330276047E-003                  1.1203876416666529E-002                  2.5129237964844936E-003                  9.5710644087274629E-004                  0.0000000000000000E+000                  0.0000000000000000E+000                  0.0000000000000000E+000                  0.0000000000000000E+000                  0.0000000000000000E+000                  0.0000000000000000E+000                  0.0000000000000000E+000                  0.0000000000000000E+000                  0.0000000000000000E+000                  0.0000000000000000E+000                 -1.2109214636575263E+001                 -9.8999999999999986E+001                  0.0000000000000000E+000                  0.0000000000000000E+000                 -9.8999999999999986E+001                 -9.8999999999999986E+001                  1.5552116434795701E+001                 -9.9000000000000000E+001                 -9.9000000000000000E+001                 -9.9000000000000000E+001 
                 9.9981893366295060E-001                  2.7493746559309852E+001                  1.6150844454851989E+002                  2.7963749365795997E+005                 -6.6658961336225628E+000                  4.1434877536666352E+000                  8.1466208633691943E+012                  2.5006348754332695E+001                  2.2995702389708767E+009                  1.1846579792376457E+000                  1.0455471713585449E-001                  8.8593888075068095E-001                  3.5781102174171708E-001                  8.5000496627254152E-001                  2.7954293904000468E+005                  9.4554617955298681E+001                  6.7775407005417710E+003                  1.1753048641256605E-001                  0.0000000000000000E+000                  1.4994239212378225E+005                  7.7353530892757340E+002                  3.1675242737860917E-026                  3.1675242737860917E-026                  0.0000000000000000E+000                  0.0000000000000000E+000                  1.2672193139220185E-027                  0.0000000000000000E+000                  9.2502730367576778E+000                  6.9999999999999996E-001                  2.9797635251138618E-005                  2.7997020236474884E-001                  4.1193902129486445E-003                  1.2067031330276047E-003                  1.1203876416666529E-002                  2.5129237964844936E-003                  9.5710644087274629E-004                  0.0000000000000000E+000                  0.0000000000000000E+000                  0.0000000000000000E+000                  0.0000000000000000E+000                  0.0000000000000000E+000                  0.0000000000000000E+000                  0.0000000000000000E+000                  0.0000000000000000E+000                  0.0000000000000000E+000                  0.0000000000000000E+000                 -1.2046301717582093E+001                 -9.8999999999999986E+001                  0.0000000000000000E+000                  0.0000000000000000E+000                 -9.8999999999999986E+001                 -9.8999999999999986E+001                  1.5550069151408398E+001                 -9.9000000000000000E+001                 -9.9000000000000000E+001                 -9.9000000000000000E+001 
                 9.9980587058551706E-001                  2.7456098124364647E+001                  1.6150838198174756E+002                  3.0094646199781843E+005                 -6.6400712053924176E+000                  4.1472497537710185E+000                  8.2552327686239736E+012                  2.5032172457846322E+001                  2.2802991959271550E+009                  1.1861531821288933E+000                  1.0545119359234659E-001                  8.8106821494207133E-001                  3.6379128599867255E-001                  8.5000496627254152E-001                  3.0084857370720874E+005                  9.7888290609726027E+001                  7.4189577885156777E+003                  1.1787644201559715E-001                  0.0000000000000000E+000                  1.4755707421414257E+005                  8.1422101198322298E+002                  3.3616814691853227E-026                  3.3616814691853227E-026                  0.0000000000000000E+000                  0.0000000000000000E+000                  1.3448950400514848E-027                  0.0000000000000000E+000                  1.0399940194400273E+001                  6.9999999999999996E-001                  2.9797635251138618E-005                  2.7997020236474884E-001                  4.1193902129486445E-003                  1.2067031330276047E-003                  1.1203876416666529E-002                  2.5129237964844936E-003                  9.5710644087274629E-004                  0.0000000000000000E+000                  0.0000000000000000E+000                  0.0000000000000000E+000                  0.0000000000000000E+000                  0.0000000000000000E+000                  0.0000000000000000E+000                  0.0000000000000000E+000                  0.0000000000000000E+000                  0.0000000000000000E+000                  0.0000000000000000E+000                 -1.1983230068011054E+001                 -9.8999999999999986E+001                  0.0000000000000000E+000                  0.0000000000000000E+000                 -9.8999999999999986E+001                 -9.8999999999999986E+001                  1.5548013734523565E+001                 -9.9000000000000000E+001                 -9.9000000000000000E+001                 -9.9000000000000000E+001 
                 9.9979188987077139E-001                  2.7418026307589216E+001                  1.6150830669753452E+002                  3.2387821377214888E+005                 -6.6141817308231277E+000                  4.1510239455072018E+000                  8.3616499960663516E+012                  2.5053762562775820E+001                  2.2604069820126820E+009                  1.1876751577176377E+000                  1.0636062087312934E-001                  8.7634604155261786E-001                  3.7007498416350804E-001                  8.5000496627254152E-001                  3.2377686289502331E+005                  1.0135087712558438E+002                  8.1152640716053793E+003                  1.1826361340233568E-001                  0.0000000000000000E+000                  1.4521024165006270E+005                  8.5652790017211169E+002                  3.5682731800671077E-026                  3.5682731800671077E-026                  0.0000000000000000E+000                  0.0000000000000000E+000                  1.4275453952056199E-027                  0.0000000000000000E+000                  1.1458609224535341E+001                  6.9999999999999996E-001                  2.9797635251138618E-005                  2.7997020236474884E-001                  4.1193902129486445E-003                  1.2067031330276047E-003                  1.1203876416666529E-002                  2.5129237964844936E-003                  9.5710644087274629E-004                  0.0000000000000000E+000                  0.0000000000000000E+000                  0.0000000000000000E+000                  0.0000000000000000E+000                  0.0000000000000000E+000                  0.0000000000000000E+000                  0.0000000000000000E+000                  0.0000000000000000E+000                  0.0000000000000000E+000                  0.0000000000000000E+000                 -1.1919437990321732E+001                 -9.8999999999999986E+001                  0.0000000000000000E+000                  0.0000000000000000E+000                 -9.8999999999999986E+001                 -9.8999999999999986E+001                  1.5545888609817986E+001                 -9.9000000000000000E+001                 -9.9000000000000000E+001                 -9.9000000000000000E+001 
                 9.9977692795816742E-001                  2.7379533052281353E+001                  1.6150821792824973E+002                  3.4855652794557734E+005                 -6.5882897552208703E+000                  4.1548119404448451E+000                  8.4682410020410859E+012                  2.5074633576690193E+001                  2.2393013773146267E+009                  1.1892494980156156E+000                  1.0730633724220254E-001                  8.7167308504339003E-001                  3.7638283799184630E-001                  8.5000496627254152E-001                  3.4845157865884469E+005                  1.0494928673263756E+002                  8.8701533319237515E+003                  1.1870006186251401E-001                  0.0000000000000000E+000                  1.4290513077431393E+005                  9.0042205131078254E+002                  3.7875859428733386E-026                  3.7875859428733380E-026                  0.0000000000000000E+000                  0.0000000000000000E+000                  1.5152850129225612E-027                  0.0000000000000000E+000                  1.2145055501442766E+001                  6.9999999999999996E-001                  2.9797635251138618E-005                  2.7997020236474884E-001                  4.1193902129486445E-003                  1.2067031330276047E-003                  1.1203876416666529E-002                  2.5129237964844936E-003                  9.5710644087274629E-004                  0.0000000000000000E+000                  0.0000000000000000E+000                  0.0000000000000000E+000                  0.0000000000000000E+000                  0.0000000000000000E+000                  0.0000000000000000E+000                  0.0000000000000000E+000                  0.0000000000000000E+000                  0.0000000000000000E+000                  0.0000000000000000E+000                 -1.1856025565814193E+001                 -9.8999999999999986E+001                  0.0000000000000000E+000                  0.0000000000000000E+000                 -9.8999999999999986E+001                 -9.8999999999999986E+001                  1.5543726717046836E+001                 -9.9000000000000000E+001                 -9.9000000000000000E+001                 -9.9000000000000000E+001 
                 9.9976091695423452E-001                  2.7340614917413369E+001                  1.6150811724394714E+002                  3.7511464692768588E+005                 -6.5624417460297257E+000                  4.1586159900599267E+000                  8.5768211635486211E+012                  2.5097110518209284E+001                  2.2164374469118214E+009                  1.1908921810055666E+000                  1.0830068484533364E-001                  8.6698486139442599E-001                  3.8245004162857793E-001                  8.5000496627254152E-001                  3.7500595540078107E+005                  1.0869152690484709E+002                  9.6872604524841790E+003                  1.1920589265252161E-001                  0.0000000000000000E+000                  1.4065340652397627E+005                  9.4590589831956618E+002                  4.0199743441137426E-026                  4.0199743441137426E-026                  0.0000000000000000E+000                  0.0000000000000000E+000                  1.6082557512706990E-027                  0.0000000000000000E+000                  1.2822226929000829E+001                  6.9999999999999996E-001                  2.9797635251138618E-005                  2.7997020236474884E-001                  4.1193902129486445E-003                  1.2067031330276047E-003                  1.1203876416666529E-002                  2.5129237964844936E-003                  9.5710644087274629E-004                  0.0000000000000000E+000                  0.0000000000000000E+000                  0.0000000000000000E+000                  0.0000000000000000E+000                  0.0000000000000000E+000                  0.0000000000000000E+000                  0.0000000000000000E+000                  0.0000000000000000E+000                  0.0000000000000000E+000                  0.0000000000000000E+000                 -1.1793673300008894E+001                 -9.8999999999999986E+001                  0.0000000000000000E+000                  0.0000000000000000E+000                 -9.8999999999999986E+001                 -9.8999999999999986E+001                  1.5541621173291803E+001                 -9.9000000000000000E+001                 -9.9000000000000000E+001                 -9.9000000000000000E+001 
                 9.9974378434553857E-001                  2.7301264240046290E+001                  1.6150800349938243E+002                  4.0369600506916054E+005                 -6.5366009052859093E+000                  4.1624383297610246E+000                  8.6858864320491211E+012                  2.5119044967620543E+001                  2.1921478015441265E+009                  1.1925955807310062E+000                  1.0933141463578383E-001                  8.6235295200109219E-001                  3.8842239949251478E-001                  8.5000496627254152E-001                  4.0358341889832850E+005                  1.1258617083203085E+002                  1.0571043954720462E+004                  1.1978063714467992E-001                  0.0000000000000000E+000                  1.3845611189405332E+005                  9.9307982857136847E+002                  4.2665543062473003E-026                  4.2665543062473003E-026                  0.0000000000000000E+000                  0.0000000000000000E+000                  1.7069040530781117E-027                  0.0000000000000000E+000                  1.3717364371738361E+001                  6.9999999999999996E-001                  2.9797635251138618E-005                  2.7997020236474884E-001                  4.1193902129486445E-003                  1.2067031330276047E-003                  1.1203876416666529E-002                  2.5129237964844936E-003                  9.5710644087274629E-004                  0.0000000000000000E+000                  0.0000000000000000E+000                  0.0000000000000000E+000                  0.0000000000000000E+000                  0.0000000000000000E+000                  0.0000000000000000E+000                  0.0000000000000000E+000                  0.0000000000000000E+000                  0.0000000000000000E+000                  0.0000000000000000E+000                 -1.1731822540114678E+001                 -9.8999999999999986E+001                  0.0000000000000000E+000                  0.0000000000000000E+000                 -9.8999999999999986E+001                 -9.8999999999999986E+001                  1.5539585512513447E+001                 -9.9000000000000000E+001                 -9.9000000000000000E+001                 -9.9000000000000000E+001 
                 9.9972545270602153E-001                  2.7261476609250227E+001                  1.6150787329797416E+002                  4.3445498251624859E+005                 -6.5107268031766568E+000                  4.1662805738408135E+000                  8.7937363537149326E+012                  2.5138492549869596E+001                  2.1672039436579924E+009                  1.1943316371291144E+000                  1.1038050690694906E-001                  8.5784095247812608E-001                  3.9451896606953796E-001                  8.5000496627254152E-001                  4.3433834076676349E+005                  1.1664174948512776E+002                  1.1526975018195102E+004                  1.2040496366892599E-001                  0.0000000000000000E+000                  1.3630287615702979E+005                  1.0420764190694681E+003                  4.5286102785299917E-026                  4.5286102785299917E-026                  0.0000000000000000E+000                  0.0000000000000000E+000                  1.8117437830437009E-027                  0.0000000000000000E+000                  1.4730009597250426E+001                  6.9999999999999996E-001                  2.9797635251138618E-005                  2.7997020236474884E-001                  4.1193902129486445E-003                  1.2067031330276047E-003                  1.1203876416666529E-002                  2.5129237964844936E-003                  9.5710644087274629E-004                  0.0000000000000000E+000                  0.0000000000000000E+000                  0.0000000000000000E+000                  0.0000000000000000E+000                  0.0000000000000000E+000                  0.0000000000000000E+000                  0.0000000000000000E+000                  0.0000000000000000E+000                  0.0000000000000000E+000                  0.0000000000000000E+000                 -1.1669959291706746E+001                 -9.8999999999999986E+001                  0.0000000000000000E+000                  0.0000000000000000E+000                 -9.8999999999999986E+001                 -9.8999999999999986E+001                  1.5537552993219466E+001                 -9.9000000000000000E+001                 -9.9000000000000000E+001                 -9.9000000000000000E+001 
                 9.9970583937484270E-001                  2.7221251364510898E+001                  1.6150772370951464E+002                  4.6755773065231752E+005                 -6.4848158968551672E+000                  4.1701439254598958E+000                  8.9002445649769043E+012                  2.5155482325446023E+001                  2.1419539817789421E+009                  1.1960802202750962E+000                  1.1144850635784678E-001                  8.5344358815810373E-001                  4.0074959719969183E-001                  8.5000496627254152E-001                  4.6743686373897397E+005                  1.2086691334354718E+002                  1.2561078411970289E+004                  1.2106614005921953E-001                  0.0000000000000000E+000                  1.3418499500316568E+005                  1.0930175640972864E+003                  4.8071740849542018E-026                  4.8071740849542018E-026                  0.0000000000000000E+000                  0.0000000000000000E+000                  1.9231877390440337E-027                  0.0000000000000000E+000                  1.5640519887938995E+001                  6.9999999999999996E-001                  2.9797635251138618E-005                  2.7997020236474884E-001                  4.1193902129486445E-003                  1.2067031330276047E-003                  1.1203876416666529E-002                  2.5129237964844936E-003                  9.5710644087274629E-004                  0.0000000000000000E+000                  0.0000000000000000E+000                  0.0000000000000000E+000                  0.0000000000000000E+000                  0.0000000000000000E+000                  0.0000000000000000E+000                  0.0000000000000000E+000                  0.0000000000000000E+000                  0.0000000000000000E+000                  0.0000000000000000E+000                 -1.1608036931456112E+001                 -9.8999999999999986E+001                  0.0000000000000000E+000                  0.0000000000000000E+000                 -9.8999999999999986E+001                 -9.8999999999999986E+001                  1.5535476291651102E+001                 -9.9000000000000000E+001                 -9.9000000000000000E+001                 -9.9000000000000000E+001 
                 9.9968485609882562E-001                  2.7180588287773109E+001                  1.6150755378025053E+002                  5.0318307973479189E+005                 -6.4589210205196386E+000                  4.1740299054842414E+000                  9.0076096163383867E+012                  2.5173389015106995E+001                  2.1156543248714719E+009                  1.1978708809207239E+000                  1.1255508783128568E-001                  8.4908227035644712E-001                  4.0674360195026216E-001                  8.5000496627254152E-001                  5.0305780850195384E+005                  1.2527123283802068E+002                  1.3679479161752628E+004                  1.2177422487670608E-001                  0.0000000000000000E+000                  1.3210581418636872E+005                  1.1459824786003689E+003                  5.1026893955991996E-026                  5.1026893955991990E-026                  0.0000000000000000E+000                  0.0000000000000000E+000                  2.0414134184705493E-027                  0.0000000000000000E+000                  1.6235127148594373E+001                  6.9999999999999996E-001                  2.9797635251138618E-005                  2.7997020236474884E-001                  4.1193902129486445E-003                  1.2067031330276047E-003                  1.1203876416666529E-002                  2.5129237964844936E-003                  9.5710644087274629E-004                  0.0000000000000000E+000                  0.0000000000000000E+000                  0.0000000000000000E+000                  0.0000000000000000E+000                  0.0000000000000000E+000                  0.0000000000000000E+000                  0.0000000000000000E+000                  0.0000000000000000E+000                  0.0000000000000000E+000                  0.0000000000000000E+000                 -1.1546999320127831E+001                 -9.8999999999999986E+001                  0.0000000000000000E+000                  0.0000000000000000E+000                 -9.8999999999999986E+001                 -9.8999999999999986E+001                  1.5533392483040799E+001                 -9.9000000000000000E+001                 -9.9000000000000000E+001                 -9.9000000000000000E+001 
                 9.9966240865782219E-001                  2.7139482268224238E+001                  1.6150736508271362E+002                  5.4152352905574068E+005                 -6.4330781833355175E+000                  4.1779406283411848E+000                  9.1172828792505625E+012                  2.5193450742515203E+001                  2.0876756548570366E+009                  1.1997215237213745E+000                  1.1371280619849414E-001                  8.4470927735455126E-001                  4.1230144447429684E-001                  8.5000496627254152E-001                  5.4139366342089081E+005                  1.2986563484983506E+002                  1.4888510546560834E+004                  1.2254784240703978E-001                  0.0000000000000000E+000                  1.3007573678298366E+005                  1.2010775319110030E+003                  5.4157272027276277E-026                  5.4157272027276266E-026                  0.0000000000000000E+000                  0.0000000000000000E+000                  2.1666492560134111E-027                  0.0000000000000000E+000                  1.6842453552700952E+001                  6.9999999999999996E-001                  2.9797635251138618E-005                  2.7997020236474884E-001                  4.1193902129486445E-003                  1.2067031330276047E-003                  1.1203876416666529E-002                  2.5129237964844936E-003                  9.5710644087274629E-004                  0.0000000000000000E+000                  0.0000000000000000E+000                  0.0000000000000000E+000                  0.0000000000000000E+000                  0.0000000000000000E+000                  0.0000000000000000E+000                  0.0000000000000000E+000                  0.0000000000000000E+000                  0.0000000000000000E+000                  0.0000000000000000E+000                 -1.1487447415806948E+001                 -9.8999999999999986E+001                  0.0000000000000000E+000                  0.0000000000000000E+000                 -9.8999999999999986E+001                 -9.8999999999999986E+001                  1.5531383553895031E+001                 -9.9000000000000000E+001                 -9.9000000000000000E+001                 -9.9000000000000000E+001 
                 9.9963839647959885E-001                  2.7097924700740045E+001                  1.6150715568081512E+002                  5.8278629473061010E+005                 -6.4072483959809228E+000                  4.1818782417072029E+000                  9.2274530261393027E+012                  2.5212223677247739E+001                  2.0585688187138937E+009                  1.2016212856307551E+000                  1.1491230470794103E-001                  8.4038997091242640E-001                  4.1784209566117531E-001                  8.5000496627254152E-001                  5.8265163284345763E+005                  1.3466188715251738E+002                  1.6195141743213770E+004                  1.2338805101892013E-001                  0.0000000000000000E+000                  1.2809504970499936E+005                  1.2584313333583364E+003                  5.7478021890316620E-026                  5.7478021890316620E-026                  0.0000000000000000E+000                  0.0000000000000000E+000                  2.2995012249816532E-027                  0.0000000000000000E+000                  1.7683869632457309E+001                  6.9999999999999996E-001                  2.9797635251138618E-005                  2.7997020236474884E-001                  4.1193902129486445E-003                  1.2067031330276047E-003                  1.1203876416666529E-002                  2.5129237964844936E-003                  9.5710644087274629E-004                  0.0000000000000000E+000                  0.0000000000000000E+000                  0.0000000000000000E+000                  0.0000000000000000E+000                  0.0000000000000000E+000                  0.0000000000000000E+000                  0.0000000000000000E+000                  0.0000000000000000E+000                  0.0000000000000000E+000                  0.0000000000000000E+000                 -1.1428259368184840E+001                 -9.8999999999999986E+001                  0.0000000000000000E+000                  0.0000000000000000E+000                 -9.8999999999999986E+001                 -9.8999999999999986E+001                  1.5529454149602627E+001                 -9.9000000000000000E+001                 -9.9000000000000000E+001                 -9.9000000000000000E+001 
                 9.9961271223763515E-001                  2.7055910614709685E+001                  1.6150692050765474E+002                  6.2719440583844949E+005                 -6.3813986770109867E+000                  4.1858443169527160E+000                  9.3365516654851758E+012                  2.5227595235836969E+001                  2.0291008516783941E+009                  1.2035634063655993E+000                  1.1613457064386938E-001                  8.3617277837066650E-001                  4.2375851724629660E-001                  8.5000496627254152E-001                  6.2705473395249282E+005                  1.3967188595661136E+002                  1.7606499083738363E+004                  1.2427688494211485E-001                  0.0000000000000000E+000                  1.2615439719171825E+005                  1.3181062148246549E+003                  6.1005255063282802E-026                  6.1005255063282814E-026                  0.0000000000000000E+000                  0.0000000000000000E+000                  2.4406138927180488E-027                  0.0000000000000000E+000                  1.8581634039542070E+001                  6.9999999999999996E-001                  2.9797635251138618E-005                  2.7997020236474884E-001                  4.1193902129486445E-003                  1.2067031330276047E-003                  1.1203876416666529E-002                  2.5129237964844936E-003                  9.5710644087274629E-004                  0.0000000000000000E+000                  0.0000000000000000E+000                  0.0000000000000000E+000                  0.0000000000000000E+000                  0.0000000000000000E+000                  0.0000000000000000E+000                  0.0000000000000000E+000                  0.0000000000000000E+000                  0.0000000000000000E+000                  0.0000000000000000E+000                 -1.1368268728807056E+001                 -9.8999999999999986E+001                  0.0000000000000000E+000                  0.0000000000000000E+000                 -9.8999999999999986E+001                 -9.8999999999999986E+001                  1.5527540602658203E+001                 -9.9000000000000000E+001                 -9.9000000000000000E+001                 -9.9000000000000000E+001 
                 9.9958524140555827E-001                  2.7013438251975732E+001                  1.6150665620628430E+002                  6.7498790515354124E+005                 -6.3555379338993649E+000                  4.1898401179753337E+000                  9.4450056085405137E+012                  2.5240142271980659E+001                  1.9993384204294677E+009                  1.2055406737772656E+000                  1.1738526964000714E-001                  8.3203745633635418E-001                  4.2998820286021244E-001                  8.5000496627254152E-001                  6.7484299720725021E+005                  1.4490794629101276E+002                  1.9129053506807690E+004                  1.2520480919394353E-001                  0.0000000000000000E+000                  1.2424856075468293E+005                  1.3800739812135671E+003                  6.4750657573119375E-026                  6.4750657573119386E-026                  0.0000000000000000E+000                  0.0000000000000000E+000                  2.5904547776316527E-027                  0.0000000000000000E+000                  1.9356568515724550E+001                  6.9999999999999996E-001                  2.9797635251138618E-005                  2.7997020236474884E-001                  4.1193902129486445E-003                  1.2067031330276047E-003                  1.1203876416666529E-002                  2.5129237964844936E-003                  9.5710644087274629E-004                  0.0000000000000000E+000                  0.0000000000000000E+000                  0.0000000000000000E+000                  0.0000000000000000E+000                  0.0000000000000000E+000                  0.0000000000000000E+000                  0.0000000000000000E+000                  0.0000000000000000E+000                  0.0000000000000000E+000                  0.0000000000000000E+000                 -1.1307869407894806E+001                 -9.8999999999999986E+001                  0.0000000000000000E+000                  0.0000000000000000E+000                 -9.8999999999999986E+001                 -9.8999999999999986E+001                  1.5525615256630298E+001                 -9.9000000000000000E+001                 -9.9000000000000000E+001                 -9.9000000000000000E+001 
                 9.9955586177187550E-001                  2.6970505047177301E+001                  1.6150636175161597E+002                  7.2642516373826494E+005                 -6.3297120706728167E+000                  4.1938674652113352E+000                  9.5547679035912539E+012                  2.5253249920503027E+001                  1.9685535163214254E+009                  1.2075896852547698E+000                  1.1869273486631245E-001                  8.2791688787860451E-001                  4.3607691666379694E-001                  8.5000496627254152E-001                  7.2627477975276008E+005                  1.5038398550483393E+002                  2.0768110856746436E+004                  1.2618931356599786E-001                  0.0000000000000000E+000                  1.2238268434631109E+005                  1.4442089868924641E+003                  6.8720561920107701E-026                  6.8720561920107701E-026                  0.0000000000000000E+000                  0.0000000000000000E+000                  2.7492772216391429E-027                  0.0000000000000000E+000                  1.9865696812434258E+001                  6.9999999999999996E-001                  2.9797635251138618E-005                  2.7997020236474884E-001                  4.1193902129486445E-003                  1.2067031330276047E-003                  1.1203876416666529E-002                  2.5129237964844936E-003                  9.5710644087274629E-004                  0.0000000000000000E+000                  0.0000000000000000E+000                  0.0000000000000000E+000                  0.0000000000000000E+000                  0.0000000000000000E+000                  0.0000000000000000E+000                  0.0000000000000000E+000                  0.0000000000000000E+000                  0.0000000000000000E+000                  0.0000000000000000E+000                 -1.1248444058338448E+001                 -9.8999999999999986E+001                  0.0000000000000000E+000                  0.0000000000000000E+000                 -9.8999999999999986E+001                 -9.8999999999999986E+001                  1.5523725704748266E+001                 -9.9000000000000000E+001                 -9.9000000000000000E+001                 -9.9000000000000000E+001 
                 9.9952444293765774E-001                  2.6927103886466607E+001                  1.6150603857675691E+002                  7.8178430377881823E+005                 -6.3039463283699080E+000                  4.1979289204604990E+000                  9.6667032149472324E+012                  2.5269008072793447E+001                  1.9362739607842970E+009                  1.2097462469675422E+000                  1.2007094652686320E-001                  8.2377771058301696E-001                  4.4171688225108241E-001                  8.5000496627254152E-001                  7.8162818778021180E+005                  1.5611599860640757E+002                  2.2528038328060597E+004                  1.2725362291599213E-001                  0.0000000000000000E+000                  1.2056568691743723E+005                  1.5103778769172445E+003                  7.2923844773711347E-026                  7.2923844773711347E-026                  0.0000000000000000E+000                  0.0000000000000000E+000                  2.9174363502602020E-027                  0.0000000000000000E+000                  2.0434188262888302E+001                  6.9999999999999996E-001                  2.9797635251138618E-005                  2.7997020236474884E-001                  4.1193902129486445E-003                  1.2067031330276047E-003                  1.1203876416666529E-002                  2.5129237964844936E-003                  9.5710644087274629E-004                  0.0000000000000000E+000                  0.0000000000000000E+000                  0.0000000000000000E+000                  0.0000000000000000E+000                  0.0000000000000000E+000                  0.0000000000000000E+000                  0.0000000000000000E+000                  0.0000000000000000E+000                  0.0000000000000000E+000                  0.0000000000000000E+000                 -1.1190358701033036E+001                 -9.8999999999999986E+001                  0.0000000000000000E+000                  0.0000000000000000E+000                 -9.8999999999999986E+001                 -9.8999999999999986E+001                  1.5521943190106196E+001                 -9.9000000000000000E+001                 -9.9000000000000000E+001                 -9.9000000000000000E+001 
                 9.9949084579763570E-001                  2.6883225005102702E+001                  1.6150568310639366E+002                  8.4136471021286398E+005                 -6.2781933789900393E+000                  4.2020268806064083E+000                  9.7787943159771758E+012                  2.5283848521502811E+001                  1.9033322430771773E+009                  1.2119735205798046E+000                  1.2149723264071159E-001                  8.1968250320317204E-001                  4.4731742773814198E-001                  8.5000496627254152E-001                  8.4120258922105050E+005                  1.6212099181349302E+002                  2.4413731094004841E+004                  1.2839256213180689E-001                  0.0000000000000000E+000                  1.1879498932446734E+005                  1.5785556593030278E+003                  7.7382030807868671E-026                  7.7382030807868659E-026                  0.0000000000000000E+000                  0.0000000000000000E+000                  3.0957932928896216E-027                  0.0000000000000000E+000                  2.1279371743172394E+001                  6.9999999999999996E-001                  2.9797635251138618E-005                  2.7997020236474884E-001                  4.1193902129486445E-003                  1.2067031330276047E-003                  1.1203876416666529E-002                  2.5129237964844936E-003                  9.5710644087274629E-004                  0.0000000000000000E+000                  0.0000000000000000E+000                  0.0000000000000000E+000                  0.0000000000000000E+000                  0.0000000000000000E+000                  0.0000000000000000E+000                  0.0000000000000000E+000                  0.0000000000000000E+000                  0.0000000000000000E+000                  0.0000000000000000E+000                 -1.1132510299618241E+001                 -9.8999999999999986E+001                  0.0000000000000000E+000                  0.0000000000000000E+000                 -9.8999999999999986E+001                 -9.8999999999999986E+001                  1.5520252846049800E+001                 -9.9000000000000000E+001                 -9.9000000000000000E+001                 -9.9000000000000000E+001 
                 9.9945492198996178E-001                  2.6838863306302908E+001                  1.6150528729812504E+002                  9.0548861420449766E+005                 -6.2524245562594007E+000                  4.2061629234603641E+000                  9.8897866068325488E+012                  2.5294935496694436E+001                  1.8705221486882169E+009                  1.2142346493237572E+000                  1.2295071933712649E-001                  8.1567281825834470E-001                  4.5331102879411761E-001                  8.5000496627254152E-001                  9.0532019817539165E+005                  1.6841602910596885E+002                  2.6431706585728294E+004                  1.2958054353633700E-001                  0.0000000000000000E+000                  1.1705892934034835E+005                  1.6488071290535270E+003                  8.2115870032920623E-026                  8.2115870032920623E-026                  0.0000000000000000E+000                  0.0000000000000000E+000                  3.2851781872523814E-027                  0.0000000000000000E+000                  2.2117432394816010E+001                  6.9999999999999996E-001                  2.9797635251138618E-005                  2.7997020236474884E-001                  4.1193902129486445E-003                  1.2067031330276047E-003                  1.1203876416666529E-002                  2.5129237964844936E-003                  9.5710644087274629E-004                  0.0000000000000000E+000                  0.0000000000000000E+000                  0.0000000000000000E+000                  0.0000000000000000E+000                  0.0000000000000000E+000                  0.0000000000000000E+000                  0.0000000000000000E+000                  0.0000000000000000E+000                  0.0000000000000000E+000                  0.0000000000000000E+000                 -1.1074125228463023E+001                 -9.8999999999999986E+001                  0.0000000000000000E+000                  0.0000000000000000E+000                 -9.8999999999999986E+001                 -9.8999999999999986E+001                  1.5518577813662111E+001                 -9.9000000000000000E+001                 -9.9000000000000000E+001                 -9.9000000000000000E+001 
                 9.9941651328849956E-001                  2.6794016642364607E+001                  1.6150484744464600E+002                  9.7450283031835617E+005                 -6.2266661509026031E+000                  4.2103384467983558E+000                  1.0000887413620074E+013                  2.5304029895021554E+001                  1.8374530668449750E+009                  1.2165535190561283E+000                  1.2444462323099209E-001                  8.1171977871809198E-001                  4.5953820926826888E-001                  8.5000496627254152E-001                  9.7432781118994323E+005                  1.7501912841299750E+002                  2.8589918239073304E+004                  1.3081200859300590E-001                  0.0000000000000000E+000                  1.1535450322114295E+005                  1.7212467652181383E+003                  8.7137318498375764E-026                  8.7137318498375776E-026                  0.0000000000000000E+000                  0.0000000000000000E+000                  3.4860693544479286E-027                  0.0000000000000000E+000                  2.2779091908482716E+001                  6.9999999999999996E-001                  2.9797635251138618E-005                  2.7997020236474884E-001                  4.1193902129486445E-003                  1.2067031330276047E-003                  1.1203876416666529E-002                  2.5129237964844936E-003                  9.5710644087274629E-004                  0.0000000000000000E+000                  0.0000000000000000E+000                  0.0000000000000000E+000                  0.0000000000000000E+000                  0.0000000000000000E+000                  0.0000000000000000E+000                  0.0000000000000000E+000                  0.0000000000000000E+000                  0.0000000000000000E+000                  0.0000000000000000E+000                 -1.1015592028623864E+001                 -9.8999999999999986E+001                  0.0000000000000000E+000                  0.0000000000000000E+000                 -9.8999999999999986E+001                 -9.8999999999999986E+001                  1.5516907690685070E+001                 -9.9000000000000000E+001                 -9.9000000000000000E+001                 -9.9000000000000000E+001 
                 9.9937545094844116E-001                  2.6748680187454895E+001                  1.6150436313423995E+002                  1.0487806661744548E+006                 -6.2009565515174030E+000                  4.2145555776179053E+000                  1.0113592412311137E+013                  2.5314105920972537E+001                  1.8033506559396102E+009                  1.2189731354609199E+000                  1.2600837434841719E-001                  8.0778121312391105E-001                  4.6559016974695966E-001                  8.5000496627254152E-001                  1.0485987153448791E+006                  1.8195082957567755E+002                  3.0897129175009479E+004                  1.3210981868153920E-001                  0.0000000000000000E+000                  1.1368958241299193E+005                  1.7960051287322472E+003                  9.2455552498627749E-026                  9.2455552498627749E-026                  0.0000000000000000E+000                  0.0000000000000000E+000                  3.6988339069767877E-027                  0.0000000000000000E+000                  2.3278299955621542E+001                  6.9999999999999996E-001                  2.9797635251138618E-005                  2.7997020236474884E-001                  4.1193902129486445E-003                  1.2067031330276047E-003                  1.1203876416666529E-002                  2.5129237964844936E-003                  9.5710644087274629E-004                  0.0000000000000000E+000                  0.0000000000000000E+000                  0.0000000000000000E+000                  0.0000000000000000E+000                  0.0000000000000000E+000                  0.0000000000000000E+000                  0.0000000000000000E+000                  0.0000000000000000E+000                  0.0000000000000000E+000                  0.0000000000000000E+000                 -1.0957827077125462E+001                 -9.8999999999999986E+001                  0.0000000000000000E+000                  0.0000000000000000E+000                 -9.8999999999999986E+001                 -9.8999999999999986E+001                  1.5515307002806527E+001                 -9.9000000000000000E+001                 -9.9000000000000000E+001                 -9.9000000000000000E+001 
                 9.9933155503560711E-001                  2.6702845040916358E+001                  1.6150383405704397E+002                  1.1287239653524039E+006                 -6.1753082041576448E+000                  4.2188172853989423E+000                  1.0228117852300654E+013                  2.5326294210760388E+001                  1.7679386476665123E+009                  1.2215134319440564E+000                  1.2766210785018040E-001                  8.0385556406855507E-001                  4.7124564493759868E-001                  8.5000496627254152E-001                  1.1285347306109557E+006                  1.8923474144824456E+002                  3.3363184048992203E+004                  1.3350035061609919E-001                  0.0000000000000000E+000                  1.1207168430943118E+005                  1.8733066834156893E+003                  9.8084656923066051E-026                  9.8084656923066062E-026                  0.0000000000000000E+000                  0.0000000000000000E+000                  3.9240353336213729E-027                  0.0000000000000000E+000                  2.3838333852477728E+001                  6.9999999999999996E-001                  2.9797635251138618E-005                  2.7997020236474884E-001                  4.1193902129486445E-003                  1.2067031330276047E-003                  1.1203876416666529E-002                  2.5129237964844936E-003                  9.5710644087274629E-004                  0.0000000000000000E+000                  0.0000000000000000E+000                  0.0000000000000000E+000                  0.0000000000000000E+000                  0.0000000000000000E+000                  0.0000000000000000E+000                  0.0000000000000000E+000                  0.0000000000000000E+000                  0.0000000000000000E+000                  0.0000000000000000E+000                 -1.0901365995377001E+001                 -9.8999999999999986E+001                  0.0000000000000000E+000                  0.0000000000000000E+000                 -9.8999999999999986E+001                 -9.8999999999999986E+001                  1.5513834296827209E+001                 -9.9000000000000000E+001                 -9.9000000000000000E+001                 -9.9000000000000000E+001 
                 9.9928463373267107E-001                  2.6656500833085786E+001                  1.6150325490891268E+002                  1.2147652781731414E+006                 -6.1496868763072108E+000                  4.2231263960870544E+000                  1.0342951577777691E+013                  2.5337820508028710E+001                  1.7320497931628094E+009                  1.2241376585411572E+000                  1.2937805201435526E-001                  7.9999438363409459E-001                  4.7687220569845823E-001                  8.5000496627254152E-001                  1.2145683819825032E+006                  1.9689619063827857E+002                  3.6000535884845129E+004                  1.3497910707735850E-001                  0.0000000000000000E+000                  1.1049750111431027E+005                  1.9535323396668523E+003                  1.0405014776089552E-025                  1.0405014776089552E-025                  0.0000000000000000E+000                  0.0000000000000000E+000                  4.1626944428004692E-027                  0.0000000000000000E+000                  2.4619858302587350E+001                  6.9999999999999996E-001                  2.9797635251138618E-005                  2.7997020236474884E-001                  4.1193902129486445E-003                  1.2067031330276047E-003                  1.1203876416666529E-002                  2.5129237964844936E-003                  9.5710644087274629E-004                  0.0000000000000000E+000                  0.0000000000000000E+000                  0.0000000000000000E+000                  0.0000000000000000E+000                  0.0000000000000000E+000                  0.0000000000000000E+000                  0.0000000000000000E+000                  0.0000000000000000E+000                  0.0000000000000000E+000                  0.0000000000000000E+000                 -1.0845398773458982E+001                 -9.8999999999999986E+001                  0.0000000000000000E+000                  0.0000000000000000E+000                 -9.8999999999999986E+001                 -9.8999999999999986E+001                  1.5512471209738585E+001                 -9.9000000000000000E+001                 -9.9000000000000000E+001                 -9.9000000000000000E+001 
                 9.9923448259425518E-001                  2.6609640714728783E+001                  1.6150261560105369E+002                  1.3073701671909075E+006                 -6.1240695219326664E+000                  4.2274847416508035E+000                  1.0457220173178408E+013                  2.5346253811367600E+001                  1.6964388566671653E+009                  1.2268132906148272E+000                  1.3112814094960115E-001                  7.9621225640728444E-001                  4.8282051211762211E-001                  8.5000496627254152E-001                  1.3071652064434728E+006                  2.0496074743476416E+002                  3.8824117710712118E+004                  1.3651500774379050E-001                  0.0000000000000000E+000                  1.0895613010802299E+005                  2.0370689650639367E+003                  1.1037760094689918E-025                  1.1037760094689918E-025                  0.0000000000000000E+000                  0.0000000000000000E+000                  4.4158344411531459E-027                  0.0000000000000000E+000                  2.5393446762813593E+001                  6.9999999999999996E-001                  2.9797635251138618E-005                  2.7997020236474884E-001                  4.1193902129486445E-003                  1.2067031330276047E-003                  1.1203876416666529E-002                  2.5129237964844936E-003                  9.5710644087274629E-004                  0.0000000000000000E+000                  0.0000000000000000E+000                  0.0000000000000000E+000                  0.0000000000000000E+000                  0.0000000000000000E+000                  0.0000000000000000E+000                  0.0000000000000000E+000                  0.0000000000000000E+000                  0.0000000000000000E+000                  0.0000000000000000E+000                 -1.0789107376969117E+001                 -9.8999999999999986E+001                  0.0000000000000000E+000                  0.0000000000000000E+000                 -9.8999999999999986E+001                 -9.8999999999999986E+001                  1.5511150109609799E+001                 -9.9000000000000000E+001                 -9.9000000000000000E+001                 -9.9000000000000000E+001 
                 9.9918088372896863E-001                  2.6562260292539293E+001                  1.6150191087399423E+002                  1.4070397209313191E+006                 -6.0984856732507842E+000                  4.2318941705614401E+000                  1.0572164517399611E+013                  2.5353759104894930E+001                  1.6605402637038445E+009                  1.2295739284932088E+000                  1.3294484740060739E-001                  7.9246260205606478E-001                  4.8873756823418640E-001                  8.5000496627254152E-001                  1.4068262649092150E+006                  2.1345602210403570E+002                  4.1846715656564105E+004                  1.3810863031893825E-001                  0.0000000000000000E+000                  1.0744582578644896E+005                  2.1239623300991029E+003                  1.1708096274688448E-025                  1.1708096274688445E-025                  0.0000000000000000E+000                  0.0000000000000000E+000                  4.6840132716024189E-027                  0.0000000000000000E+000                  2.5963539176440481E+001                  6.9999999999999996E-001                  2.9797635251138618E-005                  2.7997020236474884E-001                  4.1193902129486445E-003                  1.2067031330276047E-003                  1.1203876416666529E-002                  2.5129237964844936E-003                  9.5710644087274629E-004                  0.0000000000000000E+000                  0.0000000000000000E+000                  0.0000000000000000E+000                  0.0000000000000000E+000                  0.0000000000000000E+000                  0.0000000000000000E+000                  0.0000000000000000E+000                  0.0000000000000000E+000                  0.0000000000000000E+000                  0.0000000000000000E+000                 -1.0733277060714913E+001                 -9.8999999999999986E+001                  0.0000000000000000E+000                  0.0000000000000000E+000                 -9.8999999999999986E+001                 -9.8999999999999986E+001                  1.5509869431836812E+001                 -9.9000000000000000E+001                 -9.9000000000000000E+001                 -9.9000000000000000E+001 
                 9.9912360492578112E-001                  2.6514351922051130E+001                  1.6150114085484483E+002                  1.5143133149598418E+006                 -6.0729704284148571E+000                  4.2363576375874148E+000                  1.0689031245913600E+013                  2.5363165506454976E+001                  1.6237144297352664E+009                  1.2324686562213774E+000                  1.3486143168096049E-001                  7.8871300522864352E-001                  4.9428715659769029E-001                  8.5000496627254152E-001                  1.5140909008783265E+006                  2.2241408151528393E+002                  4.5075197610632764E+004                  1.3979462305879858E-001                  0.0000000000000000E+000                  1.0597558892879926E+005                  2.2140030286722576E+003                  1.2417197578128117E-025                  1.2417197578128115E-025                  0.0000000000000000E+000                  0.0000000000000000E+000                  4.9677007166743117E-027                  0.0000000000000000E+000                  2.6441610555860915E+001                  6.9999999999999996E-001                  2.9797635251138618E-005                  2.7997020236474884E-001                  4.1193902129486445E-003                  1.2067031330276047E-003                  1.1203876416666529E-002                  2.5129237964844936E-003                  9.5710644087274629E-004                  0.0000000000000000E+000                  0.0000000000000000E+000                  0.0000000000000000E+000                  0.0000000000000000E+000                  0.0000000000000000E+000                  0.0000000000000000E+000                  0.0000000000000000E+000                  0.0000000000000000E+000                  0.0000000000000000E+000                  0.0000000000000000E+000                 -1.0678705984025264E+001                 -9.8999999999999986E+001                  0.0000000000000000E+000                  0.0000000000000000E+000                 -9.8999999999999986E+001                 -9.8999999999999986E+001                  1.5508700876796416E+001                 -9.9000000000000000E+001                 -9.9000000000000000E+001                 -9.9000000000000000E+001 
                 9.9906239876193237E-001                  2.6465903943196814E+001                  1.6150030288813937E+002                  1.6297715607000967E+006                 -6.0475187139375013E+000                  4.2408786521829418E+000                  1.0807529987752016E+013                  2.5374079361903867E+001                  1.5861022837301555E+009                  1.2355177083691964E+000                  1.3687712716490044E-001                  7.8497633829992719E-001                  4.9958104526893049E-001                  8.5000496627254152E-001                  1.6295396897517459E+006                  2.3187094835081245E+002                  4.8513255550689544E+004                  1.4159032155014117E-001                  0.0000000000000000E+000                  1.0455017200893328E+005                  2.3070202452763597E+003                  1.3167337325974867E-025                  1.3167337325974869E-025                  0.0000000000000000E+000                  0.0000000000000000E+000                  5.2678062551930231E-027                  0.0000000000000000E+000                  2.7055507242433830E+001                  6.9999999999999996E-001                  2.9797635251138618E-005                  2.7997020236474884E-001                  4.1193902129486445E-003                  1.2067031330276047E-003                  1.1203876416666529E-002                  2.5129237964844936E-003                  9.5710644087274629E-004                  0.0000000000000000E+000                  0.0000000000000000E+000                  0.0000000000000000E+000                  0.0000000000000000E+000                  0.0000000000000000E+000                  0.0000000000000000E+000                  0.0000000000000000E+000                  0.0000000000000000E+000                  0.0000000000000000E+000                  0.0000000000000000E+000                 -1.0625066904738029E+001                 -9.8999999999999986E+001                  0.0000000000000000E+000                  0.0000000000000000E+000                 -9.8999999999999986E+001                 -9.8999999999999986E+001                  1.5507683845178626E+001                 -9.9000000000000000E+001                 -9.9000000000000000E+001                 -9.9000000000000000E+001 
                 9.9899700167900762E-001                  2.6416905054097306E+001                  1.6149938675676657E+002                  1.7540394111318914E+006                 -6.0220994726972936E+000                  4.2454601968707770E+000                  1.0926410047510293E+013                  2.5383322138421320E+001                  1.5485035571381273E+009                  1.2386753700684894E+000                  1.3896252211652749E-001                  7.8129269378433652E-001                  5.0512777042245138E-001                  8.5000496627254152E-001                  1.7537975464157118E+006                  2.4186471617972120E+002                  5.2164478810014989E+004                  1.4347924027527165E-001                  0.0000000000000000E+000                  1.0316334353091272E+005                  2.4028751924179569E+003                  1.3961770512975226E-025                  1.3961770512975223E-025                  0.0000000000000000E+000                  0.0000000000000000E+000                  5.5856321004564345E-027                  0.0000000000000000E+000                  2.7807578204445029E+001                  6.9999999999999996E-001                  2.9797635251138618E-005                  2.7997020236474884E-001                  4.1193902129486445E-003                  1.2067031330276047E-003                  1.1203876416666529E-002                  2.5129237964844936E-003                  9.5710644087274629E-004                  0.0000000000000000E+000                  0.0000000000000000E+000                  0.0000000000000000E+000                  0.0000000000000000E+000                  0.0000000000000000E+000                  0.0000000000000000E+000                  0.0000000000000000E+000                  0.0000000000000000E+000                  0.0000000000000000E+000                  0.0000000000000000E+000                 -1.0571239540159398E+001                 -9.8999999999999986E+001                  0.0000000000000000E+000                  0.0000000000000000E+000                 -9.8999999999999986E+001                 -9.8999999999999986E+001                  1.5506779391810275E+001                 -9.9000000000000000E+001                 -9.9000000000000000E+001                 -9.9000000000000000E+001 
                 9.9892713298930436E-001                  2.6367347314047951E+001                  1.6149838077649375E+002                  1.8877895266968384E+006                 -5.9967074583770410E+000                  4.2501043966139695E+000                  1.1045218312488703E+013                  2.5389537854229879E+001                  1.5114426715792918E+009                  1.2418927514880167E+000                  1.4109849664757426E-001                  7.7768436144857689E-001                  5.1126993036522728E-001                  8.5000496627254152E-001                  1.8875370918441720E+006                  2.5243485266656799E+002                  5.6030943925964530E+004                  1.4543455981087691E-001                  0.0000000000000000E+000                  1.0180593899293154E+005                  2.5013060662818079E+003                  1.4803229108496911E-025                  1.4803229108496911E-025                  0.0000000000000000E+000                  0.0000000000000000E+000                  5.9222712210012290E-027                  0.0000000000000000E+000                  2.8527394567245516E+001                  6.9999999999999996E-001                  2.9797635251138618E-005                  2.7997020236474884E-001                  4.1193902129486445E-003                  1.2067031330276047E-003                  1.1203876416666529E-002                  2.5129237964844936E-003                  9.5710644087274629E-004                  0.0000000000000000E+000                  0.0000000000000000E+000                  0.0000000000000000E+000                  0.0000000000000000E+000                  0.0000000000000000E+000                  0.0000000000000000E+000                  0.0000000000000000E+000                  0.0000000000000000E+000                  0.0000000000000000E+000                  0.0000000000000000E+000                 -1.0516710580752115E+001                 -9.8999999999999986E+001                  0.0000000000000000E+000                  0.0000000000000000E+000                 -9.8999999999999986E+001                 -9.8999999999999986E+001                  1.5505934127805928E+001                 -9.9000000000000000E+001                 -9.9000000000000000E+001                 -9.9000000000000000E+001 
                 9.9885249374547502E-001                  2.6317223285627545E+001                  1.6149727829060805E+002                  2.0317459319599655E+006                 -5.9713650475160875E+000                  4.2548136702142596E+000                  1.1164986304805211E+013                  2.5394895836259892E+001                  1.4743191972612514E+009                  1.2452236338355609E+000                  1.4332469087404168E-001                  7.7411813402026897E-001                  5.1749042789381028E-001                  8.5000496627254152E-001                  2.0314823070706488E+006                  2.6362488931666809E+002                  6.0111837800491310E+004                  1.4746550523240365E-001                  0.0000000000000000E+000                  1.0047805613161228E+005                  2.6020027206599602E+003                  1.5693632448009671E-025                  1.5693632448009671E-025                  0.0000000000000000E+000                  0.0000000000000000E+000                  6.2784914780307319E-027                  0.0000000000000000E+000                  2.9117005281785701E+001                  6.9999999999999996E-001                  2.9797635251138618E-005                  2.7997020236474884E-001                  4.1193902129486445E-003                  1.2067031330276047E-003                  1.1203876416666529E-002                  2.5129237964844936E-003                  9.5710644087274629E-004                  0.0000000000000000E+000                  0.0000000000000000E+000                  0.0000000000000000E+000                  0.0000000000000000E+000                  0.0000000000000000E+000                  0.0000000000000000E+000                  0.0000000000000000E+000                  0.0000000000000000E+000                  0.0000000000000000E+000                  0.0000000000000000E+000                 -1.0462566558184875E+001                 -9.8999999999999986E+001                  0.0000000000000000E+000                  0.0000000000000000E+000                 -9.8999999999999986E+001                 -9.8999999999999986E+001                  1.5505159321409778E+001                 -9.9000000000000000E+001                 -9.9000000000000000E+001                 -9.9000000000000000E+001 
                 9.9877276563136519E-001                  2.6266522853856031E+001                  1.6149607629772845E+002                  2.1866879577307831E+006                 -5.9460957249041790E+000                  4.2595917055927286E+000                  1.1286669576623994E+013                  2.5401425763142292E+001                  1.4365350073017478E+009                  1.2487325307919277E+000                  1.4567735960635314E-001                  7.7055644575914850E-001                  5.2319069977769261E-001                  8.5000496627254152E-001                  2.1864124723532465E+006                  2.7548537753667728E+002                  6.4407523102045532E+004                  1.4961182520504004E-001                  0.0000000000000000E+000                  9.9187802706978327E+004                  2.7049566002545425E+003                  1.6634817927772272E-025                  1.6634817927772272E-025                  0.0000000000000000E+000                  0.0000000000000000E+000                  6.6550279516423475E-027                  0.0000000000000000E+000                  2.9650587720554409E+001                  6.9999999999999996E-001                  2.9797635251138618E-005                  2.7997020236474884E-001                  4.1193902129486445E-003                  1.2067031330276047E-003                  1.1203876416666529E-002                  2.5129237964844936E-003                  9.5710644087274629E-004                  0.0000000000000000E+000                  0.0000000000000000E+000                  0.0000000000000000E+000                  0.0000000000000000E+000                  0.0000000000000000E+000                  0.0000000000000000E+000                  0.0000000000000000E+000                  0.0000000000000000E+000                  0.0000000000000000E+000                  0.0000000000000000E+000                 -1.0409899270390044E+001                 -9.8999999999999986E+001                  0.0000000000000000E+000                  0.0000000000000000E+000                 -9.8999999999999986E+001                 -9.8999999999999986E+001                  1.5504516076668356E+001                 -9.9000000000000000E+001                 -9.9000000000000000E+001                 -9.9000000000000000E+001 
                 9.9868760976881998E-001                  2.6215232968886628E+001                  1.6149476894867499E+002                  2.3534544996631527E+006                 -5.9208973839796064E+000                  4.2644426375702889E+000                  1.1409885903669195E+013                  2.5408362530990196E+001                  1.3984254177345347E+009                  1.2524165629284689E+000                  1.4814610339718517E-001                  7.6701336620365246E-001                  5.2844311952688328E-001                  8.5000496627254152E-001                  2.3531664268459384E+006                  2.8807281721416348E+002                  6.8923002157551731E+004                  1.5188748162262175E-001                  0.0000000000000000E+000                  9.7938216343568696E+004                  2.8103637192582860E+003                  1.7629593893407650E-025                  1.7629593893407650E-025                  0.0000000000000000E+000                  0.0000000000000000E+000                  7.0530041659312415E-027                  0.0000000000000000E+000                  3.0267727867871560E+001                  6.9999999999999996E-001                  2.9797635251138618E-005                  2.7997020236474884E-001                  4.1193902129486445E-003                  1.2067031330276047E-003                  1.1203876416666529E-002                  2.5129237964844936E-003                  9.5710644087274629E-004                  0.0000000000000000E+000                  0.0000000000000000E+000                  0.0000000000000000E+000                  0.0000000000000000E+000                  0.0000000000000000E+000                  0.0000000000000000E+000                  0.0000000000000000E+000                  0.0000000000000000E+000                  0.0000000000000000E+000                  0.0000000000000000E+000                 -1.0358547255783158E+001                 -9.8999999999999986E+001                  0.0000000000000000E+000                  0.0000000000000000E+000                 -9.8999999999999986E+001                 -9.8999999999999986E+001                  1.5504032947218985E+001                 -9.9000000000000000E+001                 -9.9000000000000000E+001                 -9.9000000000000000E+001 
                 9.9859666548261994E-001                  2.6163340584620812E+001                  1.6149334367278840E+002                  2.5329485354159903E+006                 -5.8957562040659397E+000                  4.2693699046894684E+000                  1.1533796252057125E+013                  2.5413737022758525E+001                  1.3606055710916543E+009                  1.2562207708891151E+000                  1.5070038561054833E-001                  7.6351857909969945E-001                  5.3377294511299855E-001                  8.5000496627254152E-001                  2.5326470881507131E+006                  3.0144726527699021E+002                  7.3666544551634797E+004                  1.5427067045974632E-001                  0.0000000000000000E+000                  9.6723614035264851E+004                  2.9185139157745352E+003                  1.8681429134006153E-025                  1.8681429134006153E-025                  0.0000000000000000E+000                  0.0000000000000000E+000                  7.4738078660845805E-027                  0.0000000000000000E+000                  3.0959168937645440E+001                  6.9999999999999996E-001                  2.9797635251138618E-005                  2.7997020236474884E-001                  4.1193902129486445E-003                  1.2067031330276047E-003                  1.1203876416666529E-002                  2.5129237964844936E-003                  9.5710644087274629E-004                  0.0000000000000000E+000                  0.0000000000000000E+000                  0.0000000000000000E+000                  0.0000000000000000E+000                  0.0000000000000000E+000                  0.0000000000000000E+000                  0.0000000000000000E+000                  0.0000000000000000E+000                  0.0000000000000000E+000                  0.0000000000000000E+000                 -1.0307640238107220E+001                 -9.8999999999999986E+001                  0.0000000000000000E+000                  0.0000000000000000E+000                 -9.8999999999999986E+001                 -9.8999999999999986E+001                  1.5503681274580231E+001                 -9.9000000000000000E+001                 -9.9000000000000000E+001                 -9.9000000000000000E+001 
                 9.9849954897503435E-001                  2.6110834087790675E+001                  1.6149178689707151E+002                  2.7261419857044145E+006                 -5.8706687320382045E+000                  4.2743761797574304E+000                  1.1658119259120875E+013                  2.5416823843083357E+001                  1.3234065501245933E+009                  1.2601019754414620E+000                  1.5332667286297824E-001                  7.6008532338566925E-001                  5.3960022496350368E-001                  8.5000496627254152E-001                  2.7258263134232974E+006                  3.1567228111723983E+002                  7.8647860320069856E+004                  1.5673744328379610E-001                  0.0000000000000000E+000                  9.5537270915489076E+004                  3.0296947495239815E+003                  1.9793604619206807E-025                  1.9793604619206807E-025                  0.0000000000000000E+000                  0.0000000000000000E+000                  7.9187516570814783E-027                  0.0000000000000000E+000                  3.1656795575750735E+001                  6.9999999999999996E-001                  2.9797635251138618E-005                  2.7997020236474884E-001                  4.1193902129486445E-003                  1.2067031330276047E-003                  1.1203876416666529E-002                  2.5129237964844936E-003                  9.5710644087274629E-004                  0.0000000000000000E+000                  0.0000000000000000E+000                  0.0000000000000000E+000                  0.0000000000000000E+000                  0.0000000000000000E+000                  0.0000000000000000E+000                  0.0000000000000000E+000                  0.0000000000000000E+000                  0.0000000000000000E+000                  0.0000000000000000E+000                 -1.0256431534925053E+001                 -9.8999999999999986E+001                  0.0000000000000000E+000                  0.0000000000000000E+000                 -9.8999999999999986E+001                 -9.8999999999999986E+001                  1.5503425509782359E+001                 -9.9000000000000000E+001                 -9.9000000000000000E+001                 -9.9000000000000000E+001 
                 9.9839585190121760E-001                  2.6057702098032415E+001                  1.6149008717798387E+002                  2.9340809857988362E+006                 -5.8456475524013785E+000                  4.2794643905247289E+000                  1.1783651398881814E+013                  2.5419886545719066E+001                  1.2865043072420630E+009                  1.2641094646866968E+000                  1.5605628234031363E-001                  7.5668999548792726E-001                  5.4558504029502364E-001                  8.5000496627254152E-001                  2.9337501676770258E+006                  3.3081812181023298E+002                  8.3875938360781263E+004                  1.5929580482875377E-001                  0.0000000000000000E+000                  9.4378560999925205E+004                  3.1441386496956047E+003                  2.0968825658148664E-025                  2.0968825658148664E-025                  0.0000000000000000E+000                  0.0000000000000000E+000                  8.3889178416085985E-027                  0.0000000000000000E+000                  3.2277520931428633E+001                  6.9999999999999996E-001                  2.9797635251138618E-005                  2.7997020236474884E-001                  4.1193902129486445E-003                  1.2067031330276047E-003                  1.1203876416666529E-002                  2.5129237964844936E-003                  9.5710644087274629E-004                  0.0000000000000000E+000                  0.0000000000000000E+000                  0.0000000000000000E+000                  0.0000000000000000E+000                  0.0000000000000000E+000                  0.0000000000000000E+000                  0.0000000000000000E+000                  0.0000000000000000E+000                  0.0000000000000000E+000                  0.0000000000000000E+000                 -1.0205396456359612E+001                 -9.8999999999999986E+001                  0.0000000000000000E+000                  0.0000000000000000E+000                 -9.8999999999999986E+001                 -9.8999999999999986E+001                  1.5503269836835567E+001                 -9.9000000000000000E+001                 -9.9000000000000000E+001                 -9.9000000000000000E+001 
                 9.9828513987325906E-001                  2.6003931493382819E+001                  1.6148823689278066E+002                  3.1578915865240609E+006                 -5.8207102965659399E+000                  4.2846385406871139E+000                  1.1911221028766021E+013                  2.5425630789782204E+001                  1.2494967096137381E+009                  1.2683139390259190E+000                  1.5892331238360602E-001                  7.5330607189970655E-001                  5.5108221162386573E-001                  8.5000496627254152E-001                  3.1575446213445948E+006                  3.4696517946635396E+002                  8.9357173143780587E+004                  1.6197944139224363E-001                  0.0000000000000000E+000                  9.3252742237323997E+004                  3.2620069683403353E+003                  2.2209568187728443E-025                  2.2209568187728443E-025                  0.0000000000000000E+000                  0.0000000000000000E+000                  8.8852969582784250E-027                  0.0000000000000000E+000                  3.2864940857346220E+001                  6.9999999999999996E-001                  2.9797635251138618E-005                  2.7997020236474884E-001                  4.1193902129486445E-003                  1.2067031330276047E-003                  1.1203876416666529E-002                  2.5129237964844936E-003                  9.5710644087274629E-004                  0.0000000000000000E+000                  0.0000000000000000E+000                  0.0000000000000000E+000                  0.0000000000000000E+000                  0.0000000000000000E+000                  0.0000000000000000E+000                  0.0000000000000000E+000                  0.0000000000000000E+000                  0.0000000000000000E+000                  0.0000000000000000E+000                 -1.0155724167303177E+001                 -9.8999999999999986E+001                  0.0000000000000000E+000                  0.0000000000000000E+000                 -9.8999999999999986E+001                 -9.8999999999999986E+001                  1.5503256423534657E+001                 -9.9000000000000000E+001                 -9.9000000000000000E+001                 -9.9000000000000000E+001 
                 9.9816695090934482E-001                  2.5949506701822280E+001                  1.6148622570103043E+002                  3.3987858881322448E+006                 -5.7958532652187129E+000                  4.2899027669726371E+000                  1.2040307990493627E+013                  2.5432824675148588E+001                  1.2127827956186745E+009                  1.2726709321868737E+000                  1.6190007019431354E-001                  7.4995590730575068E-001                  5.5622382261265924E-001                  8.5000496627254152E-001                  3.3984216857372052E+006                  3.6420239503943861E+002                  9.5096390008691364E+004                  1.6479249182774805E-001                  0.0000000000000000E+000                  9.2160878318325776E+004                  3.3835155743620271E+003                  2.3519421065669532E-025                  2.3519421065669532E-025                  0.0000000000000000E+000                  0.0000000000000000E+000                  9.4093247876818375E-027                  0.0000000000000000E+000                  3.3536494010095431E+001                  6.9999999999999996E-001                  2.9797635251138618E-005                  2.7997020236474884E-001                  4.1193902129486445E-003                  1.2067031330276047E-003                  1.1203876416666529E-002                  2.5129237964844936E-003                  9.5710644087274629E-004                  0.0000000000000000E+000                  0.0000000000000000E+000                  0.0000000000000000E+000                  0.0000000000000000E+000                  0.0000000000000000E+000                  0.0000000000000000E+000                  0.0000000000000000E+000                  0.0000000000000000E+000                  0.0000000000000000E+000                  0.0000000000000000E+000                 -1.0107357705209914E+001                 -9.8999999999999986E+001                  0.0000000000000000E+000                  0.0000000000000000E+000                 -9.8999999999999986E+001                 -9.8999999999999986E+001                  1.5503401000208177E+001                 -9.9000000000000000E+001                 -9.9000000000000000E+001                 -9.9000000000000000E+001 
                 9.9804079381301625E-001                  2.5894412304315573E+001                  1.6148403505080140E+002                  3.6580685798866525E+006                 -5.7710618044105315E+000                  4.2952601403395514E+000                  1.2170179164617277E+013                  2.5438993055271510E+001                  1.1769229227407436E+009                  1.2771154663563034E+000                  1.6495048366145693E-001                  7.4666752921784330E-001                  5.6153876175394168E-001                  8.5000496627254152E-001                  3.6576859558132235E+006                  3.8262407342905811E+002                  1.0109890809863919E+005                  1.6770158694359771E-001                  0.0000000000000000E+000                  9.1096120678697320E+004                  3.5089001833504085E+003                  2.4902808777223152E-025                  2.4902808777223152E-025                  0.0000000000000000E+000                  0.0000000000000000E+000                  9.9627714167194044E-027                  0.0000000000000000E+000                  3.4278818881670738E+001                  6.9999999999999996E-001                  2.9797635251138618E-005                  2.7997020236474884E-001                  4.1193902129486445E-003                  1.2067031330276047E-003                  1.1203876416666529E-002                  2.5129237964844936E-003                  9.5710644087274629E-004                  0.0000000000000000E+000                  0.0000000000000000E+000                  0.0000000000000000E+000                  0.0000000000000000E+000                  0.0000000000000000E+000                  0.0000000000000000E+000                  0.0000000000000000E+000                  0.0000000000000000E+000                  0.0000000000000000E+000                  0.0000000000000000E+000                 -1.0059265766976033E+001                 -9.8999999999999986E+001                  0.0000000000000000E+000                  0.0000000000000000E+000                 -9.8999999999999986E+001                 -9.8999999999999986E+001                  1.5503665621772132E+001                 -9.9000000000000000E+001                 -9.9000000000000000E+001                 -9.9000000000000000E+001 
                 9.9790614643131159E-001                  2.5838634458861211E+001                  1.6148164521831518E+002                  3.9371439792608819E+006                 -5.7463330224093987E+000                  4.3007129806712356E+000                  1.2300662544434467E+013                  2.5443120151250358E+001                  1.1420756664820175E+009                  1.2816436400654234E+000                  1.6806712316691136E-001                  7.4344732479267472E-001                  5.6723687312876891E-001                  8.5000496627254152E-001                  3.9367416481167725E+006                  4.0233114410914732E+002                  1.0736851816775482E+005                  1.7068323788906209E-001                  0.0000000000000000E+000                  9.0052104143443721E+004                  3.6382750507549858E+003                  2.6363808394639619E-025                  2.6363808394639619E-025                  0.0000000000000000E+000                  0.0000000000000000E+000                  1.0547267944103567E-026                  0.0000000000000000E+000                  3.5019192428574307E+001                  6.9999999999999996E-001                  2.9797635251138618E-005                  2.7997020236474884E-001                  4.1193902129486445E-003                  1.2067031330276047E-003                  1.1203876416666529E-002                  2.5129237964844936E-003                  9.5710644087274629E-004                  0.0000000000000000E+000                  0.0000000000000000E+000                  0.0000000000000000E+000                  0.0000000000000000E+000                  0.0000000000000000E+000                  0.0000000000000000E+000                  0.0000000000000000E+000                  0.0000000000000000E+000                  0.0000000000000000E+000                  0.0000000000000000E+000                 -1.0011025657897676E+001                 -9.8999999999999986E+001                  0.0000000000000000E+000                  0.0000000000000000E+000                 -9.8999999999999986E+001                 -9.8999999999999986E+001                  1.5504013364074375E+001                 -9.9000000000000000E+001                 -9.9000000000000000E+001                 -9.9000000000000000E+001 
                 9.9776245378643968E-001                  2.5782159447428423E+001                  1.6147903975859364E+002                  4.2375236595001249E+006                 -5.7216781567158455E+000                  4.3062636754096166E+000                  1.2432154986761676E+013                  2.5446127041650893E+001                  1.1081009106138711E+009                  1.2862800421164760E+000                  1.7126260168486881E-001                  7.4029265566489477E-001                  5.7304702235371174E-001                  8.5000496627254152E-001                  4.2371002248136764E+006                  4.2343468644859496E+002                  1.1390288107204474E+005                  1.7373956868604681E-001                  0.0000000000000000E+000                  8.9027882916583476E+004                  3.7715169492650029E+003                  2.7905822756141319E-025                  2.7905822756141319E-025                  0.0000000000000000E+000                  0.0000000000000000E+000                  1.1164175730320731E-026                  0.0000000000000000E+000                  3.5690733342590235E+001                  6.9999999999999996E-001                  2.9797635251138618E-005                  2.7997020236474884E-001                  4.1193902129486445E-003                  1.2067031330276047E-003                  1.1203876416666529E-002                  2.5129237964844936E-003                  9.5710644087274629E-004                  0.0000000000000000E+000                  0.0000000000000000E+000                  0.0000000000000000E+000                  0.0000000000000000E+000                  0.0000000000000000E+000                  0.0000000000000000E+000                  0.0000000000000000E+000                  0.0000000000000000E+000                  0.0000000000000000E+000                  0.0000000000000000E+000                 -9.9632577689302142E+000                 -9.8999999999999986E+001                  0.0000000000000000E+000                  0.0000000000000000E+000                 -9.8999999999999986E+001                 -9.8999999999999986E+001                  1.5504445267475308E+001                 -9.9000000000000000E+001                 -9.9000000000000000E+001                 -9.9000000000000000E+001 
                 9.9760912613414843E-001                  2.5724971825345776E+001                  1.6147620628182779E+002                  4.5608346686718855E+006                 -5.6971144070593427E+000                  4.3119146541676630E+000                  1.2565582635053291E+013                  2.5450410575519459E+001                  1.0749355546057956E+009                  1.2909851986945589E+000                  1.7452564114801333E-001                  7.3718867773643360E-001                  5.7845435793158217E-001                  8.5000496627254152E-001                  4.5603886116851829E+006                  4.4605698670234568E+002                  1.2069062850510019E+005                  1.7687190038363534E-001                  0.0000000000000000E+000                  8.8025176211153434E+004                  3.9082694137238627E+003                  2.9531885925336215E-025                  2.9531885925336220E-025                  0.0000000000000000E+000                  0.0000000000000000E+000                  1.1814708601610121E-026                  0.0000000000000000E+000                  3.6301983779515218E+001                  6.9999999999999996E-001                  2.9797635251138618E-005                  2.7997020236474884E-001                  4.1193902129486445E-003                  1.2067031330276047E-003                  1.1203876416666529E-002                  2.5129237964844936E-003                  9.5710644087274629E-004                  0.0000000000000000E+000                  0.0000000000000000E+000                  0.0000000000000000E+000                  0.0000000000000000E+000                  0.0000000000000000E+000                  0.0000000000000000E+000                  0.0000000000000000E+000                  0.0000000000000000E+000                  0.0000000000000000E+000                  0.0000000000000000E+000                 -9.9168530615451260E+000                 -9.8999999999999986E+001                  0.0000000000000000E+000                  0.0000000000000000E+000                 -9.8999999999999986E+001                 -9.8999999999999986E+001                  1.5504985494677198E+001                 -9.9000000000000000E+001                 -9.9000000000000000E+001                 -9.9000000000000000E+001 
                 9.9744553696897620E-001                  2.5667053554085435E+001                  1.6147313139884594E+002                  4.9088283807343291E+006                 -5.6726440600917112E+000                  4.3176673333813476E+000                  1.2701274608392211E+013                  2.5456132054899783E+001                  1.0429557917788403E+009                  1.2956551493614108E+000                  1.7780377397393471E-001                  7.3412349334945270E-001                  5.8341967490111291E-001                  8.5000496627254152E-001                  4.9083580524866087E+006                  4.7032824772040630E+002                  1.2771811797048085E+005                  1.8004850128724054E-001                  0.0000000000000000E+000                  8.7041764162222113E+004                  4.0483915105186711E+003                  3.1246035653597016E-025                  3.1246035653597011E-025                  0.0000000000000000E+000                  0.0000000000000000E+000                  1.2500481925737370E-026                  0.0000000000000000E+000                  3.6951682250928116E+001                  6.9999999999999996E-001                  2.9797635251138618E-005                  2.7997020236474884E-001                  4.1193902129486445E-003                  1.2067031330276047E-003                  1.1203876416666529E-002                  2.5129237964844936E-003                  9.5710644087274629E-004                  0.0000000000000000E+000                  0.0000000000000000E+000                  0.0000000000000000E+000                  0.0000000000000000E+000                  0.0000000000000000E+000                  0.0000000000000000E+000                  0.0000000000000000E+000                  0.0000000000000000E+000                  0.0000000000000000E+000                  0.0000000000000000E+000                 -9.8718578782963444E+000                 -9.8999999999999986E+001                  0.0000000000000000E+000                  0.0000000000000000E+000                 -9.8999999999999986E+001                 -9.8999999999999986E+001                  1.5505634692611263E+001                 -9.9000000000000000E+001                 -9.9000000000000000E+001                 -9.9000000000000000E+001 
                 9.9727102093631070E-001                  2.5608385900565558E+001                  1.6146979242325256E+002                  5.2833899735634914E+006                 -5.6482533892202156E+000                  4.3235212077816767E+000                  1.2838752901803906E+013                  2.5461121527093297E+001                  1.0127664739665998E+009                  1.3001655186779235E+000                  1.8103201853596890E-001                  7.3109645106009502E-001                  5.8856169033815098E-001                  8.5000496627254152E-001                  5.2828935909507219E+006                  4.9638261276928705E+002                  1.3498020460024980E+005                  1.8320921221724568E-001                  0.0000000000000000E+000                  8.6068621739811220E+004                  4.1920782355720848E+003                  3.3053679978861266E-025                  3.3053679978861266E-025                  0.0000000000000000E+000                  0.0000000000000000E+000                  1.3223659275774634E-026                  0.0000000000000000E+000                  3.7669909516172076E+001                  6.9999999999999996E-001                  2.9797635251138618E-005                  2.7997020236474884E-001                  4.1193902129486445E-003                  1.2067031330276047E-003                  1.1203876416666529E-002                  2.5129237964844936E-003                  9.5710644087274629E-004                  0.0000000000000000E+000                  0.0000000000000000E+000                  0.0000000000000000E+000                  0.0000000000000000E+000                  0.0000000000000000E+000                  0.0000000000000000E+000                  0.0000000000000000E+000                  0.0000000000000000E+000                  0.0000000000000000E+000                  0.0000000000000000E+000                 -9.8271856072659123E+000                 -9.8999999999999986E+001                  0.0000000000000000E+000                  0.0000000000000000E+000                 -9.8999999999999986E+001                 -9.8999999999999986E+001                  1.5506343252265083E+001                 -9.9000000000000000E+001                 -9.9000000000000000E+001                 -9.9000000000000000E+001 
                 9.9708487160137160E-001                  2.5548951605693187E+001                  1.6146616164467534E+002                  5.6865486040595621E+006                 -5.6239343922185858E+000                  4.3294744128441360E+000                  1.2977658185345359E+013                  2.5464231344683398E+001                  9.8446745942890537E+008                  1.3044962934504925E+000                  1.8419448681821227E-001                  7.2811641503770674E-001                  5.9419198005960927E-001                  8.5000496627254152E-001                  5.6860242442694828E+006                  5.2435979007958872E+002                  1.4248216460440750E+005                  1.8631151731699239E-001                  0.0000000000000000E+000                  8.5097684374119868E+004                  4.3397516309070543E+003                  3.4960198907803771E-025                  3.4960198907803771E-025                  0.0000000000000000E+000                  0.0000000000000000E+000                  1.3986393010437242E-026                  0.0000000000000000E+000                  3.8379461915805585E+001                  6.9999999999999996E-001                  2.9797635251138618E-005                  2.7997020236474884E-001                  4.1193902129486445E-003                  1.2067031330276047E-003                  1.1203876416666529E-002                  2.5129237964844936E-003                  9.5710644087274629E-004                  0.0000000000000000E+000                  0.0000000000000000E+000                  0.0000000000000000E+000                  0.0000000000000000E+000                  0.0000000000000000E+000                  0.0000000000000000E+000                  0.0000000000000000E+000                  0.0000000000000000E+000                  0.0000000000000000E+000                  0.0000000000000000E+000                 -9.7822257821115048E+000                 -9.8999999999999986E+001                  0.0000000000000000E+000                  0.0000000000000000E+000                 -9.8999999999999986E+001                 -9.8999999999999986E+001                  1.5507059076829350E+001                 -9.9000000000000000E+001                 -9.9000000000000000E+001                 -9.9000000000000000E+001 
                 9.9688633904360580E-001                  2.5488734166912693E+001                  1.6146221639659004E+002                  6.1204884389528614E+006                 -5.5996901499364995E+000                  4.3355249425325839E+000                  1.3118325196656578E+013                  2.5466528716120610E+001                  9.5779783279911864E+008                  1.3086883705103576E+000                  1.8729882596524944E-001                  7.2518848223511145E-001                  5.9979596789040557E-001                  8.5000496627254152E-001                  6.1199340283853542E+006                  5.5441056750733389E+002                  1.5023708567819043E+005                  1.8935099807430456E-001                  0.0000000000000000E+000                  8.4128344150606688E+004                  4.4920048251472435E+003                  3.6970394702520352E-025                  3.6970394702520356E-025                  0.0000000000000000E+000                  0.0000000000000000E+000                  1.4790604352380331E-026                  0.0000000000000000E+000                  3.9052508485511929E+001                  6.9999999999999996E-001                  2.9797635251138618E-005                  2.7997020236474884E-001                  4.1193902129486445E-003                  1.2067031330276047E-003                  1.1203876416666529E-002                  2.5129237964844936E-003                  9.5710644087274629E-004                  0.0000000000000000E+000                  0.0000000000000000E+000                  0.0000000000000000E+000                  0.0000000000000000E+000                  0.0000000000000000E+000                  0.0000000000000000E+000                  0.0000000000000000E+000                  0.0000000000000000E+000                  0.0000000000000000E+000                  0.0000000000000000E+000                 -9.7378711670530169E+000                 -9.8999999999999986E+001                  0.0000000000000000E+000                  0.0000000000000000E+000                 -9.8999999999999986E+001                 -9.8999999999999986E+001                  1.5507775052424760E+001                 -9.9000000000000000E+001                 -9.9000000000000000E+001                 -9.9000000000000000E+001 
                 9.9667462733368684E-001                  2.5427716319852422E+001                  1.6145793547263150E+002                  6.5875605638603857E+006                 -5.5755197343064609E+000                  4.3416707461785062E+000                  1.3260979826731641E+013                  2.5469379500564578E+001                  9.3265292921777630E+008                  1.3127519186247216E+000                  1.9033301275896292E-001                  7.2231824084704854E-001                  6.0483649249893412E-001                  8.5000496627254152E-001                  6.5869738657164900E+006                  5.8669814389588362E+002                  1.5826304657110973E+005                  1.9232625125982872E-001                  0.0000000000000000E+000                  8.3162261353031630E+004                  4.6495017951051504E+003                  3.9089610429108190E-025                  3.9089610429108195E-025                  0.0000000000000000E+000                  0.0000000000000000E+000                  1.5638430881650694E-026                  0.0000000000000000E+000                  3.9730289251931588E+001                  6.9999999999999996E-001                  2.9797635251138618E-005                  2.7997020236474884E-001                  4.1193902129486445E-003                  1.2067031330276047E-003                  1.1203876416666529E-002                  2.5129237964844936E-003                  9.5710644087274629E-004                  0.0000000000000000E+000                  0.0000000000000000E+000                  0.0000000000000000E+000                  0.0000000000000000E+000                  0.0000000000000000E+000                  0.0000000000000000E+000                  0.0000000000000000E+000                  0.0000000000000000E+000                  0.0000000000000000E+000                  0.0000000000000000E+000                 -9.6950462925037808E+000                 -9.8999999999999986E+001                  0.0000000000000000E+000                  0.0000000000000000E+000                 -9.8999999999999986E+001                 -9.8999999999999986E+001                  1.5508499459249657E+001                 -9.9000000000000000E+001                 -9.9000000000000000E+001                 -9.9000000000000000E+001 
                 9.9644889193285446E-001                  2.5365880580942868E+001                  1.6145329176255163E+002                  7.0902957307041017E+006                 -5.5514164633660856E+000                  4.3479090640422058E+000                  1.3405298898129051E+013                  2.5472795129266835E+001                  9.0915178418649328E+008                  1.3166541381601800E+000                  1.9326425844986456E-001                  7.1952045693407019E-001                  6.0931623337903518E-001                  8.5000496627254152E-001                  7.0896743353731548E+006                  6.2139533094659078E+002                  1.6658121357658674E+005                  1.9521507460831516E-001                  0.0000000000000000E+000                  8.2197936926570590E+004                  4.8129291700530966E+003                  4.1324001705474414E-025                  4.1324001705474414E-025                  0.0000000000000000E+000                  0.0000000000000000E+000                  1.6532335252793681E-026                  0.0000000000000000E+000                  4.0418878102688254E+001                  6.9999999999999996E-001                  2.9797635251138618E-005                  2.7997020236474884E-001                  4.1193902129486445E-003                  1.2067031330276047E-003                  1.1203876416666529E-002                  2.5129237964844936E-003                  9.5710644087274629E-004                  0.0000000000000000E+000                  0.0000000000000000E+000                  0.0000000000000000E+000                  0.0000000000000000E+000                  0.0000000000000000E+000                  0.0000000000000000E+000                  0.0000000000000000E+000                  0.0000000000000000E+000                  0.0000000000000000E+000                  0.0000000000000000E+000                 -9.6537393968911260E+000                 -9.8999999999999986E+001                  0.0000000000000000E+000                  0.0000000000000000E+000                 -9.8999999999999986E+001                 -9.8999999999999986E+001                  1.5509219429122096E+001                 -9.9000000000000000E+001                 -9.9000000000000000E+001                 -9.9000000000000000E+001 
                 9.9620823695107830E-001                  2.5303210078493279E+001                  1.6144825533246708E+002                  7.6314180577839427E+006                 -5.5273715451906504E+000                  4.3542361020276283E+000                  1.3550916144507404E+013                  2.5475450487401364E+001                  8.8744390578206146E+008                  1.3203518394792841E+000                  1.9606175068090539E-001                  7.1680535665494827E-001                  6.1372362417624793E-001                  8.5000496627254152E-001                  7.6307593752650078E+006                  6.5868251893436866E+002                  1.7521530115725199E+005                  1.9798510529849780E-001                  0.0000000000000000E+000                  8.1231670689305320E+004                  4.9829589996921459E+003                  4.3680338828670045E-025                  4.3680338828670045E-025                  0.0000000000000000E+000                  0.0000000000000000E+000                  1.7475026032693321E-026                  0.0000000000000000E+000                  4.1154847469380449E+001                  6.9999999999999996E-001                  2.9797635251138618E-005                  2.7997020236474884E-001                  4.1193902129486445E-003                  1.2067031330276047E-003                  1.1203876416666529E-002                  2.5129237964844936E-003                  9.5710644087274629E-004                  0.0000000000000000E+000                  0.0000000000000000E+000                  0.0000000000000000E+000                  0.0000000000000000E+000                  0.0000000000000000E+000                  0.0000000000000000E+000                  0.0000000000000000E+000                  0.0000000000000000E+000                  0.0000000000000000E+000                  0.0000000000000000E+000                 -9.6130943432821905E+000                 -9.8999999999999986E+001                  0.0000000000000000E+000                  0.0000000000000000E+000                 -9.8999999999999986E+001                 -9.8999999999999986E+001                  1.5509906007069731E+001                 -9.9000000000000000E+001                 -9.9000000000000000E+001                 -9.9000000000000000E+001 
                 9.9595171223592049E-001                  2.5239688901993208E+001                  1.6144278902685386E+002                  8.2138597953804256E+006                 -5.5033708180859255E+000                  4.3606472389079043E+000                  1.3697653662212092E+013                  2.5476492089019242E+001                  8.6760817683752990E+008                  1.3238194621663841E+000                  1.9870583778979503E-001                  7.1416945598413595E-001                  6.1859569194890263E-001                  8.5000496627254152E-001                  8.2131610472077047E+006                  6.9874817272048256E+002                  1.8418836276226441E+005                  2.0061047651190644E-001                  0.0000000000000000E+000                  8.0259823861442856E+004                  5.1600841959851050E+003                  4.6166444820592452E-025                  4.6166444820592452E-025                  0.0000000000000000E+000                  0.0000000000000000E+000                  1.8469632947841800E-026                  0.0000000000000000E+000                  4.1947568279261532E+001                  6.9999999999999996E-001                  2.9797635251138618E-005                  2.7997020236474884E-001                  4.1193902129486445E-003                  1.2067031330276047E-003                  1.1203876416666529E-002                  2.5129237964844936E-003                  9.5710644087274629E-004                  0.0000000000000000E+000                  0.0000000000000000E+000                  0.0000000000000000E+000                  0.0000000000000000E+000                  0.0000000000000000E+000                  0.0000000000000000E+000                  0.0000000000000000E+000                  0.0000000000000000E+000                  0.0000000000000000E+000                  0.0000000000000000E+000                 -9.5720852154413993E+000                 -9.8999999999999986E+001                  0.0000000000000000E+000                  0.0000000000000000E+000                 -9.8999999999999986E+001                 -9.8999999999999986E+001                  1.5510525894158913E+001                 -9.9000000000000000E+001                 -9.9000000000000000E+001                 -9.9000000000000000E+001 
                 9.9567831028759390E-001                  2.5175302955686654E+001                  1.6143685086414797E+002                  8.8407771815451887E+006                 -5.4794116632357222E+000                  4.3671372717445678E+000                  1.3845899925946498E+013                  2.5477378887143402E+001                  8.4968198809340930E+008                  1.3270376982421013E+000                  2.0118036140067005E-001                  7.1159608638924599E-001                  6.2379692640292794E-001                  8.5000496627254152E-001                  8.8400353918147516E+006                  7.4178973043781059E+002                  1.9351944470004845E+005                  2.0307301439568132E-001                  0.0000000000000000E+000                  7.9279777151908595E+004                  5.3446240502450064E+003                  4.8789494327515738E-025                  4.8789494327515729E-025                  0.0000000000000000E+000                  0.0000000000000000E+000                  1.9519026331581877E-026                  0.0000000000000000E+000                  4.2671932832747423E+001                  6.9999999999999996E-001                  2.9797635251138618E-005                  2.7997020236474884E-001                  4.1193902129486445E-003                  1.2067031330276047E-003                  1.1203876416666529E-002                  2.5129237964844936E-003                  9.5710644087274629E-004                  0.0000000000000000E+000                  0.0000000000000000E+000                  0.0000000000000000E+000                  0.0000000000000000E+000                  0.0000000000000000E+000                  0.0000000000000000E+000                  0.0000000000000000E+000                  0.0000000000000000E+000                  0.0000000000000000E+000                  0.0000000000000000E+000                 -9.5309176504932829E+000                 -9.8999999999999986E+001                  0.0000000000000000E+000                  0.0000000000000000E+000                 -9.8999999999999986E+001                 -9.8999999999999986E+001                  1.5511053263337319E+001                 -9.9000000000000000E+001                 -9.9000000000000000E+001                 -9.9000000000000000E+001 
                 9.9538696298355611E-001                  2.5110038320014336E+001                  1.6143041366393729E+002                  9.5155676180609707E+006                 -5.4555041709374095E+000                  4.3737007416595226E+000                  1.3996426103813602E+013                  2.5480136961106723E+001                  8.3358123896669996E+008                  1.3300195518372397E+000                  2.0348574160636321E-001                  7.0907582997724639E-001                  6.2860472793575062E-001                  8.5000496627254152E-001                  9.5147796026767530E+006                  7.8801538421733312E+002                  2.0322576693244165E+005                  2.0536472359800895E-001                  0.0000000000000000E+000                  7.8291103975219652E+004                  5.5368747281184615E+003                  5.1555567292799686E-025                  5.1555567292799686E-025                  0.0000000000000000E+000                  0.0000000000000000E+000                  2.0625638563654606E-026                  0.0000000000000000E+000                  4.3342323687226894E+001                  6.9999999999999996E-001                  2.9797635251138618E-005                  2.7997020236474884E-001                  4.1193902129486445E-003                  1.2067031330276047E-003                  1.1203876416666529E-002                  2.5129237964844936E-003                  9.5710644087274629E-004                  0.0000000000000000E+000                  0.0000000000000000E+000                  0.0000000000000000E+000                  0.0000000000000000E+000                  0.0000000000000000E+000                  0.0000000000000000E+000                  0.0000000000000000E+000                  0.0000000000000000E+000                  0.0000000000000000E+000                  0.0000000000000000E+000                 -9.4908753721371770E+000                 -9.8999999999999986E+001                  0.0000000000000000E+000                  0.0000000000000000E+000                 -9.8999999999999986E+001                 -9.8999999999999986E+001                  1.5511485760609048E+001                 -9.9000000000000000E+001                 -9.9000000000000000E+001                 -9.9000000000000000E+001 
                 9.9507653818895536E-001                  2.5043879325642919E+001                  1.6142344720162495E+002                  1.0241888228626331E+007                 -5.4316464428008562E+000                  4.3803323104179128E+000                  1.4149642618106797E+013                  2.5483832411808848E+001                  8.1918665532768202E+008                  1.3327921126780593E+000                  2.0562846838221374E-001                  7.0661058607691585E-001                  6.3285599605079967E-001                  8.5000496627254152E-001                  1.0241050581754018E+007                  8.3764687231383562E+002                  2.1332928016508781E+005                  2.0748935577994521E-001                  0.0000000000000000E+000                  7.7295203073481389E+004                  5.7373444806353500E+003                  5.4472350516448729E-025                  5.4472350516448729E-025                  0.0000000000000000E+000                  0.0000000000000000E+000                  2.1792544872799973E-026                  0.0000000000000000E+000                  4.4067044578065016E+001                  6.9999999999999996E-001                  2.9797635251138618E-005                  2.7997020236474884E-001                  4.1193902129486445E-003                  1.2067031330276047E-003                  1.1203876416666529E-002                  2.5129237964844936E-003                  9.5710644087274629E-004                  0.0000000000000000E+000                  0.0000000000000000E+000                  0.0000000000000000E+000                  0.0000000000000000E+000                  0.0000000000000000E+000                  0.0000000000000000E+000                  0.0000000000000000E+000                  0.0000000000000000E+000                  0.0000000000000000E+000                  0.0000000000000000E+000                 -9.4521336130025126E+000                 -9.8999999999999986E+001                  0.0000000000000000E+000                  0.0000000000000000E+000                 -9.8999999999999986E+001                 -9.8999999999999986E+001                  1.5511831663933405E+001                 -9.9000000000000000E+001                 -9.9000000000000000E+001                 -9.9000000000000000E+001 
                 9.9474583627928792E-001                  2.4976810325232684E+001                  1.6141590159212217E+002                  1.1023675725411223E+007                 -5.4078257228765167E+000                  4.3870271866068880E+000                  1.4305232921181221E+013                  2.5484903062461029E+001                  8.0629710441889310E+008                  1.3354068005810449E+000                  2.0763588171724945E-001                  7.0420994467352349E-001                  6.3710008539806529E-001                  8.5000496627254152E-001                  1.1022784801785158E+007                  8.9092362606612653E+002                  2.2385660631942138E+005                  2.0946401026338990E-001                  0.0000000000000000E+000                  7.6294406281202726E+004                  5.9465263317299532E+003                  5.7549394393468647E-025                  5.7549394393468647E-025                  0.0000000000000000E+000                  0.0000000000000000E+000                  2.3023566049091112E-026                  0.0000000000000000E+000                  4.4868212661278406E+001                  6.9999999999999996E-001                  2.9797635251138618E-005                  2.7997020236474884E-001                  4.1193902129486445E-003                  1.2067031330276047E-003                  1.1203876416666529E-002                  2.5129237964844936E-003                  9.5710644087274629E-004                  0.0000000000000000E+000                  0.0000000000000000E+000                  0.0000000000000000E+000                  0.0000000000000000E+000                  0.0000000000000000E+000                  0.0000000000000000E+000                  0.0000000000000000E+000                  0.0000000000000000E+000                  0.0000000000000000E+000                  0.0000000000000000E+000                 -9.4136780207372048E+000                 -9.8999999999999986E+001                  0.0000000000000000E+000                  0.0000000000000000E+000                 -9.8999999999999986E+001                 -9.8999999999999986E+001                  1.5512093408340407E+001                 -9.9000000000000000E+001                 -9.9000000000000000E+001                 -9.9000000000000000E+001 
                 9.9439358636569120E-001                  2.4908817393875470E+001                  1.6140771819997104E+002                  1.1865167523216469E+007                 -5.3840356543354080E+000                  4.3937819728673881E+000                  1.4462694441447318E+013                  2.5482430970679005E+001                  7.9456234916504717E+008                  1.3379609445776648E+000                  2.0956736008582894E-001                  7.0187168067580208E-001                  6.4173740803773549E-001                  8.5000496627254152E-001                  1.1864219411265239E+007                  9.4811195123100822E+002                  2.3482943784252994E+005                  2.1133235518142690E-001                  0.0000000000000000E+000                  7.5293377044069028E+004                  6.1646919551972169E+003                  6.0796123885180620E-025                  6.0796123885180620E-025                  0.0000000000000000E+000                  0.0000000000000000E+000                  2.4322472700836246E-026                  0.0000000000000000E+000                  4.5695702675649422E+001                  6.9999999999999996E-001                  2.9797635251138618E-005                  2.7997020236474884E-001                  4.1193902129486445E-003                  1.2067031330276047E-003                  1.1203876416666529E-002                  2.5129237964844936E-003                  9.5710644087274629E-004                  0.0000000000000000E+000                  0.0000000000000000E+000                  0.0000000000000000E+000                  0.0000000000000000E+000                  0.0000000000000000E+000                  0.0000000000000000E+000                  0.0000000000000000E+000                  0.0000000000000000E+000                  0.0000000000000000E+000                  0.0000000000000000E+000                 -9.3749188787998889E+000                 -9.8999999999999986E+001                  0.0000000000000000E+000                  0.0000000000000000E+000                 -9.8999999999999986E+001                 -9.8999999999999986E+001                  1.5512285037682759E+001                 -9.9000000000000000E+001                 -9.9000000000000000E+001                 -9.9000000000000000E+001 
                 9.9401844249910276E-001                  2.4839887443156517E+001                  1.6139884220783713E+002                  1.2770924716802415E+007                 -5.3602805212228608E+000                  4.4005950543891945E+000                  1.4622289156742154E+013                  2.5479422497823979E+001                  7.8364358654232955E+008                  1.3405478489243619E+000                  2.1147286776726498E-001                  6.9957642336250403E-001                  6.4657593227319610E-001                  8.5000496627254152E-001                  1.2769915203729969E+007                  1.0095130724469050E+003                  2.4625806239968727E+005                  2.1315021801810791E-001                  0.0000000000000000E+000                  7.4298695649510933E+004                  6.3918793037805081E+003                  6.4221027750952153E-025                  6.4221027750952153E-025                  0.0000000000000000E+000                  0.0000000000000000E+000                  2.5692660893618210E-026                  0.0000000000000000E+000                  4.6512435854606089E+001                  6.9999999999999996E-001                  2.9797635251138618E-005                  2.7997020236474884E-001                  4.1193902129486445E-003                  1.2067031330276047E-003                  1.1203876416666529E-002                  2.5129237964844936E-003                  9.5710644087274629E-004                  0.0000000000000000E+000                  0.0000000000000000E+000                  0.0000000000000000E+000                  0.0000000000000000E+000                  0.0000000000000000E+000                  0.0000000000000000E+000                  0.0000000000000000E+000                  0.0000000000000000E+000                  0.0000000000000000E+000                  0.0000000000000000E+000                 -9.3362400626959943E+000                 -9.8999999999999986E+001                  0.0000000000000000E+000                  0.0000000000000000E+000                 -9.8999999999999986E+001                 -9.8999999999999986E+001                  1.5512441600172410E+001                 -9.9000000000000000E+001                 -9.9000000000000000E+001                 -9.9000000000000000E+001 
                 9.9361897936221788E-001                  2.4770006518431114E+001                  1.6138922188844973E+002                  1.3745857020237649E+007                 -5.3365695454154976E+000                  4.4074664733087445E+000                  1.4784822360594715E+013                  2.5480084671534023E+001                  7.7321362996735859E+008                  1.3432588973892825E+000                  2.1340430397115406E-001                  6.9729978578527974E-001                  6.5107520419166232E-001                  8.5000496627254152E-001                  1.3744781551915523E+007                  1.0754683221260805E+003                  2.5814388713115509E+005                  2.1496941883460530E-001                  0.0000000000000000E+000                  7.3317189256200465E+004                  6.6281197176128453E+003                  6.7832156666593936E-025                  6.7832156666593936E-025                  0.0000000000000000E+000                  0.0000000000000000E+000                  2.7137351430616844E-026                  0.0000000000000000E+000                  4.7322331322350273E+001                  6.9999999999999996E-001                  2.9797635251138618E-005                  2.7997020236474884E-001                  4.1193902129486445E-003                  1.2067031330276047E-003                  1.1203876416666529E-002                  2.5129237964844936E-003                  9.5710644087274629E-004                  0.0000000000000000E+000                  0.0000000000000000E+000                  0.0000000000000000E+000                  0.0000000000000000E+000                  0.0000000000000000E+000                  0.0000000000000000E+000                  0.0000000000000000E+000                  0.0000000000000000E+000                  0.0000000000000000E+000                  0.0000000000000000E+000                 -9.2984870590088899E+000                 -9.8999999999999986E+001                  0.0000000000000000E+000                  0.0000000000000000E+000                 -9.8999999999999986E+001                 -9.8999999999999986E+001                  1.5512609475523725E+001                 -9.9000000000000000E+001                 -9.9000000000000000E+001                 -9.9000000000000000E+001 
                 9.9319368809996877E-001                  2.4699158968000024E+001                  1.6137880120291658E+002                  1.4795249402155016E+007                 -5.3129081910444480E+000                  4.4143982973443547E+000                  1.4950659454682746E+013                  2.5484570831121864E+001                  7.6288392576755953E+008                  1.3462061653540771E+000                  2.1543539084452967E-001                  6.9504434326029607E-001                  6.5497868044804264E-001                  8.5000496627254152E-001                  1.4794103031873403E+007                  1.1463702816120590E+003                  2.7049418061207549E+005                  2.1685333878400126E-001                  0.0000000000000000E+000                  7.2355983184317694E+004                  6.8740310595796645E+003                  7.1638348285284645E-025                  7.1638348285284645E-025                  0.0000000000000000E+000                  0.0000000000000000E+000                  2.8660079958049417E-026                  0.0000000000000000E+000                  4.8158213669278744E+001                  6.9999999999999996E-001                  2.9797635251138618E-005                  2.7997020236474884E-001                  4.1193902129486445E-003                  1.2067031330276047E-003                  1.1203876416666529E-002                  2.5129237964844936E-003                  9.5710644087274629E-004                  0.0000000000000000E+000                  0.0000000000000000E+000                  0.0000000000000000E+000                  0.0000000000000000E+000                  0.0000000000000000E+000                  0.0000000000000000E+000                  0.0000000000000000E+000                  0.0000000000000000E+000                  0.0000000000000000E+000                  0.0000000000000000E+000                 -9.2619798118753423E+000                 -9.8999999999999986E+001                  0.0000000000000000E+000                  0.0000000000000000E+000                 -9.8999999999999986E+001                 -9.8999999999999986E+001                  1.5512839648526489E+001                 -9.9000000000000000E+001                 -9.9000000000000000E+001                 -9.9000000000000000E+001 
                 9.9274097192896604E-001                  2.4627327983533288E+001                  1.6136751260315449E+002                  1.5924790753029659E+007                 -5.2892990034878498E+000                  4.4213949425571535E+000                  1.5119641808615619E+013                  2.5490032540493083E+001                  7.5224653313995206E+008                  1.3495082256967119E+000                  2.1763745738548293E-001                  6.9282761109197988E-001                  6.5858310518869090E-001                  8.5000496627254152E-001                  1.5923568076713530E+007                  1.2226763161295735E+003                  2.8332751160599792E+005                  2.1887544160215017E-001                  0.0000000000000000E+000                  7.1422727564968140E+004                  7.1305364552260544E+003                  7.5649235450448057E-025                  7.5649235450448057E-025                  0.0000000000000000E+000                  0.0000000000000000E+000                  3.0264700250866568E-026                  0.0000000000000000E+000                  4.9052908039317600E+001                  6.9999999999999996E-001                  2.9797635251138618E-005                  2.7997020236474884E-001                  4.1193902129486445E-003                  1.2067031330276047E-003                  1.1203876416666529E-002                  2.5129237964844936E-003                  9.5710644087274629E-004                  0.0000000000000000E+000                  0.0000000000000000E+000                  0.0000000000000000E+000                  0.0000000000000000E+000                  0.0000000000000000E+000                  0.0000000000000000E+000                  0.0000000000000000E+000                  0.0000000000000000E+000                  0.0000000000000000E+000                  0.0000000000000000E+000                 -9.2262343692632793E+000                 -9.8999999999999986E+001                  0.0000000000000000E+000                  0.0000000000000000E+000                 -9.8999999999999986E+001                 -9.8999999999999986E+001                  1.5513185279095142E+001                 -9.9000000000000000E+001                 -9.9000000000000000E+001                 -9.9000000000000000E+001 
                 9.9225914154576700E-001                  2.4554496039228738E+001                  1.6135527482320904E+002                  1.7140604704544708E+007                 -5.2657414805582174E+000                  4.4284626619719321E+000                  1.5291170697961061E+013                  2.5492704118993842E+001                  7.4105373210422349E+008                  1.3532338359867584E+000                  2.2005193763379544E-001                  6.9066599997558187E-001                  6.6254557512711831E-001                  8.5000496627254152E-001                  1.7139299789081790E+007                  1.3049154629189602E+003                  2.9666556058328261E+005                  2.2109319229938967E-001                  0.0000000000000000E+000                  7.0523590106910415E+004                  7.3987691264523337E+003                  7.9875408500319890E-025                  7.9875408500319899E-025                  0.0000000000000000E+000                  0.0000000000000000E+000                  3.1955449145321550E-026                  0.0000000000000000E+000                  5.0026832913606562E+001                  6.9999999999999996E-001                  2.9797635251138618E-005                  2.7997020236474884E-001                  4.1193902129486445E-003                  1.2067031330276047E-003                  1.1203876416666529E-002                  2.5129237964844936E-003                  9.5710644087274629E-004                  0.0000000000000000E+000                  0.0000000000000000E+000                  0.0000000000000000E+000                  0.0000000000000000E+000                  0.0000000000000000E+000                  0.0000000000000000E+000                  0.0000000000000000E+000                  0.0000000000000000E+000                  0.0000000000000000E+000                  0.0000000000000000E+000                 -9.1903568680056118E+000                 -9.8999999999999986E+001                  0.0000000000000000E+000                  0.0000000000000000E+000                 -9.8999999999999986E+001                 -9.8999999999999986E+001                  1.5513689876544412E+001                 -9.9000000000000000E+001                 -9.9000000000000000E+001                 -9.9000000000000000E+001 
                 9.9174641032432576E-001                  2.4480645384483957E+001                  1.6134199364906110E+002                  1.8449282745485354E+007                 -5.2422405580053315E+000                  4.4356088515958101E+000                  1.5465014428907605E+013                  2.5491941242110592E+001                  7.2919624872689795E+008                  1.3574203544868682E+000                  2.2270814382878934E-001                  6.8854720363030475E-001                  6.6699669335673573E-001                  8.5000496627254152E-001                  1.8447889052430201E+007                  1.3936930551533549E+003                  3.1051019757968956E+005                  2.2354237500462559E-001                  0.0000000000000000E+000                  6.9661488563829742E+004                  7.6789990799056759E+003                  8.4326930301360863E-025                  8.4326930301360863E-025                  0.0000000000000000E+000                  0.0000000000000000E+000                  3.3736352454066753E-026                  0.0000000000000000E+000                  5.1018626717243947E+001                  6.9999999999999996E-001                  2.9797635251138618E-005                  2.7997020236474884E-001                  4.1193902129486445E-003                  1.2067031330276047E-003                  1.1203876416666529E-002                  2.5129237964844936E-003                  9.5710644087274629E-004                  0.0000000000000000E+000                  0.0000000000000000E+000                  0.0000000000000000E+000                  0.0000000000000000E+000                  0.0000000000000000E+000                  0.0000000000000000E+000                  0.0000000000000000E+000                  0.0000000000000000E+000                  0.0000000000000000E+000                  0.0000000000000000E+000                 -9.1542716036386569E+000                 -9.8999999999999986E+001                  0.0000000000000000E+000                  0.0000000000000000E+000                 -9.8999999999999986E+001                 -9.8999999999999986E+001                  1.5514379741131778E+001                 -9.9000000000000000E+001                 -9.9000000000000000E+001                 -9.9000000000000000E+001 
                 9.9120088928502881E-001                  2.4405757103146080E+001                  1.6132758298587990E+002                  1.9857919970963504E+007                 -5.2188135198170507E+000                  4.4428425293457385E+000                  1.5641845658620729E+013                  2.5490198922499189E+001                  7.1635524306556129E+008                  1.3621797140082037E+000                  2.2567901550012553E-001                  6.8643836981536854E-001                  6.7132528490278276E-001                  8.5000496627254152E-001                  1.9856430260572933E+007                  1.4897103905703361E+003                  3.2480923959709750E+005                  2.2627372846701271E-001                  0.0000000000000000E+000                  6.8840452274066978E+004                  7.9701521572315141E+003                  8.9011648181996630E-025                  8.9011648181996630E-025                  0.0000000000000000E+000                  0.0000000000000000E+000                  3.5610549627938470E-026                  0.0000000000000000E+000                  5.1964053163430890E+001                  6.9999999999999996E-001                  2.9797635251138618E-005                  2.7997020236474884E-001                  4.1193902129486445E-003                  1.2067031330276047E-003                  1.1203876416666529E-002                  2.5129237964844936E-003                  9.5710644087274629E-004                  0.0000000000000000E+000                  0.0000000000000000E+000                  0.0000000000000000E+000                  0.0000000000000000E+000                  0.0000000000000000E+000                  0.0000000000000000E+000                  0.0000000000000000E+000                  0.0000000000000000E+000                  0.0000000000000000E+000                  0.0000000000000000E+000                 -9.1188835605970002E+000                 -9.8999999999999986E+001                  0.0000000000000000E+000                  0.0000000000000000E+000                 -9.8999999999999986E+001                 -9.8999999999999986E+001                  1.5515297868678996E+001                 -9.9000000000000000E+001                 -9.9000000000000000E+001                 -9.9000000000000000E+001 
                 9.9062058194508129E-001                  2.4329808900191637E+001                  1.6131196932363423E+002                  2.1374153754756004E+007                 -5.1954793795409779E+000                  4.4501751380816055E+000                  1.5822233981819609E+013                  2.5489902281052792E+001                  7.0224839197193456E+008                  1.3676452642540928E+000                  2.2904247576711464E-001                  6.8432557940553873E-001                  6.7509260315111330E-001                  8.5000496627254152E-001                  2.1372559960409824E+007                  1.5937943461813136E+003                  3.3945879711593478E+005                  2.2936309686409020E-001                  0.0000000000000000E+000                  6.8067340112874503E+004                  8.2706845238613914E+003                  9.3936789153716326E-025                  9.3936789153716344E-025                  0.0000000000000000E+000                  0.0000000000000000E+000                  3.7580931949962604E-026                  0.0000000000000000E+000                  5.2909721326534346E+001                  6.9999999999999996E-001                  2.9797635251138618E-005                  2.7997020236474884E-001                  4.1193902129486445E-003                  1.2067031330276047E-003                  1.1203876416666529E-002                  2.5129237964844936E-003                  9.5710644087274629E-004                  0.0000000000000000E+000                  0.0000000000000000E+000                  0.0000000000000000E+000                  0.0000000000000000E+000                  0.0000000000000000E+000                  0.0000000000000000E+000                  0.0000000000000000E+000                  0.0000000000000000E+000                  0.0000000000000000E+000                  0.0000000000000000E+000                 -9.0848694674262873E+000                 -9.8999999999999986E+001                  0.0000000000000000E+000                  0.0000000000000000E+000                 -9.8999999999999986E+001                 -9.8999999999999986E+001                  1.5516513559854118E+001                 -9.9000000000000000E+001                 -9.9000000000000000E+001                 -9.9000000000000000E+001 
                 9.9000337917614212E-001                  2.4252774630802509E+001                  1.6129506074746533E+002                  2.3006205299933411E+007                 -5.1722467976944007E+000                  4.4576198979513055E+000                  1.6005848313639098E+013                  2.5490770572587483E+001                  6.8688414239666235E+008                  1.3738797567538859E+000                  2.3283010891696854E-001                  6.8224148756963832E-001                  6.7866317019803379E-001                  8.5000496627254152E-001                  2.3004498387187615E+007                  1.7069127457973484E+003                  3.5432555598636839E+005                  2.3286604229581798E-001                  0.0000000000000000E+000                  6.7345875386248459E+004                  8.5788966530570215E+003                  9.9111542763282929E-025                  9.9111542763282948E-025                  0.0000000000000000E+000                  0.0000000000000000E+000                  3.9651175847166569E-026                  0.0000000000000000E+000                  5.3924238696961083E+001                  6.9999999999999996E-001                  2.9797635251138618E-005                  2.7997020236474884E-001                  4.1193902129486445E-003                  1.2067031330276047E-003                  1.1203876416666529E-002                  2.5129237964844936E-003                  9.5710644087274629E-004                  0.0000000000000000E+000                  0.0000000000000000E+000                  0.0000000000000000E+000                  0.0000000000000000E+000                  0.0000000000000000E+000                  0.0000000000000000E+000                  0.0000000000000000E+000                  0.0000000000000000E+000                  0.0000000000000000E+000                  0.0000000000000000E+000                 -9.0518108902264434E+000                 -9.8999999999999986E+001                  0.0000000000000000E+000                  0.0000000000000000E+000                 -9.8999999999999986E+001                 -9.8999999999999986E+001                  1.5518073445571021E+001                 -9.9000000000000000E+001                 -9.9000000000000000E+001                 -9.9000000000000000E+001 
                 9.8934705395783562E-001                  2.4174625978258817E+001                  1.6127673562808883E+002                  2.4762924095945597E+007                 -5.1491197555176162E+000                  4.4651906816629880E+000                  1.6192116351352238E+013                  2.5491384974522013E+001                  6.7035050149789834E+008                  1.3808987239741872E+000                  2.3705107726418503E-001                  6.8023134162326238E-001                  6.8262150750760708E-001                  8.5000496627254152E-001                  2.4761093913201835E+007                  1.8301827437625825E+003                  3.6925974575714720E+005                  2.3680296149160240E-001                  0.0000000000000000E+000                  6.6675521909797186E+004                  8.8931618180679561E+003                  1.0454624646933031E-024                  1.0454624646933031E-024                  0.0000000000000000E+000                  0.0000000000000000E+000                  4.1825416987311349E-026                  0.0000000000000000E+000                  5.5019060646583078E+001                  6.9999999999999996E-001                  2.9797635251138618E-005                  2.7997020236474884E-001                  4.1193902129486445E-003                  1.2067031330276047E-003                  1.1203876416666529E-002                  2.5129237964844936E-003                  9.5710644087274629E-004                  0.0000000000000000E+000                  0.0000000000000000E+000                  0.0000000000000000E+000                  0.0000000000000000E+000                  0.0000000000000000E+000                  0.0000000000000000E+000                  0.0000000000000000E+000                  0.0000000000000000E+000                  0.0000000000000000E+000                  0.0000000000000000E+000                 -9.0189172646101241E+000                 -9.8999999999999986E+001                  0.0000000000000000E+000                  0.0000000000000000E+000                 -9.8999999999999986E+001                 -9.8999999999999986E+001                  1.5519989520282543E+001                 -9.9000000000000000E+001                 -9.9000000000000000E+001                 -9.9000000000000000E+001 
                 9.8864925587129404E-001                  2.4095333211017579E+001                  1.6125685698922811E+002                  2.6653835757835403E+007                 -5.1261084810802036E+000                  4.4729015963311882E+000                  1.6380922651226449E+013                  2.5491281488946960E+001                  6.5277627815644085E+008                  1.3887062782310100E+000                  2.4171161815326569E-001                  6.7829674760657588E-001                  6.8702012578138016E-001                  8.5000496627254152E-001                  2.6651870868412275E+007                  1.9648894231281290E+003                  3.8409239218710171E+005                  2.4118119942844982E-001                  0.0000000000000000E+000                  6.6054706327982247E+004                  9.2114256464849223E+003                  1.1024987375920980E-024                  1.1024987375920980E-024                  0.0000000000000000E+000                  0.0000000000000000E+000                  4.4107245359400556E-026                  0.0000000000000000E+000                  5.6137153191885737E+001                  6.9999999999999996E-001                  2.9797635251138618E-005                  2.7997020236474884E-001                  4.1193902129486445E-003                  1.2067031330276047E-003                  1.1203876416666529E-002                  2.5129237964844936E-003                  9.5710644087274629E-004                  0.0000000000000000E+000                  0.0000000000000000E+000                  0.0000000000000000E+000                  0.0000000000000000E+000                  0.0000000000000000E+000                  0.0000000000000000E+000                  0.0000000000000000E+000                  0.0000000000000000E+000                  0.0000000000000000E+000                  0.0000000000000000E+000                 -8.9861279564600984E+000                 -9.8999999999999986E+001                  0.0000000000000000E+000                  0.0000000000000000E+000                 -9.8999999999999986E+001                 -9.8999999999999986E+001                  1.5522267070244988E+001                 -9.9000000000000000E+001                 -9.9000000000000000E+001                 -9.9000000000000000E+001 
                 9.8790750540420047E-001                  2.4014863965452442E+001                  1.6123529683258346E+002                  2.8689193750681683E+007                 -5.1032302920162014E+000                  4.4807675107035054E+000                  1.6572525859642529E+013                  2.5491124521990912E+001                  6.3420397644269884E+008                  1.3973800598852286E+000                  2.4685487207810336E-001                  6.7640190587178561E-001                  6.9127470570152516E-001                  8.5000496627254152E-001                  2.8687081226094201E+007                  2.1125245874825491E+003                  3.9862251871944225E+005                  2.4602457866216965E-001                  0.0000000000000000E+000                  6.5483010816939655E+004                  9.5310922263331795E+003                  1.1622936279081046E-024                  1.1622936279081046E-024                  0.0000000000000000E+000                  0.0000000000000000E+000                  4.6499436685978222E-026                  0.0000000000000000E+000                  5.7262705028147991E+001                  6.9999999999999996E-001                  2.9797635251138618E-005                  2.7997020236474884E-001                  4.1193902129486445E-003                  1.2067031330276047E-003                  1.1203876416666529E-002                  2.5129237964844936E-003                  9.5710644087274629E-004                  0.0000000000000000E+000                  0.0000000000000000E+000                  0.0000000000000000E+000                  0.0000000000000000E+000                  0.0000000000000000E+000                  0.0000000000000000E+000                  0.0000000000000000E+000                  0.0000000000000000E+000                  0.0000000000000000E+000                  0.0000000000000000E+000                 -8.9543776808544759E+000                 -9.8999999999999986E+001                  0.0000000000000000E+000                  0.0000000000000000E+000                 -9.8999999999999986E+001                 -9.8999999999999986E+001                  1.5524924853880854E+001                 -9.9000000000000000E+001                 -9.9000000000000000E+001                 -9.9000000000000000E+001 
                 9.8711918826458089E-001                  2.3933181785901258E+001                  1.6121192372127837E+002                  3.0880035207941100E+007                 -5.0805021990121197E+000                  4.4888049096372651E+000                  1.6767116168321602E+013                  2.5491570792814429E+001                  6.1463728006871629E+008                  1.4070450259336185E+000                  2.5253943337727791E-001                  6.7452028196164093E-001                  6.9475939855491342E-001                  8.5000496627254152E-001                  3.0877760365259398E+007                  2.2748426817021746E+003                  4.1262645924073382E+005                  2.5138362999592245E-001                  0.0000000000000000E+000                  6.4962013925388317E+004                  9.8496701438660057E+003                  1.2249113775250991E-024                  1.2249113775250989E-024                  0.0000000000000000E+000                  0.0000000000000000E+000                  4.9004561067789206E-026                  0.0000000000000000E+000                  5.8412778142180542E+001                  6.9999999999999996E-001                  2.9797635251138618E-005                  2.7997020236474884E-001                  4.1193902129486445E-003                  1.2067031330276047E-003                  1.1203876416666529E-002                  2.5129237964844936E-003                  9.5710644087274629E-004                  0.0000000000000000E+000                  0.0000000000000000E+000                  0.0000000000000000E+000                  0.0000000000000000E+000                  0.0000000000000000E+000                  0.0000000000000000E+000                  0.0000000000000000E+000                  0.0000000000000000E+000                  0.0000000000000000E+000                  0.0000000000000000E+000                 -8.9247285152900293E+000                 -9.8999999999999986E+001                  0.0000000000000000E+000                  0.0000000000000000E+000                 -9.8999999999999986E+001                 -9.8999999999999986E+001                  1.5527997832765296E+001                 -9.9000000000000000E+001                 -9.9000000000000000E+001                 -9.9000000000000000E+001 
                 9.8628154977606552E-001                  2.3850245977068095E+001                  1.6118658946352434E+002                  3.3238240888262954E+007                 -5.0579382170340690E+000                  4.4970312037600815E+000                  1.6964685451204834E+013                  2.5493234989855704E+001                  5.9429631779119706E+008                  1.4177326643673314E+000                  2.5876328427275586E-001                  6.7267277773275025E-001                  6.9762941426163538E-001                  8.5000496627254152E-001                  3.3235786990048606E+007                  2.4538982143483977E+003                  4.2587143789629597E+005                  2.5728728711475407E-001                  0.0000000000000000E+000                  6.4491771717659372E+004                  1.0164685563525647E+004                  1.2904182327232491E-024                  1.2904182327232491E-024                  0.0000000000000000E+000                  0.0000000000000000E+000                  5.1625268794718779E-026                  0.0000000000000000E+000                  5.9593260903121489E+001                  6.9999999999999996E-001                  2.9797635251138618E-005                  2.7997020236474884E-001                  4.1193902129486445E-003                  1.2067031330276047E-003                  1.1203876416666529E-002                  2.5129237964844936E-003                  9.5710644087274629E-004                  0.0000000000000000E+000                  0.0000000000000000E+000                  0.0000000000000000E+000                  0.0000000000000000E+000                  0.0000000000000000E+000                  0.0000000000000000E+000                  0.0000000000000000E+000                  0.0000000000000000E+000                  0.0000000000000000E+000                  0.0000000000000000E+000                 -8.8970722902452604E+000                 -9.8999999999999986E+001                  0.0000000000000000E+000                  0.0000000000000000E+000                 -9.8999999999999986E+001                 -9.8999999999999986E+001                  1.5531508822101831E+001                 -9.9000000000000000E+001                 -9.9000000000000000E+001                 -9.9000000000000000E+001 
                 9.8539168929440890E-001                  2.3766011970417917E+001                  1.6115913185118876E+002                  3.5776599628036924E+007                 -5.0355497604133479E+000                  4.5054631029883687E+000                  1.7165000699282039E+013                  2.5496583344551450E+001                  5.7356937322765756E+008                  1.4293866660403816E+000                  2.6548471846232119E-001                  6.7089027184596639E-001                  7.0054843557707924E-001                  8.5000496627254152E-001                  3.5773947563174747E+007                  2.6520648621732989E+003                  4.3811315021340176E+005                  2.6371360813425571E-001                  0.0000000000000000E+000                  6.4067588130256896E+004                  1.0473319073432311E+004                  1.3588824244191059E-024                  1.3588824244191059E-024                  0.0000000000000000E+000                  0.0000000000000000E+000                  5.4364289555262695E-026                  0.0000000000000000E+000                  6.0828866386469002E+001                  6.9999999999999996E-001                  2.9797635251138618E-005                  2.7997020236474884E-001                  4.1193902129486445E-003                  1.2067031330276047E-003                  1.1203876416666529E-002                  2.5129237964844936E-003                  9.5710644087274629E-004                  0.0000000000000000E+000                  0.0000000000000000E+000                  0.0000000000000000E+000                  0.0000000000000000E+000                  0.0000000000000000E+000                  0.0000000000000000E+000                  0.0000000000000000E+000                  0.0000000000000000E+000                  0.0000000000000000E+000                  0.0000000000000000E+000                 -8.8704627522758397E+000                 -9.8999999999999986E+001                  0.0000000000000000E+000                  0.0000000000000000E+000                 -9.8999999999999986E+001                 -9.8999999999999986E+001                  1.5535444967077366E+001                 -9.9000000000000000E+001                 -9.9000000000000000E+001                 -9.9000000000000000E+001 
                 9.8444655460407704E-001                  2.3680431639408475E+001                  1.6112936402472894E+002                  3.8508877689948671E+007                 -5.0133467193883767E+000                  4.5141156584386781E+000                  1.7367883843234221E+013                  2.5500009055764565E+001                  5.5281334408551431E+008                  1.4418915455591619E+000                  2.7264270772674631E-001                  6.6919196088898980E-001                  7.0395715095338285E-001                  8.5000496627254152E-001                  3.8506005624295563E+007                  2.8720656531090845E+003                  4.4907294289265928E+005                  2.7061068971001356E-001                  0.0000000000000000E+000                  6.3682184677975572E+004                  1.0771233656323004E+004                  1.4303717503355311E-024                  1.4303717503355313E-024                  0.0000000000000000E+000                  0.0000000000000000E+000                  5.7224335707324413E-026                  0.0000000000000000E+000                  6.2139369021933547E+001                  6.9999999999999996E-001                  2.9797635251138618E-005                  2.7997020236474884E-001                  4.1193902129486445E-003                  1.2067031330276047E-003                  1.1203876416666529E-002                  2.5129237964844936E-003                  9.5710644087274629E-004                  0.0000000000000000E+000                  0.0000000000000000E+000                  0.0000000000000000E+000                  0.0000000000000000E+000                  0.0000000000000000E+000                  0.0000000000000000E+000                  0.0000000000000000E+000                  0.0000000000000000E+000                  0.0000000000000000E+000                  0.0000000000000000E+000                 -8.8443202866787018E+000                 -9.8999999999999986E+001                  0.0000000000000000E+000                  0.0000000000000000E+000                 -9.8999999999999986E+001                 -9.8999999999999986E+001                  1.5539772280174436E+001                 -9.9000000000000000E+001                 -9.9000000000000000E+001                 -9.9000000000000000E+001 
                 9.8344293635139302E-001                  2.3593453424678344E+001                  1.6109707320362799E+002                  4.1449893396614470E+007                 -4.9913381926736342E+000                  4.5230020691499400E+000                  1.7573319013089857E+013                  2.5500572599185858E+001                  5.3230181490365160E+008                  1.4551641481617208E+000                  2.8018410794014353E-001                  6.6759177501244116E-001                  7.0762666140215669E-001                  8.5000496627254152E-001                  4.1446776373619676E+007                  3.1170229947955140E+003                  4.5841905520446959E+005                  2.7792059021635324E-001                  0.0000000000000000E+000                  6.3328822056490106E+004                  1.1052477739834323E+004                  1.5049514587074750E-024                  1.5049514587074748E-024                  0.0000000000000000E+000                  0.0000000000000000E+000                  6.0208017612441318E-026                  0.0000000000000000E+000                  6.3520363461938317E+001                  6.9999999999999996E-001                  2.9797635251138618E-005                  2.7997020236474884E-001                  4.1193902129486445E-003                  1.2067031330276047E-003                  1.1203876416666529E-002                  2.5129237964844936E-003                  9.5710644087274629E-004                  0.0000000000000000E+000                  0.0000000000000000E+000                  0.0000000000000000E+000                  0.0000000000000000E+000                  0.0000000000000000E+000                  0.0000000000000000E+000                  0.0000000000000000E+000                  0.0000000000000000E+000                  0.0000000000000000E+000                  0.0000000000000000E+000                 -8.8191428042094344E+000                 -9.8999999999999986E+001                  0.0000000000000000E+000                  0.0000000000000000E+000                 -9.8999999999999986E+001                 -9.8999999999999986E+001                  1.5544457598046110E+001                 -9.9000000000000000E+001                 -9.9000000000000000E+001                 -9.9000000000000000E+001 
                 9.8237746256226566E-001                  2.3505022320641491E+001                  1.6106203035172589E+002                  4.4615597543003321E+007                 -4.9695332629843456E+000                  4.5321337890095803E+000                  1.7781476388017027E+013                  2.5498149624481449E+001                  5.1226799285343778E+008                  1.4691483266022392E+000                  2.8805403909054800E-001                  6.6608935905514521E-001                  7.1100112474821187E-001                  8.5000496627254152E-001                  4.4612207018513903E+007                  3.3905244894166694E+003                  4.6578493289832724E+005                  2.8558872828152743E-001                  0.0000000000000000E+000                  6.3001494179082045E+004                  1.1310041466905741E+004                  1.5826813020879382E-024                  1.5826813020879382E-024                  0.0000000000000000E+000                  0.0000000000000000E+000                  6.3317725768525762E-026                  0.0000000000000000E+000                  6.4946179129037390E+001                  6.9999999999999996E-001                  2.9797635251138618E-005                  2.7997020236474884E-001                  4.1193902129486445E-003                  1.2067031330276047E-003                  1.1203876416666529E-002                  2.5129237964844936E-003                  9.5710644087274629E-004                  0.0000000000000000E+000                  0.0000000000000000E+000                  0.0000000000000000E+000                  0.0000000000000000E+000                  0.0000000000000000E+000                  0.0000000000000000E+000                  0.0000000000000000E+000                  0.0000000000000000E+000                  0.0000000000000000E+000                  0.0000000000000000E+000                 -8.7958238723091782E+000                 -9.8999999999999986E+001                  0.0000000000000000E+000                  0.0000000000000000E+000                 -9.8999999999999986E+001                 -9.8999999999999986E+001                  1.5549470967542206E+001                 -9.9000000000000000E+001                 -9.9000000000000000E+001                 -9.9000000000000000E+001 
                 9.8124659326438979E-001                  2.3415079697835488E+001                  1.6102400180597436E+002                  4.8023160091199599E+007                 -4.9479397721051894E+000                  4.5415198346294909E+000                  1.7992628279594484E+013                  2.5496797032712131E+001                  4.9296129739340764E+008                  1.4837022690902897E+000                  2.9615481195380328E-001                  6.6465305977180222E-001                  7.1379428817700541E-001                  8.5000496627254152E-001                  4.8019463417922251E+007                  3.6966732773445583E+003                  4.7081145100954844E+005                  2.9353885386694212E-001                  0.0000000000000000E+000                  6.2693675846542152E+004                  1.1536790172500869E+004                  1.6636194519371329E-024                  1.6636194519371325E-024                  0.0000000000000000E+000                  0.0000000000000000E+000                  6.6555787419338410E-026                  0.0000000000000000E+000                  6.6407633163773809E+001                  6.9999999999999996E-001                  2.9797635251138618E-005                  2.7997020236474884E-001                  4.1193902129486445E-003                  1.2067031330276047E-003                  1.1203876416666529E-002                  2.5129237964844936E-003                  9.5710644087274629E-004                  0.0000000000000000E+000                  0.0000000000000000E+000                  0.0000000000000000E+000                  0.0000000000000000E+000                  0.0000000000000000E+000                  0.0000000000000000E+000                  0.0000000000000000E+000                  0.0000000000000000E+000                  0.0000000000000000E+000                  0.0000000000000000E+000                 -8.7746857821932860E+000                 -9.8999999999999986E+001                  0.0000000000000000E+000                  0.0000000000000000E+000                 -9.8999999999999986E+001                 -9.8999999999999986E+001                  1.5554777075792385E+001                 -9.9000000000000000E+001                 -9.9000000000000000E+001                 -9.9000000000000000E+001 
                 9.8004661532575266E-001                  2.3323563371515110E+001                  1.6098274126081290E+002                  5.1691063522777095E+007                 -4.9265606478068875E+000                  4.5511654363436360E+000                  1.8206881708398477E+013                  2.5499050511684164E+001                  4.7469137365093154E+008                  1.4985795496415291E+000                  3.0434744672080066E-001                  6.6326668933718080E-001                  7.1608759884386819E-001                  8.5000496627254152E-001                  5.1687023410124652E+007                  4.0401126524460610E+003                  4.7319324070740509E+005                  3.0165250042121866E-001                  0.0000000000000000E+000                  6.2396547276809171E+004                  1.1726092098499746E+004                  1.7478376918219652E-024                  1.7478376918219652E-024                  0.0000000000000000E+000                  0.0000000000000000E+000                  6.9925074383019369E-026                  0.0000000000000000E+000                  6.7932750740695184E+001                  6.9999999999999996E-001                  2.9797635251138618E-005                  2.7997020236474884E-001                  4.1193902129486445E-003                  1.2067031330276047E-003                  1.1203876416666529E-002                  2.5129237964844936E-003                  9.5710644087274629E-004                  0.0000000000000000E+000                  0.0000000000000000E+000                  0.0000000000000000E+000                  0.0000000000000000E+000                  0.0000000000000000E+000                  0.0000000000000000E+000                  0.0000000000000000E+000                  0.0000000000000000E+000                  0.0000000000000000E+000                  0.0000000000000000E+000                 -8.7555377491361330E+000                 -9.8999999999999986E+001                  0.0000000000000000E+000                  0.0000000000000000E+000                 -9.8999999999999986E+001                 -9.8999999999999986E+001                  1.5560320529449161E+001                 -9.9000000000000000E+001                 -9.9000000000000000E+001                 -9.9000000000000000E+001 
                 9.7877363751341029E-001                  2.3230408467665832E+001                  1.6093796542175471E+002                  5.5639203174803138E+007                 -4.9053922628628328E+000                  4.5610711612990009E+000                  1.8424297269924746E+013                  2.5502802301343749E+001                  4.5767924731856501E+008                  1.5134780004367379E+000                  3.1248032565897815E-001                  6.6197984247533681E-001                  7.1823354046331001E-001                  8.5000496627254152E-001                  5.5634777124201745E+007                  4.4260506013944714E+003                  4.7272609997644206E+005                  3.0978380640810221E-001                  0.0000000000000000E+000                  6.2099981431466374E+004                  1.1872961405005159E+004                  1.8354325653984250E-024                  1.8354325653984250E-024                  0.0000000000000000E+000                  0.0000000000000000E+000                  7.3429449045167228E-026                  0.0000000000000000E+000                  6.9550519154271768E+001                  6.9999999999999996E-001                  2.9797635251138618E-005                  2.7997020236474884E-001                  4.1193902129486445E-003                  1.2067031330276047E-003                  1.1203876416666529E-002                  2.5129237964844936E-003                  9.5710644087274629E-004                  0.0000000000000000E+000                  0.0000000000000000E+000                  0.0000000000000000E+000                  0.0000000000000000E+000                  0.0000000000000000E+000                  0.0000000000000000E+000                  0.0000000000000000E+000                  0.0000000000000000E+000                  0.0000000000000000E+000                  0.0000000000000000E+000                 -8.7379471839186866E+000                 -9.8999999999999986E+001                  0.0000000000000000E+000                  0.0000000000000000E+000                 -9.8999999999999986E+001                 -9.8999999999999986E+001                  1.5566029822199312E+001                 -9.9000000000000000E+001                 -9.9000000000000000E+001                 -9.9000000000000000E+001 
                 9.7742358565956400E-001                  2.3135548724295678E+001                  1.6088934770893309E+002                  5.9888995080381043E+007                 -4.8844260671276327E+000                  4.5712326327722046E+000                  1.8644977472521250E+013                  2.5505349391782048E+001                  4.4209757279284686E+008                  1.5280892146949046E+000                  3.2039685306922733E-001                  6.6083342929121847E-001                  7.2051741147606674E-001                  8.5000496627254152E-001                  5.9884134789514177E+007                  4.8602908668691589E+003                  4.6935838989084546E+005                  3.1777811079340901E-001                  0.0000000000000000E+000                  6.1794491597364082E+004                  1.1975289062617405E+004                  1.9265245838191477E-024                  1.9265245838191477E-024                  0.0000000000000000E+000                  0.0000000000000000E+000                  7.7073732649902822E-026                  0.0000000000000000E+000                  7.1265067520270847E+001                  6.9999999999999996E-001                  2.9797635251138618E-005                  2.7997020236474884E-001                  4.1193902129486445E-003                  1.2067031330276047E-003                  1.1203876416666529E-002                  2.5129237964844936E-003                  9.5710644087274629E-004                  0.0000000000000000E+000                  0.0000000000000000E+000                  0.0000000000000000E+000                  0.0000000000000000E+000                  0.0000000000000000E+000                  0.0000000000000000E+000                  0.0000000000000000E+000                  0.0000000000000000E+000                  0.0000000000000000E+000                  0.0000000000000000E+000                 -8.7215609811952532E+000                 -9.8999999999999986E+001                  0.0000000000000000E+000                  0.0000000000000000E+000                 -9.8999999999999986E+001                 -9.8999999999999986E+001                  1.5571830817216371E+001                 -9.9000000000000000E+001                 -9.9000000000000000E+001                 -9.9000000000000000E+001 
                 9.7599219784973490E-001                  2.3038917545409159E+001                  1.6083653022442621E+002                  6.4463492062418848E+007                 -4.8636508093663879E+000                  4.5816409021845281E+000                  1.8868983354484828E+013                  2.5504910310612953E+001                  4.2801464350307518E+008                  1.5421721625334630E+000                  3.2796939760149613E-001                  6.5978558971702161E-001                  7.2286756109134487E-001                  8.5000496627254152E-001                  6.4458142782328822E+007                  5.3492800900296497E+003                  4.6315420080815535E+005                  3.2549244643296388E-001                  0.0000000000000000E+000                  6.1471990269639944E+004                  1.2030920530435675E+004                  2.0212533292914110E-024                  2.0212533292914110E-024                  0.0000000000000000E+000                  0.0000000000000000E+000                  8.0863509409790187E-026                  0.0000000000000000E+000                  7.3076596935032683E+001                  6.9999999999999996E-001                  2.9797635251138618E-005                  2.7997020236474884E-001                  4.1193902129486445E-003                  1.2067031330276047E-003                  1.1203876416666529E-002                  2.5129237964844936E-003                  9.5710644087274629E-004                  0.0000000000000000E+000                  0.0000000000000000E+000                  0.0000000000000000E+000                  0.0000000000000000E+000                  0.0000000000000000E+000                  0.0000000000000000E+000                  0.0000000000000000E+000                  0.0000000000000000E+000                  0.0000000000000000E+000                  0.0000000000000000E+000                 -8.7064252720475750E+000                 -9.8999999999999986E+001                  0.0000000000000000E+000                  0.0000000000000000E+000                 -9.8999999999999986E+001                 -9.8999999999999986E+001                  1.5577654095811921E+001                 -9.9000000000000000E+001                 -9.9000000000000000E+001                 -9.9000000000000000E+001 
                 9.7447501963874694E-001                  2.2940448646792944E+001                  1.6077912404950314E+002                  6.9387508759773195E+007                 -4.8430545236327625E+000                  4.5922830876083252E+000                  1.9096640309111020E+013                  2.5501733232444398E+001                  4.1544988980299455E+008                  1.5554831001765499E+000                  3.3508031127078752E-001                  6.5879615303585859E-001                  7.2509946059389674E-001                  8.5000496627254152E-001                  6.9381608595819443E+007                  5.9001639537521842E+003                  4.5405368172466994E+005                  3.3280379120262754E-001                  0.0000000000000000E+000                  6.1126560288208209E+004                  1.2028243929053666E+004                  2.1197713228032717E-024                  2.1197713228032721E-024                  0.0000000000000000E+000                  0.0000000000000000E+000                  8.4804881174303418E-026                  0.0000000000000000E+000                  7.4961480577945892E+001                  6.9999999999999996E-001                  2.9797635251138618E-005                  2.7997020236474884E-001                  4.1193902129486445E-003                  1.2067031330276047E-003                  1.1203876416666529E-002                  2.5129237964844936E-003                  9.5710644087274629E-004                  0.0000000000000000E+000                  0.0000000000000000E+000                  0.0000000000000000E+000                  0.0000000000000000E+000                  0.0000000000000000E+000                  0.0000000000000000E+000                  0.0000000000000000E+000                  0.0000000000000000E+000                  0.0000000000000000E+000                  0.0000000000000000E+000                 -8.6926967654115170E+000                 -9.8999999999999986E+001                  0.0000000000000000E+000                  0.0000000000000000E+000                 -9.8999999999999986E+001                 -9.8999999999999986E+001                  1.5583442665652811E+001                 -9.9000000000000000E+001                 -9.9000000000000000E+001                 -9.9000000000000000E+001 
                 9.7286739940276212E-001                  2.2840076305612779E+001                  1.6071672681836586E+002                  7.4687756260880321E+007                 -4.8226270276175800E+000                  4.6031431532060481E+000                  1.9328989565393125E+013                  2.5501363473251224E+001                  4.0435798078954720E+008                  1.5677925951449150E+000                  3.4165120453677045E-001                  6.5788923219520368E-001                  7.2690756802970691E-001                  8.5000496627254152E-001                  7.4681235408895537E+007                  6.5208519847814496E+003                  4.4175090404564270E+005                  3.3961352013128410E-001                  0.0000000000000000E+000                  6.0754302600360468E+004                  1.1948631521745678E+004                  2.2222328425011606E-024                  2.2222328425011606E-024                  0.0000000000000000E+000                  0.0000000000000000E+000                  8.8904020090931702E-026                  0.0000000000000000E+000                  7.6891660079151904E+001                  6.9999999999999996E-001                  2.9797635251138618E-005                  2.7997020236474884E-001                  4.1193902129486445E-003                  1.2067031330276047E-003                  1.1203876416666529E-002                  2.5129237964844936E-003                  9.5710644087274629E-004                  0.0000000000000000E+000                  0.0000000000000000E+000                  0.0000000000000000E+000                  0.0000000000000000E+000                  0.0000000000000000E+000                  0.0000000000000000E+000                  0.0000000000000000E+000                  0.0000000000000000E+000                  0.0000000000000000E+000                  0.0000000000000000E+000                 -8.6806763964671827E+000                 -9.8999999999999986E+001                  0.0000000000000000E+000                  0.0000000000000000E+000                 -9.8999999999999986E+001                 -9.8999999999999986E+001                  1.5589153363585456E+001                 -9.9000000000000000E+001                 -9.9000000000000000E+001                 -9.9000000000000000E+001 
                 9.7116448393131549E-001                  2.2737735046781115E+001                  1.6064892895195700E+002                  8.0392987551850304E+007                 -4.8023534276990265E+000                  4.6142026287619995E+000                  1.9566267555905586E+013                  2.5505404629294887E+001                  3.9468451028694898E+008                  1.5789024097353883E+000                  3.4760810791780056E-001                  6.5708105232970460E-001                  7.2821853913176149E-001                  8.5000496627254152E-001                  8.0385767467944637E+007                  7.2200839056618379E+003                  4.2612637315886741E+005                  3.4584549571692608E-001                  0.0000000000000000E+000                  6.0352976644303417E+004                  1.1786843096006549E+004                  2.3288276081281254E-024                  2.3288276081281250E-024                  0.0000000000000000E+000                  0.0000000000000000E+000                  9.3168516205651400E-026                  0.0000000000000000E+000                  7.8890885910362613E+001                  6.9999999999999996E-001                  2.9797635251138618E-005                  2.7997020236474884E-001                  4.1193902129486445E-003                  1.2067031330276047E-003                  1.1203876416666529E-002                  2.5129237964844936E-003                  9.5710644087274629E-004                  0.0000000000000000E+000                  0.0000000000000000E+000                  0.0000000000000000E+000                  0.0000000000000000E+000                  0.0000000000000000E+000                  0.0000000000000000E+000                  0.0000000000000000E+000                  0.0000000000000000E+000                  0.0000000000000000E+000                  0.0000000000000000E+000                 -8.6703800657951771E+000                 -9.8999999999999986E+001                  0.0000000000000000E+000                  0.0000000000000000E+000                 -9.8999999999999986E+001                 -9.8999999999999986E+001                  1.5594752610539924E+001                 -9.9000000000000000E+001                 -9.9000000000000000E+001                 -9.9000000000000000E+001 
                 9.6936121426016963E-001                  2.2633360861186855E+001                  1.6057526903756101E+002                  8.6534153780696750E+007                 -4.7822120563295289E+000                  4.6254406538857982E+000                  1.9806821817504676E+013                  2.5505991412406598E+001                  3.8640457902130604E+008                  1.5886745028725664E+000                  3.5287523026850987E-001                  6.5635375752773994E-001                  7.2957737922635835E-001                  8.5000496627254152E-001                  8.6526146328676596E+007                  8.0074520201473570E+003                  4.0780834309508116E+005                  3.5142496952964047E-001                  0.0000000000000000E+000                  5.9920419627831609E+004                  1.1563627242358878E+004                  2.4397992819404202E-024                  2.4397992819404202E-024                  0.0000000000000000E+000                  0.0000000000000000E+000                  9.7608117622050991E-026                  0.0000000000000000E+000                  8.0990281860319129E+001                  6.9999999999999996E-001                  2.9797635251138618E-005                  2.7997020236474884E-001                  4.1193902129486445E-003                  1.2067031330276047E-003                  1.1203876416666529E-002                  2.5129237964844936E-003                  9.5710644087274629E-004                  0.0000000000000000E+000                  0.0000000000000000E+000                  0.0000000000000000E+000                  0.0000000000000000E+000                  0.0000000000000000E+000                  0.0000000000000000E+000                  0.0000000000000000E+000                  0.0000000000000000E+000                  0.0000000000000000E+000                  0.0000000000000000E+000                 -8.6609593473624038E+000                 -9.8999999999999986E+001                  0.0000000000000000E+000                  0.0000000000000000E+000                 -9.8999999999999986E+001                 -9.8999999999999986E+001                  1.5600200980291703E+001                 -9.9000000000000000E+001                 -9.9000000000000000E+001                 -9.9000000000000000E+001 
                 9.6745232142184145E-001                  2.2526893044282200E+001                  1.6049521962350408E+002                  9.3144571561300814E+007                 -4.7621828573578258E+000                  4.6368340912639257E+000                  2.0053500301344055E+013                  2.5503125565692919E+001                  3.7948462373673022E+008                  1.5969539590661181E+000                  3.5738600406749582E-001                  6.5569782929820797E-001                  7.3115151923472843E-001                  8.5000496627254152E-001                  9.3135678155802250E+007                  8.8934054985710300E+003                  3.8781416340495454E+005                  3.5628073806448624E-001                  0.0000000000000000E+000                  5.9454452832954456E+004                  1.1297002650325177E+004                  2.5554063776887045E-024                  2.5554063776887041E-024                  0.0000000000000000E+000                  0.0000000000000000E+000                  1.0223316660187184E-025                  0.0000000000000000E+000                  8.3184585759727895E+001                  6.9999999999999996E-001                  2.9797635251138618E-005                  2.7997020236474884E-001                  4.1193902129486445E-003                  1.2067031330276047E-003                  1.1203876416666529E-002                  2.5129237964844936E-003                  9.5710644087274629E-004                  0.0000000000000000E+000                  0.0000000000000000E+000                  0.0000000000000000E+000                  0.0000000000000000E+000                  0.0000000000000000E+000                  0.0000000000000000E+000                  0.0000000000000000E+000                  0.0000000000000000E+000                  0.0000000000000000E+000                  0.0000000000000000E+000                 -8.6520203403701519E+000                 -9.8999999999999986E+001                  0.0000000000000000E+000                  0.0000000000000000E+000                 -9.8999999999999986E+001                 -9.8999999999999986E+001                  1.5605455545115634E+001                 -9.9000000000000000E+001                 -9.9000000000000000E+001                 -9.9000000000000000E+001 
                 9.6543232217494757E-001                  2.2418274114802710E+001                  1.6040821591510601E+002                  1.0026010389769270E+008                 -4.7422434511398661E+000                  4.6483578546362176E+000                  2.0313368767159723E+013                  2.5504600814781842E+001                  3.7388480141606051E+008                  1.6035693789740442E+000                  3.6108513825500593E-001                  6.5511719404105828E-001                  7.3291504394298146E-001                  8.5000496627254152E-001                  1.0025021465242648E+008                  9.8892452662164906E+003                  3.6656979304164421E+005                  3.6035190691787239E-001                  0.0000000000000000E+000                  5.8953346216952872E+004                  1.0975946373355182E+004                  2.6759466084863481E-024                  2.6759466084863481E-024                  0.0000000000000000E+000                  0.0000000000000000E+000                  1.0705557364089981E-025                  0.0000000000000000E+000                  8.5453245580624881E+001                  6.9999999999999996E-001                  2.9797635251138618E-005                  2.7997020236474884E-001                  4.1193902129486445E-003                  1.2067031330276047E-003                  1.1203876416666529E-002                  2.5129237964844936E-003                  9.5710644087274629E-004                  0.0000000000000000E+000                  0.0000000000000000E+000                  0.0000000000000000E+000                  0.0000000000000000E+000                  0.0000000000000000E+000                  0.0000000000000000E+000                  0.0000000000000000E+000                  0.0000000000000000E+000                  0.0000000000000000E+000                  0.0000000000000000E+000                 -8.6434659365387034E+000                 -9.8999999999999986E+001                  0.0000000000000000E+000                  0.0000000000000000E+000                 -9.8999999999999986E+001                 -9.8999999999999986E+001                  1.5610475406494885E+001                 -9.9000000000000000E+001                 -9.9000000000000000E+001                 -9.9000000000000000E+001 
                 9.6329551464423013E-001                  2.2307450709238388E+001                  1.6031367111104066E+002                  1.0791935460923605E+008                 -4.7223735622396692E+000                  4.6599849252436600E+000                  2.0577986298198848E+013                  2.5506995520804477E+001                  3.6959639365688676E+008                  1.6083399720681297E+000                  3.6390640284649733E-001                  6.5459651220137938E-001                  7.3485535919130784E-001                  8.5000496627254152E-001                  1.0790834754678561E+008                  1.1007062450434323E+004                  3.4396993413545040E+005                  3.6357806145529536E-001                  0.0000000000000000E+000                  5.8415370603824180E+004                  1.0587688428627827E+004                  2.8017338700030654E-024                  2.8017338700030654E-024                  0.0000000000000000E+000                  0.0000000000000000E+000                  1.1208789664438789E-025                  0.0000000000000000E+000                  8.7774859144506735E+001                  6.9999999999999996E-001                  2.9797635251138618E-005                  2.7997020236474884E-001                  4.1193902129486445E-003                  1.2067031330276047E-003                  1.1203876416666529E-002                  2.5129237964844936E-003                  9.5710644087274629E-004                  0.0000000000000000E+000                  0.0000000000000000E+000                  0.0000000000000000E+000                  0.0000000000000000E+000                  0.0000000000000000E+000                  0.0000000000000000E+000                  0.0000000000000000E+000                  0.0000000000000000E+000                  0.0000000000000000E+000                  0.0000000000000000E+000                 -8.6352029295432935E+000                 -9.8999999999999986E+001                  0.0000000000000000E+000                  0.0000000000000000E+000                 -9.8999999999999986E+001                 -9.8999999999999986E+001                  1.5615218663027354E+001                 -9.9000000000000000E+001                 -9.9000000000000000E+001                 -9.9000000000000000E+001 
                 9.6103597388774720E-001                  2.2194373396250167E+001                  1.6021097972423146E+002                  1.1837141473997276E+008                 -4.6975768989151652E+000                  4.6747639131471450E+000                  2.0902244451884887E+013                  2.5504321782726979E+001                  3.6605287801088405E+008                  1.6114821687614731E+000                  3.6611942358995975E-001                  6.5398057354708261E-001                  7.3692308046873123E-001                  8.5000496627254152E-001                  1.1835880264065301E+008                  1.2612099319745235E+004                  3.2028273748120712E+005                  3.6582908240954454E-001                  0.0000000000000000E+000                  5.7841748389732253E+004                  1.0025178897980099E+004                  2.9670531983724954E-024                  2.9670531983724954E-024                  0.0000000000000000E+000                  0.0000000000000000E+000                  1.1870176398318569E-025                  0.0000000000000000E+000                  9.0785093548924806E+001                  6.9999999999999996E-001                  2.9797635251138618E-005                  2.7997020236474884E-001                  4.1193902129486445E-003                  1.2067031330276047E-003                  1.1203876416666529E-002                  2.5129237964844936E-003                  9.5710644087274629E-004                  0.0000000000000000E+000                  0.0000000000000000E+000                  0.0000000000000000E+000                  0.0000000000000000E+000                  0.0000000000000000E+000                  0.0000000000000000E+000                  0.0000000000000000E+000                  0.0000000000000000E+000                  0.0000000000000000E+000                  0.0000000000000000E+000                 -8.6263869568139739E+000                 -9.8999999999999986E+001                  0.0000000000000000E+000                  0.0000000000000000E+000                 -9.8999999999999986E+001                 -9.8999999999999986E+001                  1.5619737577037899E+001                 -9.9000000000000000E+001                 -9.9000000000000000E+001                 -9.9000000000000000E+001 
                 9.5740301746634604E-001                  2.2020417968100229E+001                  1.6004020702923765E+002                  1.3219003449556375E+008                 -4.6678853905347140E+000                  4.6923916389333398E+000                  2.1311189300492785E+013                  2.5507608628611969E+001                  3.6452284900447625E+008                  1.6108465924942439E+000                  3.6671683253281551E-001                  6.5328678796387429E-001                  7.3702410370346594E-001                  8.5000496627254152E-001                  1.3217519912887654E+008                  1.4835366687207839E+004                  2.8495257245843159E+005                  3.6740754330731157E-001                  0.0000000000000000E+000                  5.6906677626683719E+004                  9.3262913206222511E+003                  3.1779166640159655E-024                  3.1779166640159655E-024                  0.0000000000000000E+000                  0.0000000000000000E+000                  1.2713769827704468E-025                  0.0000000000000000E+000                  9.4641105115509831E+001                  6.9999999999999996E-001                  2.9797635251138618E-005                  2.7997020236474884E-001                  4.1193902129486445E-003                  1.2067031330276047E-003                  1.1203876416666529E-002                  2.5129237964844936E-003                  9.5710644087274629E-004                  0.0000000000000000E+000                  0.0000000000000000E+000                  0.0000000000000000E+000                  0.0000000000000000E+000                  0.0000000000000000E+000                  0.0000000000000000E+000                  0.0000000000000000E+000                  0.0000000000000000E+000                  0.0000000000000000E+000                  0.0000000000000000E+000                 -8.6188871527056055E+000                 -9.8999999999999986E+001                  0.0000000000000000E+000                  0.0000000000000000E+000                 -9.8999999999999986E+001                 -9.8999999999999986E+001                  1.5625822659698564E+001                 -9.9000000000000000E+001                 -9.9000000000000000E+001                 -9.9000000000000000E+001 
                 9.5345826910199194E-001                  2.1841162662095549E+001                  1.5984690215457439E+002                  1.4623840868749660E+008                 -4.6406222855187318E+000                  4.7084456355631117E+000                  2.1707801355441867E+013                  2.5505978773741163E+001                  3.6562586646983892E+008                  1.6061185987929001E+000                  3.6530873307193457E-001                  6.5271355475321724E-001                  7.3812099741711035E-001                  8.5000496627254152E-001                  1.4622120924888483E+008                  1.7199438611779497E+004                  2.5150231204441079E+005                  3.6690413002282818E-001                  0.0000000000000000E+000                  5.5874989560497866E+004                  8.6718185289826051E+003                  3.3847354723246948E-024                  3.3847354723246948E-024                  0.0000000000000000E+000                  0.0000000000000000E+000                  1.3541181952813286E-025                  0.0000000000000000E+000                  9.8310120465880033E+001                  6.9999999999999996E-001                  2.9797635251138618E-005                  2.7997020236474884E-001                  4.1193902129486445E-003                  1.2067031330276047E-003                  1.1203876416666529E-002                  2.5129237964844936E-003                  9.5710644087274629E-004                  0.0000000000000000E+000                  0.0000000000000000E+000                  0.0000000000000000E+000                  0.0000000000000000E+000                  0.0000000000000000E+000                  0.0000000000000000E+000                  0.0000000000000000E+000                  0.0000000000000000E+000                  0.0000000000000000E+000                  0.0000000000000000E+000                 -8.6100478278205532E+000                 -9.8999999999999986E+001                  0.0000000000000000E+000                  0.0000000000000000E+000                 -9.8999999999999986E+001                 -9.8999999999999986E+001                  1.5630752951674836E+001                 -9.9000000000000000E+001                 -9.9000000000000000E+001                 -9.9000000000000000E+001 
                 9.4991627377744670E-001                  2.1687682418746167E+001                  1.5966660456932087E+002                  1.5590503144558236E+008                 -4.6232147340596574E+000                  4.7185014994752486E+000                  2.1963259416774090E+013                  2.5502167973061365E+001                  3.6760513743021750E+008                  1.6010968387798443E+000                  3.6343108152210063E-001                  6.5236491783145545E-001                  7.3974571029268144E-001                  8.5000496627254152E-001                  1.5588616293032083E+008                  1.8868515261544748E+004                  2.2545795379958075E+005                  3.6485500425538769E-001                  0.0000000000000000E+000                  5.4941347237516566E+004                  8.2590731567772291E+003                  3.5237920287088264E-024                  3.5237920287088264E-024                  0.0000000000000000E+000                  0.0000000000000000E+000                  1.4097500220075202E-025                  0.0000000000000000E+000                  1.0073046414377221E+002                  6.9999999999999996E-001                  2.9797635251138618E-005                  2.7997020236474884E-001                  4.1193902129486445E-003                  1.2067031330276047E-003                  1.1203876416666529E-002                  2.5129237964844936E-003                  9.5710644087274629E-004                  0.0000000000000000E+000                  0.0000000000000000E+000                  0.0000000000000000E+000                  0.0000000000000000E+000                  0.0000000000000000E+000                  0.0000000000000000E+000                  0.0000000000000000E+000                  0.0000000000000000E+000                  0.0000000000000000E+000                  0.0000000000000000E+000                 -8.6024523275923990E+000                 -9.8999999999999986E+001                  0.0000000000000000E+000                  0.0000000000000000E+000                 -9.8999999999999986E+001                 -9.8999999999999986E+001                  1.5633874913903920E+001                 -9.9000000000000000E+001                 -9.9000000000000000E+001                 -9.9000000000000000E+001 
                 9.4843128400259380E-001                  2.1625245550845790E+001                  1.5958915339682926E+002                  1.6175170329289410E+008                 -4.6132340106189114E+000                  4.7243146959522910E+000                  2.2114921860635465E+013                  2.5503351260263226E+001                  3.6923879150391966E+008                  1.5974399615747588E+000                  3.6197747917458922E-001                  6.5215490429592815E-001                  7.4048620690257472E-001                  8.5000496627254152E-001                  1.6173179699433807E+008                  1.9906298556022663E+004                  2.1556339026897919E+005                  3.6355940078759486E-001                  0.0000000000000000E+000                  5.4550841112083734E+004                  8.0183783496890919E+003                  3.6060886173111459E-024                  3.6060886173111459E-024                  0.0000000000000000E+000                  0.0000000000000000E+000                  1.4426741047162234E-025                  0.0000000000000000E+000                  1.0210376875335832E+002                  6.9999999999999996E-001                  2.9797635251138618E-005                  2.7997020236474884E-001                  4.1193902129486445E-003                  1.2067031330276047E-003                  1.1203876416666529E-002                  2.5129237964844936E-003                  9.5710644087274629E-004                  0.0000000000000000E+000                  0.0000000000000000E+000                  0.0000000000000000E+000                  0.0000000000000000E+000                  0.0000000000000000E+000                  0.0000000000000000E+000                  0.0000000000000000E+000                  0.0000000000000000E+000                  0.0000000000000000E+000                  0.0000000000000000E+000                 -8.5985221821735269E+000                 -9.8999999999999986E+001                  0.0000000000000000E+000                  0.0000000000000000E+000                 -9.8999999999999986E+001                 -9.8999999999999986E+001                  1.5634919559771051E+001                 -9.9000000000000000E+001                 -9.9000000000000000E+001                 -9.9000000000000000E+001 
                 9.4690595412723733E-001                  2.1562204906367239E+001                  1.5950851363294265E+002                  1.7097398934474957E+008                 -4.5982178223532406E+000                  4.7330826085315367E+000                  2.2350051494980656E+013                  2.5508154510591154E+001                  3.7243217697793961E+008                  1.5908971035954373E+000                  3.5926271359350431E-001                  6.5182238366319623E-001                  7.4131376502813517E-001                  8.5000496627254152E-001                  1.7095240881190300E+008                  2.1580532846582606E+004                  2.0601645653250333E+005                  3.6191805946948918E-001                  0.0000000000000000E+000                  5.4153149472195073E+004                  7.6577559611720535E+003                  3.7335489944746869E-024                  3.7335489944746869E-024                  0.0000000000000000E+000                  0.0000000000000000E+000                  1.4936666923380765E-025                  0.0000000000000000E+000                  1.0411720455505953E+002                  6.9999999999999996E-001                  2.9797635251138618E-005                  2.7997020236474884E-001                  4.1193902129486445E-003                  1.2067031330276047E-003                  1.1203876416666529E-002                  2.5129237964844936E-003                  9.5710644087274629E-004                  0.0000000000000000E+000                  0.0000000000000000E+000                  0.0000000000000000E+000                  0.0000000000000000E+000                  0.0000000000000000E+000                  0.0000000000000000E+000                  0.0000000000000000E+000                  0.0000000000000000E+000                  0.0000000000000000E+000                  0.0000000000000000E+000                 -8.5930765368578612E+000                 -9.8999999999999986E+001                  0.0000000000000000E+000                  0.0000000000000000E+000                 -9.8999999999999986E+001                 -9.8999999999999986E+001                  1.5635936410798186E+001                 -9.9000000000000000E+001                 -9.9000000000000000E+001                 -9.9000000000000000E+001 
                 9.4373050329336461E-001                  2.1434298008884625E+001                  1.5933732631393619E+002                  1.8403697416320115E+008                 -4.5780854230355441E+000                  4.7445274696391460E+000                  2.2669045608595566E+013                  2.5509550103948797E+001                  3.7802294511575067E+008                  1.5806009169055288E+000                  3.5476577329593428E-001                  6.5136180181586045E-001                  7.4218866759290147E-001                  8.5000496627254152E-001                  1.8401299458121872E+008                  2.3979581982432152E+004                  1.8820010549740272E+005                  3.5784789191965510E-001                  0.0000000000000000E+000                  5.3326374859632044E+004                  7.2077187684537266E+003                  3.9115507702365267E-024                  3.9115507702365267E-024                  0.0000000000000000E+000                  0.0000000000000000E+000                  1.5648791849306141E-025                  0.0000000000000000E+000                  1.0682558594223907E+002                  6.9999999999999996E-001                  2.9797635251138618E-005                  2.7997020236474884E-001                  4.1193902129486445E-003                  1.2067031330276047E-003                  1.1203876416666529E-002                  2.5129237964844936E-003                  9.5710644087274629E-004                  0.0000000000000000E+000                  0.0000000000000000E+000                  0.0000000000000000E+000                  0.0000000000000000E+000                  0.0000000000000000E+000                  0.0000000000000000E+000                  0.0000000000000000E+000                  0.0000000000000000E+000                  0.0000000000000000E+000                  0.0000000000000000E+000                 -8.5850693393727777E+000                 -9.8999999999999986E+001                  0.0000000000000000E+000                  0.0000000000000000E+000                 -9.8999999999999986E+001                 -9.8999999999999986E+001                  1.5637522002173817E+001                 -9.9000000000000000E+001                 -9.9000000000000000E+001                 -9.9000000000000000E+001 
                 9.4038220783581417E-001                  2.1303977683110443E+001                  1.5915212555773223E+002                  1.9809817216498449E+008                 -4.5578115846331730E+000                  4.7558127129747110E+000                  2.2998818474253270E+013                  2.5505867274547711E+001                  3.8517159997750473E+008                  1.5687668485525106E+000                  3.4934427985217514E-001                  6.5087020401038820E-001                  7.4302000582339078E-001                  8.5000496627254152E-001                  1.9807156598152056E+008                  2.6606183463943951E+004                  1.7217722892560676E+005                  3.5285382177391061E-001                  0.0000000000000000E+000                  5.2458489675861892E+004                  6.7879135726295035E+003                  4.0994007043686491E-024                  4.0994007043686491E-024                  0.0000000000000000E+000                  0.0000000000000000E+000                  1.6400315929109425E-025                  0.0000000000000000E+000                  1.0959552693415087E+002                  6.9999999999999996E-001                  2.9797635251138618E-005                  2.7997020236474884E-001                  4.1193902129486445E-003                  1.2067031330276047E-003                  1.1203876416666529E-002                  2.5129237964844936E-003                  9.5710644087274629E-004                  0.0000000000000000E+000                  0.0000000000000000E+000                  0.0000000000000000E+000                  0.0000000000000000E+000                  0.0000000000000000E+000                  0.0000000000000000E+000                  0.0000000000000000E+000                  0.0000000000000000E+000                  0.0000000000000000E+000                  0.0000000000000000E+000                 -8.5763023084806278E+000                 -9.8999999999999986E+001                  0.0000000000000000E+000                  0.0000000000000000E+000                 -9.8999999999999986E+001                 -9.8999999999999986E+001                  1.5638416609794893E+001                 -9.9000000000000000E+001                 -9.9000000000000000E+001                 -9.9000000000000000E+001 
                 9.3685307154370678E-001                  2.1171254934000398E+001                  1.5895186060235645E+002                  2.1323385742126915E+008                 -4.5373713932565307E+000                  4.7669129072424328E+000                  2.3339861943027258E+013                  2.5507609502344639E+001                  3.9372816062399399E+008                  1.5560478191161744E+000                  3.4326260252094554E-001                  6.5033835688376995E-001                  7.4393070432548913E-001                  8.5000496627254152E-001                  2.1320438720258695E+008                  2.9470218682194012E+004                  1.5790352468605957E+005                  3.4706489343211711E-001                  0.0000000000000000E+000                  5.1560091159246665E+004                  6.3986627010128377E+003                  4.2979483057448982E-024                  4.2979483057448982E-024                  0.0000000000000000E+000                  0.0000000000000000E+000                  1.7194637760887570E-025                  0.0000000000000000E+000                  1.1242929695460312E+002                  6.9999999999999996E-001                  2.9797635251138618E-005                  2.7997020236474884E-001                  4.1193902129486445E-003                  1.2067031330276047E-003                  1.1203876416666529E-002                  2.5129237964844936E-003                  9.5710644087274629E-004                  0.0000000000000000E+000                  0.0000000000000000E+000                  0.0000000000000000E+000                  0.0000000000000000E+000                  0.0000000000000000E+000                  0.0000000000000000E+000                  0.0000000000000000E+000                  0.0000000000000000E+000                  0.0000000000000000E+000                  0.0000000000000000E+000                 -8.5663545940925339E+000                 -9.8999999999999986E+001                  0.0000000000000000E+000                  0.0000000000000000E+000                 -9.8999999999999986E+001                 -9.8999999999999986E+001                  1.5638740217430486E+001                 -9.9000000000000000E+001                 -9.9000000000000000E+001                 -9.9000000000000000E+001 
                 9.3313480193581277E-001                  2.1036149820292145E+001                  1.5873540737275377E+002                  2.2952612962791088E+008                 -4.5167520855692693E+000                  4.7778117393042123E+000                  2.3692344438297629E+013                  2.5511998781575571E+001                  4.0342669431581891E+008                  1.5430817499335856E+000                  3.3682666603725403E-001                  6.4976273586346478E-001                  7.4505655546737171E-001                  8.5000496627254152E-001                  2.2949354755683231E+008                  3.2582071078560632E+004                  1.4523509865405996E+005                  3.4076627991896635E-001                  0.0000000000000000E+000                  5.0643460514397622E+004                  6.0382872336588498E+003                  4.5080046586943411E-024                  4.5080046586943411E-024                  0.0000000000000000E+000                  0.0000000000000000E+000                  1.8035002219172615E-025                  0.0000000000000000E+000                  1.1526985595868179E+002                  6.9999999999999996E-001                  2.9797635251138618E-005                  2.7997020236474884E-001                  4.1193902129486445E-003                  1.2067031330276047E-003                  1.1203876416666529E-002                  2.5129237964844936E-003                  9.5710644087274629E-004                  0.0000000000000000E+000                  0.0000000000000000E+000                  0.0000000000000000E+000                  0.0000000000000000E+000                  0.0000000000000000E+000                  0.0000000000000000E+000                  0.0000000000000000E+000                  0.0000000000000000E+000                  0.0000000000000000E+000                  0.0000000000000000E+000                 -8.5549521298746267E+000                 -9.8999999999999986E+001                  0.0000000000000000E+000                  0.0000000000000000E+000                 -9.8999999999999986E+001                 -9.8999999999999986E+001                  1.5638564878870742E+001                 -9.9000000000000000E+001                 -9.9000000000000000E+001                 -9.9000000000000000E+001 
                 9.2921879537432128E-001                  2.0898687931981094E+001                  1.5850168361528799E+002                  2.4706336039082065E+008                 -4.4959530999028248E+000                  4.7885029127467940E+000                  2.4056249959928051E+013                  2.5508944970902029E+001                  4.1391930191300523E+008                  1.5304595861635040E+000                  3.3035623248101720E-001                  6.4914402272177185E-001                  7.4669630885581406E-001                  8.5000496627254152E-001                  2.4702740670818779E+008                  3.5953682632848817E+004                  1.3402195227910983E+005                  3.3427121405999266E-001                  0.0000000000000000E+000                  4.9723173976575395E+004                  5.7067137358314903E+003                  4.7303203998081721E-024                  4.7303203998081714E-024                  0.0000000000000000E+000                  0.0000000000000000E+000                  1.8924412347583192E-025                  0.0000000000000000E+000                  1.1810569369310281E+002                  6.9999999999999996E-001                  2.9797635251138618E-005                  2.7997020236474884E-001                  4.1193902129486445E-003                  1.2067031330276047E-003                  1.1203876416666529E-002                  2.5129237964844936E-003                  9.5710644087274629E-004                  0.0000000000000000E+000                  0.0000000000000000E+000                  0.0000000000000000E+000                  0.0000000000000000E+000                  0.0000000000000000E+000                  0.0000000000000000E+000                  0.0000000000000000E+000                  0.0000000000000000E+000                  0.0000000000000000E+000                  0.0000000000000000E+000                 -8.5417623162531608E+000                 -9.8999999999999986E+001                  0.0000000000000000E+000                  0.0000000000000000E+000                 -9.8999999999999986E+001                 -9.8999999999999986E+001                  1.5638001595908017E+001                 -9.9000000000000000E+001                 -9.9000000000000000E+001                 -9.9000000000000000E+001 
                 9.2509612287867626E-001                  2.0758896537513849E+001                  1.5824957170157001E+002                  2.6594067375219351E+008                 -4.4749835424038711E+000                  4.7989887813009471E+000                  2.4432372563154863E+013                  2.5502903678227291E+001                  4.2494389800600177E+008                  1.5185933643489817E+000                  3.2406902407474730E-001                  6.4847465420770822E-001                  7.4876617913546550E-001                  8.5000496627254152E-001                  2.6590107451184207E+008                  3.9599240351425680E+004                  1.2414340080398702E+005                  3.2785014909357657E-001                  0.0000000000000000E+000                  4.8812044161924743E+004                  5.4044335114461546E+003                  4.9655888718798176E-024                  4.9655888718798176E-024                  0.0000000000000000E+000                  0.0000000000000000E+000                  1.9865641976674006E-025                  0.0000000000000000E+000                  1.2093084888015561E+002                  6.9999999999999996E-001                  2.9797635251138618E-005                  2.7997020236474884E-001                  4.1193902129486445E-003                  1.2067031330276047E-003                  1.1203876416666529E-002                  2.5129237964844936E-003                  9.5710644087274629E-004                  0.0000000000000000E+000                  0.0000000000000000E+000                  0.0000000000000000E+000                  0.0000000000000000E+000                  0.0000000000000000E+000                  0.0000000000000000E+000                  0.0000000000000000E+000                  0.0000000000000000E+000                  0.0000000000000000E+000                  0.0000000000000000E+000                 -8.5269423244416682E+000                 -9.8999999999999986E+001                  0.0000000000000000E+000                  0.0000000000000000E+000                 -9.8999999999999986E+001                 -9.8999999999999986E+001                  1.5637165587917400E+001                 -9.9000000000000000E+001                 -9.9000000000000000E+001                 -9.9000000000000000E+001 
                 9.2075751751701351E-001                  2.0616801268077445E+001                  1.5797790841628230E+002                  2.8626046342061621E+008                 -4.4538577931233148E+000                  4.8092778324085534E+000                  2.4821770385152469E+013                  2.5502233826960278E+001                  4.3625636286684602E+008                  1.5077854903732573E+000                  3.1812902744039373E-001                  6.4774327306662050E-001                  7.5093176374081416E-001                  8.5000496627254152E-001                  2.8621692796847862E+008                  4.3535452137561668E+004                  1.1547397965183512E+005                  3.2169482576207797E-001                  0.0000000000000000E+000                  4.7919359554737035E+004                  5.1301793497221952E+003                  5.2144754078405646E-024                  5.2144754078405646E-024                  0.0000000000000000E+000                  0.0000000000000000E+000                  2.0861352879065045E-025                  0.0000000000000000E+000                  1.2378084276274532E+002                  6.9999999999999996E-001                  2.9797635251138618E-005                  2.7997020236474884E-001                  4.1193902129486445E-003                  1.2067031330276047E-003                  1.1203876416666529E-002                  2.5129237964844936E-003                  9.5710644087274629E-004                  0.0000000000000000E+000                  0.0000000000000000E+000                  0.0000000000000000E+000                  0.0000000000000000E+000                  0.0000000000000000E+000                  0.0000000000000000E+000                  0.0000000000000000E+000                  0.0000000000000000E+000                  0.0000000000000000E+000                  0.0000000000000000E+000                 -8.5109762339579156E+000                 -9.8999999999999986E+001                  0.0000000000000000E+000                  0.0000000000000000E+000                 -9.8999999999999986E+001                 -9.8999999999999986E+001                  1.5636156047936431E+001                 -9.9000000000000000E+001                 -9.9000000000000000E+001                 -9.9000000000000000E+001 
                 9.1619336323267764E-001                  2.0472424034859642E+001                  1.5768538714627624E+002                  3.0813295073043174E+008                 -4.4325898329268840E+000                  4.8193846400602451E+000                  2.5224484894796715E+013                  2.5505120861984427E+001                  4.4737025858781606E+008                  1.4983519905834748E+000                  3.1275370610950065E-001                  6.4693473829824022E-001                  7.5284322253854363E-001                  8.5000496627254152E-001                  3.0808516807405335E+008                  4.7782656378373496E+004                  1.0785911792616291E+005                  3.1599548257895371E-001                  0.0000000000000000E+000                  4.7055377863521957E+004                  4.8807194354226822E+003                  5.4776744028688081E-024                  5.4776744028688073E-024                  0.0000000000000000E+000                  0.0000000000000000E+000                  2.1914323095663099E-025                  0.0000000000000000E+000                  1.2671382806272428E+002                  6.9999999999999996E-001                  2.9797635251138618E-005                  2.7997020236474884E-001                  4.1193902129486445E-003                  1.2067031330276047E-003                  1.1203876416666529E-002                  2.5129237964844936E-003                  9.5710644087274629E-004                  0.0000000000000000E+000                  0.0000000000000000E+000                  0.0000000000000000E+000                  0.0000000000000000E+000                  0.0000000000000000E+000                  0.0000000000000000E+000                  0.0000000000000000E+000                  0.0000000000000000E+000                  0.0000000000000000E+000                  0.0000000000000000E+000                 -8.4943911761981425E+000                 -9.8999999999999986E+001                  0.0000000000000000E+000                  0.0000000000000000E+000                 -9.8999999999999986E+001                 -9.8999999999999986E+001                  1.5635090006315083E+001                 -9.9000000000000000E+001                 -9.9000000000000000E+001                 -9.9000000000000000E+001 
                 9.1139368407722599E-001                  2.0325782729057323E+001                  1.5737048188500319E+002                  3.3167678240012938E+008                 -4.4111970998230197E+000                  4.8293304119959055E+000                  2.5640162624098320E+013                  2.5507340428999232E+001                  4.5778206860173261E+008                  1.4905458197828261E+000                  3.0813940854960176E-001                  6.4604182747593697E-001                  7.5445187777050560E-001                  8.5000496627254152E-001                  3.3162441592069525E+008                  5.2366479434149405E+004                  1.0113493446137139E+005                  3.1095949280006357E-001                  0.0000000000000000E+000                  4.6231443572750162E+004                  4.6527433840392387E+003                  5.7558585493837028E-024                  5.7558585493837020E-024                  0.0000000000000000E+000                  0.0000000000000000E+000                  2.3027243842035649E-025                  0.0000000000000000E+000                  1.2977359278885308E+002                  6.9999999999999996E-001                  2.9797635251138618E-005                  2.7997020236474884E-001                  4.1193902129486445E-003                  1.2067031330276047E-003                  1.1203876416666529E-002                  2.5129237964844936E-003                  9.5710644087274629E-004                  0.0000000000000000E+000                  0.0000000000000000E+000                  0.0000000000000000E+000                  0.0000000000000000E+000                  0.0000000000000000E+000                  0.0000000000000000E+000                  0.0000000000000000E+000                  0.0000000000000000E+000                  0.0000000000000000E+000                  0.0000000000000000E+000                 -8.4773623418376367E+000                 -9.8999999999999986E+001                  0.0000000000000000E+000                  0.0000000000000000E+000                 -9.8999999999999986E+001                 -9.8999999999999986E+001                  1.5634103445792480E+001                 -9.9000000000000000E+001                 -9.9000000000000000E+001                 -9.9000000000000000E+001 
                 9.0634813428003413E-001                  2.0176889625862643E+001                  1.5703145157759320E+002                  3.5701967499574792E+008                 -4.3896979854394420E+000                  4.8391408550213724E+000                  2.6067695211713750E+013                  2.5507569084687169E+001                  4.6710999463735670E+008                  1.4844133858190252E+000                  3.0436808288709527E-001                  6.4509103679815916E-001                  7.5656234860803884E-001                  8.5000496627254152E-001                  3.5696235645179057E+008                  5.7318543957365386E+004                  9.5160725307743836E+004                  3.0672747938930756E-001                  0.0000000000000000E+000                  4.5455172825305723E+004                  4.4439767143725212E+003                  6.0497013794775052E-024                  6.0497013794775052E-024                  0.0000000000000000E+000                  0.0000000000000000E+000                  2.4202809693067356E-025                  0.0000000000000000E+000                  1.3291488358206200E+002                  6.9999999999999996E-001                  2.9797635251138618E-005                  2.7997020236474884E-001                  4.1193902129486445E-003                  1.2067031330276047E-003                  1.1203876416666529E-002                  2.5129237964844936E-003                  9.5710644087274629E-004                  0.0000000000000000E+000                  0.0000000000000000E+000                  0.0000000000000000E+000                  0.0000000000000000E+000                  0.0000000000000000E+000                  0.0000000000000000E+000                  0.0000000000000000E+000                  0.0000000000000000E+000                  0.0000000000000000E+000                  0.0000000000000000E+000                 -8.4589825056792467E+000                 -9.8999999999999986E+001                  0.0000000000000000E+000                  0.0000000000000000E+000                 -9.8999999999999986E+001                 -9.8999999999999986E+001                  1.5633306660623784E+001                 -9.9000000000000000E+001                 -9.9000000000000000E+001                 -9.9000000000000000E+001 
                 9.0104598986794471E-001                  2.0025750592685952E+001                  1.5666655577657966E+002                  3.9154775976231652E+008                 -4.3627367554129721E+000                  4.8513877693864442E+000                  2.6624876527718539E+013                  2.5506618070519707E+001                  4.7694659709924400E+008                  1.4790001364224654E+000                  3.0083848644688516E-001                  6.4383680139405675E-001                  7.6066069783893420E-001                  8.5000496627254152E-001                  3.9148359703629988E+008                  6.4162726016638801E+004                  8.9830449439102100E+004                  3.0340955561917976E-001                  0.0000000000000000E+000                  4.4737203290040445E+004                  4.2025875715097309E+003                  6.4395547477465085E-024                  6.4395547477465085E-024                  0.0000000000000000E+000                  0.0000000000000000E+000                  2.5762481264558303E-025                  0.0000000000000000E+000                  1.3696733834369553E+002                  6.9999999999999996E-001                  2.9797635251138618E-005                  2.7997020236474884E-001                  4.1193902129486445E-003                  1.2067031330276047E-003                  1.1203876416666529E-002                  2.5129237964844936E-003                  9.5710644087274629E-004                  0.0000000000000000E+000                  0.0000000000000000E+000                  0.0000000000000000E+000                  0.0000000000000000E+000                  0.0000000000000000E+000                  0.0000000000000000E+000                  0.0000000000000000E+000                  0.0000000000000000E+000                  0.0000000000000000E+000                  0.0000000000000000E+000                 -8.4338622799040870E+000                 -9.8999999999999986E+001                  0.0000000000000000E+000                  0.0000000000000000E+000                 -9.8999999999999986E+001                 -9.8999999999999986E+001                  1.5632919105123126E+001                 -9.9000000000000000E+001                 -9.9000000000000000E+001                 -9.9000000000000000E+001 
                 8.9258725077688472E-001                  1.9794777288502186E+001                  1.5606667306756276E+002                  4.2917524811317068E+008                 -4.3356674247187899E+000                  4.8632700871473746E+000                  2.7188163864784582E+013                  2.5503932748867808E+001                  4.8394738351327246E+008                  1.4762835399023198E+000                  2.9877916956998218E-001                  6.4255396025145306E-001                  7.6441026684264124E-001                  8.5000496627254152E-001                  4.2910366475340617E+008                  7.1583359764486915E+004                  8.2818815461701321E+004                  3.0000092434326997E-001                  0.0000000000000000E+000                  4.3748787298726471E+004                  3.9956682558015063E+003                  6.8563251784976669E-024                  6.8563251784976669E-024                  0.0000000000000000E+000                  0.0000000000000000E+000                  2.7429838914451363E-025                  0.0000000000000000E+000                  1.4069708553621453E+002                  6.9999999999999996E-001                  2.9797635251138618E-005                  2.7997020236474884E-001                  4.1193902129486445E-003                  1.2067031330276047E-003                  1.1203876416666529E-002                  2.5129237964844936E-003                  9.5710644087274629E-004                  0.0000000000000000E+000                  0.0000000000000000E+000                  0.0000000000000000E+000                  0.0000000000000000E+000                  0.0000000000000000E+000                  0.0000000000000000E+000                  0.0000000000000000E+000                  0.0000000000000000E+000                  0.0000000000000000E+000                  0.0000000000000000E+000                 -8.4076614115820192E+000                 -9.8999999999999986E+001                  0.0000000000000000E+000                  0.0000000000000000E+000                 -9.8999999999999986E+001                 -9.8999999999999986E+001                  1.5632783680094287E+001                 -9.9000000000000000E+001                 -9.9000000000000000E+001                 -9.9000000000000000E+001 
                 8.8659416782207723E-001                  1.9637979678195205E+001                  1.5563007773471824E+002                  4.6196880167969948E+008                 -4.3140037871155732E+000                  4.8728269123972447E+000                  2.7658292946504793E+013                  2.5504075024535279E+001                  4.8754676538605225E+008                  1.4758590599853716E+000                  2.9809343338687505E-001                  6.4146812250687080E-001                  7.6645133143660182E-001                  8.5000496627254152E-001                  4.6189063181160134E+008                  7.8169868098155290E+004                  7.8691496152254491E+004                  2.9879273831657005E-001                  0.0000000000000000E+000                  4.3150142981761972E+004                  3.8396375436547933E+003                  7.2092773557389224E-024                  7.2092773557389224E-024                  0.0000000000000000E+000                  0.0000000000000000E+000                  2.8841881305524152E-025                  0.0000000000000000E+000                  1.4388172733926297E+002                  6.9999999999999996E-001                  2.9797635251138618E-005                  2.7997020236474884E-001                  4.1193902129486445E-003                  1.2067031330276047E-003                  1.1203876416666529E-002                  2.5129237964844936E-003                  9.5710644087274629E-004                  0.0000000000000000E+000                  0.0000000000000000E+000                  0.0000000000000000E+000                  0.0000000000000000E+000                  0.0000000000000000E+000                  0.0000000000000000E+000                  0.0000000000000000E+000                  0.0000000000000000E+000                  0.0000000000000000E+000                  0.0000000000000000E+000                 -8.3881070075249973E+000                 -9.8999999999999986E+001                  0.0000000000000000E+000                  0.0000000000000000E+000                 -9.8999999999999986E+001                 -9.8999999999999986E+001                  1.5633072186900037E+001                 -9.9000000000000000E+001                 -9.9000000000000000E+001                 -9.9000000000000000E+001 
                 8.8030391255714935E-001                  1.9478876049669331E+001                  1.5516146119672621E+002                  4.9266851993804049E+008                 -4.2950466304871506E+000                  4.8811417748984054E+000                  2.8077229480330652E+013                  2.5503255390752201E+001                  4.8908848789742941E+008                  1.4767478968554455E+000                  2.9820784518799448E-001                  6.4050501194769593E-001                  7.6800117724953254E-001                  8.5000496627254152E-001                  4.9258412841415673E+008                  8.4391523883746646E+004                  7.4874778321583857E+004                  2.9848826024615505E-001                  0.0000000000000000E+000                  4.2607255753749210E+004                  3.7116563554489444E+003                  7.5330566207288667E-024                  7.5330566207288667E-024                  0.0000000000000000E+000                  0.0000000000000000E+000                  3.0137212738237602E-025                  0.0000000000000000E+000                  1.4672567901198241E+002                  6.9999999999999996E-001                  2.9797635251138618E-005                  2.7997020236474884E-001                  4.1193902129486445E-003                  1.2067031330276047E-003                  1.1203876416666529E-002                  2.5129237964844936E-003                  9.5710644087274629E-004                  0.0000000000000000E+000                  0.0000000000000000E+000                  0.0000000000000000E+000                  0.0000000000000000E+000                  0.0000000000000000E+000                  0.0000000000000000E+000                  0.0000000000000000E+000                  0.0000000000000000E+000                  0.0000000000000000E+000                  0.0000000000000000E+000                 -8.3711553231370761E+000                 -9.8999999999999986E+001                  0.0000000000000000E+000                  0.0000000000000000E+000                 -9.8999999999999986E+001                 -9.8999999999999986E+001                  1.5633882881028702E+001                 -9.9000000000000000E+001                 -9.9000000000000000E+001                 -9.9000000000000000E+001 
                 8.7538372135795994E-001                  1.9358017735368897E+001                  1.5478766764410580E+002                  5.2550243507689881E+008                 -4.2761124352020934E+000                  4.8895436483247261E+000                  2.8508841665433578E+013                  2.5501773556759638E+001                  4.8916775212792838E+008                  1.4787531070841997E+000                  2.9895894476283313E-001                  6.3952211225411038E-001                  7.6987947355532516E-001                  8.5000496627254152E-001                  5.2541125366287988E+008                  9.1181414018950090E+004                  7.2180233374864183E+004                  2.9884083514665466E-001                  0.0000000000000000E+000                  4.2235663332017873E+004                  3.5877415502349213E+003                  7.8710055236991821E-024                  7.8710055236991821E-024                  0.0000000000000000E+000                  0.0000000000000000E+000                  3.1489232110041707E-025                  0.0000000000000000E+000                  1.4976869963393227E+002                  6.9999999999999996E-001                  2.9797635251138618E-005                  2.7997020236474884E-001                  4.1193902129486445E-003                  1.2067031330276047E-003                  1.1203876416666529E-002                  2.5129237964844936E-003                  9.5710644087274629E-004                  0.0000000000000000E+000                  0.0000000000000000E+000                  0.0000000000000000E+000                  0.0000000000000000E+000                  0.0000000000000000E+000                  0.0000000000000000E+000                  0.0000000000000000E+000                  0.0000000000000000E+000                  0.0000000000000000E+000                  0.0000000000000000E+000                 -8.3541204497369073E+000                 -9.8999999999999986E+001                  0.0000000000000000E+000                  0.0000000000000000E+000                 -9.8999999999999986E+001                 -9.8999999999999986E+001                  1.5634851984589675E+001                 -9.9000000000000000E+001                 -9.9000000000000000E+001                 -9.9000000000000000E+001 
                 8.6854320870838075E-001                  1.9194778321355390E+001                  1.5425720670754208E+002                  5.6565707742021728E+008                 -4.2545087019562304E+000                  4.8991400223997292E+000                  2.9009420682834812E+013                  2.5499977445346577E+001                  4.8757784366346198E+008                  1.4822812159500345E+000                  3.0052606742072152E-001                  6.3840029015959088E-001                  7.7265421087229058E-001                  8.5000496627254152E-001                  5.6555746997089088E+008                  9.9607449326379050E+004                  6.8795795736031272E+004                  3.0002834449476001E-001                  0.0000000000000000E+000                  4.1783940020376678E+004                  3.4568536148366452E+003                  8.2752204875958299E-024                  8.2752204875958299E-024                  0.0000000000000000E+000                  0.0000000000000000E+000                  3.3106359608482783E-025                  0.0000000000000000E+000                  1.5326121408479872E+002                  6.9999999999999996E-001                  2.9797635251138618E-005                  2.7997020236474884E-001                  4.1193902129486445E-003                  1.2067031330276047E-003                  1.1203876416666529E-002                  2.5129237964844936E-003                  9.5710644087274629E-004                  0.0000000000000000E+000                  0.0000000000000000E+000                  0.0000000000000000E+000                  0.0000000000000000E+000                  0.0000000000000000E+000                  0.0000000000000000E+000                  0.0000000000000000E+000                  0.0000000000000000E+000                  0.0000000000000000E+000                  0.0000000000000000E+000                 -8.3338843128919411E+000                 -9.8999999999999986E+001                  0.0000000000000000E+000                  0.0000000000000000E+000                 -9.8999999999999986E+001                 -9.8999999999999986E+001                  1.5636621940405098E+001                 -9.9000000000000000E+001                 -9.9000000000000000E+001                 -9.9000000000000000E+001 
                 8.6137036030383918E-001                  1.9029099712234654E+001                  1.5368800314158270E+002                  5.9769049414716089E+008                 -4.2383388006702862E+000                  4.9063165463064875E+000                  2.9387913055454121E+013                  2.5499849885834767E+001                  4.8531808027663064E+008                  1.4856996857487688E+000                  3.0214404532447248E-001                  6.3756833789800538E-001                  7.7515772682228945E-001                  8.5000496627254152E-001                  5.9758408035627520E+008                  1.0641379088573104E+005                  6.5650056926190417E+004                  3.0188339845491025E-001                  0.0000000000000000E+000                  4.1365325640747244E+004                  3.3674671069084134E+003                  8.5913374436076902E-024                  8.5913374436076902E-024                  0.0000000000000000E+000                  0.0000000000000000E+000                  3.4371036748662569E-025                  0.0000000000000000E+000                  1.5581321801463844E+002                  6.9999999999999996E-001                  2.9797635251138618E-005                  2.7997020236474884E-001                  4.1193902129486445E-003                  1.2067031330276047E-003                  1.1203876416666529E-002                  2.5129237964844936E-003                  9.5710644087274629E-004                  0.0000000000000000E+000                  0.0000000000000000E+000                  0.0000000000000000E+000                  0.0000000000000000E+000                  0.0000000000000000E+000                  0.0000000000000000E+000                  0.0000000000000000E+000                  0.0000000000000000E+000                  0.0000000000000000E+000                  0.0000000000000000E+000                 -8.3181877348098752E+000                 -9.8999999999999986E+001                  0.0000000000000000E+000                  0.0000000000000000E+000                 -9.8999999999999986E+001                 -9.8999999999999986E+001                  1.5638658026589107E+001                 -9.9000000000000000E+001                 -9.9000000000000000E+001                 -9.9000000000000000E+001 
                 8.5765511418870199E-001                  1.8945331077355839E+001                  1.5338826943505961E+002                  6.3171553349439943E+008                 -4.2222190310692085E+000                  4.9136520874199814E+000                  2.9779230975005773E+013                  2.5501944547179502E+001                  4.8212952460382926E+008                  1.4898483898286057E+000                  3.0417343951918763E-001                  6.3672157561474196E-001                  7.7779947781695169E-001                  8.5000496627254152E-001                  6.3160168164773130E+008                  1.1385184666815675E+005                  6.4163014092451653E+004                  3.0309020188069952E-001                  0.0000000000000000E+000                  4.1174020485131223E+004                  3.2795774976438925E+003                  8.9185347156956330E-024                  8.9185347156956330E-024                  0.0000000000000000E+000                  0.0000000000000000E+000                  3.5680042495137980E-025                  0.0000000000000000E+000                  1.5855315021064774E+002                  6.9999999999999996E-001                  2.9797635251138618E-005                  2.7997020236474884E-001                  4.1193902129486445E-003                  1.2067031330276047E-003                  1.1203876416666529E-002                  2.5129237964844936E-003                  9.5710644087274629E-004                  0.0000000000000000E+000                  0.0000000000000000E+000                  0.0000000000000000E+000                  0.0000000000000000E+000                  0.0000000000000000E+000                  0.0000000000000000E+000                  0.0000000000000000E+000                  0.0000000000000000E+000                  0.0000000000000000E+000                  0.0000000000000000E+000                 -8.3030094105965588E+000                 -9.8999999999999986E+001                  0.0000000000000000E+000                  0.0000000000000000E+000                 -9.8999999999999986E+001                 -9.8999999999999986E+001                  1.5639916634869705E+001                 -9.9000000000000000E+001                 -9.9000000000000000E+001                 -9.9000000000000000E+001 
                 8.4995839805907902E-001                  1.8775862562653945E+001                  1.5275640480898392E+002                  6.6749532359275258E+008                 -4.2061422100473695E+000                  4.9209281126396291E+000                  3.0170023141424867E+013                  2.5502739336132294E+001                  4.7814245495970917E+008                  1.4945975148911352E+000                  3.0655007432719922E-001                  6.3589656788808291E-001                  7.8013591260957604E-001                  8.5000496627254152E-001                  6.6737358054211366E+008                  1.2174305063886447E+005                  6.1302752518988622E+004                  3.0601375945391479E-001                  0.0000000000000000E+000                  4.0819900945858244E+004                  3.1981447548767892E+003                  9.2573144283480152E-024                  9.2573144283480137E-024                  0.0000000000000000E+000                  0.0000000000000000E+000                  3.7035385678896605E-025                  0.0000000000000000E+000                  1.6115483314932763E+002                  6.9999999999999996E-001                  2.9797635251138618E-005                  2.7997020236474884E-001                  4.1193902129486445E-003                  1.2067031330276047E-003                  1.1203876416666529E-002                  2.5129237964844936E-003                  9.5710644087274629E-004                  0.0000000000000000E+000                  0.0000000000000000E+000                  0.0000000000000000E+000                  0.0000000000000000E+000                  0.0000000000000000E+000                  0.0000000000000000E+000                  0.0000000000000000E+000                  0.0000000000000000E+000                  0.0000000000000000E+000                  0.0000000000000000E+000                 -8.2881288620345828E+000                 -9.8999999999999986E+001                  0.0000000000000000E+000                  0.0000000000000000E+000                 -9.8999999999999986E+001                 -9.8999999999999986E+001                  1.5642791640309971E+001                 -9.9000000000000000E+001                 -9.9000000000000000E+001                 -9.9000000000000000E+001 
                 8.4597343474258058E-001                  1.8690153043293957E+001                  1.5242388971739467E+002                  6.9253078811813903E+008                 -4.1954564438247575E+000                  4.9258488849323179E+000                  3.0436261935643359E+013                  2.5502881414013792E+001                  4.7502141610890830E+008                  1.4981489584554954E+000                  3.0835246592901033E-001                  6.3534526552622039E-001                  7.8145631249659142E-001                  8.5000496627254152E-001                  6.9240340048477113E+008                  1.2738763336789211E+005                  5.9914497945181087E+004                  3.0771011602454973E-001                  0.0000000000000000E+000                  4.0653789975833846E+004                  3.1440019395278055E+003                  9.4896052615344752E-024                  9.4896052615344752E-024                  0.0000000000000000E+000                  0.0000000000000000E+000                  3.7964702833250304E-025                  0.0000000000000000E+000                  1.6297671622612231E+002                  6.9999999999999996E-001                  2.9797635251138618E-005                  2.7997020236474884E-001                  4.1193902129486445E-003                  1.2067031330276047E-003                  1.1203876416666529E-002                  2.5129237964844936E-003                  9.5710644087274629E-004                  0.0000000000000000E+000                  0.0000000000000000E+000                  0.0000000000000000E+000                  0.0000000000000000E+000                  0.0000000000000000E+000                  0.0000000000000000E+000                  0.0000000000000000E+000                  0.0000000000000000E+000                  0.0000000000000000E+000                  0.0000000000000000E+000                 -8.2788267119899803E+000                 -9.8999999999999986E+001                  0.0000000000000000E+000                  0.0000000000000000E+000                 -9.8999999999999986E+001                 -9.8999999999999986E+001                  1.5644346823586721E+001                 -9.9000000000000000E+001                 -9.9000000000000000E+001                 -9.9000000000000000E+001 
                 8.4189504021210815E-001                  1.8603774284096144E+001                  1.5207973121983645E+002                  7.1850534063995361E+008                 -4.1847976276756755E+000                  4.9307995890993208E+000                  3.0705293313284359E+013                  2.5502670708455220E+001                  4.7159335001957989E+008                  1.5019634484479112E+000                  3.1030323742106880E-001                  6.3480101300916447E-001                  7.8259336554543135E-001                  8.5000496627254152E-001                  7.1837200996244454E+008                  1.3333067750910542E+005                  5.8541101727671237E+004                  3.0958101941169947E-001                  0.0000000000000000E+000                  4.0498909162298813E+004                  3.0904734369388284E+003                  9.7271374337785241E-024                  9.7271374337785226E-024                  0.0000000000000000E+000                  0.0000000000000000E+000                  3.8914988817363315E-025                  0.0000000000000000E+000                  1.6482979201904681E+002                  6.9999999999999996E-001                  2.9797635251138618E-005                  2.7997020236474884E-001                  4.1193902129486445E-003                  1.2067031330276047E-003                  1.1203876416666529E-002                  2.5129237964844936E-003                  9.5710644087274629E-004                  0.0000000000000000E+000                  0.0000000000000000E+000                  0.0000000000000000E+000                  0.0000000000000000E+000                  0.0000000000000000E+000                  0.0000000000000000E+000                  0.0000000000000000E+000                  0.0000000000000000E+000                  0.0000000000000000E+000                  0.0000000000000000E+000                 -8.2699256201590323E+000                 -9.8999999999999986E+001                  0.0000000000000000E+000                  0.0000000000000000E+000                 -9.8999999999999986E+001                 -9.8999999999999986E+001                  1.5646082525185093E+001                 -9.9000000000000000E+001                 -9.9000000000000000E+001                 -9.9000000000000000E+001 
                 8.3772142094927582E-001                  1.8516713895741745E+001                  1.5172353259609045E+002                  7.4545421837918413E+008                 -4.1741671884991911E+000                  4.9357824610856182E+000                  3.0977045826054883E+013                  2.5502472424691657E+001                  4.6790808711222357E+008                  1.5060119731289705E+000                  3.1238441923349047E-001                  6.3426792861984882E-001                  7.8358707825587870E-001                  8.5000496627254152E-001                  7.4531462604353654E+008                  1.3959233564764209E+005                  5.7180924405200676E+004                  3.1159164713694637E-001                  0.0000000000000000E+000                  4.0351592704980649E+004                  3.0376312724920658E+003                  9.9699801728751374E-024                  9.9699801728751374E-024                  0.0000000000000000E+000                  0.0000000000000000E+000                  3.9886520588442640E-025                  0.0000000000000000E+000                  1.6672272795086937E+002                  6.9999999999999996E-001                  2.9797635251138618E-005                  2.7997020236474884E-001                  4.1193902129486445E-003                  1.2067031330276047E-003                  1.1203876416666529E-002                  2.5129237964844936E-003                  9.5710644087274629E-004                  0.0000000000000000E+000                  0.0000000000000000E+000                  0.0000000000000000E+000                  0.0000000000000000E+000                  0.0000000000000000E+000                  0.0000000000000000E+000                  0.0000000000000000E+000                  0.0000000000000000E+000                  0.0000000000000000E+000                  0.0000000000000000E+000                 -8.2613899116581564E+000                 -9.8999999999999986E+001                  0.0000000000000000E+000                  0.0000000000000000E+000                 -9.8999999999999986E+001                 -9.8999999999999986E+001                  1.5647929868539919E+001                 -9.9000000000000000E+001                 -9.9000000000000000E+001                 -9.9000000000000000E+001 
                 8.3345076646920069E-001                  1.8428958880158024E+001                  1.5135486671907984E+002                  7.7341398144895279E+008                 -4.1635661731465303E+000                  4.9407994431106630E+000                  3.1251410629007992E+013                  2.5502678506872503E+001                  4.6401750381827402E+008                  1.5102641937352896E+000                  3.1457728948476271E-001                  6.3375053354151301E-001                  7.8447805308803154E-001                  8.5000496627254152E-001                  7.7326778746476042E+008                  1.4619398419240458E+005                  5.5835309901121880E+004                  3.1372362837784934E-001                  0.0000000000000000E+000                  4.0210873223567920E+004                  2.9855971575079207E+003                  1.0218209998032284E-023                  1.0218209998032284E-023                  0.0000000000000000E+000                  0.0000000000000000E+000                  4.0879604274183181E-025                  0.0000000000000000E+000                  1.6866487136689821E+002                  6.9999999999999996E-001                  2.9797635251138618E-005                  2.7997020236474884E-001                  4.1193902129486445E-003                  1.2067031330276047E-003                  1.1203876416666529E-002                  2.5129237964844936E-003                  9.5710644087274629E-004                  0.0000000000000000E+000                  0.0000000000000000E+000                  0.0000000000000000E+000                  0.0000000000000000E+000                  0.0000000000000000E+000                  0.0000000000000000E+000                  0.0000000000000000E+000                  0.0000000000000000E+000                  0.0000000000000000E+000                  0.0000000000000000E+000                 -8.2531811713574843E+000                 -9.8999999999999986E+001                  0.0000000000000000E+000                  0.0000000000000000E+000                 -9.8999999999999986E+001                 -9.8999999999999986E+001                  1.5649881043696368E+001                 -9.9000000000000000E+001                 -9.9000000000000000E+001                 -9.9000000000000000E+001 
                 8.2908125038791081E-001                  1.8340495689226742E+001                  1.5097327259398890E+002                  8.0242256241411185E+008                 -4.1529954287920043E+000                  4.9458521949452301E+000                  3.1528291738566031E+013                  2.5503460884786257E+001                  4.5996735565249115E+008                  1.5146926560061513E+000                  3.1686531889514880E-001                  6.3325120982831584E-001                  7.8532686720544120E-001                  8.5000496627254152E-001                  8.0226940412393820E+008                  1.5315829017368506E+005                  5.4506250991139386E+004                  3.1595929938447126E-001                  0.0000000000000000E+000                  4.0075796841092721E+004                  2.9344953473601122E+003                  1.0471907290463574E-023                  1.0471907290463574E-023                  0.0000000000000000E+000                  0.0000000000000000E+000                  4.1894561452867901E-025                  0.0000000000000000E+000                  1.7065432449413544E+002                  6.9999999999999996E-001                  2.9797635251138618E-005                  2.7997020236474884E-001                  4.1193902129486445E-003                  1.2067031330276047E-003                  1.1203876416666529E-002                  2.5129237964844936E-003                  9.5710644087274629E-004                  0.0000000000000000E+000                  0.0000000000000000E+000                  0.0000000000000000E+000                  0.0000000000000000E+000                  0.0000000000000000E+000                  0.0000000000000000E+000                  0.0000000000000000E+000                  0.0000000000000000E+000                  0.0000000000000000E+000                  0.0000000000000000E+000                 -8.2452298609858268E+000                 -9.8999999999999986E+001                  0.0000000000000000E+000                  0.0000000000000000E+000                 -9.8999999999999986E+001                 -9.8999999999999986E+001                  1.5651927928880271E+001                 -9.9000000000000000E+001                 -9.9000000000000000E+001                 -9.9000000000000000E+001 
                 8.2461103153141480E-001                  1.8251310247897241E+001                  1.5057827924529067E+002                  8.3251931781443417E+008                 -4.1424559556135510E+000                  4.9509421676707497E+000                  3.1807694591564133E+013                  2.5504379143615811E+001                  4.5578389078657126E+008                  1.5192798819949163E+000                  3.1923905636293815E-001                  6.3276612634082929E-001                  7.8624317248774822E-001                  8.5000496627254152E-001                  8.3235880844070339E+008                  1.6050937373081347E+005                  5.3195849069338445E+004                  3.1828560902781067E-001                  0.0000000000000000E+000                  3.9945668000875463E+004                  2.8844469714113138E+003                  1.0731147988090091E-023                  1.0731147988090091E-023                  0.0000000000000000E+000                  0.0000000000000000E+000                  4.2931695926675274E-025                  0.0000000000000000E+000                  1.7268728531417435E+002                  6.9999999999999996E-001                  2.9797635251138618E-005                  2.7997020236474884E-001                  4.1193902129486445E-003                  1.2067031330276047E-003                  1.1203876416666529E-002                  2.5129237964844936E-003                  9.5710644087274629E-004                  0.0000000000000000E+000                  0.0000000000000000E+000                  0.0000000000000000E+000                  0.0000000000000000E+000                  0.0000000000000000E+000                  0.0000000000000000E+000                  0.0000000000000000E+000                  0.0000000000000000E+000                  0.0000000000000000E+000                  0.0000000000000000E+000                 -8.2373939396808744E+000                 -9.8999999999999986E+001                  0.0000000000000000E+000                  0.0000000000000000E+000                 -9.8999999999999986E+001                 -9.8999999999999986E+001                  1.5654065035360013E+001                 -9.9000000000000000E+001                 -9.9000000000000000E+001                 -9.9000000000000000E+001 
                 8.2003825511618922E-001                  1.8161387904399952E+001                  1.5016941039234973E+002                  8.6374508190249264E+008                 -4.1319486434563721E+000                  4.9560706684246574E+000                  3.2089633153366203E+013                  2.5504876754379517E+001                  4.5149109843466675E+008                  1.5240096979226880E+000                  3.2168998229724294E-001                  6.3229026474016425E-001                  7.8734231372965158E-001                  8.5000496627254152E-001                  8.6357680891575360E+008                  1.6827298673907600E+005                  5.1905243156667471E+004                  3.2069355283985956E-001                  0.0000000000000000E+000                  3.9820023376343292E+004                  2.8354624942041946E+003                  1.0996009728628183E-023                  1.0996009728628185E-023                  0.0000000000000000E+000                  0.0000000000000000E+000                  4.3991318298098800E-025                  0.0000000000000000E+000                  1.7476123399344527E+002                  6.9999999999999996E-001                  2.9797635251138618E-005                  2.7997020236474884E-001                  4.1193902129486445E-003                  1.2067031330276047E-003                  1.1203876416666529E-002                  2.5129237964844936E-003                  9.5710644087274629E-004                  0.0000000000000000E+000                  0.0000000000000000E+000                  0.0000000000000000E+000                  0.0000000000000000E+000                  0.0000000000000000E+000                  0.0000000000000000E+000                  0.0000000000000000E+000                  0.0000000000000000E+000                  0.0000000000000000E+000                  0.0000000000000000E+000                 -8.2295231665321431E+000                 -9.8999999999999986E+001                  0.0000000000000000E+000                  0.0000000000000000E+000                 -9.8999999999999986E+001                 -9.8999999999999986E+001                  1.5656289326198918E+001                 -9.9000000000000000E+001                 -9.9000000000000000E+001                 -9.9000000000000000E+001 
                 8.1536105406984649E-001                  1.8070713433728212E+001                  1.4974618195673273E+002                  8.9614222227365136E+008                 -4.1214741950699301E+000                  4.9612388639651099E+000                  3.2374108376997828E+013                  2.5504372147579559E+001                  4.4711448307197857E+008                  1.5288650531790613E+000                  3.2420907263016063E-001                  6.3181838840757421E-001                  7.8874110432417155E-001                  8.5000496627254152E-001                  8.9596574565034425E+008                  1.7647662330716060E+005                  5.0632417902394765E+004                  3.2317434815199392E-001                  0.0000000000000000E+000                  3.9698393164046705E+004                  2.7873051029488920E+003                  1.1266574075422542E-023                  1.1266574075422542E-023                  0.0000000000000000E+000                  0.0000000000000000E+000                  4.5073754874753776E-025                  0.0000000000000000E+000                  1.7687226101526142E+002                  6.9999999999999996E-001                  2.9797635251138618E-005                  2.7997020236474884E-001                  4.1193902129486445E-003                  1.2067031330276047E-003                  1.1203876416666529E-002                  2.5129237964844936E-003                  9.5710644087274629E-004                  0.0000000000000000E+000                  0.0000000000000000E+000                  0.0000000000000000E+000                  0.0000000000000000E+000                  0.0000000000000000E+000                  0.0000000000000000E+000                  0.0000000000000000E+000                  0.0000000000000000E+000                  0.0000000000000000E+000                  0.0000000000000000E+000                 -8.2214657623392693E+000                 -9.8999999999999986E+001                  0.0000000000000000E+000                  0.0000000000000000E+000                 -9.8999999999999986E+001                 -9.8999999999999986E+001                  1.5658597481978477E+001                 -9.9000000000000000E+001                 -9.9000000000000000E+001                 -9.9000000000000000E+001 
                 8.1057755046050373E-001                  1.7979271057329800E+001                  1.4930810588519876E+002                  9.2975469751437926E+008                 -4.1110332408778261E+000                  4.9664477696318254E+000                  3.2661156272465363E+013                  2.5502669334953556E+001                  4.4267986314963406E+008                  1.5338280399505022E+000                  3.2678642299268690E-001                  6.3134856480300006E-001                  7.9044928708569517E-001                  8.5000496627254152E-001                  9.2956954790161157E+008                  1.8514961276773040E+005                  4.9373046948715695E+004                  3.2571852199893142E-001                  0.0000000000000000E+000                  3.9580273325376031E+004                  2.7397126594006936E+003                  1.1542923926267817E-023                  1.1542923926267819E-023                  0.0000000000000000E+000                  0.0000000000000000E+000                  4.6179337302948043E-025                  0.0000000000000000E+000                  1.7901104323324736E+002                  6.9999999999999996E-001                  2.9797635251138618E-005                  2.7997020236474884E-001                  4.1193902129486445E-003                  1.2067031330276047E-003                  1.1203876416666529E-002                  2.5129237964844936E-003                  9.5710644087274629E-004                  0.0000000000000000E+000                  0.0000000000000000E+000                  0.0000000000000000E+000                  0.0000000000000000E+000                  0.0000000000000000E+000                  0.0000000000000000E+000                  0.0000000000000000E+000                  0.0000000000000000E+000                  0.0000000000000000E+000                  0.0000000000000000E+000                 -8.2132131675756508E+000                 -9.8999999999999986E+001                  0.0000000000000000E+000                  0.0000000000000000E+000                 -9.8999999999999986E+001                 -9.8999999999999986E+001                  1.5660985617777198E+001                 -9.9000000000000000E+001                 -9.9000000000000000E+001                 -9.9000000000000000E+001 
                 8.0568585702274431E-001                  1.7887044438801141E+001                  1.4885470459264349E+002                  9.6462811701574135E+008                 -4.1006264676864497E+000                  4.9716982327604020E+000                  3.2950903838040434E+013                  2.5500403095538104E+001                  4.3821188386614209E+008                  1.5388800788704322E+000                  3.2941092882739187E-001                  6.3088598787743078E-001                  7.9224915668339835E-001                  8.5000496627254152E-001                  9.6443379381259525E+008                  1.9432320314609396E+005                  4.8122914167376381E+004                  3.2831556361236069E-001                  0.0000000000000000E+000                  3.9465170819874809E+004                  2.6924348766950538E+003                  1.1825140121229303E-023                  1.1825140121229303E-023                  0.0000000000000000E+000                  0.0000000000000000E+000                  4.7308388996718447E-025                  0.0000000000000000E+000                  1.8117828109565698E+002                  6.9999999999999996E-001                  2.9797635251138618E-005                  2.7997020236474884E-001                  4.1193902129486445E-003                  1.2067031330276047E-003                  1.1203876416666529E-002                  2.5129237964844936E-003                  9.5710644087274629E-004                  0.0000000000000000E+000                  0.0000000000000000E+000                  0.0000000000000000E+000                  0.0000000000000000E+000                  0.0000000000000000E+000                  0.0000000000000000E+000                  0.0000000000000000E+000                  0.0000000000000000E+000                  0.0000000000000000E+000                  0.0000000000000000E+000                 -8.2050585350464491E+000                 -9.8999999999999986E+001                  0.0000000000000000E+000                  0.0000000000000000E+000                 -9.8999999999999986E+001                 -9.8999999999999986E+001                  1.5663449906042587E+001                 -9.9000000000000000E+001                 -9.9000000000000000E+001                 -9.9000000000000000E+001 
                 8.0068407882720338E-001                  1.7794016651911623E+001                  1.4838548702662553E+002                  1.0008098030840676E+009                 -4.0902543642067162E+000                  4.9769909141137436E+000                  3.3243483241838594E+013                  2.5498332601665105E+001                  4.3373711203784800E+008                  1.5440007863658951E+000                  3.3207036530279938E-001                  6.3043707118702352E-001                  7.9388615451737021E-001                  8.5000496627254152E-001                  1.0006057724468157E+009                  2.0403063725188037E+005                  4.6878317822487923E+004                  3.3095380249334289E-001                  0.0000000000000000E+000                  3.9352578943888882E+004                  2.6452412608752038E+003                  1.2113308318787527E-023                  1.2113308318787527E-023                  0.0000000000000000E+000                  0.0000000000000000E+000                  4.8461252646963437E-025                  0.0000000000000000E+000                  1.8338093226357964E+002                  6.9999999999999996E-001                  2.9797635251138618E-005                  2.7997020236474884E-001                  4.1193902129486445E-003                  1.2067031330276047E-003                  1.1203876416666529E-002                  2.5129237964844936E-003                  9.5710644087274629E-004                  0.0000000000000000E+000                  0.0000000000000000E+000                  0.0000000000000000E+000                  0.0000000000000000E+000                  0.0000000000000000E+000                  0.0000000000000000E+000                  0.0000000000000000E+000                  0.0000000000000000E+000                  0.0000000000000000E+000                  0.0000000000000000E+000                 -8.1973400929813316E+000                 -9.8999999999999986E+001                  0.0000000000000000E+000                  0.0000000000000000E+000                 -9.8999999999999986E+001                 -9.8999999999999986E+001                  1.5665986249215248E+001                 -9.9000000000000000E+001                 -9.9000000000000000E+001                 -9.9000000000000000E+001 
                 7.9557031510748144E-001                  1.7700170202511231E+001                  1.4789993191298777E+002                  1.0383488551667619E+009                 -4.0799172104966654E+000                  4.9823262713760776E+000                  3.3539023332618324E+013                  2.5497230970389634E+001                  4.2928390911607563E+008                  1.5491680894114981E+000                  3.3475156930008126E-001                  6.3000859378490115E-001                  7.9509807452250847E-001                  8.5000496627254152E-001                  1.0381345479406395E+009                  2.1430722612235634E+005                  4.5637744142071322E+004                  3.3362053525715490E-001                  0.0000000000000000E+000                  3.9241923915278043E+004                  2.5981086107697524E+003                  1.2407519877332010E-023                  1.2407519877332010E-023                  0.0000000000000000E+000                  0.0000000000000000E+000                  4.9638293748002610E-025                  0.0000000000000000E+000                  1.8562840656045836E+002                  6.9999999999999996E-001                  2.9797635251138618E-005                  2.7997020236474884E-001                  4.1193902129486445E-003                  1.2067031330276047E-003                  1.1203876416666529E-002                  2.5129237964844936E-003                  9.5710644087274629E-004                  0.0000000000000000E+000                  0.0000000000000000E+000                  0.0000000000000000E+000                  0.0000000000000000E+000                  0.0000000000000000E+000                  0.0000000000000000E+000                  0.0000000000000000E+000                  0.0000000000000000E+000                  0.0000000000000000E+000                  0.0000000000000000E+000                 -8.1904028817434984E+000                 -9.8999999999999986E+001                  0.0000000000000000E+000                  0.0000000000000000E+000                 -9.8999999999999986E+001                 -9.8999999999999986E+001                  1.5668589555282640E+001                 -9.9000000000000000E+001                 -9.9000000000000000E+001                 -9.9000000000000000E+001 
                 7.9034266120212171E-001                  1.7605487053366673E+001                  1.4739747946947901E+002                  1.0772962164352946E+009                 -4.0696150415650507E+000                  4.9877045431226241E+000                  3.3837590772125090E+013                  2.5497378616586008E+001                  4.2487859607350075E+008                  1.5543564543743482E+000                  3.3744031402795405E-001                  6.2960375828438109E-001                  7.9582950807087494E-001                  8.5000496627254152E-001                  1.0770710260198953E+009                  2.2519041539932726E+005                  4.4403947664089603E+004                  3.3630205969699584E-001                  0.0000000000000000E+000                  3.9132608802820097E+004                  2.5512835672353854E+003                  1.2707873582591575E-023                  1.2707873582591575E-023                  0.0000000000000000E+000                  0.0000000000000000E+000                  5.0839907508442760E-025                  0.0000000000000000E+000                  1.8792818020124722E+002                  6.9999999999999996E-001                  2.9797635251138618E-005                  2.7997020236474884E-001                  4.1193902129486445E-003                  1.2067031330276047E-003                  1.1203876416666529E-002                  2.5129237964844936E-003                  9.5710644087274629E-004                  0.0000000000000000E+000                  0.0000000000000000E+000                  0.0000000000000000E+000                  0.0000000000000000E+000                  0.0000000000000000E+000                  0.0000000000000000E+000                  0.0000000000000000E+000                  0.0000000000000000E+000                  0.0000000000000000E+000                  0.0000000000000000E+000                 -8.1843217160126454E+000                 -9.8999999999999986E+001                  0.0000000000000000E+000                  0.0000000000000000E+000                 -9.8999999999999986E+001                 -9.8999999999999986E+001                  1.5671254194036761E+001                 -9.9000000000000000E+001                 -9.9000000000000000E+001                 -9.9000000000000000E+001 
                 7.8499921060225242E-001                  1.7509948657622193E+001                  1.4687753447052231E+002                  1.1177047428614261E+009                 -4.0593475889907245E+000                  4.9931257304762902E+000                  3.4139166888775188E+013                  2.5498446904759302E+001                  4.2054474430394673E+008                  1.5595362379765692E+000                  3.4012114006703581E-001                  6.2922091542548420E-001                  7.9628624139517556E-001                  8.5000496627254152E-001                  1.1174680230253258E+009                  2.3671983610024711E+005                  4.3182123786300290E+004                  3.3898352786486935E-001                  0.0000000000000000E+000                  3.9024073220529252E+004                  2.5050255898670684E+003                  1.3014478238512414E-023                  1.3014478238512412E-023                  0.0000000000000000E+000                  0.0000000000000000E+000                  5.2066529216407044E-025                  0.0000000000000000E+000                  1.9028102339400741E+002                  6.9999999999999996E-001                  2.9797635251138618E-005                  2.7997020236474884E-001                  4.1193902129486445E-003                  1.2067031330276047E-003                  1.1203876416666529E-002                  2.5129237964844936E-003                  9.5710644087274629E-004                  0.0000000000000000E+000                  0.0000000000000000E+000                  0.0000000000000000E+000                  0.0000000000000000E+000                  0.0000000000000000E+000                  0.0000000000000000E+000                  0.0000000000000000E+000                  0.0000000000000000E+000                  0.0000000000000000E+000                  0.0000000000000000E+000                 -8.1788321508136779E+000                 -9.8999999999999986E+001                  0.0000000000000000E+000                  0.0000000000000000E+000                 -9.8999999999999986E+001                 -9.8999999999999986E+001                  1.5673974613446601E+001                 -9.9000000000000000E+001                 -9.9000000000000000E+001                 -9.9000000000000000E+001 
                 7.7953805707990731E-001                  1.7413536005913151E+001                  1.4633948332253581E+002                  1.1596292748845422E+009                 -4.0491142903991602E+000                  4.9985895789171160E+000                  3.4443710387117621E+013                  2.5500078285122658E+001                  4.1630716362048256E+008                  1.5646758351575327E+000                  3.4277755612621530E-001                  6.2885763728523569E-001                  7.9669217656417568E-001                  8.5000496627254152E-001                  1.1593803375441976E+009                  2.4893734034463650E+005                  4.1977366952371449E+004                  3.4164895727409367E-001                  0.0000000000000000E+000                  3.8915754223837481E+004                  2.4595809449706467E+003                  1.3327453466361279E-023                  1.3327453466361279E-023                  0.0000000000000000E+000                  0.0000000000000000E+000                  5.3318637436478205E-025                  0.0000000000000000E+000                  1.9268853171798349E+002                  6.9999999999999996E-001                  2.9797635251138618E-005                  2.7997020236474884E-001                  4.1193902129486445E-003                  1.2067031330276047E-003                  1.1203876416666529E-002                  2.5129237964844936E-003                  9.5710644087274629E-004                  0.0000000000000000E+000                  0.0000000000000000E+000                  0.0000000000000000E+000                  0.0000000000000000E+000                  0.0000000000000000E+000                  0.0000000000000000E+000                  0.0000000000000000E+000                  0.0000000000000000E+000                  0.0000000000000000E+000                  0.0000000000000000E+000                 -8.1736458225345459E+000                 -9.8999999999999986E+001                  0.0000000000000000E+000                  0.0000000000000000E+000                 -9.8999999999999986E+001                 -9.8999999999999986E+001                  1.5676744890180037E+001                 -9.9000000000000000E+001                 -9.9000000000000000E+001                 -9.9000000000000000E+001 
                 7.7395729688167769E-001                  1.7316229672560240E+001                  1.4578269139864051E+002                  1.2031267117854159E+009                 -4.0389142778819238E+000                  5.0040955686133897E+000                  3.4751174246412527E+013                  2.5501942498914691E+001                  4.1219070425000870E+008                  1.5697432874196180E+000                  3.4539290036263354E-001                  6.2851082615231391E-001                  7.9725223033901560E-001                  8.5000496627254152E-001                  1.2028648247472415E+009                  2.6188703817427249E+005                  4.0794118733807540E+004                  3.4428176012982092E-001                  0.0000000000000000E+000                  3.8807042084451889E+004                  2.4151449920935811E+003                  1.3646931197259038E-023                  1.3646931197259038E-023                  0.0000000000000000E+000                  0.0000000000000000E+000                  5.4596759980822570E-025                  0.0000000000000000E+000                  1.9515305509006512E+002                  6.9999999999999996E-001                  2.9797635251138618E-005                  2.7997020236474884E-001                  4.1193902129486445E-003                  1.2067031330276047E-003                  1.1203876416666529E-002                  2.5129237964844936E-003                  9.5710644087274629E-004                  0.0000000000000000E+000                  0.0000000000000000E+000                  0.0000000000000000E+000                  0.0000000000000000E+000                  0.0000000000000000E+000                  0.0000000000000000E+000                  0.0000000000000000E+000                  0.0000000000000000E+000                  0.0000000000000000E+000                  0.0000000000000000E+000                 -8.1684967541443712E+000                 -9.8999999999999986E+001                  0.0000000000000000E+000                  0.0000000000000000E+000                 -9.8999999999999986E+001                 -9.8999999999999986E+001                  1.5679558239413824E+001                 -9.9000000000000000E+001                 -9.9000000000000000E+001                 -9.9000000000000000E+001 
                 7.6825503098864412E-001                  1.7218009865693716E+001                  1.4520650033661317E+002                  1.2482560888964033E+009                 -4.0287464565299453E+000                  5.0096429656456554E+000                  3.5061626430740773E+013                  2.5503784608493177E+001                  4.0820879350289845E+008                  1.5747176795087283E+000                  3.4795716279176148E-001                  6.2817761407837591E-001                  7.9800977464632739E-001                  8.5000496627254152E-001                  1.2479804734253042E+009                  2.7561547109909466E+005                  3.9633820960260622E+004                  3.4686855615581241E-001                  0.0000000000000000E+000                  3.8697415747260842E+004                  2.3716145819446201E+003                  1.3973054362110453E-023                  1.3973054362110456E-023                  0.0000000000000000E+000                  0.0000000000000000E+000                  5.5901468668042669E-025                  0.0000000000000000E+000                  1.9767794806090055E+002                  6.9999999999999996E-001                  2.9797635251138618E-005                  2.7997020236474884E-001                  4.1193902129486445E-003                  1.2067031330276047E-003                  1.1203876416666529E-002                  2.5129237964844936E-003                  9.5710644087274629E-004                  0.0000000000000000E+000                  0.0000000000000000E+000                  0.0000000000000000E+000                  0.0000000000000000E+000                  0.0000000000000000E+000                  0.0000000000000000E+000                  0.0000000000000000E+000                  0.0000000000000000E+000                  0.0000000000000000E+000                  0.0000000000000000E+000                 -8.1633188782273152E+000                 -9.8999999999999986E+001                  0.0000000000000000E+000                  0.0000000000000000E+000                 -9.8999999999999986E+001                 -9.8999999999999986E+001                  1.5682408564304094E+001                 -9.9000000000000000E+001                 -9.9000000000000000E+001                 -9.9000000000000000E+001 
                 7.6242936741021416E-001                  1.7118856460436430E+001                  1.4461022434408000E+002                  1.2950786578412793E+009                 -4.0186095823871266E+000                  5.0152309017084322E+000                  3.5375206791962328E+013                  2.5505336199817528E+001                  4.0436900870709896E+008                  1.5795832101877165E+000                  3.5046360182912839E-001                  6.2785584171118447E-001                  7.9893818551053153E-001                  8.5000496627254152E-001                  1.2947884859526675E+009                  2.9017188861168519E+005                  3.8494271626328184E+004                  3.4940094594641957E-001                  0.0000000000000000E+000                  3.8586524280356636E+004                  2.3287475644235874E+003                  1.4305975310309025E-023                  1.4305975310309025E-023                  0.0000000000000000E+000                  0.0000000000000000E+000                  5.7233372996950470E-025                  0.0000000000000000E+000                  2.0026547045407813E+002                  6.9999999999999996E-001                  2.9797635251138618E-005                  2.7997020236474884E-001                  4.1193902129486445E-003                  1.2067031330276047E-003                  1.1203876416666529E-002                  2.5129237964844936E-003                  9.5710644087274629E-004                  0.0000000000000000E+000                  0.0000000000000000E+000                  0.0000000000000000E+000                  0.0000000000000000E+000                  0.0000000000000000E+000                  0.0000000000000000E+000                  0.0000000000000000E+000                  0.0000000000000000E+000                  0.0000000000000000E+000                  0.0000000000000000E+000                 -8.1581304402654755E+000                 -9.8999999999999986E+001                  0.0000000000000000E+000                  0.0000000000000000E+000                 -9.8999999999999986E+001                 -9.8999999999999986E+001                  1.5685291466825813E+001                 -9.9000000000000000E+001                 -9.9000000000000000E+001                 -9.9000000000000000E+001 
                 7.5647842355083927E-001                  1.7018749014916384E+001                  1.4399315264782504E+002                  1.3436579697382252E+009                 -4.0085022689244347E+000                  5.0208583952902028E+000                  3.5692064843791195E+013                  2.5506256225376458E+001                  4.0067959425855219E+008                  1.5843224691910711E+000                  3.5290481290511755E-001                  6.2754407706790438E-001                  8.0003374743859179E-001                  8.5000496627254152E-001                  1.3433523613216472E+009                  3.0560841657804523E+005                  3.7372375976455129E+004                  3.5187185636489193E-001                  0.0000000000000000E+000                  3.8474068111283057E+004                  2.2863211679499473E+003                  1.4645856349784577E-023                  1.4645856349784577E-023                  0.0000000000000000E+000                  0.0000000000000000E+000                  5.8593122307116709E-025                  0.0000000000000000E+000                  2.0291724832139076E+002                  6.9999999999999996E-001                  2.9797635251138618E-005                  2.7997020236474884E-001                  4.1193902129486445E-003                  1.2067031330276047E-003                  1.1203876416666529E-002                  2.5129237964844936E-003                  9.5710644087274629E-004                  0.0000000000000000E+000                  0.0000000000000000E+000                  0.0000000000000000E+000                  0.0000000000000000E+000                  0.0000000000000000E+000                  0.0000000000000000E+000                  0.0000000000000000E+000                  0.0000000000000000E+000                  0.0000000000000000E+000                  0.0000000000000000E+000                 -8.1529171944696710E+000                 -9.8999999999999986E+001                  0.0000000000000000E+000                  0.0000000000000000E+000                 -9.8999999999999986E+001                 -9.8999999999999986E+001                  1.5688202978854168E+001                 -9.9000000000000000E+001                 -9.9000000000000000E+001                 -9.9000000000000000E+001 
                 7.5040032869230422E-001                  1.6917666785400638E+001                  1.4335455085065851E+002                  1.3940599613231044E+009                 -3.9984232889102120E+000                  5.0265243471955410E+000                  3.6012340690119539E+013                  2.5506317256527471E+001                  3.9714754834361118E+008                  1.5889190907283166E+000                  3.5527350583206901E-001                  6.2724176427201495E-001                  8.0127666841238854E-001                  8.5000496627254152E-001                  1.3937379811583030E+009                  3.2198016480128776E+005                  3.6265523264607888E+004                  3.5427393493964232E-001                  0.0000000000000000E+000                  3.8359755296452007E+004                  2.2441370641720287E+003                  1.4992860009250466E-023                  1.4992860009250466E-023                  0.0000000000000000E+000                  0.0000000000000000E+000                  5.9981366821410033E-025                  0.0000000000000000E+000                  2.0561609883905660E+002                  6.9999999999999996E-001                  2.9797635251138618E-005                  2.7997020236474884E-001                  4.1193902129486445E-003                  1.2067031330276047E-003                  1.1203876416666529E-002                  2.5129237964844936E-003                  9.5710644087274629E-004                  0.0000000000000000E+000                  0.0000000000000000E+000                  0.0000000000000000E+000                  0.0000000000000000E+000                  0.0000000000000000E+000                  0.0000000000000000E+000                  0.0000000000000000E+000                  0.0000000000000000E+000                  0.0000000000000000E+000                  0.0000000000000000E+000                 -8.1476911393610632E+000                 -9.8999999999999986E+001                  0.0000000000000000E+000                  0.0000000000000000E+000                 -9.8999999999999986E+001                 -9.8999999999999986E+001                  1.5691139226386010E+001                 -9.9000000000000000E+001                 -9.9000000000000000E+001                 -9.9000000000000000E+001 
                 7.4419322658095088E-001                  1.6815588670403404E+001                  1.4269372092273110E+002                  1.4463530443660264E+009                 -3.9883721430937022E+000                  5.0322275567776380E+000                  3.6336140204821258E+013                  2.5505752495208803E+001                  3.9377478399742520E+008                  1.5933632561602313E+000                  3.5756432337308708E-001                  6.2694837289221150E-001                  8.0254713246770359E-001                  8.5000496627254152E-001                  1.4460136989737012E+009                  3.3934539232514356E+005                  3.5171763361673089E+004                  3.5660084591102681E-001                  0.0000000000000000E+000                  3.8243394348541231E+004                  2.2020394270698816E+003                  1.5347128332511530E-023                  1.5347128332511530E-023                  0.0000000000000000E+000                  0.0000000000000000E+000                  6.1398674809512156E-025                  0.0000000000000000E+000                  2.0835085862577691E+002                  6.9999999999999996E-001                  2.9797635251138618E-005                  2.7997020236474884E-001                  4.1193902129486445E-003                  1.2067031330276047E-003                  1.1203876416666529E-002                  2.5129237964844936E-003                  9.5710644087274629E-004                  0.0000000000000000E+000                  0.0000000000000000E+000                  0.0000000000000000E+000                  0.0000000000000000E+000                  0.0000000000000000E+000                  0.0000000000000000E+000                  0.0000000000000000E+000                  0.0000000000000000E+000                  0.0000000000000000E+000                  0.0000000000000000E+000                 -8.1426156721222078E+000                 -9.8999999999999986E+001                  0.0000000000000000E+000                  0.0000000000000000E+000                 -9.8999999999999986E+001                 -9.8999999999999986E+001                  1.5694097921220905E+001                 -9.9000000000000000E+001                 -9.9000000000000000E+001                 -9.9000000000000000E+001 
                 7.3785527826742392E-001                  1.6712493017258247E+001                  1.4200998612062151E+002                  1.5006081992844858E+009                 -3.9783484801291045E+000                  5.0379667432768178E+000                  3.6663573215487742E+013                  2.5504892164048332E+001                  3.9056154274617094E+008                  1.5976469454035880E+000                  3.5977262173057334E-001                  6.2666252452236193E-001                  8.0369813420657565E-001                  8.5000496627254152E-001                  1.5002504335832829E+009                  3.5776570120285428E+005                  3.4090003839351259E+004                  3.5884758435941377E-001                  0.0000000000000000E+000                  3.8124901500766115E+004                  2.1599273949286771E+003                  1.5708801196131949E-023                  1.5708801196131949E-023                  0.0000000000000000E+000                  0.0000000000000000E+000                  6.2845605870723565E-025                  0.0000000000000000E+000                  2.1112037348975900E+002                  6.9999999999999996E-001                  2.9797635251138618E-005                  2.7997020236474884E-001                  4.1193902129486445E-003                  1.2067031330276047E-003                  1.1203876416666529E-002                  2.5129237964844936E-003                  9.5710644087274629E-004                  0.0000000000000000E+000                  0.0000000000000000E+000                  0.0000000000000000E+000                  0.0000000000000000E+000                  0.0000000000000000E+000                  0.0000000000000000E+000                  0.0000000000000000E+000                  0.0000000000000000E+000                  0.0000000000000000E+000                  0.0000000000000000E+000                 -8.1378970192755951E+000                 -9.8999999999999986E+001                  0.0000000000000000E+000                  0.0000000000000000E+000                 -9.8999999999999986E+001                 -9.8999999999999986E+001                  1.5697078455225720E+001                 -9.9000000000000000E+001                 -9.9000000000000000E+001                 -9.9000000000000000E+001 
                 7.3138466531580371E-001                  1.6608357559716683E+001                  1.4130266069991964E+002                  1.5568990717992485E+009                 -3.9683519300417935E+000                  5.0437405557045603E+000                  3.6994756289552680E+013                  2.5504045783652231E+001                  3.8750714187646347E+008                  1.6017629410014913E+000                  3.6189427088362325E-001                  6.2638221209381773E-001                  8.0459114948500698E-001                  8.5000496627254152E-001                  1.5565217655899849E+009                  3.7730620926352235E+005                  3.3019778177855907E+004                  3.6100976059764545E-001                  0.0000000000000000E+000                  3.8004232256838732E+004                  2.1177197630221781E+003                  1.6078021987644053E-023                  1.6078021987644053E-023                  0.0000000000000000E+000                  0.0000000000000000E+000                  6.4322733650561027E-025                  0.0000000000000000E+000                  2.1392782971641788E+002                  6.9999999999999996E-001                  2.9797635251138618E-005                  2.7997020236474884E-001                  4.1193902129486445E-003                  1.2067031330276047E-003                  1.1203876416666529E-002                  2.5129237964844936E-003                  9.5710644087274629E-004                  0.0000000000000000E+000                  0.0000000000000000E+000                  0.0000000000000000E+000                  0.0000000000000000E+000                  0.0000000000000000E+000                  0.0000000000000000E+000                  0.0000000000000000E+000                  0.0000000000000000E+000                  0.0000000000000000E+000                  0.0000000000000000E+000                 -8.1337324895098284E+000                 -9.8999999999999986E+001                  0.0000000000000000E+000                  0.0000000000000000E+000                 -9.8999999999999986E+001                 -9.8999999999999986E+001                  1.5700080762196089E+001                 -9.9000000000000000E+001                 -9.9000000000000000E+001                 -9.9000000000000000E+001 
                 7.2477959326731989E-001                  1.6503159393020425E+001                  1.4057103569013486E+002                  1.6004773007681489E+009                 -3.9608651023910610E+000                  5.0480809806510489E+000                  3.7244917480324617E+013                  2.5503350591369195E+001                  3.8532747292237711E+008                  1.6047263187719389E+000                  3.6342177286113159E-001                  6.2617777434291133E-001                  8.0508972961430203E-001                  8.5000496627254152E-001                  1.6000846055145020E+009                  3.9269525364687742E+005                  3.1961566790803925E+004                  3.6309129836178544E-001                  0.0000000000000000E+000                  3.7880652168516652E+004                  2.0861733560168886E+003                  1.6360244451111441E-023                  1.6360244451111441E-023                  0.0000000000000000E+000                  0.0000000000000000E+000                  6.5451810485133252E-025                  0.0000000000000000E+000                  2.1606877382926137E+002                  6.9999999999999996E-001                  2.9797635251138618E-005                  2.7997020236474884E-001                  4.1193902129486445E-003                  1.2067031330276047E-003                  1.1203876416666529E-002                  2.5129237964844936E-003                  9.5710644087274629E-004                  0.0000000000000000E+000                  0.0000000000000000E+000                  0.0000000000000000E+000                  0.0000000000000000E+000                  0.0000000000000000E+000                  0.0000000000000000E+000                  0.0000000000000000E+000                  0.0000000000000000E+000                  0.0000000000000000E+000                  0.0000000000000000E+000                 -8.1309114902971977E+000                 -9.8999999999999986E+001                  0.0000000000000000E+000                  0.0000000000000000E+000                 -9.8999999999999986E+001                 -9.8999999999999986E+001                  1.5703079467516076E+001                 -9.9000000000000000E+001                 -9.9000000000000000E+001                 -9.9000000000000000E+001 
                 7.2142608175969003E-001                  1.6450155886653977E+001                  1.4019585929458137E+002                  1.6453200994191947E+009                 -3.9534060345001385E+000                  5.0524632914171468E+000                  3.7498731889597281E+013                  2.5502844566498396E+001                  3.8322064643483555E+008                  1.6076093382169183E+000                  3.6490880311527008E-001                  6.2597931656820904E-001                  8.0549303699920816E-001                  8.5000496627254152E-001                  1.6449112297496784E+009                  4.0886966951632453E+005                  3.1436386702319243E+004                  3.6409467268189938E-001                  0.0000000000000000E+000                  3.7818359249110443E+004                  2.0540897570450188E+003                  1.6646368951960063E-023                  1.6646368951960063E-023                  0.0000000000000000E+000                  0.0000000000000000E+000                  6.6596498058413205E-025                  0.0000000000000000E+000                  2.1824262291216431E+002                  6.9999999999999996E-001                  2.9797635251138618E-005                  2.7997020236474884E-001                  4.1193902129486445E-003                  1.2067031330276047E-003                  1.1203876416666529E-002                  2.5129237964844936E-003                  9.5710644087274629E-004                  0.0000000000000000E+000                  0.0000000000000000E+000                  0.0000000000000000E+000                  0.0000000000000000E+000                  0.0000000000000000E+000                  0.0000000000000000E+000                  0.0000000000000000E+000                  0.0000000000000000E+000                  0.0000000000000000E+000                  0.0000000000000000E+000                 -8.1284260642862609E+000                 -9.8999999999999986E+001                  0.0000000000000000E+000                  0.0000000000000000E+000                 -9.8999999999999986E+001                 -9.8999999999999986E+001                  1.5704599320411651E+001                 -9.9000000000000000E+001                 -9.9000000000000000E+001                 -9.9000000000000000E+001 
                 7.1461601780094208E-001                  1.6343319523079366E+001                  1.3942631351346765E+002                  1.6913766702332842E+009                 -3.9459462676538495E+000                  5.0568392565748654E+000                  3.7753254720613578E+013                  2.5502095547941526E+001                  3.8121568258883655E+008                  1.6103711306867234E+000                  3.6633409630611702E-001                  6.2579314024653576E-001                  8.0582353655887540E-001                  8.5000496627254152E-001                  1.6909509848326087E+009                  4.2568540067563672E+005                  3.0395106382290811E+004                  3.6603313017029171E-001                  0.0000000000000000E+000                  3.7692026623689701E+004                  2.0223481243846859E+003                  1.6937547686166059E-023                  1.6937547686166059E-023                  0.0000000000000000E+000                  0.0000000000000000E+000                  6.7761405917871856E-025                  0.0000000000000000E+000                  2.2044527226377772E+002                  6.9999999999999996E-001                  2.9797635251138618E-005                  2.7997020236474884E-001                  4.1193902129486445E-003                  1.2067031330276047E-003                  1.1203876416666529E-002                  2.5129237964844936E-003                  9.5710644087274629E-004                  0.0000000000000000E+000                  0.0000000000000000E+000                  0.0000000000000000E+000                  0.0000000000000000E+000                  0.0000000000000000E+000                  0.0000000000000000E+000                  0.0000000000000000E+000                  0.0000000000000000E+000                  0.0000000000000000E+000                  0.0000000000000000E+000                 -8.1259978802567758E+000                 -9.8999999999999986E+001                  0.0000000000000000E+000                  0.0000000000000000E+000                 -9.8999999999999986E+001                 -9.8999999999999986E+001                  1.5707653453443717E+001                 -9.9000000000000000E+001                 -9.9000000000000000E+001                 -9.9000000000000000E+001 
                 7.1115903561768679E-001                  1.6289483551733543E+001                  1.3903172755295859E+002                  1.7387641285323484E+009                 -3.9385144140171868E+000                  5.0612558840824091E+000                  3.8011488908143078E+013                  2.5501519373178798E+001                  3.7928270997673601E+008                  1.6130474438979578E+000                  3.6771716139238669E-001                  6.2562005105228835E-001                  8.0611205480391501E-001                  8.5000496627254152E-001                  1.7383207698008411E+009                  4.4335873150730663E+005                  2.9879692754413190E+004                  3.6696778755937004E-001                  0.0000000000000000E+000                  3.7627980834681766E+004                  1.9901610128724046E+003                  1.7232724653208727E-023                  1.7232724653208727E-023                  0.0000000000000000E+000                  0.0000000000000000E+000                  6.8942309361956790E-025                  0.0000000000000000E+000                  2.2267927877842547E+002                  6.9999999999999996E-001                  2.9797635251138618E-005                  2.7997020236474884E-001                  4.1193902129486445E-003                  1.2067031330276047E-003                  1.1203876416666529E-002                  2.5129237964844936E-003                  9.5710644087274629E-004                  0.0000000000000000E+000                  0.0000000000000000E+000                  0.0000000000000000E+000                  0.0000000000000000E+000                  0.0000000000000000E+000                  0.0000000000000000E+000                  0.0000000000000000E+000                  0.0000000000000000E+000                  0.0000000000000000E+000                  0.0000000000000000E+000                 -8.1237993043050238E+000                 -9.8999999999999986E+001                  0.0000000000000000E+000                  0.0000000000000000E+000                 -9.8999999999999986E+001                 -9.8999999999999986E+001                  1.5709187851137463E+001                 -9.9000000000000000E+001                 -9.9000000000000000E+001                 -9.9000000000000000E+001 
                 7.0414011355902806E-001                  1.6180954698326396E+001                  1.3822245665291743E+002                  1.7874401471100004E+009                 -3.9310791030201631E+000                  5.0656649229361070E+000                  3.8270475829250039E+013                  2.5500732248399089E+001                  3.7744802933487016E+008                  1.6156011503323802E+000                  3.6903842533914555E-001                  6.2546432469724988E-001                  8.0636758876697612E-001                  8.5000496627254152E-001                  1.7869784135713265E+009                  4.6173353867386858E+005                  2.8860765229122069E+004                  3.6876759437743861E-001                  0.0000000000000000E+000                  3.7498092571087902E+004                  1.9584221845233071E+003                  1.7533210395716233E-023                  1.7533210395716233E-023                  0.0000000000000000E+000                  0.0000000000000000E+000                  7.0144451429709174E-025                  0.0000000000000000E+000                  2.2494701169432079E+002                  6.9999999999999996E-001                  2.9797635251138618E-005                  2.7997020236474884E-001                  4.1193902129486445E-003                  1.2067031330276047E-003                  1.1203876416666529E-002                  2.5129237964844936E-003                  9.5710644087274629E-004                  0.0000000000000000E+000                  0.0000000000000000E+000                  0.0000000000000000E+000                  0.0000000000000000E+000                  0.0000000000000000E+000                  0.0000000000000000E+000                  0.0000000000000000E+000                  0.0000000000000000E+000                  0.0000000000000000E+000                  0.0000000000000000E+000                 -8.1215740656318083E+000                 -9.8999999999999986E+001                  0.0000000000000000E+000                  0.0000000000000000E+000                 -9.8999999999999986E+001                 -9.8999999999999986E+001                  1.5712269858783984E+001                 -9.9000000000000000E+001                 -9.9000000000000000E+001                 -9.9000000000000000E+001 
                 7.0057775808933853E-001                  1.6126258739686335E+001                  1.3780753969997232E+002                  1.8375166095197320E+009                 -3.9236715206075692E+000                  5.0701133498785680E+000                  3.8533256092889367E+013                  2.5500165897006852E+001                  3.7568451277434820E+008                  1.6180661405361554E+000                  3.7031601826931759E-001                  6.2532074793449921E-001                  8.0663399435177940E-001                  8.5000496627254152E-001                  1.8370355651575909E+009                  4.8104436214119947E+005                  2.8357923432181447E+004                  3.6963242554483666E-001                  0.0000000000000000E+000                  3.7432239204699188E+004                  1.9263408212191850E+003                  1.7837809861316983E-023                  1.7837809861316983E-023                  0.0000000000000000E+000                  0.0000000000000000E+000                  7.1363051120022765E-025                  0.0000000000000000E+000                  2.2725442333668721E+002                  6.9999999999999996E-001                  2.9797635251138618E-005                  2.7997020236474884E-001                  4.1193902129486445E-003                  1.2067031330276047E-003                  1.1203876416666529E-002                  2.5129237964844936E-003                  9.5710644087274629E-004                  0.0000000000000000E+000                  0.0000000000000000E+000                  0.0000000000000000E+000                  0.0000000000000000E+000                  0.0000000000000000E+000                  0.0000000000000000E+000                  0.0000000000000000E+000                  0.0000000000000000E+000                  0.0000000000000000E+000                  0.0000000000000000E+000                 -8.1195164447550656E+000                 -9.8999999999999986E+001                  0.0000000000000000E+000                  0.0000000000000000E+000                 -9.8999999999999986E+001                 -9.8999999999999986E+001                  1.5713817437473534E+001                 -9.9000000000000000E+001                 -9.9000000000000000E+001                 -9.9000000000000000E+001 
                 6.9334623902990111E-001                  1.6015981633464303E+001                  1.3695662587711391E+002                  1.8889612272161772E+009                 -3.9162574855691665E+000                  5.0745529578359498E+000                  3.8796867090832477E+013                  2.5499421915573919E+001                  3.7401650084491438E+008                  1.6204086386440015E+000                  3.7153169659171409E-001                  6.2518805058883775E-001                  8.0693562864327739E-001                  8.5000496627254152E-001                  1.8884601051105268E+009                  5.0112210565050459E+005                  2.7366456621000088E+004                  3.7129154210311127E-001                  0.0000000000000000E+000                  3.7298663253127212E+004                  1.8947798277549798E+003                  1.8147998088174203E-023                  1.8147998088174200E-023                  0.0000000000000000E+000                  0.0000000000000000E+000                  7.2604009563127264E-025                  0.0000000000000000E+000                  2.2960038593980190E+002                  6.9999999999999996E-001                  2.9797635251138618E-005                  2.7997020236474884E-001                  4.1193902129486445E-003                  1.2067031330276047E-003                  1.1203876416666529E-002                  2.5129237964844936E-003                  9.5710644087274629E-004                  0.0000000000000000E+000                  0.0000000000000000E+000                  0.0000000000000000E+000                  0.0000000000000000E+000                  0.0000000000000000E+000                  0.0000000000000000E+000                  0.0000000000000000E+000                  0.0000000000000000E+000                  0.0000000000000000E+000                  0.0000000000000000E+000                 -8.1173662408376224E+000                 -9.8999999999999986E+001                  0.0000000000000000E+000                  0.0000000000000000E+000                 -9.8999999999999986E+001                 -9.8999999999999986E+001                  1.5716924050578026E+001                 -9.9000000000000000E+001                 -9.9000000000000000E+001                 -9.9000000000000000E+001 
                 6.8967667616253570E-001                  1.5960397465236582E+001                  1.3652038069407934E+002                  1.9418792172979255E+009                 -3.9088712170180426E+000                  5.0790306289702878E+000                  3.9064385905648641E+013                  2.5498939006524623E+001                  3.7241910637403041E+008                  1.6226596728789335E+000                  3.7270206049752935E-001                  6.2506011345706114E-001                  8.0731745663141796E-001                  8.5000496627254152E-001                  1.9413569964020929E+009                  5.2222089583243226E+005                  2.6878251580331038E+004                  3.7208544480088707E-001                  0.0000000000000000E+000                  3.7230932592996978E+004                  1.8629401018803742E+003                  1.8462413482155253E-023                  1.8462413482155253E-023                  0.0000000000000000E+000                  0.0000000000000000E+000                  7.3861879480498864E-025                  0.0000000000000000E+000                  2.3198818117510831E+002                  6.9999999999999996E-001                  2.9797635251138618E-005                  2.7997020236474884E-001                  4.1193902129486445E-003                  1.2067031330276047E-003                  1.1203876416666529E-002                  2.5129237964844936E-003                  9.5710644087274629E-004                  0.0000000000000000E+000                  0.0000000000000000E+000                  0.0000000000000000E+000                  0.0000000000000000E+000                  0.0000000000000000E+000                  0.0000000000000000E+000                  0.0000000000000000E+000                  0.0000000000000000E+000                  0.0000000000000000E+000                  0.0000000000000000E+000                 -8.1153208448892720E+000                 -9.8999999999999986E+001                  0.0000000000000000E+000                  0.0000000000000000E+000                 -9.8999999999999986E+001                 -9.8999999999999986E+001                  1.5718483180168018E+001                 -9.9000000000000000E+001                 -9.9000000000000000E+001                 -9.9000000000000000E+001 
                 6.8222896817860823E-001                  1.5848314869218559E+001                  1.3562577388693123E+002                  1.9962500889194698E+009                 -3.9014759939340560E+000                  5.0834982599882386E+000                  3.9332843732818867E+013                  2.5498326873177668E+001                  3.7091396416887921E+008                  1.6247887761873079E+000                  3.7381043385914292E-001                  6.2493495405014454E-001                  8.0778878276599309E-001                  8.5000496627254152E-001                  1.9957059312313089E+009                  5.4415768816084869E+005                  2.5917089290107011E+004                  3.7360155606567885E-001                  0.0000000000000000E+000                  3.7093566180771944E+004                  1.8316212235647606E+003                  1.8782693169259754E-023                  1.8782693169259754E-023                  0.0000000000000000E+000                  0.0000000000000000E+000                  7.5143210461177499E-025                  0.0000000000000000E+000                  2.3441357004240979E+002                  6.9999999999999996E-001                  2.9797635251138618E-005                  2.7997020236474884E-001                  4.1193902129486445E-003                  1.2067031330276047E-003                  1.1203876416666529E-002                  2.5129237964844936E-003                  9.5710644087274629E-004                  0.0000000000000000E+000                  0.0000000000000000E+000                  0.0000000000000000E+000                  0.0000000000000000E+000                  0.0000000000000000E+000                  0.0000000000000000E+000                  0.0000000000000000E+000                  0.0000000000000000E+000                  0.0000000000000000E+000                  0.0000000000000000E+000                 -8.1131250476441323E+000                 -9.8999999999999986E+001                  0.0000000000000000E+000                  0.0000000000000000E+000                 -9.8999999999999986E+001                 -9.8999999999999986E+001                  1.5721612148975860E+001                 -9.9000000000000000E+001                 -9.9000000000000000E+001                 -9.9000000000000000E+001 
                 6.7845044247207098E-001                  1.5791813399957885E+001                  1.3516715828134483E+002                  2.0521707688374119E+009                 -3.8941092884906734E+000                  5.0880025873281784E+000                  3.9605350098805773E+013                  2.5498071594820370E+001                  3.6947545313297105E+008                  1.6268282039726487E+000                  3.7487417699969694E-001                  6.2480974638545983E-001                  8.0831968720320180E-001                  8.5000496627254152E-001                  2.0516035611883707E+009                  5.6720764904125116E+005                  2.5444118995453715E+004                  3.7432415367855815E-001                  0.0000000000000000E+000                  3.7023958550976051E+004                  1.8000034746149643E+003                  1.9107288090289981E-023                  1.9107288090289981E-023                  0.0000000000000000E+000                  0.0000000000000000E+000                  7.6441805242129602E-025                  0.0000000000000000E+000                  2.3687200472555972E+002                  6.9999999999999996E-001                  2.9797635251138618E-005                  2.7997020236474884E-001                  4.1193902129486445E-003                  1.2067031330276047E-003                  1.1203876416666529E-002                  2.5129237964844936E-003                  9.5710644087274629E-004                  0.0000000000000000E+000                  0.0000000000000000E+000                  0.0000000000000000E+000                  0.0000000000000000E+000                  0.0000000000000000E+000                  0.0000000000000000E+000                  0.0000000000000000E+000                  0.0000000000000000E+000                  0.0000000000000000E+000                  0.0000000000000000E+000                 -8.1110594584733811E+000                 -9.8999999999999986E+001                  0.0000000000000000E+000                  0.0000000000000000E+000                 -9.8999999999999986E+001                 -9.8999999999999986E+001                  1.5723182765259953E+001                 -9.9000000000000000E+001                 -9.9000000000000000E+001                 -9.9000000000000000E+001 
                 6.7078312206168134E-001                  1.5677865935325990E+001                  1.3422678334290461E+002                  2.1096345400144894E+009                 -3.8867316342111820E+000                  5.0924957427493531E+000                  3.9878912913985695E+013                  2.5497763548281391E+001                  3.6811918919760078E+008                  1.6287558243010756E+000                  3.7588119918261198E-001                  6.2468725460018293E-001                  8.0884756050770168E-001                  8.5000496627254152E-001                  2.1090433668650711E+009                  5.9117314941836405E+005                  2.4513261573495729E+004                  3.7570162318909961E-001                  0.0000000000000000E+000                  3.6882993130277428E+004                  1.7688773477135230E+003                  1.9438014619191556E-023                  1.9438014619191559E-023                  0.0000000000000000E+000                  0.0000000000000000E+000                  7.7764930523026721E-025                  0.0000000000000000E+000                  2.3935776090661543E+002                  6.9999999999999996E-001                  2.9797635251138618E-005                  2.7997020236474884E-001                  4.1193902129486445E-003                  1.2067031330276047E-003                  1.1203876416666529E-002                  2.5129237964844936E-003                  9.5710644087274629E-004                  0.0000000000000000E+000                  0.0000000000000000E+000                  0.0000000000000000E+000                  0.0000000000000000E+000                  0.0000000000000000E+000                  0.0000000000000000E+000                  0.0000000000000000E+000                  0.0000000000000000E+000                  0.0000000000000000E+000                  0.0000000000000000E+000                 -8.1089390430442165E+000                 -9.8999999999999986E+001                  0.0000000000000000E+000                  0.0000000000000000E+000                 -9.8999999999999986E+001                 -9.8999999999999986E+001                  1.5726337131280159E+001                 -9.9000000000000000E+001                 -9.9000000000000000E+001                 -9.9000000000000000E+001 
                 6.6689396816303004E-001                  1.5620416792179380E+001                  1.3374478411677319E+002                  2.1687281977286139E+009                 -3.8793831625107305E+000                  5.0970242559903323E+000                  4.0156649314179391E+013                  2.5497823483997568E+001                  3.6682024118707001E+008                  1.6306031586925369E+000                  3.7684881382316687E-001                  6.2456676323395977E-001                  8.0935362928351351E-001                  8.5000496627254152E-001                  2.1681118458081589E+009                  6.1635192045518395E+005                  2.4055470188378040E+004                  3.7635838849034331E-001                  0.0000000000000000E+000                  3.6811701408040630E+004                  1.7374599420150219E+003                  1.9773151053177071E-023                  1.9773151053177071E-023                  0.0000000000000000E+000                  0.0000000000000000E+000                  7.9105698352036531E-025                  0.0000000000000000E+000                  2.4187591279906420E+002                  6.9999999999999996E-001                  2.9797635251138618E-005                  2.7997020236474884E-001                  4.1193902129486445E-003                  1.2067031330276047E-003                  1.1203876416666529E-002                  2.5129237964844936E-003                  9.5710644087274629E-004                  0.0000000000000000E+000                  0.0000000000000000E+000                  0.0000000000000000E+000                  0.0000000000000000E+000                  0.0000000000000000E+000                  0.0000000000000000E+000                  0.0000000000000000E+000                  0.0000000000000000E+000                  0.0000000000000000E+000                  0.0000000000000000E+000                 -8.1070388334379100E+000                 -9.8999999999999986E+001                  0.0000000000000000E+000                  0.0000000000000000E+000                 -9.8999999999999986E+001                 -9.8999999999999986E+001                  1.5727922109856147E+001                 -9.9000000000000000E+001                 -9.9000000000000000E+001                 -9.9000000000000000E+001 
                 6.5900380452954543E-001                  1.5504542288581073E+001                  1.3275663535729197E+002                  2.2294610235220370E+009                 -3.8720211897077301E+000                  5.1015406846569133E+000                  4.0435540527282664E+013                  2.5497710957019752E+001                  3.6559211668728715E+008                  1.6323510364436442E+000                  3.7776676405371701E-001                  6.2445147949383728E-001                  8.0983115921315041E-001                  8.5000496627254152E-001                  2.2288184919562902E+009                  6.4253156574664323E+005                  2.3155297738411729E+004                  3.7761240220087727E-001                  0.0000000000000000E+000                  3.6667608197265159E+004                  1.7065425051510019E+003                  2.0114725757301007E-023                  2.0114725757301007E-023                  0.0000000000000000E+000                  0.0000000000000000E+000                  8.0472223533827390E-025                  0.0000000000000000E+000                  2.4441776541248592E+002                  6.9999999999999996E-001                  2.9797635251138618E-005                  2.7997020236474884E-001                  4.1193902129486445E-003                  1.2067031330276047E-003                  1.1203876416666529E-002                  2.5129237964844936E-003                  9.5710644087274629E-004                  0.0000000000000000E+000                  0.0000000000000000E+000                  0.0000000000000000E+000                  0.0000000000000000E+000                  0.0000000000000000E+000                  0.0000000000000000E+000                  0.0000000000000000E+000                  0.0000000000000000E+000                  0.0000000000000000E+000                  0.0000000000000000E+000                 -8.1051077946660719E+000                 -9.8999999999999986E+001                  0.0000000000000000E+000                  0.0000000000000000E+000                 -9.8999999999999986E+001                 -9.8999999999999986E+001                  1.5731108389027082E+001                 -9.9000000000000000E+001                 -9.9000000000000000E+001                 -9.9000000000000000E+001 
                 6.5500245991452921E-001                  1.5446113724682963E+001                  1.3225024850165028E+002                  2.2708971202196984E+009                 -3.8671244504796198E+000                  5.1045654880487499E+000                  4.0623497726558664E+013                  2.5497700851150949E+001                  3.6480270968908179E+008                  1.6334737696976627E+000                  3.7835825982949273E-001                  6.2437720745424508E-001                  8.1014514407767357E-001                  8.5000496627254152E-001                  2.2702364363835983E+009                  6.6068383609994745E+005                  2.2713180022476103E+004                  3.7821405352025267E-001                  0.0000000000000000E+000                  3.6594455189308799E+004                  1.6858690960777565E+003                  2.0345197943637105E-023                  2.0345197943637105E-023                  0.0000000000000000E+000                  0.0000000000000000E+000                  8.1394265018817591E-025                  0.0000000000000000E+000                  2.4612745354346748E+002                  6.9999999999999996E-001                  2.9797635251138618E-005                  2.7997020236474884E-001                  4.1193902129486445E-003                  1.2067031330276047E-003                  1.1203876416666529E-002                  2.5129237964844936E-003                  9.5710644087274629E-004                  0.0000000000000000E+000                  0.0000000000000000E+000                  0.0000000000000000E+000                  0.0000000000000000E+000                  0.0000000000000000E+000                  0.0000000000000000E+000                  0.0000000000000000E+000                  0.0000000000000000E+000                  0.0000000000000000E+000                  0.0000000000000000E+000                 -8.1039047785124261E+000                 -9.8999999999999986E+001                  0.0000000000000000E+000                  0.0000000000000000E+000                 -9.8999999999999986E+001                 -9.8999999999999986E+001                  1.5732697123688785E+001                 -9.9000000000000000E+001                 -9.9000000000000000E+001                 -9.9000000000000000E+001 
                 6.5096339084013244E-001                  1.5387351418112049E+001                  1.3173551191634724E+002                  2.3131035429955101E+009                 -3.8622308037855735E+000                  5.1075949521475792E+000                  4.0812683690759336E+013                  2.5497686270589238E+001                  3.6403890070532668E+008                  1.6345596346879219E+000                  3.7893178465335753E-001                  6.2430512408209093E-001                  8.1045819107445471E-001                  8.5000496627254152E-001                  2.3124241649032965E+009                  6.7937809221351042E+005                  2.2276163152528210E+004                  3.7879503259439723E-001                  0.0000000000000000E+000                  3.6521235629272400E+004                  1.6652446990031037E+003                  2.0578175792794589E-023                  2.0578175792794589E-023                  0.0000000000000000E+000                  0.0000000000000000E+000                  8.2326330818282773E-025                  0.0000000000000000E+000                  2.4784723537188131E+002                  6.9999999999999996E-001                  2.9797635251138618E-005                  2.7997020236474884E-001                  4.1193902129486445E-003                  1.2067031330276047E-003                  1.1203876416666529E-002                  2.5129237964844936E-003                  9.5710644087274629E-004                  0.0000000000000000E+000                  0.0000000000000000E+000                  0.0000000000000000E+000                  0.0000000000000000E+000                  0.0000000000000000E+000                  0.0000000000000000E+000                  0.0000000000000000E+000                  0.0000000000000000E+000                  0.0000000000000000E+000                  0.0000000000000000E+000                 -8.1027291850564218E+000                 -9.8999999999999986E+001                  0.0000000000000000E+000                  0.0000000000000000E+000                 -9.8999999999999986E+001                 -9.8999999999999986E+001                  1.5734305318699834E+001                 -9.9000000000000000E+001                 -9.9000000000000000E+001                 -9.9000000000000000E+001 
                 6.4688644111641302E-001                  1.5328251642858172E+001                  1.3121231746068412E+002                  2.3560946171816854E+009                 -3.8573401894711097E+000                  5.1106289336164910E+000                  4.1003113831243578E+013                  2.5497685273180384E+001                  3.6330048290872180E+008                  1.6356088730235017E+000                  3.7948740166174721E-001                  6.2423505375371591E-001                  8.1076819735950090E-001                  8.5000496627254152E-001                  2.3553959868065543E+009                  6.9863037513134244E+005                  2.1844295668048824E+004                  3.7935807920784859E-001                  0.0000000000000000E+000                  3.6447553324249253E+004                  1.6446624244121319E+003                  2.0813687878757118E-023                  2.0813687878757121E-023                  0.0000000000000000E+000                  0.0000000000000000E+000                  8.3268535247179590E-025                  0.0000000000000000E+000                  2.4957758858929435E+002                  6.9999999999999996E-001                  2.9797635251138618E-005                  2.7997020236474884E-001                  4.1193902129486445E-003                  1.2067031330276047E-003                  1.1203876416666529E-002                  2.5129237964844936E-003                  9.5710644087274629E-004                  0.0000000000000000E+000                  0.0000000000000000E+000                  0.0000000000000000E+000                  0.0000000000000000E+000                  0.0000000000000000E+000                  0.0000000000000000E+000                  0.0000000000000000E+000                  0.0000000000000000E+000                  0.0000000000000000E+000                  0.0000000000000000E+000                 -8.1015811474466446E+000                 -9.8999999999999986E+001                  0.0000000000000000E+000                  0.0000000000000000E+000                 -9.8999999999999986E+001                 -9.8999999999999986E+001                  1.5735919718134612E+001                 -9.9000000000000000E+001                 -9.9000000000000000E+001                 -9.9000000000000000E+001 
                 6.4277145938502434E-001                  1.5268810603691580E+001                  1.3068055558936391E+002                  2.3998849345956178E+009                 -3.8524525928562237E+000                  5.1136672895341047E+000                  4.1194805036584984E+013                  2.5497725207531470E+001                  3.6258721495693594E+008                  1.6366217574418669E+000                  3.8002515181423535E-001                  6.2416679614003312E-001                  8.1106907082542157E-001                  8.5000496627254152E-001                  2.3991664774183168E+009                  7.1845717730070406E+005                  2.1417476430301263E+004                  3.7990324566226297E-001                  0.0000000000000000E+000                  3.6373410454797748E+004                  1.6241139084975830E+003                  2.1051760926950292E-023                  2.1051760926950292E-023                  0.0000000000000000E+000                  0.0000000000000000E+000                  8.4220985225009589E-025                  0.0000000000000000E+000                  2.5131864431844988E+002                  6.9999999999999996E-001                  2.9797635251138618E-005                  2.7997020236474884E-001                  4.1193902129486445E-003                  1.2067031330276047E-003                  1.1203876416666529E-002                  2.5129237964844936E-003                  9.5710644087274629E-004                  0.0000000000000000E+000                  0.0000000000000000E+000                  0.0000000000000000E+000                  0.0000000000000000E+000                  0.0000000000000000E+000                  0.0000000000000000E+000                  0.0000000000000000E+000                  0.0000000000000000E+000                  0.0000000000000000E+000                  0.0000000000000000E+000                 -8.1004653160324409E+000                 -9.8999999999999986E+001                  0.0000000000000000E+000                  0.0000000000000000E+000                 -9.8999999999999986E+001                 -9.8999999999999986E+001                  1.5737540530612224E+001                 -9.9000000000000000E+001                 -9.9000000000000000E+001                 -9.9000000000000000E+001 
                 6.3861829932359548E-001                  1.5209024427792370E+001                  1.3014011609909537E+002                  2.4444893584993663E+009                 -3.8475680353597244E+000                  5.1167098771743786E+000                  4.1387774757370094E+013                  2.5497842315992930E+001                  3.6189882399173611E+008                  1.6375985838457841E+000                  3.8054504318546789E-001                  6.2410012895609213E-001                  8.1135126978234429E-001                  8.5000496627254152E-001                  2.4437504830469985E+009                  7.3887545236798970E+005                  2.0995586840783672E+004                  3.8043055670205911E-001                  0.0000000000000000E+000                  3.6298811818573042E+004                  1.6035895316623296E+003                  2.1292420156673177E-023                  2.1292420156673177E-023                  0.0000000000000000E+000                  0.0000000000000000E+000                  8.5183781645772026E-025                  0.0000000000000000E+000                  2.5307006223044328E+002                  6.9999999999999996E-001                  2.9797635251138618E-005                  2.7997020236474884E-001                  4.1193902129486445E-003                  1.2067031330276047E-003                  1.1203876416666529E-002                  2.5129237964844936E-003                  9.5710644087274629E-004                  0.0000000000000000E+000                  0.0000000000000000E+000                  0.0000000000000000E+000                  0.0000000000000000E+000                  0.0000000000000000E+000                  0.0000000000000000E+000                  0.0000000000000000E+000                  0.0000000000000000E+000                  0.0000000000000000E+000                  0.0000000000000000E+000                 -8.0993902765385588E+000                 -9.8999999999999986E+001                  0.0000000000000000E+000                  0.0000000000000000E+000                 -9.8999999999999986E+001                 -9.8999999999999986E+001                  1.5739168042814399E+001                 -9.9000000000000000E+001                 -9.9000000000000000E+001                 -9.9000000000000000E+001 
                 6.3442681986218119E-001                  1.5148889157452389E+001                  1.2959088918301720E+002                  2.4899230286579947E+009                 -3.8426865616241543E+000                  5.1197565536941188E+000                  4.1582039871742727E+013                  2.5498080931786383E+001                  3.6123501034795320E+008                  1.6385396611893497E+000                  3.8104703881202751E-001                  6.2403481368487290E-001                  8.1160263471240623E-001                  8.5000496627254152E-001                  2.4891631260337076E+009                  7.5990262428695231E+005                  2.0578494709222035E+004                  3.8093999794153421E-001                  0.0000000000000000E+000                  3.6223764125869297E+004                  1.5830786585059877E+003                  2.1535689826822304E-023                  2.1535689826822304E-023                  0.0000000000000000E+000                  0.0000000000000000E+000                  8.6157021561221648E-025                  0.0000000000000000E+000                  2.5483083759866227E+002                  6.9999999999999996E-001                  2.9797635251138618E-005                  2.7997020236474884E-001                  4.1193902129486445E-003                  1.2067031330276047E-003                  1.1203876416666529E-002                  2.5129237964844936E-003                  9.5710644087274629E-004                  0.0000000000000000E+000                  0.0000000000000000E+000                  0.0000000000000000E+000                  0.0000000000000000E+000                  0.0000000000000000E+000                  0.0000000000000000E+000                  0.0000000000000000E+000                  0.0000000000000000E+000                  0.0000000000000000E+000                  0.0000000000000000E+000                 -8.0983676248462739E+000                 -9.8999999999999986E+001                  0.0000000000000000E+000                  0.0000000000000000E+000                 -9.8999999999999986E+001                 -9.8999999999999986E+001                  1.5740802600094826E+001                 -9.9000000000000000E+001                 -9.9000000000000000E+001                 -9.9000000000000000E+001 
                 6.3019688541067354E-001                  1.5088400744361447E+001                  1.2903276695725964E+002                  2.5362013665016656E+009                 -3.8378081938423674E+000                  5.1228071759931346E+000                  4.1777613626987094E+013                  2.5498481038743130E+001                  3.6059540966332376E+008                  1.6394453546717791E+000                  3.8153111062770328E-001                  6.2397065547813457E-001                  8.1181267095561049E-001                  8.5000496627254152E-001                  2.5354198099041739E+009                  7.8155659749164665E+005                  2.0166058888250125E+004                  3.8143153717498490E-001                  0.0000000000000000E+000                  3.6148274963586220E+004                  1.5625699914982688E+003                  2.1781595485448217E-023                  2.1781595485448217E-023                  0.0000000000000000E+000                  0.0000000000000000E+000                  8.7140807180585811E-025                  0.0000000000000000E+000                  2.5660516347459651E+002                  6.9999999999999996E-001                  2.9797635251138618E-005                  2.7997020236474884E-001                  4.1193902129486445E-003                  1.2067031330276047E-003                  1.1203876416666529E-002                  2.5129237964844936E-003                  9.5710644087274629E-004                  0.0000000000000000E+000                  0.0000000000000000E+000                  0.0000000000000000E+000                  0.0000000000000000E+000                  0.0000000000000000E+000                  0.0000000000000000E+000                  0.0000000000000000E+000                  0.0000000000000000E+000                  0.0000000000000000E+000                  0.0000000000000000E+000                 -8.0974075119753763E+000                 -9.8999999999999986E+001                  0.0000000000000000E+000                  0.0000000000000000E+000                 -9.8999999999999986E+001                 -9.8999999999999986E+001                  1.5742444566487425E+001                 -9.9000000000000000E+001                 -9.9000000000000000E+001                 -9.9000000000000000E+001 
                 6.2592836609539959E-001                  1.5027555050127827E+001                  1.2846563210039423E+002                  2.5833400803916392E+009                 -3.8329327828796820E+000                  5.1258616019612600E+000                  4.1974498248835570E+013                  2.5499030196791306E+001                  3.5997942183879799E+008                  1.6403163147233601E+000                  3.8199753631666417E-001                  6.2390774544839656E-001                  8.1198649403727963E-001                  8.5000496627254152E-001                  2.5825362246143064E+009                  8.0385577733256761E+005                  1.9758135294672127E+004                  3.8190529843422977E-001                  0.0000000000000000E+000                  3.6072349374420482E+004                  1.5420523963803416E+003                  2.2030171668471503E-023                  2.2030171668471503E-023                  0.0000000000000000E+000                  0.0000000000000000E+000                  8.8135276670531419E-025                  0.0000000000000000E+000                  2.5840025813565563E+002                  6.9999999999999996E-001                  2.9797635251138618E-005                  2.7997020236474884E-001                  4.1193902129486445E-003                  1.2067031330276047E-003                  1.1203876416666529E-002                  2.5129237964844936E-003                  9.5710644087274629E-004                  0.0000000000000000E+000                  0.0000000000000000E+000                  0.0000000000000000E+000                  0.0000000000000000E+000                  0.0000000000000000E+000                  0.0000000000000000E+000                  0.0000000000000000E+000                  0.0000000000000000E+000                  0.0000000000000000E+000                  0.0000000000000000E+000                 -8.0965039761255753E+000                 -9.8999999999999986E+001                  0.0000000000000000E+000                  0.0000000000000000E+000                 -9.8999999999999986E+001                 -9.8999999999999986E+001                  1.5744094187505079E+001                 -9.9000000000000000E+001                 -9.9000000000000000E+001                 -9.9000000000000000E+001 
                 6.2162113799366858E-001                  1.4966347867746610E+001                  1.2788935081895701E+002                  2.6313551708631263E+009                 -3.8280601008841280E+000                  5.1289196923059599E+000                  4.2172694341321516E+013                  2.5499700314294181E+001                  3.5938636578393573E+008                  1.6411533166043102E+000                  3.8244674390335465E-001                  6.2384625991199361E-001                  8.1213338499188059E-001                  8.5000496627254152E-001                  2.6305283517664580E+009                  8.2681909666830499E+005                  1.9354667431197759E+004                  3.8236163482136343E-001                  0.0000000000000000E+000                  3.5995988061431613E+004                  1.5215286362242848E+003                  2.2281457600854326E-023                  2.2281457600854326E-023                  0.0000000000000000E+000                  0.0000000000000000E+000                  8.9140586957002438E-025                  0.0000000000000000E+000                  2.6021566846259594E+002                  6.9999999999999996E-001                  2.9797635251138618E-005                  2.7997020236474884E-001                  4.1193902129486445E-003                  1.2067031330276047E-003                  1.1203876416666529E-002                  2.5129237964844936E-003                  9.5710644087274629E-004                  0.0000000000000000E+000                  0.0000000000000000E+000                  0.0000000000000000E+000                  0.0000000000000000E+000                  0.0000000000000000E+000                  0.0000000000000000E+000                  0.0000000000000000E+000                  0.0000000000000000E+000                  0.0000000000000000E+000                  0.0000000000000000E+000                 -8.0956471361625759E+000                 -9.8999999999999986E+001                  0.0000000000000000E+000                  0.0000000000000000E+000                 -9.8999999999999986E+001                 -9.8999999999999986E+001                  1.5745751538379979E+001                 -9.9000000000000000E+001                 -9.9000000000000000E+001                 -9.9000000000000000E+001 
                 6.1727508335208636E-001                  1.4904774930367687E+001                  1.2730378957602694E+002                  2.6802629360100007E+009                 -3.8231899004544063E+000                  5.1319813114152355E+000                  4.2372205790433602E+013                  2.5500465484347369E+001                  3.5881554740136945E+008                  1.6419571867346112E+000                  3.8287922776263250E-001                  6.2378636221615236E-001                  8.1226120230222021E-001                  8.5000496627254152E-001                  2.6794124699724464E+009                  8.5046603755431611E+005                  1.8955843399524620E+004                  3.8280100737603201E-001                  0.0000000000000000E+000                  3.5919190427188034E+004                  1.5010267804157565E+003                  2.2535494338453073E-023                  2.2535494338453076E-023                  0.0000000000000000E+000                  0.0000000000000000E+000                  9.0156902290736184E-025                  0.0000000000000000E+000                  2.6205132344292406E+002                  6.9999999999999996E-001                  2.9797635251138618E-005                  2.7997020236474884E-001                  4.1193902129486445E-003                  1.2067031330276047E-003                  1.1203876416666529E-002                  2.5129237964844936E-003                  9.5710644087274629E-004                  0.0000000000000000E+000                  0.0000000000000000E+000                  0.0000000000000000E+000                  0.0000000000000000E+000                  0.0000000000000000E+000                  0.0000000000000000E+000                  0.0000000000000000E+000                  0.0000000000000000E+000                  0.0000000000000000E+000                  0.0000000000000000E+000                 -8.0948291504507441E+000                 -9.8999999999999986E+001                  0.0000000000000000E+000                  0.0000000000000000E+000                 -9.8999999999999986E+001                 -9.8999999999999986E+001                  1.5747416636496251E+001                 -9.9000000000000000E+001                 -9.9000000000000000E+001                 -9.9000000000000000E+001 
                 6.1289009079770351E-001                  1.4842831911734267E+001                  1.2670881430433360E+002                  2.7300799770138588E+009                 -3.8183219264914885E+000                  5.1350463279182650E+000                  4.2573041151729711E+013                  2.5501302030504426E+001                  3.5826625701686281E+008                  1.6427288111422833E+000                  3.8329555689898143E-001                  6.2372819809912439E-001                  8.1237606407153518E-001                  8.5000496627254152E-001                  2.7292051603617549E+009                  8.7481665210400464E+005                  1.8562020832806458E+004                  3.8322394747844590E-001                  0.0000000000000000E+000                  3.5841955672664772E+004                  1.4805780565934076E+003                  2.2792324215155833E-023                  2.2792324215155833E-023                  0.0000000000000000E+000                  0.0000000000000000E+000                  9.1184392035447055E-025                  0.0000000000000000E+000                  2.6390758964999458E+002                  6.9999999999999996E-001                  2.9797635251138618E-005                  2.7997020236474884E-001                  4.1193902129486445E-003                  1.2067031330276047E-003                  1.1203876416666529E-002                  2.5129237964844936E-003                  9.5710644087274629E-004                  0.0000000000000000E+000                  0.0000000000000000E+000                  0.0000000000000000E+000                  0.0000000000000000E+000                  0.0000000000000000E+000                  0.0000000000000000E+000                  0.0000000000000000E+000                  0.0000000000000000E+000                  0.0000000000000000E+000                  0.0000000000000000E+000                 -8.0940445694927998E+000                 -9.8999999999999986E+001                  0.0000000000000000E+000                  0.0000000000000000E+000                 -9.8999999999999986E+001                 -9.8999999999999986E+001                  1.5749089492607945E+001                 -9.9000000000000000E+001                 -9.9000000000000000E+001                 -9.9000000000000000E+001 
                 6.0846605555095834E-001                  1.4780514424870262E+001                  1.2610428945582758E+002                  2.7808232037758851E+009                 -3.8134559275064843E+000                  5.1381146153097568E+000                  4.2775214865573320E+013                  2.5502188573917834E+001                  3.5773776700257236E+008                  1.6434691416266303E+000                  3.8369638041912635E-001                  6.2367189118907862E-001                  8.1248204634967591E-001                  8.5000496627254152E-001                  2.7799233121906819E+009                  8.9989158520327264E+005                  1.8173564466531898E+004                  3.8363106473988035E-001                  0.0000000000000000E+000                  3.5764283422791428E+004                  1.4602138629360643E+003                  2.3051990278350808E-023                  2.3051990278350808E-023                  0.0000000000000000E+000                  0.0000000000000000E+000                  9.2223228409326023E-025                  0.0000000000000000E+000                  2.6578517109608009E+002                  6.9999999999999996E-001                  2.9797635251138618E-005                  2.7997020236474884E-001                  4.1193902129486445E-003                  1.2067031330276047E-003                  1.1203876416666529E-002                  2.5129237964844936E-003                  9.5710644087274629E-004                  0.0000000000000000E+000                  0.0000000000000000E+000                  0.0000000000000000E+000                  0.0000000000000000E+000                  0.0000000000000000E+000                  0.0000000000000000E+000                  0.0000000000000000E+000                  0.0000000000000000E+000                  0.0000000000000000E+000                  0.0000000000000000E+000                 -8.0932906463462153E+000                 -9.8999999999999986E+001                  0.0000000000000000E+000                  0.0000000000000000E+000                 -9.8999999999999986E+001                 -9.8999999999999986E+001                  1.5750770130403522E+001                 -9.9000000000000000E+001                 -9.9000000000000000E+001                 -9.9000000000000000E+001 
                 6.0400287964294419E-001                  1.4717818019052309E+001                  1.2549007724068022E+002                  2.8325098406502252E+009                 -3.8085916680921401E+000                  5.1411860525866286E+000                  4.2978748241032945E+013                  2.5503105670051671E+001                  3.5722932870104420E+008                  1.6441792028981501E+000                  3.8408242780027713E-001                  6.2361753606916470E-001                  8.1258093695578992E-001                  8.5000496627254152E-001                  2.8315841285513759E+009                  9.2571209884944872E+005                  1.7790824312315533E+004                  3.8402304804375914E-001                  0.0000000000000000E+000                  3.5686174325279419E+004                  1.4399653184819219E+003                  2.3314535620777127E-023                  2.3314535620777124E-023                  0.0000000000000000E+000                  0.0000000000000000E+000                  9.3273583812001058E-025                  0.0000000000000000E+000                  2.6768428128642194E+002                  6.9999999999999996E-001                  2.9797635251138618E-005                  2.7997020236474884E-001                  4.1193902129486445E-003                  1.2067031330276047E-003                  1.1203876416666529E-002                  2.5129237964844936E-003                  9.5710644087274629E-004                  0.0000000000000000E+000                  0.0000000000000000E+000                  0.0000000000000000E+000                  0.0000000000000000E+000                  0.0000000000000000E+000                  0.0000000000000000E+000                  0.0000000000000000E+000                  0.0000000000000000E+000                  0.0000000000000000E+000                  0.0000000000000000E+000                 -8.0925675192591324E+000                 -9.8999999999999986E+001                  0.0000000000000000E+000                  0.0000000000000000E+000                 -9.8999999999999986E+001                 -9.8999999999999986E+001                  1.5752458605860808E+001                 -9.9000000000000000E+001                 -9.9000000000000000E+001                 -9.9000000000000000E+001 
                 5.9950047213891577E-001                  1.4654738174841969E+001                  1.2486603876460779E+002                  2.8851574322712407E+009                 -3.8037290182720969E+000                  5.1442605244914477E+000                  4.3183667836879281E+013                  2.5504016207417543E+001                  3.5674013313623357E+008                  1.6448602312573903E+000                  3.8445440835005862E-001                  6.2356509637353918E-001                  8.1267406052882385E-001                  8.5000496627254152E-001                  2.8842051321765423E+009                  9.5230009469832398E+005                  1.7414129335048980E+004                  3.8440061738916076E-001                  0.0000000000000000E+000                  3.5607633104101573E+004                  1.4198626006649301E+003                  2.3579998445133738E-023                  2.3579998445133741E-023                  0.0000000000000000E+000                  0.0000000000000000E+000                  9.4335611079701327E-025                  0.0000000000000000E+000                  2.6959689988780087E+002                  6.9999999999999996E-001                  2.9797635251138618E-005                  2.7997020236474884E-001                  4.1193902129486445E-003                  1.2067031330276047E-003                  1.1203876416666529E-002                  2.5129237964844936E-003                  9.5710644087274629E-004                  0.0000000000000000E+000                  0.0000000000000000E+000                  0.0000000000000000E+000                  0.0000000000000000E+000                  0.0000000000000000E+000                  0.0000000000000000E+000                  0.0000000000000000E+000                  0.0000000000000000E+000                  0.0000000000000000E+000                  0.0000000000000000E+000                 -8.0918743800850983E+000                 -9.8999999999999986E+001                  0.0000000000000000E+000                  0.0000000000000000E+000                 -9.8999999999999986E+001                 -9.8999999999999986E+001                  1.5754155093799319E+001                 -9.9000000000000000E+001                 -9.9000000000000000E+001                 -9.9000000000000000E+001 
                 5.9495874937255233E-001                  1.4591270285865834E+001                  1.2423205342840920E+002                  2.9387838495558743E+009                 -3.7988679910879060E+000                  5.1473379209295329E+000                  4.3389997785161867E+013                  2.5504855662678434E+001                  3.5626930831086862E+008                  1.6455136780829129E+000                  3.8481290403042123E-001                  6.2351440984437789E-001                  8.1276515567160612E-001                  8.5000496627254152E-001                  2.9378041714255271E+009                  9.7967813034747506E+005                  1.7043783914603569E+004                  3.8476441869502337E-001                  0.0000000000000000E+000                  3.5528674038272839E+004                  1.3999344792845302E+003                  2.3848409665117229E-023                  2.3848409665117229E-023                  0.0000000000000000E+000                  0.0000000000000000E+000                  9.5409433887817710E-025                  0.0000000000000000E+000                  2.7152103444671530E+002                  6.9999999999999996E-001                  2.9797635251138618E-005                  2.7997020236474884E-001                  4.1193902129486445E-003                  1.2067031330276047E-003                  1.1203876416666529E-002                  2.5129237964844936E-003                  9.5710644087274629E-004                  0.0000000000000000E+000                  0.0000000000000000E+000                  0.0000000000000000E+000                  0.0000000000000000E+000                  0.0000000000000000E+000                  0.0000000000000000E+000                  0.0000000000000000E+000                  0.0000000000000000E+000                  0.0000000000000000E+000                  0.0000000000000000E+000                 -8.0912051169032146E+000                 -9.8999999999999986E+001                  0.0000000000000000E+000                  0.0000000000000000E+000                 -9.8999999999999986E+001                 -9.8999999999999986E+001                  1.5755860020135847E+001                 -9.9000000000000000E+001                 -9.9000000000000000E+001                 -9.9000000000000000E+001 
                 5.9037763520632380E-001                  1.4527409634582561E+001                  1.2358800534392456E+002                  2.9934072958839951E+009                 -3.7940086391940446E+000                  5.1504181362310231E+000                  4.3597756296626414E+013                  2.5505556261487563E+001                  3.5581597743737441E+008                  1.6461409914260283E+000                  3.8515843915997838E-001                  6.2346534846043000E-001                  8.1285912328586118E-001                  8.5000496627254152E-001                  2.9923994264498320E+009                  1.0078694341632255E+006                  1.6680063578616115E+004                  3.8511500547922478E-001                  0.0000000000000000E+000                  3.5449317190628826E+004                  1.3802082570599091E+003                  2.4119798271572662E-023                  2.4119798271572665E-023                  0.0000000000000000E+000                  0.0000000000000000E+000                  9.6495168219063163E-025                  0.0000000000000000E+000                  2.7345676068911257E+002                  6.9999999999999996E-001                  2.9797635251138618E-005                  2.7997020236474884E-001                  4.1193902129486445E-003                  1.2067031330276047E-003                  1.1203876416666529E-002                  2.5129237964844936E-003                  9.5710644087274629E-004                  0.0000000000000000E+000                  0.0000000000000000E+000                  0.0000000000000000E+000                  0.0000000000000000E+000                  0.0000000000000000E+000                  0.0000000000000000E+000                  0.0000000000000000E+000                  0.0000000000000000E+000                  0.0000000000000000E+000                  0.0000000000000000E+000                 -8.0905515799939138E+000                 -9.8999999999999986E+001                  0.0000000000000000E+000                  0.0000000000000000E+000                 -9.8999999999999986E+001                 -9.8999999999999986E+001                  1.5757573985668291E+001                 -9.9000000000000000E+001                 -9.9000000000000000E+001                 -9.9000000000000000E+001 
                 5.8575706132157312E-001                  1.4463151382738555E+001                  1.2293377861669794E+002                  3.0490463133110394E+009                 -3.7891510400999571E+000                  5.1535010687295246E+000                  4.3806954828159703E+013                  2.5506050530744439E+001                  3.5537926380373466E+008                  1.6467435955817000E+000                  3.8549148924246657E-001                  6.2341782940710178E-001                  8.1296123576002666E-001                  8.5000496627254152E-001                  3.0480094153882256E+009                  1.0368979228139538E+006                  1.6323150208705003E+004                  3.8545287818941715E-001                  0.0000000000000000E+000                  3.5369583783011636E+004                  1.3606988447194165E+003                  2.4394192046206965E-023                  2.4394192046206962E-023                  0.0000000000000000E+000                  0.0000000000000000E+000                  9.7592925218799272E-025                  0.0000000000000000E+000                  2.7540380477563514E+002                  6.9999999999999996E-001                  2.9797635251138618E-005                  2.7997020236474884E-001                  4.1193902129486445E-003                  1.2067031330276047E-003                  1.1203876416666529E-002                  2.5129237964844936E-003                  9.5710644087274629E-004                  0.0000000000000000E+000                  0.0000000000000000E+000                  0.0000000000000000E+000                  0.0000000000000000E+000                  0.0000000000000000E+000                  0.0000000000000000E+000                  0.0000000000000000E+000                  0.0000000000000000E+000                  0.0000000000000000E+000                  0.0000000000000000E+000                 -8.0899047511233935E+000                 -9.8999999999999986E+001                  0.0000000000000000E+000                  0.0000000000000000E+000                 -9.8999999999999986E+001                 -9.8999999999999986E+001                  1.5759297649461441E+001                 -9.9000000000000000E+001                 -9.9000000000000000E+001                 -9.9000000000000000E+001 
                 5.8109696752690332E-001                  1.4398490563761074E+001                  1.2226925825602673E+002                  3.1057197888812819E+009                 -3.7842952887461463E+000                  5.1565866203864408E+000                  4.4017597578558836E+013                  2.5506272885425020E+001                  3.5495829139409971E+008                  1.6473228877219386E+000                  3.8581248548621416E-001                  6.2337181472692160E-001                  8.1307650934973519E-001                  8.5000496627254152E-001                  3.1046530006619058E+009                  1.0667882193759305E+006                  1.5972966371813747E+004                  3.8577849011459042E-001                  0.0000000000000000E+000                  3.5289495518350654E+004                  1.3413910400359262E+003                  2.4671617907167976E-023                  2.4671617907167976E-023                  0.0000000000000000E+000                  0.0000000000000000E+000                  9.8702812577581550E-025                  0.0000000000000000E+000                  2.7736156152212578E+002                  6.9999999999999996E-001                  2.9797635251138618E-005                  2.7997020236474884E-001                  4.1193902129486445E-003                  1.2067031330276047E-003                  1.1203876416666529E-002                  2.5129237964844936E-003                  9.5710644087274629E-004                  0.0000000000000000E+000                  0.0000000000000000E+000                  0.0000000000000000E+000                  0.0000000000000000E+000                  0.0000000000000000E+000                  0.0000000000000000E+000                  0.0000000000000000E+000                  0.0000000000000000E+000                  0.0000000000000000E+000                  0.0000000000000000E+000                 -8.0892556190933131E+000                 -9.8999999999999986E+001                  0.0000000000000000E+000                  0.0000000000000000E+000                 -9.8999999999999986E+001                 -9.8999999999999986E+001                  1.5761031709161610E+001                 -9.9000000000000000E+001                 -9.9000000000000000E+001                 -9.9000000000000000E+001 
                 5.7639730208113593E-001                  1.4333422076009024E+001                  1.2159433108058798E+002                  3.1634469610639739E+009                 -3.7794414898625202E+000                  5.1596746964718685E+000                  4.4229681315914430E+013                  2.5506161021956657E+001                  3.5455218535530096E+008                  1.6478802366664420E+000                  3.8612182223557073E-001                  6.2332731079786563E-001                  8.1320913973561537E-001                  8.5000496627254152E-001                  3.1623493953917971E+009                  1.0975656721769446E+006                  1.5629223640673827E+004                  3.8609225463876029E-001                  0.0000000000000000E+000                  3.5209074231587590E+004                  1.3222640152625568E+003                  2.4952102293794681E-023                  2.4952102293794681E-023                  0.0000000000000000E+000                  0.0000000000000000E+000                  9.9824936070415347E-025                  0.0000000000000000E+000                  2.7932906516134040E+002                  6.9999999999999996E-001                  2.9797635251138618E-005                  2.7997020236474884E-001                  4.1193902129486445E-003                  1.2067031330276047E-003                  1.1203876416666529E-002                  2.5129237964844936E-003                  9.5710644087274629E-004                  0.0000000000000000E+000                  0.0000000000000000E+000                  0.0000000000000000E+000                  0.0000000000000000E+000                  0.0000000000000000E+000                  0.0000000000000000E+000                  0.0000000000000000E+000                  0.0000000000000000E+000                  0.0000000000000000E+000                  0.0000000000000000E+000                 -8.0885960227886944E+000                 -9.8999999999999986E+001                  0.0000000000000000E+000                  0.0000000000000000E+000                 -9.8999999999999986E+001                 -9.8999999999999986E+001                  1.5762776889474850E+001                 -9.9000000000000000E+001                 -9.9000000000000000E+001                 -9.9000000000000000E+001 
                 5.7165802203007965E-001                  1.4267940676934565E+001                  1.2090888673398779E+002                  3.2222474263194604E+009                 -3.7745897183451009E+000                  5.1627652052140700E+000                  4.4443198926109453E+013                  2.5505680601270448E+001                  3.5416017414295256E+008                  1.6484168132071104E+000                  3.8641984412328390E-001                  6.2328433541507322E-001                  8.1336036865610895E-001                  8.5000496627254152E-001                  3.2211181699459133E+009                  1.1292563735468476E+006                  1.5291606036150157E+004                  3.8639454148077462E-001                  0.0000000000000000E+000                  3.5128339718285715E+004                  1.3032968629578684E+003                  2.5235673459696191E-023                  2.5235673459696191E-023                  0.0000000000000000E+000                  0.0000000000000000E+000                  1.0095940873059210E-024                  0.0000000000000000E+000                  2.8131166599575630E+002                  6.9999999999999996E-001                  2.9797635251138618E-005                  2.7997020236474884E-001                  4.1193902129486445E-003                  1.2067031330276047E-003                  1.1203876416666529E-002                  2.5129237964844936E-003                  9.5710644087274629E-004                  0.0000000000000000E+000                  0.0000000000000000E+000                  0.0000000000000000E+000                  0.0000000000000000E+000                  0.0000000000000000E+000                  0.0000000000000000E+000                  0.0000000000000000E+000                  0.0000000000000000E+000                  0.0000000000000000E+000                  0.0000000000000000E+000                 -8.0879218572459983E+000                 -9.8999999999999986E+001                  0.0000000000000000E+000                  0.0000000000000000E+000                 -9.8999999999999986E+001                 -9.8999999999999986E+001                  1.5764533893550118E+001                 -9.9000000000000000E+001                 -9.9000000000000000E+001                 -9.9000000000000000E+001 
                 5.6687909355562816E-001                  1.4202040983046157E+001                  1.2021280222057302E+002                  3.2821411457862611E+009                 -3.7697398589775126E+000                  5.1658580570935158E+000                  4.4658158624738227E+013                  2.5504927297140462E+001                  3.5378204611408365E+008                  1.6489328358521433E+000                  3.8670676729565734E-001                  6.2324274745414854E-001                  8.1352245418309987E-001                  8.5000496627254152E-001                  3.2809792586113439E+009                  1.1618871749172341E+006                  1.4959807309039168E+004                  3.8668563135058742E-001                  0.0000000000000000E+000                  3.5047296767717729E+004                  1.2844695932833954E+003                  2.5522371097327294E-023                  2.5522371097327294E-023                  0.0000000000000000E+000                  0.0000000000000000E+000                  1.0210638935437252E-024                  0.0000000000000000E+000                  2.8331912335189725E+002                  6.9999999999999996E-001                  2.9797635251138618E-005                  2.7997020236474884E-001                  4.1193902129486445E-003                  1.2067031330276047E-003                  1.1203876416666529E-002                  2.5129237964844936E-003                  9.5710644087274629E-004                  0.0000000000000000E+000                  0.0000000000000000E+000                  0.0000000000000000E+000                  0.0000000000000000E+000                  0.0000000000000000E+000                  0.0000000000000000E+000                  0.0000000000000000E+000                  0.0000000000000000E+000                  0.0000000000000000E+000                  0.0000000000000000E+000                 -8.0872424585109322E+000                 -9.8999999999999986E+001                  0.0000000000000000E+000                  0.0000000000000000E+000                 -9.8999999999999986E+001                 -9.8999999999999986E+001                  1.5766303143618215E+001                 -9.9000000000000000E+001                 -9.9000000000000000E+001                 -9.9000000000000000E+001 
                 5.6206049232589017E-001                  1.4135717494298786E+001                  1.1950593055310333E+002                  3.3431484518795757E+009                 -3.7648916983653602E+000                  5.1689531642670339E+000                  4.4874579810314219E+013                  2.5504031835639353E+001                  3.5341777834258091E+008                  1.6494282142641408E+000                  3.8698279631540311E-001                  6.2320231216082478E-001                  8.1368840155123645E-001                  8.5000496627254152E-001                  3.3419529661767626E+009                  1.1954857028129459E+006                  1.4633536528671797E+004                  3.8696573438732795E-001                  0.0000000000000000E+000                  3.4965931050001651E+004                  1.2657633511996999E+003                  2.5812241453082044E-023                  2.5812241453082044E-023                  0.0000000000000000E+000                  0.0000000000000000E+000                  1.0326606295812321E-024                  0.0000000000000000E+000                  2.8535182877008543E+002                  6.9999999999999996E-001                  2.9797635251138618E-005                  2.7997020236474884E-001                  4.1193902129486445E-003                  1.2067031330276047E-003                  1.1203876416666529E-002                  2.5129237964844936E-003                  9.5710644087274629E-004                  0.0000000000000000E+000                  0.0000000000000000E+000                  0.0000000000000000E+000                  0.0000000000000000E+000                  0.0000000000000000E+000                  0.0000000000000000E+000                  0.0000000000000000E+000                  0.0000000000000000E+000                  0.0000000000000000E+000                  0.0000000000000000E+000                 -8.0865673137343883E+000                 -9.8999999999999986E+001                  0.0000000000000000E+000                  0.0000000000000000E+000                 -9.8999999999999986E+001                 -9.8999999999999986E+001                  1.5768084692193900E+001                 -9.9000000000000000E+001                 -9.9000000000000000E+001                 -9.9000000000000000E+001 
                 5.5720220382349395E-001                  1.4068964604838374E+001                  1.1878812360183792E+002                  3.4052900550867620E+009                 -3.7600449864751151E+000                  5.1720504406309233E+000                  4.5092488129390023E+013                  2.5503112902841885E+001                  3.5306734550481701E+008                  1.6499028779311693E+000                  3.8724816507131576E-001                  6.2316275563527745E-001                  8.1385626673041001E-001                  8.5000496627254152E-001                  3.4040599747050767E+009                  1.2300803816854130E+006                  1.4312523325128255E+004                  3.8723507006629149E-001                  0.0000000000000000E+000                  3.4884222421185324E+004                  1.2471606763552697E+003                  2.6105333933758271E-023                  2.6105333933758269E-023                  0.0000000000000000E+000                  0.0000000000000000E+000                  1.0443862720192521E-024                  0.0000000000000000E+000                  2.8741028034863012E+002                  6.9999999999999996E-001                  2.9797635251138618E-005                  2.7997020236474884E-001                  4.1193902129486445E-003                  1.2067031330276047E-003                  1.1203876416666529E-002                  2.5129237964844936E-003                  9.5710644087274629E-004                  0.0000000000000000E+000                  0.0000000000000000E+000                  0.0000000000000000E+000                  0.0000000000000000E+000                  0.0000000000000000E+000                  0.0000000000000000E+000                  0.0000000000000000E+000                  0.0000000000000000E+000                  0.0000000000000000E+000                  0.0000000000000000E+000                 -8.0858999029706364E+000                 -9.8999999999999986E+001                  0.0000000000000000E+000                  0.0000000000000000E+000                 -9.8999999999999986E+001                 -9.8999999999999986E+001                  1.5769878462253127E+001                 -9.9000000000000000E+001                 -9.9000000000000000E+001                 -9.9000000000000000E+001 
                 5.5230422366006948E-001                  1.4001776604288505E+001                  1.1805923187884692E+002                  3.4685870509752946E+009                 -3.7551994449850810E+000                  5.1751498020136921E+000                  4.5311915143216234E+013                  2.5502276231069622E+001                  3.5273072026237237E+008                  1.6503567805067385E+000                  3.8750312539839260E-001                  6.2312376905821254E-001                  8.1402959163368005E-001                  8.5000496627254152E-001                  3.4673213505162663E+009                  1.2657004590284519E+006                  1.3996520723262080E+004                  3.8749388072590718E-001                  0.0000000000000000E+000                  3.4802149327988074E+004                  1.2286458568595201E+003                  2.6401700739908859E-023                  2.6401700739908856E-023                  0.0000000000000000E+000                  0.0000000000000000E+000                  1.0562429092273640E-024                  0.0000000000000000E+000                  2.8949521358700497E+002                  6.9999999999999996E-001                  2.9797635251138618E-005                  2.7997020236474884E-001                  4.1193902129486445E-003                  1.2067031330276047E-003                  1.1203876416666529E-002                  2.5129237964844936E-003                  9.5710644087274629E-004                  0.0000000000000000E+000                  0.0000000000000000E+000                  0.0000000000000000E+000                  0.0000000000000000E+000                  0.0000000000000000E+000                  0.0000000000000000E+000                  0.0000000000000000E+000                  0.0000000000000000E+000                  0.0000000000000000E+000                  0.0000000000000000E+000                 -8.0852369685660239E+000                 -9.8999999999999986E+001                  0.0000000000000000E+000                  0.0000000000000000E+000                 -9.8999999999999986E+001                 -9.8999999999999986E+001                  1.5771684339501283E+001                 -9.9000000000000000E+001                 -9.9000000000000000E+001                 -9.9000000000000000E+001 
                 5.4736655789042177E-001                  1.3934147677635375E+001                  1.1731910397978316E+002                  3.5330609273313160E+009                 -3.7503547770923786E+000                  5.1782511662624700E+000                  4.5532897706407938E+013                  2.5501614201794176E+001                  3.5240787373163354E+008                  1.6507899036193203E+000                  3.8774793361244786E-001                  6.2308501298886509E-001                  8.1421764666349572E-001                  8.5000496627254152E-001                  3.5317585513010297E+009                  1.3023760302863081E+006                  1.3685334494622528E+004                  3.8774242058964198E-001                  0.0000000000000000E+000                  3.4719689089346364E+004                  1.2102099658757847E+003                  2.6701396378203845E-023                  2.6701396378203845E-023                  0.0000000000000000E+000                  0.0000000000000000E+000                  1.0682327218351673E-024                  0.0000000000000000E+000                  2.9160762331424706E+002                  6.9999999999999996E-001                  2.9797635251138618E-005                  2.7997020236474884E-001                  4.1193902129486445E-003                  1.2067031330276047E-003                  1.1203876416666529E-002                  2.5129237964844936E-003                  9.5710644087274629E-004                  0.0000000000000000E+000                  0.0000000000000000E+000                  0.0000000000000000E+000                  0.0000000000000000E+000                  0.0000000000000000E+000                  0.0000000000000000E+000                  0.0000000000000000E+000                  0.0000000000000000E+000                  0.0000000000000000E+000                  0.0000000000000000E+000                 -8.0845679881418917E+000                 -9.8999999999999986E+001                  0.0000000000000000E+000                  0.0000000000000000E+000                 -9.8999999999999986E+001                 -9.8999999999999986E+001                  1.5773502185702650E+001                 -9.9000000000000000E+001                 -9.9000000000000000E+001                 -9.9000000000000000E+001 
                 5.4238922332916517E-001                  1.3866071903450328E+001                  1.1656758594821493E+002                  3.5987335714196005E+009                 -3.7455106849396369E+000                  5.1813544532543592E+000                  4.5755476445854438E+013                  2.5501204019711391E+001                  3.5209875650531286E+008                  1.6512022902946222E+000                  3.8798284496672414E-001                  6.2304613145136467E-001                  8.1443512512599026E-001                  8.5000496627254152E-001                  3.5973934333558569E+009                  1.3401380637436009E+006                  1.3378909971562569E+004                  3.8798094516136616E-001                  0.0000000000000000E+000                  3.4636818465181612E+004                  1.1918617732381401E+003                  2.7004476656507821E-023                  2.7004476656507821E-023                  0.0000000000000000E+000                  0.0000000000000000E+000                  1.0803579425287182E-024                  0.0000000000000000E+000                  2.9374614945646266E+002                  6.9999999999999996E-001                  2.9797635251138618E-005                  2.7997020236474884E-001                  4.1193902129486445E-003                  1.2067031330276047E-003                  1.1203876416666529E-002                  2.5129237964844936E-003                  9.5710644087274629E-004                  0.0000000000000000E+000                  0.0000000000000000E+000                  0.0000000000000000E+000                  0.0000000000000000E+000                  0.0000000000000000E+000                  0.0000000000000000E+000                  0.0000000000000000E+000                  0.0000000000000000E+000                  0.0000000000000000E+000                  0.0000000000000000E+000                 -8.0838752453815275E+000                 -9.8999999999999986E+001                  0.0000000000000000E+000                  0.0000000000000000E+000                 -9.8999999999999986E+001                 -9.8999999999999986E+001                  1.5775331859539412E+001                 -9.9000000000000000E+001                 -9.9000000000000000E+001                 -9.9000000000000000E+001 
                 5.3737224787221360E-001                  1.3797543249191268E+001                  1.1580452740827141E+002                  3.6656272773424091E+009                 -3.7406670712166807E+000                  5.1844595860590683E+000                  4.5979675920740578E+013                  2.5501052018584659E+001                  3.5180270530427229E+008                  1.6515949599761794E+000                  3.8820840666140921E-001                  6.2300705479534813E-001                  8.1469007336743948E-001                  8.5000496627254152E-001                  3.6642482589015803E+009                  1.3790184408286505E+006                  1.3077305928734933E+004                  3.8820985516258422E-001                  0.0000000000000000E+000                  3.4553524973191466E+004                  1.1736128076367197E+003                  2.7310985885704605E-023                  2.7310985885704605E-023                  0.0000000000000000E+000                  0.0000000000000000E+000                  1.0926203440386581E-024                  0.0000000000000000E+000                  2.9588976508499752E+002                  6.9999999999999996E-001                  2.9797635251138618E-005                  2.7997020236474884E-001                  4.1193902129486445E-003                  1.2067031330276047E-003                  1.1203876416666529E-002                  2.5129237964844936E-003                  9.5710644087274629E-004                  0.0000000000000000E+000                  0.0000000000000000E+000                  0.0000000000000000E+000                  0.0000000000000000E+000                  0.0000000000000000E+000                  0.0000000000000000E+000                  0.0000000000000000E+000                  0.0000000000000000E+000                  0.0000000000000000E+000                  0.0000000000000000E+000                 -8.0831472242225075E+000                 -9.8999999999999986E+001                  0.0000000000000000E+000                  0.0000000000000000E+000                 -9.8999999999999986E+001                 -9.8999999999999986E+001                  1.5777173464768046E+001                 -9.9000000000000000E+001                 -9.9000000000000000E+001                 -9.9000000000000000E+001 
                 5.3231567083181763E-001                  1.3728555534145110E+001                  1.1502983327017057E+002                  3.7337647538291378E+009                 -3.7358240926468835E+000                  5.1875664935409267E+000                  4.6205497575373094E+013                  2.5501096822517223E+001                  3.5151833220740902E+008                  1.6519700572055422E+000                  3.8842552338639968E-001                  6.2296806486590850E-001                  8.1497586012791357E-001                  8.5000496627254152E-001                  3.7323457038105416E+009                  1.4190500185961379E+006                  1.2780590866865867E+004                  3.8842987607914187E-001                  0.0000000000000000E+000                  3.4469825417254477E+004                  1.1554731943904135E+003                  2.7620952737493985E-023                  2.7620952737493985E-023                  0.0000000000000000E+000                  0.0000000000000000E+000                  1.1050210734246084E-024                  0.0000000000000000E+000                  2.9803364830104420E+002                  6.9999999999999996E-001                  2.9797635251138618E-005                  2.7997020236474884E-001                  4.1193902129486445E-003                  1.2067031330276047E-003                  1.1203876416666529E-002                  2.5129237964844936E-003                  9.5710644087274629E-004                  0.0000000000000000E+000                  0.0000000000000000E+000                  0.0000000000000000E+000                  0.0000000000000000E+000                  0.0000000000000000E+000                  0.0000000000000000E+000                  0.0000000000000000E+000                  0.0000000000000000E+000                  0.0000000000000000E+000                  0.0000000000000000E+000                 -8.0823887972300064E+000                 -9.8999999999999986E+001                  0.0000000000000000E+000                  0.0000000000000000E+000                 -9.8999999999999986E+001                 -9.8999999999999986E+001                  1.5779027715896191E+001                 -9.9000000000000000E+001                 -9.9000000000000000E+001                 -9.9000000000000000E+001 
                 5.2721954332251064E-001                  1.3659102382669955E+001                  1.1424342280662309E+002                  3.8031691323568835E+009                 -3.7309819498511336E+000                  5.1906751118859598E+000                  4.6432939140404695E+013                  2.5501283238995750E+001                  3.5124420785266465E+008                  1.6523297837630320E+000                  3.8863511676574114E-001                  6.2292945955331014E-001                  8.1528078863348707E-001                  8.5000496627254152E-001                  3.8017088656721916E+009                  1.4602666846921362E+006                  1.2488816054542080E+004                  3.8864192131511621E-001                  0.0000000000000000E+000                  3.4385752577434578E+004                  1.1374518671909614E+003                  2.7934403004471933E-023                  2.7934403004471933E-023                  0.0000000000000000E+000                  0.0000000000000000E+000                  1.1175611625629807E-024                  0.0000000000000000E+000                  3.0017800362145266E+002                  6.9999999999999996E-001                  2.9797635251138618E-005                  2.7997020236474884E-001                  4.1193902129486445E-003                  1.2067031330276047E-003                  1.1203876416666529E-002                  2.5129237964844936E-003                  9.5710644087274629E-004                  0.0000000000000000E+000                  0.0000000000000000E+000                  0.0000000000000000E+000                  0.0000000000000000E+000                  0.0000000000000000E+000                  0.0000000000000000E+000                  0.0000000000000000E+000                  0.0000000000000000E+000                  0.0000000000000000E+000                  0.0000000000000000E+000                 -8.0816114208313703E+000                 -9.8999999999999986E+001                  0.0000000000000000E+000                  0.0000000000000000E+000                 -9.8999999999999986E+001                 -9.8999999999999986E+001                  1.5780895699592820E+001                 -9.9000000000000000E+001                 -9.9000000000000000E+001                 -9.9000000000000000E+001 
                 5.2208392871497444E-001                  1.3589177210089394E+001                  1.1344521680520580E+002                  3.8738639751293888E+009                 -3.7261408633970241E+000                  5.1937853846955591E+000                  4.6661996324249469E+013                  2.5501564784032713E+001                  3.5097890485766792E+008                  1.6526763223376719E+000                  3.8883811404884006E-001                  6.2289153538470921E-001                  8.1558936400641180E-001                  8.5000496627254152E-001                  3.8723612717318339E+009                  1.5027033975550591E+006                  1.2202014769270390E+004                  3.8884691575051511E-001                  0.0000000000000000E+000                  3.4301340326497731E+004                  1.1195563793520505E+003                  2.8251361006053211E-023                  2.8251361006053211E-023                  0.0000000000000000E+000                  0.0000000000000000E+000                  1.1302415843932016E-024                  0.0000000000000000E+000                  3.0232228034779257E+002                  6.9999999999999996E-001                  2.9797635251138618E-005                  2.7997020236474884E-001                  4.1193902129486445E-003                  1.2067031330276047E-003                  1.1203876416666529E-002                  2.5129237964844936E-003                  9.5710644087274629E-004                  0.0000000000000000E+000                  0.0000000000000000E+000                  0.0000000000000000E+000                  0.0000000000000000E+000                  0.0000000000000000E+000                  0.0000000000000000E+000                  0.0000000000000000E+000                  0.0000000000000000E+000                  0.0000000000000000E+000                  0.0000000000000000E+000                 -8.0808319138987947E+000                 -9.8999999999999986E+001                  0.0000000000000000E+000                  0.0000000000000000E+000                 -9.8999999999999986E+001                 -9.8999999999999986E+001                  1.5782778568102458E+001                 -9.9000000000000000E+001                 -9.9000000000000000E+001                 -9.9000000000000000E+001 
                 5.1690890312358595E-001                  1.3518773212062703E+001                  1.1263513970607326E+002                  3.9458732831540418E+009                 -3.7213010607394255E+000                  5.1968972630702259E+000                  4.6892663498844570E+013                  2.5501901784256059E+001                  3.5072099944893032E+008                  1.6530118263486064E+000                  3.8903545833240094E-001                  6.2285458852932107E-001                  8.1588301069090408E-001                  8.5000496627254152E-001                  3.9443268869255075E+009                  1.5463962285342386E+006                  1.1920201260589289E+004                  3.8904579464878181E-001                  0.0000000000000000E+000                  3.4216622630294223E+004                  1.1017927311603203E+003                  2.8571850371322909E-023                  2.8571850371322909E-023                  0.0000000000000000E+000                  0.0000000000000000E+000                  1.1430632842369649E-024                  0.0000000000000000E+000                  3.0446568130810994E+002                  6.9999999999999996E-001                  2.9797635251138618E-005                  2.7997020236474884E-001                  4.1193902129486445E-003                  1.2067031330276047E-003                  1.1203876416666529E-002                  2.5129237964844936E-003                  9.5710644087274629E-004                  0.0000000000000000E+000                  0.0000000000000000E+000                  0.0000000000000000E+000                  0.0000000000000000E+000                  0.0000000000000000E+000                  0.0000000000000000E+000                  0.0000000000000000E+000                  0.0000000000000000E+000                  0.0000000000000000E+000                  0.0000000000000000E+000                 -8.0800717691695478E+000                 -9.8999999999999986E+001                  0.0000000000000000E+000                  0.0000000000000000E+000                 -9.8999999999999986E+001                 -9.8999999999999986E+001                  1.5784677507534550E+001                 -9.9000000000000000E+001                 -9.9000000000000000E+001                 -9.9000000000000000E+001 
                 5.1169455591670343E-001                  1.3447883355652531E+001                  1.1181312044941451E+002                  4.0192215044794912E+009                 -3.7164627656218228E+000                  5.2000107057732077E+000                  4.7124934313277953E+013                  2.5502259573099014E+001                  3.5046907317053145E+008                  1.6533384133672768E+000                  3.8922811602895346E-001                  6.2281891439764314E-001                  8.1614079624229985E-001                  8.5000496627254152E-001                  4.0176301220721579E+009                  1.5913824073335815E+006                  1.1643369889760394E+004                  3.8923951340232382E-001                  0.0000000000000000E+000                  3.4131633237971881E+004                  1.0841652310806489E+003                  2.8895894712887952E-023                  2.8895894712887946E-023                  0.0000000000000000E+000                  0.0000000000000000E+000                  1.1560272067567607E-024                  0.0000000000000000E+000                  3.0660723818348237E+002                  6.9999999999999996E-001                  2.9797635251138618E-005                  2.7997020236474884E-001                  4.1193902129486445E-003                  1.2067031330276047E-003                  1.1203876416666529E-002                  2.5129237964844936E-003                  9.5710644087274629E-004                  0.0000000000000000E+000                  0.0000000000000000E+000                  0.0000000000000000E+000                  0.0000000000000000E+000                  0.0000000000000000E+000                  0.0000000000000000E+000                  0.0000000000000000E+000                  0.0000000000000000E+000                  0.0000000000000000E+000                  0.0000000000000000E+000                 -8.0793564282341865E+000                 -9.8999999999999986E+001                  0.0000000000000000E+000                  0.0000000000000000E+000                 -9.8999999999999986E+001                 -9.8999999999999986E+001                  1.5786593722902456E+001                 -9.9000000000000000E+001                 -9.9000000000000000E+001                 -9.9000000000000000E+001 
                 5.0644099024796985E-001                  1.3376500371728936E+001                  1.1097909314894085E+002                  4.0939335426125045E+009                 -3.7116261156843335E+000                  5.2031256783005899E+000                  4.7358808549393641E+013                  2.5502608543761610E+001                  3.5022210607257760E+008                  1.6536576078886684E+000                  3.8941679765248638E-001                  6.2278475255522270E-001                  8.1634516716481365E-001                  8.5000496627254152E-001                  4.0922958422590613E+009                  1.6377003534432079E+006                  1.1371500784341884E+004                  3.8942891097788535E-001                  0.0000000000000000E+000                  3.4046400261996336E+004                  1.0666775436210935E+003                  2.9223523239224402E-023                  2.9223523239224402E-023                  0.0000000000000000E+000                  0.0000000000000000E+000                  1.1691345204869865E-024                  0.0000000000000000E+000                  3.0876110553929323E+002                  6.9999999999999996E-001                  2.9797635251138618E-005                  2.7997020236474884E-001                  4.1193902129486445E-003                  1.2067031330276047E-003                  1.1203876416666529E-002                  2.5129237964844936E-003                  9.5710644087274629E-004                  0.0000000000000000E+000                  0.0000000000000000E+000                  0.0000000000000000E+000                  0.0000000000000000E+000                  0.0000000000000000E+000                  0.0000000000000000E+000                  0.0000000000000000E+000                  0.0000000000000000E+000                  0.0000000000000000E+000                  0.0000000000000000E+000                 -8.0787088577013488E+000                 -9.8999999999999986E+001                  0.0000000000000000E+000                  0.0000000000000000E+000                 -9.8999999999999986E+001                 -9.8999999999999986E+001                  1.5788528326467199E+001                 -9.9000000000000000E+001                 -9.9000000000000000E+001                 -9.9000000000000000E+001 
                 5.0114832360522199E-001                  1.3304616760666947E+001                  1.1013295587579584E+002                  4.1700347649597635E+009                 -3.7067909516078807E+000                  5.2062421474416283E+000                  4.7594311938539375E+013                  2.5502928939652392E+001                  3.4998062880191040E+008                  1.6539687315199962E+000                  3.8960110626083533E-001                  6.2275213993604916E-001                  8.1649689265439951E-001                  8.5000496627254152E-001                  4.1683493753224440E+009                  1.6853896373197713E+006                  1.1104582002889081E+004                  3.8961414613452416E-001                  0.0000000000000000E+000                  3.3960919937819759E+004                  1.0493364988489159E+003                  2.9554785602302087E-023                  2.9554785602302081E-023                  0.0000000000000000E+000                  0.0000000000000000E+000                  1.1823872118374021E-024                  0.0000000000000000E+000                  3.1094252085045503E+002                  6.9999999999999996E-001                  2.9797635251138618E-005                  2.7997020236474884E-001                  4.1193902129486445E-003                  1.2067031330276047E-003                  1.1203876416666529E-002                  2.5129237964844936E-003                  9.5710644087274629E-004                  0.0000000000000000E+000                  0.0000000000000000E+000                  0.0000000000000000E+000                  0.0000000000000000E+000                  0.0000000000000000E+000                  0.0000000000000000E+000                  0.0000000000000000E+000                  0.0000000000000000E+000                  0.0000000000000000E+000                  0.0000000000000000E+000                 -8.0781321098431018E+000                 -9.8999999999999986E+001                  0.0000000000000000E+000                  0.0000000000000000E+000                 -9.8999999999999986E+001                 -9.8999999999999986E+001                  1.5790481856391999E+001                 -9.9000000000000000E+001                 -9.9000000000000000E+001                 -9.9000000000000000E+001 
                 4.9581668836066684E-001                  1.3232224833346873E+001                  1.0927456667811823E+002                  4.2475510108596110E+009                 -3.7019570492906788E+000                  5.2093600756902658E+000                  4.7831478409873672E+013                  2.5503206279306223E+001                  3.4974554295274770E+008                  1.6542705942267546E+000                  3.8978036643767638E-001                  6.2272108823609396E-001                  8.1659978627930130E-001                  8.5000496627254152E-001                  4.2458165199330416E+009                  1.7344909265695864E+006                  1.0842616518193472E+004                  3.8979468286122970E-001                  0.0000000000000000E+000                  3.3875155504669259E+004                  1.0321495902000847E+003                  2.9889736876678880E-023                  2.9889736876678880E-023                  0.0000000000000000E+000                  0.0000000000000000E+000                  1.1957874841573029E-024                  0.0000000000000000E+000                  3.1315173032341374E+002                  6.9999999999999996E-001                  2.9797635251138618E-005                  2.7997020236474884E-001                  4.1193902129486445E-003                  1.2067031330276047E-003                  1.1203876416666529E-002                  2.5129237964844936E-003                  9.5710644087274629E-004                  0.0000000000000000E+000                  0.0000000000000000E+000                  0.0000000000000000E+000                  0.0000000000000000E+000                  0.0000000000000000E+000                  0.0000000000000000E+000                  0.0000000000000000E+000                  0.0000000000000000E+000                  0.0000000000000000E+000                  0.0000000000000000E+000                 -8.0776254551147648E+000                 -9.8999999999999986E+001                  0.0000000000000000E+000                  0.0000000000000000E+000                 -9.8999999999999986E+001                 -9.8999999999999986E+001                  1.5792454265909937E+001                 -9.9000000000000000E+001                 -9.9000000000000000E+001                 -9.9000000000000000E+001 
                 4.9044623228068546E-001                  1.3159316714020422E+001                  1.0840378419650285E+002                  4.3265086000898895E+009                 -3.6971241975442557E+000                  5.2124794201161997E+000                  4.8070343787845070E+013                  2.5503430422104529E+001                  3.4951773427562833E+008                  1.6545620435802648E+000                  3.8995390201341240E-001                  6.2269162836905112E-001                  8.1665554672850582E-001                  8.5000496627254152E-001                  4.3247235540988932E+009                  1.7850459909965086E+006                  1.0585608754110777E+004                  3.8996984507173504E-001                  0.0000000000000000E+000                  3.3789064532969809E+004                  1.0151241268091178E+003                  3.0228432358984844E-023                  3.0228432358984844E-023                  0.0000000000000000E+000                  0.0000000000000000E+000                  1.2093375496803972E-024                  0.0000000000000000E+000                  3.1538903796496027E+002                  6.9999999999999996E-001                  2.9797635251138618E-005                  2.7997020236474884E-001                  4.1193902129486445E-003                  1.2067031330276047E-003                  1.1203876416666529E-002                  2.5129237964844936E-003                  9.5710644087274629E-004                  0.0000000000000000E+000                  0.0000000000000000E+000                  0.0000000000000000E+000                  0.0000000000000000E+000                  0.0000000000000000E+000                  0.0000000000000000E+000                  0.0000000000000000E+000                  0.0000000000000000E+000                  0.0000000000000000E+000                  0.0000000000000000E+000                 -8.0771899836218140E+000                 -9.8999999999999986E+001                  0.0000000000000000E+000                  0.0000000000000000E+000                 -9.8999999999999986E+001                 -9.8999999999999986E+001                  1.5794445425649489E+001                 -9.9000000000000000E+001                 -9.9000000000000000E+001                 -9.9000000000000000E+001 
                 4.8503711902302726E-001                  1.3085884329644232E+001                  1.0752046764623397E+002                  4.4069343417527409E+009                 -3.6922922028918324E+000                  5.2156001323634920E+000                  4.8310945555574211E+013                  2.5503596402802348E+001                  3.4929807123559153E+008                  1.6548419656763957E+000                  3.9012103789183383E-001                  6.2266380067693816E-001                  8.1666349475544975E-001                  8.5000496627254152E-001                  4.4050972440292158E+009                  1.8370977235252149E+006                  1.0333560838575277E+004                  3.9013895639662444E-001                  0.0000000000000000E+000                  3.3702605131948905E+004                  9.9826736675523705E+002                  3.0570927198448048E-023                  3.0570927198448048E-023                  0.0000000000000000E+000                  0.0000000000000000E+000                  1.2230396147433929E-024                  0.0000000000000000E+000                  3.1765478674361043E+002                  6.9999999999999996E-001                  2.9797635251138618E-005                  2.7997020236474884E-001                  4.1193902129486445E-003                  1.2067031330276047E-003                  1.1203876416666529E-002                  2.5129237964844936E-003                  9.5710644087274629E-004                  0.0000000000000000E+000                  0.0000000000000000E+000                  0.0000000000000000E+000                  0.0000000000000000E+000                  0.0000000000000000E+000                  0.0000000000000000E+000                  0.0000000000000000E+000                  0.0000000000000000E+000                  0.0000000000000000E+000                  0.0000000000000000E+000                 -8.0768288602074332E+000                 -9.8999999999999986E+001                  0.0000000000000000E+000                  0.0000000000000000E+000                 -9.8999999999999986E+001                 -9.8999999999999986E+001                  1.5796455248099067E+001                 -9.9000000000000000E+001                 -9.9000000000000000E+001                 -9.9000000000000000E+001 
                 4.7958952865147458E-001                  1.3011919397835436E+001                  1.0662447685511063E+002                  4.4888555433350306E+009                 -3.6874608933675739E+000                  5.2187221586672905E+000                  4.8553322598100359E+013                  2.5503705274544050E+001                  3.4908740383166480E+008                  1.6551092846012090E+000                  3.9028110184100240E-001                  6.2263764777737807E-001                  8.1662028716737878E-001                  8.5000496627254152E-001                  4.4869648531738281E+009                  1.8906901612026214E+006                  1.0086473874927431E+004                  3.9030134315391279E-001                  0.0000000000000000E+000                  3.3615736016549148E+004                  9.8158662847787298E+002                  3.0917276074874416E-023                  3.0917276074874416E-023                  0.0000000000000000E+000                  0.0000000000000000E+000                  1.2368958669030535E-024                  0.0000000000000000E+000                  3.1994928662272150E+002                  6.9999999999999996E-001                  2.9797635251138618E-005                  2.7997020236474884E-001                  4.1193902129486445E-003                  1.2067031330276047E-003                  1.1203876416666529E-002                  2.5129237964844936E-003                  9.5710644087274629E-004                  0.0000000000000000E+000                  0.0000000000000000E+000                  0.0000000000000000E+000                  0.0000000000000000E+000                  0.0000000000000000E+000                  0.0000000000000000E+000                  0.0000000000000000E+000                  0.0000000000000000E+000                  0.0000000000000000E+000                  0.0000000000000000E+000                 -8.0765476307605546E+000                 -9.8999999999999986E+001                  0.0000000000000000E+000                  0.0000000000000000E+000                 -9.8999999999999986E+001                 -9.8999999999999986E+001                  1.5798483693765650E+001                 -9.9000000000000000E+001                 -9.9000000000000000E+001                 -9.9000000000000000E+001 
                 4.7410365817206296E-001                  1.2937413413584654E+001                  1.0571567251105306E+002                  4.5723000199303160E+009                 -3.6826301251771376E+000                  5.2218454401149526E+000                  4.8797513320512977E+013                  2.5503763956424638E+001                  3.4888649160698700E+008                  1.6553630562030046E+000                  3.9043348499861152E-001                  6.2261318181053693E-001                  8.1652081712453750E-001                  8.5000496627254152E-001                  4.5703541514199753E+009                  1.9458685103410238E+006                  9.8443489080750642E+003                  3.9045636398128036E-001                  0.0000000000000000E+000                  3.3528417230002968E+004                  9.6508937274154948E+002                  3.1267532647359818E-023                  3.1267532647359818E-023                  0.0000000000000000E+000                  0.0000000000000000E+000                  1.2509084528810286E-024                  0.0000000000000000E+000                  3.2227127572297820E+002                  6.9999999999999996E-001                  2.9797635251138618E-005                  2.7997020236474884E-001                  4.1193902129486445E-003                  1.2067031330276047E-003                  1.1203876416666529E-002                  2.5129237964844936E-003                  9.5710644087274629E-004                  0.0000000000000000E+000                  0.0000000000000000E+000                  0.0000000000000000E+000                  0.0000000000000000E+000                  0.0000000000000000E+000                  0.0000000000000000E+000                  0.0000000000000000E+000                  0.0000000000000000E+000                  0.0000000000000000E+000                  0.0000000000000000E+000                 -8.0763528957400172E+000                 -9.8999999999999986E+001                  0.0000000000000000E+000                  0.0000000000000000E+000                 -9.8999999999999986E+001                 -9.8999999999999986E+001                  1.5800530786488769E+001                 -9.9000000000000000E+001                 -9.9000000000000000E+001                 -9.9000000000000000E+001 
                 4.6857972209367788E-001                  1.2862357634174531E+001                  1.0479392082436152E+002                  4.6572961036645050E+009                 -3.6777998321367451E+000                  5.2249699165492176E+000                  4.9043531174269477E+013                  2.5503769247793898E+001                  3.4869497811665899E+008                  1.6556038405149218E+000                  3.9057849306960007E-001                  6.2258997657839443E-001                  8.1637637611860225E-001                  8.5000496627254152E-001                  4.6552934244251919E+009                  2.0026792393135990E+006                  9.6071873167236536E+003                  3.9060386556065085E-001                  0.0000000000000000E+000                  3.3440622148198425E+004                  9.4878316114078007E+002                  3.1621745812462606E-023                  3.1621745812462606E-023                  0.0000000000000000E+000                  0.0000000000000000E+000                  1.2650793288659347E-024                  0.0000000000000000E+000                  3.2461474072582007E+002                  6.9999999999999996E-001                  2.9797635251138618E-005                  2.7997020236474884E-001                  4.1193902129486445E-003                  1.2067031330276047E-003                  1.1203876416666529E-002                  2.5129237964844936E-003                  9.5710644087274629E-004                  0.0000000000000000E+000                  0.0000000000000000E+000                  0.0000000000000000E+000                  0.0000000000000000E+000                  0.0000000000000000E+000                  0.0000000000000000E+000                  0.0000000000000000E+000                  0.0000000000000000E+000                  0.0000000000000000E+000                  0.0000000000000000E+000                 -8.0762272932595245E+000                 -9.8999999999999986E+001                  0.0000000000000000E+000                  0.0000000000000000E+000                 -9.8999999999999986E+001                 -9.8999999999999986E+001                  1.5802596797576456E+001                 -9.9000000000000000E+001                 -9.9000000000000000E+001                 -9.9000000000000000E+001 
                 4.6301795301178605E-001                  1.2786743054670191E+001                  1.0385910751058192E+002                  4.7438726535468187E+009                 -3.6729699863901808E+000                  5.2280955330755861E+000                  4.9291367077943656E+013                  2.5503703787987149E+001                  3.4851164961311430E+008                  1.6558333308140560E+000                  3.9071714078040115E-001                  6.2256728506975267E-001                  8.1621362688300569E-001                  8.5000496627254152E-001                  4.7418114833137636E+009                  2.0611702330552118E+006                  9.3749813259707425E+003                  3.9074450712741648E-001                  0.0000000000000000E+000                  3.3352347340066997E+004                  9.3267363795201607E+002                  3.1979962327163596E-023                  3.1979962327163596E-023                  0.0000000000000000E+000                  0.0000000000000000E+000                  1.2794103654491504E-024                  0.0000000000000000E+000                  3.2697900640473375E+002                  6.9999999999999996E-001                  2.9797635251138618E-005                  2.7997020236474884E-001                  4.1193902129486445E-003                  1.2067031330276047E-003                  1.1203876416666529E-002                  2.5129237964844936E-003                  9.5710644087274629E-004                  0.0000000000000000E+000                  0.0000000000000000E+000                  0.0000000000000000E+000                  0.0000000000000000E+000                  0.0000000000000000E+000                  0.0000000000000000E+000                  0.0000000000000000E+000                  0.0000000000000000E+000                  0.0000000000000000E+000                  0.0000000000000000E+000                 -8.0761321831794710E+000                 -9.8999999999999986E+001                  0.0000000000000000E+000                  0.0000000000000000E+000                 -9.8999999999999986E+001                 -9.8999999999999986E+001                  1.5804682383316051E+001                 -9.9000000000000000E+001                 -9.9000000000000000E+001                 -9.9000000000000000E+001 
                 4.5741860222253405E-001                  1.2710560389168300E+001                  1.0291112299358052E+002                  4.8320590654942656E+009                 -3.6681405460531251E+000                  5.2312222429271031E+000                  4.9541008153274922E+013                  2.5503546214798938E+001                  3.4833529029101771E+008                  1.6560531970407810E+000                  3.9085044562480209E-001                  6.2254439710804244E-001                  8.1606069960784378E-001                  8.5000496627254152E-001                  4.8299376745956993E+009                  2.1213908985657734E+006                  9.1476696355660588E+003                  3.9087930483554562E-001                  0.0000000000000000E+000                  3.3263598381161333E+004                  9.1675785369795062E+002                  3.2342230607578918E-023                  3.2342230607578918E-023                  0.0000000000000000E+000                  0.0000000000000000E+000                  1.2939034995985259E-024                  0.0000000000000000E+000                  3.2936404535923225E+002                  6.9999999999999996E-001                  2.9797635251138618E-005                  2.7997020236474884E-001                  4.1193902129486445E-003                  1.2067031330276047E-003                  1.1203876416666529E-002                  2.5129237964844936E-003                  9.5710644087274629E-004                  0.0000000000000000E+000                  0.0000000000000000E+000                  0.0000000000000000E+000                  0.0000000000000000E+000                  0.0000000000000000E+000                  0.0000000000000000E+000                  0.0000000000000000E+000                  0.0000000000000000E+000                  0.0000000000000000E+000                  0.0000000000000000E+000                 -8.0760274694980332E+000                 -9.8999999999999986E+001                  0.0000000000000000E+000                  0.0000000000000000E+000                 -9.8999999999999986E+001                 -9.8999999999999986E+001                  1.5806788360012476E+001                 -9.9000000000000000E+001                 -9.9000000000000000E+001                 -9.9000000000000000E+001 
                 4.5178194037766806E-001                  1.2633800060573265E+001                  1.0194986078665261E+002                  4.9218852823591528E+009                 -3.6633114561006557E+000                  5.2343500074072695E+000                  4.9792438860603711E+013                  2.5503272532138137E+001                  3.4816470566332173E+008                  1.6562650603209066E+000                  3.9097940707806778E-001                  6.2252066078203705E-001                  8.1594605294690437E-001                  8.5000496627254152E-001                  4.9197018901355677E+009                  2.1833922235849132E+006                  8.9251356551110966E+003                  3.9100926756316667E-001                  0.0000000000000000E+000                  3.3174379306849296E+004                  9.0103027230729560E+002                  3.2708600730026203E-023                  3.2708600730026203E-023                  0.0000000000000000E+000                  0.0000000000000000E+000                  1.3085607347010415E-024                  0.0000000000000000E+000                  3.3176985114446956E+002                  6.9999999999999996E-001                  2.9797635251138618E-005                  2.7997020236474884E-001                  4.1193902129486445E-003                  1.2067031330276047E-003                  1.1203876416666529E-002                  2.5129237964844936E-003                  9.5710644087274629E-004                  0.0000000000000000E+000                  0.0000000000000000E+000                  0.0000000000000000E+000                  0.0000000000000000E+000                  0.0000000000000000E+000                  0.0000000000000000E+000                  0.0000000000000000E+000                  0.0000000000000000E+000                  0.0000000000000000E+000                  0.0000000000000000E+000                 -8.0758731808095021E+000                 -9.8999999999999986E+001                  0.0000000000000000E+000                  0.0000000000000000E+000                 -9.8999999999999986E+001                 -9.8999999999999986E+001                  1.5808915542433621E+001                 -9.9000000000000000E+001                 -9.9000000000000000E+001                 -9.9000000000000000E+001 
                 4.4610825816313499E-001                  1.2556452189586450E+001                  1.0097521766231834E+002                  5.0133818041147461E+009                 -3.6584826523304930E+000                  5.2374787957477249E+000                  5.0045641787829469E+013                  2.5502856981469840E+001                  3.4799872183300591E+008                  1.6564705018651500E+000                  3.9110500730778225E-001                  6.2249549068145194E-001                  8.1589777341012204E-001                  8.5000496627254152E-001                  5.0111345772785025E+009                  2.2472268362432541E+006                  8.7072493678758747E+003                  3.9113538620118149E-001                  0.0000000000000000E+000                  3.3084692402744186E+004                  8.8548490609054591E+002                  3.3079124192310260E-023                  3.3079124192310260E-023                  0.0000000000000000E+000                  0.0000000000000000E+000                  1.3233841310126511E-024                  0.0000000000000000E+000                  3.3419653756062814E+002                  6.9999999999999996E-001                  2.9797635251138618E-005                  2.7997020236474884E-001                  4.1193902129486445E-003                  1.2067031330276047E-003                  1.1203876416666529E-002                  2.5129237964844936E-003                  9.5710644087274629E-004                  0.0000000000000000E+000                  0.0000000000000000E+000                  0.0000000000000000E+000                  0.0000000000000000E+000                  0.0000000000000000E+000                  0.0000000000000000E+000                  0.0000000000000000E+000                  0.0000000000000000E+000                  0.0000000000000000E+000                  0.0000000000000000E+000                 -8.0756304640364274E+000                 -9.8999999999999986E+001                  0.0000000000000000E+000                  0.0000000000000000E+000                 -9.8999999999999986E+001                 -9.8999999999999986E+001                  1.5811064744931974E+001                 -9.9000000000000000E+001                 -9.9000000000000000E+001                 -9.9000000000000000E+001 
                 4.4039786699985894E-001                  1.2478506582261423E+001                  9.9987093536697927E+001                  5.1065796982265663E+009                 -3.6536540673885924E+000                  5.2406085849725814E+000                  5.0300598681460930E+013                  2.5502272860869759E+001                  3.4783618623101264E+008                  1.6566710716725812E+000                  3.9122821225463772E-001                  6.2246837381039621E-001                  8.1594285591077065E-001                  8.5000496627254152E-001                  5.1042667491591415E+009                  2.3129490674247043E+006                  8.4938781407821243E+003                  3.9125863506974634E-001                  0.0000000000000000E+000                  3.2994538373976240E+004                  8.7011528830881957E+002                  3.3453853495261954E-023                  3.3453853495261954E-023                  0.0000000000000000E+000                  0.0000000000000000E+000                  1.3383757889170659E-024                  0.0000000000000000E+000                  3.3664418642025925E+002                  6.9999999999999996E-001                  2.9797635251138618E-005                  2.7997020236474884E-001                  4.1193902129486445E-003                  1.2067031330276047E-003                  1.1203876416666529E-002                  2.5129237964844936E-003                  9.5710644087274629E-004                  0.0000000000000000E+000                  0.0000000000000000E+000                  0.0000000000000000E+000                  0.0000000000000000E+000                  0.0000000000000000E+000                  0.0000000000000000E+000                  0.0000000000000000E+000                  0.0000000000000000E+000                  0.0000000000000000E+000                  0.0000000000000000E+000                 -8.0752626345324519E+000                 -9.8999999999999986E+001                  0.0000000000000000E+000                  0.0000000000000000E+000                 -9.8999999999999986E+001                 -9.8999999999999986E+001                  1.5813236790243518E+001                 -9.9000000000000000E+001                 -9.9000000000000000E+001                 -9.9000000000000000E+001 
                 4.3465109976912114E-001                  1.2399952715672839E+001                  9.8985391806410689E+001                  5.2015106101871777E+009                 -3.6488256920778954E+000                  5.2437393583488960E+000                  5.0557303176626156E+013                  2.5501527495911034E+001                  3.4767638470784104E+008                  1.6568677327438019E+000                  3.9134961524766398E-001                  6.2243919168432282E-001                  8.1609037330394252E-001                  8.5000496627254152E-001                  5.1991299952023430E+009                  2.3806149848344983E+006                  8.2848864278210585E+003                  3.9137979437030279E-001                  0.0000000000000000E+000                  3.2903913885901697E+004                  8.5491438109482942E+002                  3.3832837329840462E-023                  3.3832837329840462E-023                  0.0000000000000000E+000                  0.0000000000000000E+000                  1.3535376563779171E-024                  0.0000000000000000E+000                  3.3910377055605119E+002                  6.9999999999999996E-001                  2.9797635251138618E-005                  2.7997020236474884E-001                  4.1193902129486445E-003                  1.2067031330276047E-003                  1.1203876416666529E-002                  2.5129237964844936E-003                  9.5710644087274629E-004                  0.0000000000000000E+000                  0.0000000000000000E+000                  0.0000000000000000E+000                  0.0000000000000000E+000                  0.0000000000000000E+000                  0.0000000000000000E+000                  0.0000000000000000E+000                  0.0000000000000000E+000                  0.0000000000000000E+000                  0.0000000000000000E+000                 -8.0747585303643170E+000                 -9.8999999999999986E+001                  0.0000000000000000E+000                  0.0000000000000000E+000                 -9.8999999999999986E+001                 -9.8999999999999986E+001                  1.5815432510615821E+001                 -9.9000000000000000E+001                 -9.9000000000000000E+001                 -9.9000000000000000E+001 
                 4.2886831156932825E-001                  1.2320779711506173E+001                  9.7970046879383943E+001                  5.2982067742724400E+009                 -3.6439976469323279E+000                  5.2468711006422932E+000                  5.0815778339432234E+013                  2.5500701721075544E+001                  3.4751956320688438E+008                  1.6570601664191493E+000                  3.9146899560897996E-001                  6.2240854665878231E-001                  8.1631360323270907E-001                  8.5000496627254152E-001                  5.2957564919200897E+009                  2.4502823523498517E+006                  8.0801377107442431E+003                  3.9149905177673294E-001                  0.0000000000000000E+000                  3.2812808096789609E+004                  8.3987451014566955E+002                  3.4216114614426444E-023                  3.4216114614426444E-023                  0.0000000000000000E+000                  0.0000000000000000E+000                  1.3688712903909241E-024                  0.0000000000000000E+000                  3.4157103485607882E+002                  6.9999999999999996E-001                  2.9797635251138618E-005                  2.7997020236474884E-001                  4.1193902129486445E-003                  1.2067031330276047E-003                  1.1203876416666529E-002                  2.5129237964844936E-003                  9.5710644087274629E-004                  0.0000000000000000E+000                  0.0000000000000000E+000                  0.0000000000000000E+000                  0.0000000000000000E+000                  0.0000000000000000E+000                  0.0000000000000000E+000                  0.0000000000000000E+000                  0.0000000000000000E+000                  0.0000000000000000E+000                  0.0000000000000000E+000                 -8.0741572166789233E+000                 -9.8999999999999986E+001                  0.0000000000000000E+000                  0.0000000000000000E+000                 -9.8999999999999986E+001                 -9.8999999999999986E+001                  1.5817652770021711E+001                 -9.9000000000000000E+001                 -9.9000000000000000E+001                 -9.9000000000000000E+001 
                 4.2304988053522125E-001                  1.2240976295323659E+001                  9.6941010745809550E+001                  5.3967010247334785E+009                 -3.6391700685306927E+000                  5.2500037944912243E+000                  5.1076055816981922E+013                  2.5499876173745889E+001                  3.4736609563310087E+008                  1.6572479069853263E+000                  3.9158604037579714E-001                  6.2237703192439064E-001                  8.1658607393169702E-001                  8.5000496627254152E-001                  5.3941790141338415E+009                  2.5220105996365594E+006                  7.8794944291226802E+003                  3.9161614034076575E-001                  0.0000000000000000E+000                  3.2721203226271144E+004                  8.2498757982923325E+002                  3.4603723091641371E-023                  3.4603723091641377E-023                  0.0000000000000000E+000                  0.0000000000000000E+000                  1.3843782009136935E-024                  0.0000000000000000E+000                  3.4404711214052492E+002                  6.9999999999999996E-001                  2.9797635251138618E-005                  2.7997020236474884E-001                  4.1193902129486445E-003                  1.2067031330276047E-003                  1.1203876416666529E-002                  2.5129237964844936E-003                  9.5710644087274629E-004                  0.0000000000000000E+000                  0.0000000000000000E+000                  0.0000000000000000E+000                  0.0000000000000000E+000                  0.0000000000000000E+000                  0.0000000000000000E+000                  0.0000000000000000E+000                  0.0000000000000000E+000                  0.0000000000000000E+000                  0.0000000000000000E+000                 -8.0734979578068859E+000                 -9.8999999999999986E+001                  0.0000000000000000E+000                  0.0000000000000000E+000                 -9.8999999999999986E+001                 -9.8999999999999986E+001                  1.5819898452231930E+001                 -9.9000000000000000E+001                 -9.9000000000000000E+001                 -9.9000000000000000E+001 
                 4.1719620872170105E-001                  1.2160530775128445E+001                  9.5898237247517983E+001                  5.4970268070192242E+009                 -3.6343430865013002E+000                  5.2531374200897494E+000                  5.1338171503873477E+013                  2.5499119570252986E+001                  3.4721635313989568E+008                  1.6574305078473437E+000                  3.9170044997567532E-001                  6.2234512168446676E-001                  8.1688772202608773E-001                  8.5000496627254152E-001                  5.4944309461612968E+009                  2.5958608579270258E+006                  7.6828320834166925E+003                  3.9173075345416764E-001                  0.0000000000000000E+000                  3.2629079292339920E+004                  8.1024809982562181E+002                  3.4995701126457928E-023                  3.4995701126457928E-023                  0.0000000000000000E+000                  0.0000000000000000E+000                  1.4000599228020615E-024                  0.0000000000000000E+000                  3.4653323359454828E+002                  6.9999999999999996E-001                  2.9797635251138618E-005                  2.7997020236474884E-001                  4.1193902129486445E-003                  1.2067031330276047E-003                  1.1203876416666529E-002                  2.5129237964844936E-003                  9.5710644087274629E-004                  0.0000000000000000E+000                  0.0000000000000000E+000                  0.0000000000000000E+000                  0.0000000000000000E+000                  0.0000000000000000E+000                  0.0000000000000000E+000                  0.0000000000000000E+000                  0.0000000000000000E+000                  0.0000000000000000E+000                  0.0000000000000000E+000                 -8.0728115263979756E+000                 -9.8999999999999986E+001                  0.0000000000000000E+000                  0.0000000000000000E+000                 -9.8999999999999986E+001                 -9.8999999999999986E+001                  1.5822170455152239E+001                 -9.9000000000000000E+001                 -9.9000000000000000E+001                 -9.9000000000000000E+001 
                 4.1130772303257407E-001                  1.2079431023043952E+001                  9.4841681995045263E+001                  5.5992181891474876E+009                 -3.6295168172208006E+000                  5.2562719552257251E+000                  5.1602164148290250E+013                  2.5498488812021694E+001                  3.4707070585039365E+008                  1.6576075239574084E+000                  3.9181192096936956E-001                  6.2231317324789637E-001                  8.1720564059505874E-001                  8.5000496627254152E-001                  5.5965462931434450E+009                  2.6718960040427204E+006                  7.4900954192714626E+003                  3.9184258948567458E-001                  0.0000000000000000E+000                  3.2536414884254868E+004                  7.9566231711814180E+002                  3.5392088251138617E-023                  3.5392088251138617E-023                  0.0000000000000000E+000                  0.0000000000000000E+000                  1.4159180376112588E-024                  0.0000000000000000E+000                  3.4903059683546815E+002                  6.9999999999999996E-001                  2.9797635251138618E-005                  2.7997020236474884E-001                  4.1193902129486445E-003                  1.2067031330276047E-003                  1.1203876416666529E-002                  2.5129237964844936E-003                  9.5710644087274629E-004                  0.0000000000000000E+000                  0.0000000000000000E+000                  0.0000000000000000E+000                  0.0000000000000000E+000                  0.0000000000000000E+000                  0.0000000000000000E+000                  0.0000000000000000E+000                  0.0000000000000000E+000                  0.0000000000000000E+000                  0.0000000000000000E+000                 -8.0721189940864395E+000                 -9.8999999999999986E+001                  0.0000000000000000E+000                  0.0000000000000000E+000                 -9.8999999999999986E+001                 -9.8999999999999986E+001                  1.5824469687323006E+001                 -9.9000000000000000E+001                 -9.9000000000000000E+001                 -9.9000000000000000E+001 
                 4.0538487618805186E-001                  1.1997664457004690E+001                  9.3771302697148172E+001                  5.7033098732930622E+009                 -3.6246913529006930E+000                  5.2594073751722830E+000                  5.1868073209819750E+013                  2.5498029580384859E+001                  3.4692952464413214E+008                  1.6577784895557672E+000                  3.9192012670775844E-001                  6.2228143288579851E-001                  8.1753469800561751E-001                  8.5000496627254152E-001                  5.7005596925914660E+009                  2.7501807015965367E+006                  7.3012989236199846E+003                  3.9195133316857383E-001                  0.0000000000000000E+000                  3.2443186848625435E+004                  7.8123967129535413E+002                  3.5792926131955411E-023                  3.5792926131955411E-023                  0.0000000000000000E+000                  0.0000000000000000E+000                  1.4319542122711085E-024                  0.0000000000000000E+000                  3.5153967867253760E+002                  6.9999999999999996E-001                  2.9797635251138618E-005                  2.7997020236474884E-001                  4.1193902129486445E-003                  1.2067031330276047E-003                  1.1203876416666529E-002                  2.5129237964844936E-003                  9.5710644087274629E-004                  0.0000000000000000E+000                  0.0000000000000000E+000                  0.0000000000000000E+000                  0.0000000000000000E+000                  0.0000000000000000E+000                  0.0000000000000000E+000                  0.0000000000000000E+000                  0.0000000000000000E+000                  0.0000000000000000E+000                  0.0000000000000000E+000                 -8.0714306920767598E+000                 -9.8999999999999986E+001                  0.0000000000000000E+000                  0.0000000000000000E+000                 -9.8999999999999986E+001                 -9.8999999999999986E+001                  1.5826797057205686E+001                 -9.9000000000000000E+001                 -9.9000000000000000E+001                 -9.9000000000000000E+001 
                 3.9942814772846347E-001                  1.1915218023260348E+001                  9.2687061629944580E+001                  5.8093372076041212E+009                 -3.6198667345133613E+000                  5.2625436526615346E+000                  5.2135936262643438E+013                  2.5497770225062638E+001                  3.4679313030107903E+008                  1.6579429641604522E+000                  3.9202475772967926E-001                  6.2225003880610086E-001                  8.1787682286203967E-001                  8.5000496627254152E-001                  5.8065064261595335E+009                  2.8307814445875897E+006                  7.1164718373803817E+003                  3.9205666616179308E-001                  0.0000000000000000E+000                  3.2349370150825474E+004                  7.6698990512112528E+002                  3.6198260965566153E-023                  3.6198260965566153E-023                  0.0000000000000000E+000                  0.0000000000000000E+000                  1.4481702949569875E-024                  0.0000000000000000E+000                  3.5406537244013680E+002                  6.9999999999999996E-001                  2.9797635251138618E-005                  2.7997020236474884E-001                  4.1193902129486445E-003                  1.2067031330276047E-003                  1.1203876416666529E-002                  2.5129237964844936E-003                  9.5710644087274629E-004                  0.0000000000000000E+000                  0.0000000000000000E+000                  0.0000000000000000E+000                  0.0000000000000000E+000                  0.0000000000000000E+000                  0.0000000000000000E+000                  0.0000000000000000E+000                  0.0000000000000000E+000                  0.0000000000000000E+000                  0.0000000000000000E+000                 -8.0707461313216999E+000                 -9.8999999999999986E+001                  0.0000000000000000E+000                  0.0000000000000000E+000                 -9.8999999999999986E+001                 -9.8999999999999986E+001                  1.5829153455668051E+001                 -9.9000000000000000E+001                 -9.9000000000000000E+001                 -9.9000000000000000E+001 
                 3.9343804505152929E-001                  1.1832078182776769E+001                  9.1588912251847177E+001                  5.9173361982484055E+009                 -3.6150428614782339E+000                  5.2656807592024073E+000                  5.2405781549095805E+013                  2.5497689058305493E+001                  3.4666147234184027E+008                  1.6581009227056607E+000                  3.9212581725010753E-001                  6.2221905665308208E-001                  8.1823119675384470E-001                  8.5000496627254152E-001                  5.9144224316107731E+009                  2.9137666376325325E+006                  6.9356436826486297E+003                  3.9215843474850304E-001                  0.0000000000000000E+000                  3.2254937239657931E+004                  7.5292314942315500E+002                  3.6608151439570745E-023                  3.6608151439570745E-023                  0.0000000000000000E+000                  0.0000000000000000E+000                  1.4645686335648975E-024                  0.0000000000000000E+000                  3.5661721027233216E+002                  6.9999999999999996E-001                  2.9797635251138618E-005                  2.7997020236474884E-001                  4.1193902129486445E-003                  1.2067031330276047E-003                  1.1203876416666529E-002                  2.5129237964844936E-003                  9.5710644087274629E-004                  0.0000000000000000E+000                  0.0000000000000000E+000                  0.0000000000000000E+000                  0.0000000000000000E+000                  0.0000000000000000E+000                  0.0000000000000000E+000                  0.0000000000000000E+000                  0.0000000000000000E+000                  0.0000000000000000E+000                  0.0000000000000000E+000                 -8.0700618546507616E+000                 -9.8999999999999986E+001                  0.0000000000000000E+000                  0.0000000000000000E+000                 -9.8999999999999986E+001                 -9.8999999999999986E+001                  1.5831539692628741E+001                 -9.9000000000000000E+001                 -9.9000000000000000E+001                 -9.9000000000000000E+001 
                 3.8741510446814864E-001                  1.1748230913831112E+001                  9.0476784762958857E+001                  6.0273435213107042E+009                 -3.6102195914122044E+000                  5.2688186668695058E+000                  5.2677629219568125E+013                  2.5497759128354904E+001                  3.4653433582028335E+008                  1.6582525315552361E+000                  3.9222344530863040E-001                  6.2218861180893681E-001                  8.1858948094903394E-001                  8.5000496627254152E-001                  6.0243443146146135E+009                  2.9992066960903034E+006                  6.7588426558732517E+003                  3.9225671023380965E-001                  0.0000000000000000E+000                  3.2159857317454647E+004                  7.3904974756008198E+002                  3.7022660802198153E-023                  3.7022660802198153E-023                  0.0000000000000000E+000                  0.0000000000000000E+000                  1.4811517584463396E-024                  0.0000000000000000E+000                  3.5919456661411613E+002                  6.9999999999999996E-001                  2.9797635251138618E-005                  2.7997020236474884E-001                  4.1193902129486445E-003                  1.2067031330276047E-003                  1.1203876416666529E-002                  2.5129237964844936E-003                  9.5710644087274629E-004                  0.0000000000000000E+000                  0.0000000000000000E+000                  0.0000000000000000E+000                  0.0000000000000000E+000                  0.0000000000000000E+000                  0.0000000000000000E+000                  0.0000000000000000E+000                  0.0000000000000000E+000                  0.0000000000000000E+000                  0.0000000000000000E+000                 -8.0693817045673342E+000                 -9.8999999999999986E+001                  0.0000000000000000E+000                  0.0000000000000000E+000                 -9.8999999999999986E+001                 -9.8999999999999986E+001                  1.5833956493860162E+001                 -9.9000000000000000E+001                 -9.9000000000000000E+001                 -9.9000000000000000E+001 
                 3.8135989226254113E-001                  1.1663661694366974E+001                  8.9350617691495387E+001                  6.1393965350699253E+009                 -3.6053967989448452E+000                  5.2719573488520011E+000                  5.2951493832022336E+013                  2.5497971101612009E+001                  3.4641150128177202E+008                  1.6583979740503973E+000                  3.9231778298657338E-001                  6.2215891783183130E-001                  8.1893715975420600E-001                  8.5000496627254152E-001                  6.1363093609491987E+009                  3.0871741207265747E+006                  6.5860967258518949E+003                  3.9235163303739007E-001                  0.0000000000000000E+000                  3.2064099935793325E+004                  7.2538015725287789E+002                  3.7441851944283068E-023                  3.7441851944283068E-023                  0.0000000000000000E+000                  0.0000000000000000E+000                  1.4979221856547506E-024                  0.0000000000000000E+000                  3.6179652404447359E+002                  6.9999999999999996E-001                  2.9797635251138618E-005                  2.7997020236474884E-001                  4.1193902129486445E-003                  1.2067031330276047E-003                  1.1203876416666529E-002                  2.5129237964844936E-003                  9.5710644087274629E-004                  0.0000000000000000E+000                  0.0000000000000000E+000                  0.0000000000000000E+000                  0.0000000000000000E+000                  0.0000000000000000E+000                  0.0000000000000000E+000                  0.0000000000000000E+000                  0.0000000000000000E+000                  0.0000000000000000E+000                  0.0000000000000000E+000                 -8.0687180428528436E+000                 -9.8999999999999986E+001                  0.0000000000000000E+000                  0.0000000000000000E+000                 -9.8999999999999986E+001                 -9.8999999999999986E+001                  1.5836404631411801E+001                 -9.9000000000000000E+001                 -9.9000000000000000E+001                 -9.9000000000000000E+001 
                 3.7527300578410988E-001                  1.1578355471207930E+001                  8.8210359264443213E+001                  6.2535332926891108E+009                 -3.6005743770649685E+000                  5.2750967794880115E+000                  5.3227384738661422E+013                  2.5498331382418154E+001                  3.4629274518837404E+008                  1.6585374623946632E+000                  3.9240897915454703E-001                  6.2213026839647134E-001                  8.1925394474421920E-001                  8.5000496627254152E-001                  6.2503555491272898E+009                  3.1777435618212414E+006                  6.4174331734546558E+003                  3.9244334800860642E-001                  0.0000000000000000E+000                  3.1967634800399919E+004                  7.1192493550263646E+002                  3.7865787217830224E-023                  3.7865787217830218E-023                  0.0000000000000000E+000                  0.0000000000000000E+000                  1.5148824096868752E-024                  0.0000000000000000E+000                  3.6442223867326817E+002                  6.9999999999999996E-001                  2.9797635251138618E-005                  2.7997020236474884E-001                  4.1193902129486445E-003                  1.2067031330276047E-003                  1.1203876416666529E-002                  2.5129237964844936E-003                  9.5710644087274629E-004                  0.0000000000000000E+000                  0.0000000000000000E+000                  0.0000000000000000E+000                  0.0000000000000000E+000                  0.0000000000000000E+000                  0.0000000000000000E+000                  0.0000000000000000E+000                  0.0000000000000000E+000                  0.0000000000000000E+000                  0.0000000000000000E+000                 -8.0680914883185224E+000                 -9.8999999999999986E+001                  0.0000000000000000E+000                  0.0000000000000000E+000                 -9.8999999999999986E+001                 -9.8999999999999986E+001                  1.5838884956365867E+001                 -9.9000000000000000E+001                 -9.9000000000000000E+001                 -9.9000000000000000E+001 
                 3.6915507459196600E-001                  1.1492296626942988E+001                  8.7055967663586586E+001                  6.3697925551582241E+009                 -3.5957522386964702E+000                  5.2782369343455464E+000                  5.3505306662670383E+013                  2.5498860108166603E+001                  3.4617783996041453E+008                  1.6586712462727520E+000                  3.9249719483952028E-001                  6.2210303012433266E-001                  8.1951438260448783E-001                  8.5000496627254152E-001                  6.3665215632713575E+009                  3.2709918868667893E+006                  6.2528629308701811E+003                  3.9253200994506221E-001                  0.0000000000000000E+000                  3.1870431662215437E+004                  6.9869121310347350E+002                  3.8294528223505705E-023                  3.8294528223505705E-023                  0.0000000000000000E+000                  0.0000000000000000E+000                  1.5320348949810068E-024                  0.0000000000000000E+000                  3.6707098126237059E+002                  6.9999999999999996E-001                  2.9797635251138618E-005                  2.7997020236474884E-001                  4.1193902129486445E-003                  1.2067031330276047E-003                  1.1203876416666529E-002                  2.5129237964844936E-003                  9.5710644087274629E-004                  0.0000000000000000E+000                  0.0000000000000000E+000                  0.0000000000000000E+000                  0.0000000000000000E+000                  0.0000000000000000E+000                  0.0000000000000000E+000                  0.0000000000000000E+000                  0.0000000000000000E+000                  0.0000000000000000E+000                  0.0000000000000000E+000                 -8.0675303292253329E+000                 -9.8999999999999986E+001                  0.0000000000000000E+000                  0.0000000000000000E+000                 -9.8999999999999986E+001                 -9.8999999999999986E+001                  1.5841398402566707E+001                 -9.9000000000000000E+001                 -9.9000000000000000E+001                 -9.9000000000000000E+001 
                 3.6300676165834778E-001                  1.1405468944283266E+001                  8.5887411164856019E+001                  6.4882138044786539E+009                 -3.5909303194128350E+000                  5.2813777903210983E+000                  5.3785260472537797E+013                  2.5499587869309835E+001                  3.4606655521210933E+008                  1.6587996198660417E+000                  3.9258260342275586E-001                  6.2207763077222111E-001                  8.1968948081758841E-001                  8.5000496627254152E-001                  6.4848468062273169E+009                  3.3669982513369997E+006                  6.0923234434921669E+003                  3.9261778587847873E-001                  0.0000000000000000E+000                  3.1772460229442899E+004                  6.8567309828675491E+002                  3.8728135482773464E-023                  3.8728135482773464E-023                  0.0000000000000000E+000                  0.0000000000000000E+000                  1.5493820628002744E-024                  0.0000000000000000E+000                  3.6974178409613933E+002                  6.9999999999999996E-001                  2.9797635251138618E-005                  2.7997020236474884E-001                  4.1193902129486445E-003                  1.2067031330276047E-003                  1.1203876416666529E-002                  2.5129237964844936E-003                  9.5710644087274629E-004                  0.0000000000000000E+000                  0.0000000000000000E+000                  0.0000000000000000E+000                  0.0000000000000000E+000                  0.0000000000000000E+000                  0.0000000000000000E+000                  0.0000000000000000E+000                  0.0000000000000000E+000                  0.0000000000000000E+000                  0.0000000000000000E+000                 -8.0670686790470825E+000                 -9.8999999999999986E+001                  0.0000000000000000E+000                  0.0000000000000000E+000                 -9.8999999999999986E+001                 -9.8999999999999986E+001                  1.5843945991431763E+001                 -9.9000000000000000E+001                 -9.9000000000000000E+001                 -9.9000000000000000E+001 
                 3.5682876463595764E-001                  1.1317855567460487E+001                  8.4704669420096025E+001                  6.6088372570803509E+009                 -3.5861085989808226E+000                  5.2845193255983007E+000                  5.4067245470035336E+013                  2.5500513530552062E+001                  3.4595868627626359E+008                  1.6589229924588962E+000                  3.9266535525499058E-001                  6.2205436656572799E-001                  8.1977206467836838E-001                  8.5000496627254152E-001                  6.6053714129126253E+009                  3.4658441677260357E+006                  5.9356803301112941E+003                  3.9270083765763270E-001                  0.0000000000000000E+000                  3.1673690183310577E+004                  6.7286108507676238E+002                  3.9166666367917497E-023                  3.9166666367917497E-023                  0.0000000000000000E+000                  0.0000000000000000E+000                  1.5669262084197918E-024                  0.0000000000000000E+000                  3.7243107605681536E+002                  6.9999999999999996E-001                  2.9797635251138618E-005                  2.7997020236474884E-001                  4.1193902129486445E-003                  1.2067031330276047E-003                  1.1203876416666529E-002                  2.5129237964844936E-003                  9.5710644087274629E-004                  0.0000000000000000E+000                  0.0000000000000000E+000                  0.0000000000000000E+000                  0.0000000000000000E+000                  0.0000000000000000E+000                  0.0000000000000000E+000                  0.0000000000000000E+000                  0.0000000000000000E+000                  0.0000000000000000E+000                  0.0000000000000000E+000                 -8.0667167593362183E+000                 -9.8999999999999986E+001                  0.0000000000000000E+000                  0.0000000000000000E+000                 -9.8999999999999986E+001                 -9.8999999999999986E+001                  1.5846528848034213E+001                 -9.9000000000000000E+001                 -9.9000000000000000E+001                 -9.9000000000000000E+001 
                 3.5062181719640961E-001                  1.1229438956595663E+001                  8.3507742381053816E+001                  6.7317038775780907E+009                 -3.5812870966309776E+000                  5.2876615194383838E+000                  5.4351267571494008E+013                  2.5501585118188906E+001                  3.4585406126688826E+008                  1.6590418669903118E+000                  3.9274557096800300E-001                  6.2203329379879901E-001                  8.1978247787968084E-001                  8.5000496627254152E-001                  6.7281362640069466E+009                  3.5676135711439424E+006                  5.7827841509463497E+003                  3.9278130063972871E-001                  0.0000000000000000E+000                  3.1574091764769917E+004                  6.6024497849875706E+002                  3.9610175324095231E-023                  3.9610175324095231E-023                  0.0000000000000000E+000                  0.0000000000000000E+000                  1.5846695100102650E-024                  0.0000000000000000E+000                  3.7513807966301584E+002                  6.9999999999999996E-001                  2.9797635251138618E-005                  2.7997020236474884E-001                  4.1193902129486445E-003                  1.2067031330276047E-003                  1.1203876416666529E-002                  2.5129237964844936E-003                  9.5710644087274629E-004                  0.0000000000000000E+000                  0.0000000000000000E+000                  0.0000000000000000E+000                  0.0000000000000000E+000                  0.0000000000000000E+000                  0.0000000000000000E+000                  0.0000000000000000E+000                  0.0000000000000000E+000                  0.0000000000000000E+000                  0.0000000000000000E+000                 -8.0664529467073400E+000                 -9.8999999999999986E+001                  0.0000000000000000E+000                  0.0000000000000000E+000                 -9.8999999999999986E+001                 -9.8999999999999986E+001                  1.5849148222310632E+001                 -9.9000000000000000E+001                 -9.9000000000000000E+001                 -9.9000000000000000E+001 
                 3.4438669045173259E-001                  1.1140200840028385E+001                  8.2296642015251734E+001                  6.8568553928168449E+009                 -3.5764658433010772E+000                  5.2908043521074779E+000                  5.4637343216934898E+013                  2.5502738483109891E+001                  3.4575251037523538E+008                  1.6591567288891247E+000                  3.9282338181758492E-001                  6.2201439355125077E-001                  8.1974099943365353E-001                  8.5000496627254152E-001                  6.8531829999261341E+009                  3.6723928907104884E+006                  5.6334834424474147E+003                  3.9285930072495301E-001                  0.0000000000000000E+000                  3.1473634103343593E+004                  6.4781399263106437E+002                  4.0058716268121973E-023                  4.0058716268121973E-023                  0.0000000000000000E+000                  0.0000000000000000E+000                  1.6026141246052894E-024                  0.0000000000000000E+000                  3.7786283678794837E+002                  6.9999999999999996E-001                  2.9797635251138618E-005                  2.7997020236474884E-001                  4.1193902129486445E-003                  1.2067031330276047E-003                  1.1203876416666529E-002                  2.5129237964844936E-003                  9.5710644087274629E-004                  0.0000000000000000E+000                  0.0000000000000000E+000                  0.0000000000000000E+000                  0.0000000000000000E+000                  0.0000000000000000E+000                  0.0000000000000000E+000                  0.0000000000000000E+000                  0.0000000000000000E+000                  0.0000000000000000E+000                  0.0000000000000000E+000                 -8.0662551047352409E+000                 -9.8999999999999986E+001                  0.0000000000000000E+000                  0.0000000000000000E+000                 -9.8999999999999986E+001                 -9.8999999999999986E+001                  1.5851805455030023E+001                 -9.9000000000000000E+001                 -9.9000000000000000E+001                 -9.9000000000000000E+001 
                 3.3812419446166936E-001                  1.1050122169179655E+001                  8.1071390241682352E+001                  6.9843343060800228E+009                 -3.5716448811626016E+000                  5.2939478049798803E+000                  5.4925498892133867E+013                  2.5503900994929491E+001                  3.4565386378717321E+008                  1.6592680326797296E+000                  3.9289893443857243E-001                  6.2199758952367401E-001                  8.1966563503684109E-001                  8.5000496627254152E-001                  6.9805540349510021E+009                  3.7802711290211305E+006                  5.4876253718105299E+003                  3.9293497657940263E-001                  0.0000000000000000E+000                  3.1372284628551788E+004                  6.3555681608923862E+002                  4.0512342576106619E-023                  4.0512342576106619E-023                  0.0000000000000000E+000                  0.0000000000000000E+000                  1.6207621876066956E-024                  0.0000000000000000E+000                  3.8060543753564025E+002                  6.9999999999999996E-001                  2.9797635251138618E-005                  2.7997020236474884E-001                  4.1193902129486445E-003                  1.2067031330276047E-003                  1.1203876416666529E-002                  2.5129237964844936E-003                  9.5710644087274629E-004                  0.0000000000000000E+000                  0.0000000000000000E+000                  0.0000000000000000E+000                  0.0000000000000000E+000                  0.0000000000000000E+000                  0.0000000000000000E+000                  0.0000000000000000E+000                  0.0000000000000000E+000                  0.0000000000000000E+000                  0.0000000000000000E+000                 -8.0661031003364023E+000                 -9.8999999999999986E+001                  0.0000000000000000E+000                  0.0000000000000000E+000                 -9.8999999999999986E+001                 -9.8999999999999986E+001                  1.5854501960241835E+001                 -9.9000000000000000E+001                 -9.9000000000000000E+001                 -9.9000000000000000E+001 
                 3.3183517982471211E-001                  1.0959183070204471E+001                  7.9832019348645773E+001                  7.1141839115465393E+009                 -3.5668242634088645E+000                  5.2970918606763533E+000                  5.5215769877009555E+013                  2.5504992599959778E+001                  3.4555795125532472E+008                  1.6593761970424230E+000                  3.9297239446973359E-001                  6.2198275545214476E-001                  8.1957151584339272E-001                  8.5000496627254152E-001                  7.1102925716006069E+009                  3.8913399459321382E+006                  5.3450563946291877E+003                  3.9300848434128061E-001                  0.0000000000000000E+000                  3.1270009060765224E+004                  6.2346167869935641E+002                  4.0971107047003839E-023                  4.0971107047003839E-023                  0.0000000000000000E+000                  0.0000000000000000E+000                  1.6391158113263953E-024                  0.0000000000000000E+000                  3.8336595109866943E+002                  6.9999999999999996E-001                  2.9797635251138618E-005                  2.7997020236474884E-001                  4.1193902129486445E-003                  1.2067031330276047E-003                  1.1203876416666529E-002                  2.5129237964844936E-003                  9.5710644087274629E-004                  0.0000000000000000E+000                  0.0000000000000000E+000                  0.0000000000000000E+000                  0.0000000000000000E+000                  0.0000000000000000E+000                  0.0000000000000000E+000                  0.0000000000000000E+000                  0.0000000000000000E+000                  0.0000000000000000E+000                  0.0000000000000000E+000                 -8.0659795172967019E+000                 -9.8999999999999986E+001                  0.0000000000000000E+000                  0.0000000000000000E+000                 -9.8999999999999986E+001                 -9.8999999999999986E+001                  1.5857239230163351E+001                 -9.9000000000000000E+001                 -9.9000000000000000E+001                 -9.9000000000000000E+001 
                 3.2552053935715280E-001                  1.0867362792051431E+001                  7.8578572667058765E+001                  7.2464483090247364E+009                 -3.5620040526406314E+000                  5.3002365032356691E+000                  5.5508198296274992E+013                  2.5505926712038974E+001                  3.4546460143787932E+008                  1.6594816026648038E+000                  3.9304395143229676E-001                  6.2196972295722419E-001                  8.1947023983399558E-001                  8.5000496627254152E-001                  7.2424426152777290E+009                  4.0056937470072168E+006                  5.2056229235085220E+003                  3.9308000139081412E-001                  0.0000000000000000E+000                  3.1166771369968774E+004                  6.1151642278982035E+002                  4.1435062001243090E-023                  4.1435062001243090E-023                  0.0000000000000000E+000                  0.0000000000000000E+000                  1.6576770889321999E-024                  0.0000000000000000E+000                  3.8614440633643699E+002                  6.9999999999999996E-001                  2.9797635251138618E-005                  2.7997020236474884E-001                  4.1193902129486445E-003                  1.2067031330276047E-003                  1.1203876416666529E-002                  2.5129237964844936E-003                  9.5710644087274629E-004                  0.0000000000000000E+000                  0.0000000000000000E+000                  0.0000000000000000E+000                  0.0000000000000000E+000                  0.0000000000000000E+000                  0.0000000000000000E+000                  0.0000000000000000E+000                  0.0000000000000000E+000                  0.0000000000000000E+000                  0.0000000000000000E+000                 -8.0658704818512135E+000                 -9.8999999999999986E+001                  0.0000000000000000E+000                  0.0000000000000000E+000                 -9.8999999999999986E+001                 -9.8999999999999986E+001                  1.5860018839679068E+001                 -9.9000000000000000E+001                 -9.9000000000000000E+001                 -9.9000000000000000E+001 
                 3.1918120986598469E-001                  1.0774639650879756E+001                  7.7311105343853271E+001                  7.3811724189889126E+009                 -3.5571842916886318E+000                  5.3033817182315000E+000                  5.5802820914646320E+013                  2.5506629625927264E+001                  3.4537366144354045E+008                  1.6595845111830780E+000                  3.9311379982416117E-001                  6.2195817249841345E-001                  8.1936864174762158E-001                  8.5000496627254152E-001                  7.3770489892151918E+009                  4.1234297737203278E+006                  5.0691914762558808E+003                  3.9314971962292938E-001                  0.0000000000000000E+000                  3.1062533394562412E+004                  5.9971323852894579E+002                  4.6330754186918685E-023                  4.6330754186918691E-023                  0.0000000000000000E+000                  0.0000000000000000E+000                  1.8535372262969264E-024                  0.0000000000000000E+000                  3.8894662508150878E+002                  6.9999999999999996E-001                  2.9797635251138618E-005                  2.7997020236474884E-001                  4.1193902129486445E-003                  1.2067031330276047E-003                  1.1203876416666529E-002                  2.5129237964844936E-003                  9.5710644087274629E-004                  0.0000000000000000E+000                  0.0000000000000000E+000                  0.0000000000000000E+000                  0.0000000000000000E+000                  0.0000000000000000E+000                  0.0000000000000000E+000                  0.0000000000000000E+000                  0.0000000000000000E+000                  0.0000000000000000E+000                  0.0000000000000000E+000                 -8.0657670756033450E+000                 -9.8999999999999986E+001                  0.0000000000000000E+000                  0.0000000000000000E+000                 -9.8999999999999986E+001                 -9.8999999999999986E+001                  1.5862842433128495E+001                 -9.9000000000000000E+001                 -9.9000000000000000E+001                 -9.9000000000000000E+001 
                 3.1281817401985107E-001                  1.0680990976429085E+001                  7.6029665936032941E+001                  7.5184019978356037E+009                 -3.5523649311287460E+000                  5.3065274925407140E+000                  5.6099641285499445E+013                  2.5507086198434212E+001                  3.4528504126379484E+008                  1.6596849085849901E+000                  3.9318207184525455E-001                  6.2194742003074799E-001                  8.1927046075680621E-001                  8.5000496627254152E-001                  7.5141573496518936E+009                  4.2446481837097928E+006                  4.9357093533577445E+003                  3.9321780229199449E-001                  0.0000000000000000E+000                  3.0957251039355480E+004                  5.8805899240021915E+002                  5.3575746056437808E-023                  5.3575746056437808E-023                  0.0000000000000000E+000                  0.0000000000000000E+000                  2.1433849216630028E-024                  0.0000000000000000E+000                  3.9177783715377592E+002                  6.9999999999999996E-001                  2.9797635251138618E-005                  2.7997020236474884E-001                  4.1193902129486445E-003                  1.2067031330276047E-003                  1.1203876416666529E-002                  2.5129237964844936E-003                  9.5710644087274629E-004                  0.0000000000000000E+000                  0.0000000000000000E+000                  0.0000000000000000E+000                  0.0000000000000000E+000                  0.0000000000000000E+000                  0.0000000000000000E+000                  0.0000000000000000E+000                  0.0000000000000000E+000                  0.0000000000000000E+000                  0.0000000000000000E+000                 -8.0656630892494992E+000                 -9.8999999999999986E+001                  0.0000000000000000E+000                  0.0000000000000000E+000                 -9.8999999999999986E+001                 -9.8999999999999986E+001                  1.5865711627494958E+001                 -9.9000000000000000E+001                 -9.9000000000000000E+001                 -9.9000000000000000E+001 
                 3.0643246230675147E-001                  1.0586393069650535E+001                  7.4734298811316052E+001                  7.6581836529951639E+009                 -3.5475458787515453E+000                  5.3096738139818047E+000                  5.6398647879649789E+013                  2.5507299271292261E+001                  3.4519866136346149E+008                  1.6597827507100487E+000                  3.9324887378219842E-001                  6.2193677378608081E-001                  8.1918228202500176E-001                  8.5000496627254152E-001                  7.6538142008678932E+009                  4.3694521272709286E+006                  4.8051957117894553E+003                  3.9328436850145099E-001                  0.0000000000000000E+000                  3.0850873802902221E+004                  5.7656334010681303E+002                  6.1934331232983363E-023                  6.1934331232983363E-023                  0.0000000000000000E+000                  0.0000000000000000E+000                  2.4777837310153876E-024                  0.0000000000000000E+000                  3.9463889867443970E+002                  6.9999999999999996E-001                  2.9797635251138618E-005                  2.7997020236474884E-001                  4.1193902129486445E-003                  1.2067031330276047E-003                  1.1203876416666529E-002                  2.5129237964844936E-003                  9.5710644087274629E-004                  0.0000000000000000E+000                  0.0000000000000000E+000                  0.0000000000000000E+000                  0.0000000000000000E+000                  0.0000000000000000E+000                  0.0000000000000000E+000                  0.0000000000000000E+000                  0.0000000000000000E+000                  0.0000000000000000E+000                  0.0000000000000000E+000                 -8.0655483040244338E+000                 -9.8999999999999986E+001                  0.0000000000000000E+000                  0.0000000000000000E+000                 -9.8999999999999986E+001                 -9.8999999999999986E+001                  1.5868628001452336E+001                 -9.9000000000000000E+001                 -9.9000000000000000E+001                 -9.9000000000000000E+001 
                 3.0002515505853583E-001                  1.0490821144930113E+001                  7.3425059192686732E+001                  7.8005648585051842E+009                 -3.5427270178630690E+000                  5.3128206711336929E+000                  5.6699821821773367E+013                  2.5507280495977291E+001                  3.4511443913565171E+008                  1.6598780264698234E+000                  3.9331429396294260E-001                  6.2192560946925601E-001                  8.1911373717771185E-001                  8.5000496627254152E-001                  7.7960669106733704E+009                  4.4979478318135757E+006                  4.6776789878754671E+003                  3.9334951533657520E-001                  0.0000000000000000E+000                  3.0743347451555310E+004                  5.6523574562545502E+002                  7.1574649226738856E-023                  7.1574649226738868E-023                  0.0000000000000000E+000                  0.0000000000000000E+000                  2.8634603494257199E-024                  0.0000000000000000E+000                  3.9753071749380234E+002                  6.9999999999999996E-001                  2.9797635251138618E-005                  2.7997020236474884E-001                  4.1193902129486445E-003                  1.2067031330276047E-003                  1.1203876416666529E-002                  2.5129237964844936E-003                  9.5710644087274629E-004                  0.0000000000000000E+000                  0.0000000000000000E+000                  0.0000000000000000E+000                  0.0000000000000000E+000                  0.0000000000000000E+000                  0.0000000000000000E+000                  0.0000000000000000E+000                  0.0000000000000000E+000                  0.0000000000000000E+000                  0.0000000000000000E+000                 -8.0654085039088077E+000                 -9.8999999999999986E+001                  0.0000000000000000E+000                  0.0000000000000000E+000                 -9.8999999999999986E+001                 -9.8999999999999986E+001                  1.5871593175797273E+001                 -9.9000000000000000E+001                 -9.9000000000000000E+001                 -9.9000000000000000E+001 
                 2.9359738456129347E-001                  1.0394249262731355E+001                  7.2102013775408849E+001                  7.9455939709725132E+009                 -3.5379082128575390E+000                  5.3159680531661486E+000                  5.7003140204710148E+013                  2.5507052637900426E+001                  3.4503228855962253E+008                  1.6599707646466635E+000                  3.9337839721743389E-001                  6.2191336130615849E-001                  8.1907668379153453E-001                  8.5000496627254152E-001                  7.9409637262840385E+009                  4.6302446884748889E+006                  4.5531843478873552E+003                  3.9341331924375095E-001                  0.0000000000000000E+000                  3.0634613962628369E+004                  5.5408546689214074E+002                  8.2689767292157951E-023                  8.2689767292157951E-023                  0.0000000000000000E+000                  0.0000000000000000E+000                  3.3081387470109424E-024                  0.0000000000000000E+000                  4.0045431248214527E+002                  6.9999999999999996E-001                  2.9797635251138618E-005                  2.7997020236474884E-001                  4.1193902129486445E-003                  1.2067031330276047E-003                  1.1203876416666529E-002                  2.5129237964844936E-003                  9.5710644087274629E-004                  0.0000000000000000E+000                  0.0000000000000000E+000                  0.0000000000000000E+000                  0.0000000000000000E+000                  0.0000000000000000E+000                  0.0000000000000000E+000                  0.0000000000000000E+000                  0.0000000000000000E+000                  0.0000000000000000E+000                  0.0000000000000000E+000                 -8.0652267041877970E+000                 -9.8999999999999986E+001                  0.0000000000000000E+000                  0.0000000000000000E+000                 -9.8999999999999986E+001                 -9.8999999999999986E+001                  1.5874608835262269E+001                 -9.9000000000000000E+001                 -9.9000000000000000E+001                 -9.9000000000000000E+001 
                 2.8715033727203504E-001                  1.0296650254816257E+001                  7.0765241194261947E+001                  8.0933202457997961E+009                 -3.5330893165955897E+000                  5.3191159496245763E+000                  5.7308580358337922E+013                  2.5506652168929701E+001                  3.4495212016518265E+008                  1.6600610391545079E+000                  3.9344121879909255E-001                  6.2189951059801329E-001                  8.1908427579742327E-001                  8.5000496627254152E-001                  8.0885537904613543E+009                  4.7664553384415563E+006                  4.4317336586590700E+003                  3.9347583005381859E-001                  0.0000000000000000E+000                  3.0524611202961176E+004                  5.4312154222105812E+002                  9.5501306052369443E-023                  9.5501306052369443E-023                  0.0000000000000000E+000                  0.0000000000000000E+000                  3.8206852179508805E-024                  0.0000000000000000E+000                  4.0341091973558923E+002                  6.9999999999999996E-001                  2.9797635251138618E-005                  2.7997020236474884E-001                  4.1193902129486445E-003                  1.2067031330276047E-003                  1.1203876416666529E-002                  2.5129237964844936E-003                  9.5710644087274629E-004                  0.0000000000000000E+000                  0.0000000000000000E+000                  0.0000000000000000E+000                  0.0000000000000000E+000                  0.0000000000000000E+000                  0.0000000000000000E+000                  0.0000000000000000E+000                  0.0000000000000000E+000                  0.0000000000000000E+000                  0.0000000000000000E+000                 -8.0649846089720665E+000                 -9.8999999999999986E+001                  0.0000000000000000E+000                  0.0000000000000000E+000                 -9.8999999999999986E+001                 -9.8999999999999986E+001                  1.5877676741307338E+001                 -9.9000000000000000E+001                 -9.9000000000000000E+001                 -9.9000000000000000E+001 
                 2.8068525615417222E-001                  1.0197995640909141E+001                  6.9414832185690798E+001                  8.2437938536536512E+009                 -3.5282701990446950E+000                  5.3222643501781768E+000                  5.7616129450781328E+013                  2.5506132506603258E+001                  3.4487384058219910E+008                  1.6601489795863389E+000                  3.9350276167430670E-001                  6.2188363392709489E-001                  8.1914783912191436E-001                  8.5000496627254152E-001                  8.2388871578947039E+009                  4.9066957589468965E+006                  4.3133453776637698E+003                  3.9353706665518207E-001                  0.0000000000000000E+000                  3.0413272775348323E+004                  5.3235276112326994E+002                  1.1026357594149360E-022                  1.1026357594149358E-022                  0.0000000000000000E+000                  0.0000000000000000E+000                  4.4112738656098998E-024                  0.0000000000000000E+000                  4.0639464403093575E+002                  6.9999999999999996E-001                  2.9797635251138618E-005                  2.7997020236474884E-001                  4.1193902129486445E-003                  1.2067031330276047E-003                  1.1203876416666529E-002                  2.5129237964844936E-003                  9.5710644087274629E-004                  0.0000000000000000E+000                  0.0000000000000000E+000                  0.0000000000000000E+000                  0.0000000000000000E+000                  0.0000000000000000E+000                  0.0000000000000000E+000                  0.0000000000000000E+000                  0.0000000000000000E+000                  0.0000000000000000E+000                  0.0000000000000000E+000                 -8.0646671614662164E+000                 -9.8999999999999986E+001                  0.0000000000000000E+000                  0.0000000000000000E+000                 -9.8999999999999986E+001                 -9.8999999999999986E+001                  1.5880798758584604E+001                 -9.9000000000000000E+001                 -9.9000000000000000E+001                 -9.9000000000000000E+001 
                 2.7420344314660822E-001                  1.0098255531038204E+001                  6.8050914464951532E+001                  8.3970658971524401E+009                 -3.5234509262524401E+000                  5.3254132445217053E+000                  5.7925821084275664E+013                  2.5505560916664731E+001                  3.4479734774816155E+008                  1.6602348403954594E+000                  3.9356303785167313E-001                  6.2186591455930673E-001                  8.1925908895921440E-001                  8.5000496627254152E-001                  8.3920148117950640E+009                  5.0510853573763510E+006                  4.1980354031458064E+003                  3.9359703637049326E-001                  0.0000000000000000E+000                  3.0300533826575225E+004                  5.2178750977728794E+002                  1.2726825218908281E-022                  1.2726825218908279E-022                  0.0000000000000000E+000                  0.0000000000000000E+000                  5.0915736329148107E-024                  0.0000000000000000E+000                  4.0938555658717792E+002                  6.9999999999999996E-001                  2.9797635251138618E-005                  2.7997020236474884E-001                  4.1193902129486445E-003                  1.2067031330276047E-003                  1.1203876416666529E-002                  2.5129237964844936E-003                  9.5710644087274629E-004                  0.0000000000000000E+000                  0.0000000000000000E+000                  0.0000000000000000E+000                  0.0000000000000000E+000                  0.0000000000000000E+000                  0.0000000000000000E+000                  0.0000000000000000E+000                  0.0000000000000000E+000                  0.0000000000000000E+000                  0.0000000000000000E+000                 -8.0642871827320093E+000                 -9.8999999999999986E+001                  0.0000000000000000E+000                  0.0000000000000000E+000                 -9.8999999999999986E+001                 -9.8999999999999986E+001                  1.5883977052550678E+001                 -9.9000000000000000E+001                 -9.9000000000000000E+001                 -9.9000000000000000E+001 
                 2.6770626180714768E-001                  9.9973984772916449E+000                  6.6673701181075344E+001                  8.5531884291957617E+009                 -3.5186316754505933E+000                  5.3285626224992475E+000                  5.8237714498206539E+013                  2.5504994627677299E+001                  3.4472254323752832E+008                  1.6603189126173701E+000                  3.9362207583040776E-001                  6.2184681902764827E-001                  8.1940154752787997E-001                  8.5000496627254152E-001                  8.5479886821176453E+009                  5.1997470781163676E+006                  4.0858101220958529E+003                  3.9365575923888968E-001                  0.0000000000000000E+000                  3.0186340148235915E+004                  5.1143141306028349E+002                  1.4684976191775109E-022                  1.4684976191775109E-022                  0.0000000000000000E+000                  0.0000000000000000E+000                  5.8749638219833520E-024                  0.0000000000000000E+000                  4.1238242026981857E+002                  6.9999999999999996E-001                  2.9797635251138618E-005                  2.7997020236474884E-001                  4.1193902129486445E-003                  1.2067031330276047E-003                  1.1203876416666529E-002                  2.5129237964844936E-003                  9.5710644087274629E-004                  0.0000000000000000E+000                  0.0000000000000000E+000                  0.0000000000000000E+000                  0.0000000000000000E+000                  0.0000000000000000E+000                  0.0000000000000000E+000                  0.0000000000000000E+000                  0.0000000000000000E+000                  0.0000000000000000E+000                  0.0000000000000000E+000                 -8.0638696401203536E+000                 -9.8999999999999986E+001                  0.0000000000000000E+000                  0.0000000000000000E+000                 -9.8999999999999986E+001                 -9.8999999999999986E+001                  1.5887214283062777E+001                 -9.9000000000000000E+001                 -9.9000000000000000E+001                 -9.9000000000000000E+001 
                 2.6119514021510148E-001                  9.8953913339387789E+000                  6.5283429594042488E+001                  8.7122144715425816E+009                 -3.5138126186491090E+000                  5.3317124741999118E+000                  5.8551869430546828E+013                  2.5504470491621476E+001                  3.4464933980174166E+008                  1.6604014500521831E+000                  3.9367990705613748E-001                  6.2182675251314057E-001                  8.1956346515960077E-001                  8.5000496627254152E-001                  8.7068616640305710E+009                  5.3528075120102186E+006                  3.9766378041721428E+003                  3.9371326512863036E-001                  0.0000000000000000E+000                  3.0070636457977416E+004                  5.0128329076563415E+002                  1.6939145549095952E-022                  1.6939145549095952E-022                  0.0000000000000000E+000                  0.0000000000000000E+000                  6.7767809889603557E-024                  0.0000000000000000E+000                  4.1538507988945616E+002                  6.9999999999999996E-001                  2.9797635251138618E-005                  2.7997020236474884E-001                  4.1193902129486445E-003                  1.2067031330276047E-003                  1.1203876416666529E-002                  2.5129237964844936E-003                  9.5710644087274629E-004                  0.0000000000000000E+000                  0.0000000000000000E+000                  0.0000000000000000E+000                  0.0000000000000000E+000                  0.0000000000000000E+000                  0.0000000000000000E+000                  0.0000000000000000E+000                  0.0000000000000000E+000                  0.0000000000000000E+000                  0.0000000000000000E+000                 -8.0634334612599474E+000                 -9.8999999999999986E+001                  0.0000000000000000E+000                  0.0000000000000000E+000                 -9.8999999999999986E+001                 -9.8999999999999986E+001                  1.5890513353826137E+001                 -9.9000000000000000E+001                 -9.9000000000000000E+001                 -9.9000000000000000E+001 
                 2.5467157412710173E-001                  9.7921991335444254E+000                  6.3880358562919184E+001                  8.8741980330075703E+009                 -3.5089939109368515E+000                  5.3348627899901819E+000                  5.8868342734728680E+013                  2.5504002675476396E+001                  3.4457766161207449E+008                  1.6604826593557818E+000                  3.9373656785955757E-001                  6.2180606277587680E-001                  8.1973893496701533E-001                  8.5000496627254152E-001                  8.8686876360010319E+009                  5.5103970065390812E+006                  3.8704553386221910E+003                  3.9376958770393716E-001                  0.0000000000000000E+000                  2.9953363734305116E+004                  4.9134065165935908E+002                  1.9533262612192701E-022                  1.9533262612192699E-022                  0.0000000000000000E+000                  0.0000000000000000E+000                  7.8145997749247591E-024                  0.0000000000000000E+000                  4.1839330407395784E+002                  6.9999999999999996E-001                  2.9797635251138618E-005                  2.7997020236474884E-001                  4.1193902129486445E-003                  1.2067031330276047E-003                  1.1203876416666529E-002                  2.5129237964844936E-003                  9.5710644087274629E-004                  0.0000000000000000E+000                  0.0000000000000000E+000                  0.0000000000000000E+000                  0.0000000000000000E+000                  0.0000000000000000E+000                  0.0000000000000000E+000                  0.0000000000000000E+000                  0.0000000000000000E+000                  0.0000000000000000E+000                  0.0000000000000000E+000                 -8.0629896343078773E+000                 -9.8999999999999986E+001                  0.0000000000000000E+000                  0.0000000000000000E+000                 -9.8999999999999986E+001                 -9.8999999999999986E+001                  1.5893877324756252E+001                 -9.9000000000000000E+001                 -9.9000000000000000E+001                 -9.9000000000000000E+001 
                 2.4813713034529208E-001                  9.6877849538450675E+000                  6.2464769984911804E+001                  9.0391941279167004E+009                 -3.5041756815357803E+000                  5.3380135605600207E+000                  5.9187185732333961E+013                  2.5503581132512291E+001                  3.4450744418856180E+008                  1.6605626936483260E+000                  3.9379210080407079E-001                  6.2178504824046910E-001                  8.1992858754615039E-001                  8.5000496627254152E-001                  9.0335214781364269E+009                  5.6726497802728899E+006                  3.7671947499311636E+003                  3.9382476630748570E-001                  0.0000000000000000E+000                  2.9834458838216487E+004                  4.8160074760692493E+002                  2.2517651712213858E-022                  2.2517651712213858E-022                  0.0000000000000000E+000                  0.0000000000000000E+000                  9.0085532489309917E-024                  0.0000000000000000E+000                  4.2140686059540542E+002                  6.9999999999999996E-001                  2.9797635251138618E-005                  2.7997020236474884E-001                  4.1193902129486445E-003                  1.2067031330276047E-003                  1.1203876416666529E-002                  2.5129237964844936E-003                  9.5710644087274629E-004                  0.0000000000000000E+000                  0.0000000000000000E+000                  0.0000000000000000E+000                  0.0000000000000000E+000                  0.0000000000000000E+000                  0.0000000000000000E+000                  0.0000000000000000E+000                  0.0000000000000000E+000                  0.0000000000000000E+000                  0.0000000000000000E+000                 -8.0625399733100505E+000                 -9.8999999999999986E+001                  0.0000000000000000E+000                  0.0000000000000000E+000                 -9.8999999999999986E+001                 -9.8999999999999986E+001                  1.5897309415418741E+001                 -9.9000000000000000E+001                 -9.9000000000000000E+001                 -9.9000000000000000E+001 
                 2.4159345030298096E-001                  9.5821097732751817E+000                  6.1036970055526389E+001                  9.2072587949112301E+009                 -3.4993580240219364E+000                  5.3411647769746979E+000                  5.9508441761332211E+013                  2.5503171330444918E+001                  3.4443863384617627E+008                  1.6606416483138420E+000                  3.9384655521153400E-001                  6.2176396678025281E-001                  8.2013983646505495E-001                  8.5000496627254152E-001                  9.2014190908697929E+009                  5.8397040414368883E+006                  3.6667873424234922E+003                  3.9387884665418438E-001                  0.0000000000000000E+000                  2.9713854057078341E+004                  4.7206054181375470E+002                  2.5949945624508816E-022                  2.5949945624508816E-022                  0.0000000000000000E+000                  0.0000000000000000E+000                  1.0381698342335300E-023                  0.0000000000000000E+000                  4.2442735368478293E+002                  6.9999999999999996E-001                  2.9797635251138618E-005                  2.7997020236474884E-001                  4.1193902129486445E-003                  1.2067031330276047E-003                  1.1203876416666529E-002                  2.5129237964844936E-003                  9.5710644087274629E-004                  0.0000000000000000E+000                  0.0000000000000000E+000                  0.0000000000000000E+000                  0.0000000000000000E+000                  0.0000000000000000E+000                  0.0000000000000000E+000                  0.0000000000000000E+000                  0.0000000000000000E+000                  0.0000000000000000E+000                  0.0000000000000000E+000                 -8.0620765091440454E+000                 -9.8999999999999986E+001                  0.0000000000000000E+000                  0.0000000000000000E+000                 -9.8999999999999986E+001                 -9.8999999999999986E+001                  1.5900813011103949E+001                 -9.9000000000000000E+001                 -9.9000000000000000E+001                 -9.9000000000000000E+001 
                 2.3504225388207328E-001                  9.4751323137665526E+000                  5.9597284375493025E+001                  9.3784491161856689E+009                 -3.4945408887366436E+000                  5.3443164307339392E+000                  5.9832130651294586E+013                  2.5502742983153965E+001                  3.4437117449808878E+008                  1.6607195369250800E+000                  3.9389998825435524E-001                  6.2174307113864546E-001                  8.2037865851942282E-001                  8.5000496627254152E-001                  9.3724374140747738E+009                  6.0117021108945012E+006                  3.5691634729057714E+003                  3.9393188183306610E-001                  0.0000000000000000E+000                  2.9591473995961416E+004                  4.6271676087404666E+002                  2.9896134215049926E-022                  2.9896134215049926E-022                  0.0000000000000000E+000                  0.0000000000000000E+000                  1.1960435376909922E-023                  0.0000000000000000E+000                  4.2747460083889422E+002                  6.9999999999999996E-001                  2.9797635251138618E-005                  2.7997020236474884E-001                  4.1193902129486445E-003                  1.2067031330276047E-003                  1.1203876416666529E-002                  2.5129237964844936E-003                  9.5710644087274629E-004                  0.0000000000000000E+000                  0.0000000000000000E+000                  0.0000000000000000E+000                  0.0000000000000000E+000                  0.0000000000000000E+000                  0.0000000000000000E+000                  0.0000000000000000E+000                  0.0000000000000000E+000                  0.0000000000000000E+000                  0.0000000000000000E+000                 -8.0615891806722679E+000                 -9.8999999999999986E+001                  0.0000000000000000E+000                  0.0000000000000000E+000                 -9.8999999999999986E+001                 -9.8999999999999986E+001                  1.5904391585599084E+001                 -9.9000000000000000E+001                 -9.9000000000000000E+001                 -9.9000000000000000E+001 
                 2.2848534346948299E-001                  9.3668088935407656E+000                  5.8145997513629275E+001                  9.5528232360550861E+009                 -3.4897240819058117E+000                  5.3474685138494129E+000                  6.0158247270384273E+013                  2.5502306715193832E+001                  3.4430499264331168E+008                  1.6607963327166193E+000                  3.9395247273286016E-001                  6.2172268045783463E-001                  8.2063942380462673E-001                  8.5000496627254152E-001                  9.5466344455046673E+009                  6.1887905504185036E+006                  3.4742490370258247E+003                  3.9398393659353664E-001                  0.0000000000000000E+000                  2.9467222527044931E+004                  4.5356587209354547E+002                  3.4431756807754009E-022                  3.4431756807754009E-022                  0.0000000000000000E+000                  0.0000000000000000E+000                  1.3774985090849784E-023                  0.0000000000000000E+000                  4.3055365529705728E+002                  6.9999999999999996E-001                  2.9797635251138618E-005                  2.7997020236474884E-001                  4.1193902129486445E-003                  1.2067031330276047E-003                  1.1203876416666529E-002                  2.5129237964844936E-003                  9.5710644087274629E-004                  0.0000000000000000E+000                  0.0000000000000000E+000                  0.0000000000000000E+000                  0.0000000000000000E+000                  0.0000000000000000E+000                  0.0000000000000000E+000                  0.0000000000000000E+000                  0.0000000000000000E+000                  0.0000000000000000E+000                  0.0000000000000000E+000                 -8.0610787552347762E+000                 -9.8999999999999986E+001                  0.0000000000000000E+000                  0.0000000000000000E+000                 -9.8999999999999986E+001                 -9.8999999999999986E+001                  1.5908048481099373E+001                 -9.9000000000000000E+001                 -9.9000000000000000E+001                 -9.9000000000000000E+001 
                 2.2192460822242610E-001                  9.2570932622198541E+000                  5.6683404510403577E+001                  9.7304403790434990E+009                 -3.4849074433748841E+000                  5.3506210189591643E+000                  6.0486785185479625E+013                  2.5501896160953368E+001                  3.4424000673414326E+008                  1.6608720469884382E+000                  3.9400410208156122E-001                  6.2170318983973871E-001                  8.2091046356926467E-001                  8.5000496627254152E-001                  9.7240692587457638E+009                  6.3711202977344962E+006                  3.3819679109666649E+003                  3.9403509374534013E-001                  0.0000000000000000E+000                  2.9340992035166219E+004                  4.4460393861314969E+002                  3.9643246250914285E-022                  3.9643246250914285E-022                  0.0000000000000000E+000                  0.0000000000000000E+000                  1.5859926354484566E-023                  0.0000000000000000E+000                  4.3366401003668165E+002                  6.9999999999999996E-001                  2.9797635251138618E-005                  2.7997020236474884E-001                  4.1193902129486445E-003                  1.2067031330276047E-003                  1.1203876416666529E-002                  2.5129237964844936E-003                  9.5710644087274629E-004                  0.0000000000000000E+000                  0.0000000000000000E+000                  0.0000000000000000E+000                  0.0000000000000000E+000                  0.0000000000000000E+000                  0.0000000000000000E+000                  0.0000000000000000E+000                  0.0000000000000000E+000                  0.0000000000000000E+000                  0.0000000000000000E+000                 -8.0605544718672242E+000                 -9.8999999999999986E+001                  0.0000000000000000E+000                  0.0000000000000000E+000                 -9.8999999999999986E+001                 -9.8999999999999986E+001                  1.5911787159162268E+001                 -9.9000000000000000E+001                 -9.9000000000000000E+001                 -9.9000000000000000E+001 
                 2.1536202857628667E-001                  9.1459363697409195E+000                  5.5209831471397585E+001                  9.9113608694655857E+009                 -3.4800908649213120E+000                  5.3537739394845065E+000                  6.0817739587717656E+013                  2.5501564643549361E+001                  3.4417612924191427E+008                  1.6609467375823554E+000                  3.9405499033860625E-001                  6.2168506376913168E-001                  8.2117521289950657E-001                  8.5000496627254152E-001                  9.9048020226562653E+009                  6.5588468093200959E+006                  3.2922360487979195E+003                  3.9408545678038065E-001                  0.0000000000000000E+000                  2.9212669424574178E+004                  4.3582486975924860E+002                  4.5629467011427445E-022                  4.5629467011427445E-022                  0.0000000000000000E+000                  0.0000000000000000E+000                  1.8254811509979245E-023                  0.0000000000000000E+000                  4.3680528843542862E+002                  6.9999999999999996E-001                  2.9797635251138618E-005                  2.7997020236474884E-001                  4.1193902129486445E-003                  1.2067031330276047E-003                  1.1203876416666529E-002                  2.5129237964844936E-003                  9.5710644087274629E-004                  0.0000000000000000E+000                  0.0000000000000000E+000                  0.0000000000000000E+000                  0.0000000000000000E+000                  0.0000000000000000E+000                  0.0000000000000000E+000                  0.0000000000000000E+000                  0.0000000000000000E+000                  0.0000000000000000E+000                  0.0000000000000000E+000                 -8.0600332473726741E+000                 -9.8999999999999986E+001                  0.0000000000000000E+000                  0.0000000000000000E+000                 -9.8999999999999986E+001                 -9.8999999999999986E+001                  1.5915611421627574E+001                 -9.9000000000000000E+001                 -9.9000000000000000E+001                 -9.9000000000000000E+001 
                 2.0879968110679858E-001                  9.0332861046480453E+000                  5.3725637004448856E+001                  1.0095646151608963E+010                 -3.4752742928044560E+000                  5.3569272697869517E+000                  6.1151108335015297E+013                  2.5501383308312501E+001                  3.4411326803063738E+008                  1.6610205091584149E+000                  3.9410527086553032E-001                  6.2166882700888892E-001                  8.2141305620505711E-001                  8.5000496627254152E-001                  1.0088894021399858E+010                  6.7521302091046860E+006                  3.2049498295262670E+003                  3.9413514912223774E-001                  0.0000000000000000E+000                  2.9082135663494959E+004                  4.2721896334737301E+002                  5.2503466604915826E-022                  5.2503466604915826E-022                  0.0000000000000000E+000                  0.0000000000000000E+000                  2.1004867059543641E-023                  0.0000000000000000E+000                  4.3997708955031311E+002                  6.9999999999999996E-001                  2.9797635251138618E-005                  2.7997020236474884E-001                  4.1193902129486445E-003                  1.2067031330276047E-003                  1.1203876416666529E-002                  2.5129237964844936E-003                  9.5710644087274629E-004                  0.0000000000000000E+000                  0.0000000000000000E+000                  0.0000000000000000E+000                  0.0000000000000000E+000                  0.0000000000000000E+000                  0.0000000000000000E+000                  0.0000000000000000E+000                  0.0000000000000000E+000                  0.0000000000000000E+000                  0.0000000000000000E+000                 -8.0595388104771111E+000                 -9.8999999999999986E+001                  0.0000000000000000E+000                  0.0000000000000000E+000                 -9.8999999999999986E+001                 -9.8999999999999986E+001                  1.5919525452455080E+001                 -9.9000000000000000E+001                 -9.9000000000000000E+001                 -9.9000000000000000E+001 
                 2.0223974381039719E-001                  8.9190870022273270E+000                  5.2231214327669647E+001                  1.0283358810277571E+010                 -3.4704577272805546E+000                  5.3600810053099979E+000                  6.1486892803545555E+013                  2.5501438622184899E+001                  3.4405132800558054E+008                  1.6610935097782664E+000                  3.9415509397688442E-001                  6.2165505238134500E-001                  8.2160050149075892E-001                  8.5000496627254152E-001                  1.0276407674835157E+010                  6.9511354424137147E+006                  3.1199971376338167E+003                  3.9418431235774476E-001                  0.0000000000000000E+000                  2.8949264997732927E+004                  4.1877717816335269E+002                  6.0394468562139775E-022                  6.0394468562139775E-022                  0.0000000000000000E+000                  0.0000000000000000E+000                  2.4161790984179981E-023                  0.0000000000000000E+000                  4.4317882816542476E+002                  6.9999999999999996E-001                  2.9797635251138618E-005                  2.7997020236474884E-001                  4.1193902129486445E-003                  1.2067031330276047E-003                  1.1203876416666529E-002                  2.5129237964844936E-003                  9.5710644087274629E-004                  0.0000000000000000E+000                  0.0000000000000000E+000                  0.0000000000000000E+000                  0.0000000000000000E+000                  0.0000000000000000E+000                  0.0000000000000000E+000                  0.0000000000000000E+000                  0.0000000000000000E+000                  0.0000000000000000E+000                  0.0000000000000000E+000                 -8.0591002974755988E+000                 -9.8999999999999986E+001                  0.0000000000000000E+000                  0.0000000000000000E+000                 -9.8999999999999986E+001                 -9.8999999999999986E+001                  1.5923533849077366E+001                 -9.9000000000000000E+001                 -9.9000000000000000E+001                 -9.9000000000000000E+001 
                 1.9568450185120448E-001                  8.8032799190150985E+000                  5.0726994082080154E+001                  1.0474562591707327E+010                 -3.4656412194912147E+000                  5.3632351425830160E+000                  6.1825100459955305E+013                  2.5501796368141019E+001                  3.4399022628958189E+008                  1.6611658896316404E+000                  3.9420459463036395E-001                  6.2164413083397596E-001                  8.2172107020118035E-001                  8.5000496627254152E-001                  1.0467406559280127E+010                  7.1560324272006536E+006                  3.0372755415820088E+003                  3.9423308883027530E-001                  0.0000000000000000E+000                  2.8813924028698173E+004                  4.1049172570692929E+002                  6.9450139545631190E-022                  6.9450139545631190E-022                  0.0000000000000000E+000                  0.0000000000000000E+000                  2.7784659740704454E-023                  0.0000000000000000E+000                  4.4640879207884296E+002                  6.9999999999999996E-001                  2.9797635251138618E-005                  2.7997020236474884E-001                  4.1193902129486445E-003                  1.2067031330276047E-003                  1.1203876416666529E-002                  2.5129237964844936E-003                  9.5710644087274629E-004                  0.0000000000000000E+000                  0.0000000000000000E+000                  0.0000000000000000E+000                  0.0000000000000000E+000                  0.0000000000000000E+000                  0.0000000000000000E+000                  0.0000000000000000E+000                  0.0000000000000000E+000                  0.0000000000000000E+000                  0.0000000000000000E+000                 -8.0587404270353069E+000                 -9.8999999999999986E+001                  0.0000000000000000E+000                  0.0000000000000000E+000                 -9.8999999999999986E+001                 -9.8999999999999986E+001                  1.5927641654244177E+001                 -9.9000000000000000E+001                 -9.9000000000000000E+001                 -9.9000000000000000E+001 
                 1.8913635382671060E-001                  8.6858016693983018E+000                  4.9213450516385002E+001                  1.0669322424964771E+010                 -3.4608248399808916E+000                  5.3663896787456240E+000                  6.2165749426986266E+013                  2.5502403474035621E+001                  3.4392992809435022E+008                  1.6612376826660344E+000                  3.9425380497255325E-001                  6.2163562916749093E-001                  8.2178816725566384E-001                  8.5000496627254152E-001                  1.0661955428786924E+010                  7.3669961778469859E+006                  2.9566943289780693E+003                  3.9428156179977963E-001                  0.0000000000000000E+000                  2.8675970602436035E+004                  4.0235605491449206E+002                  7.9839170993540177E-022                  7.9839170993540177E-022                  0.0000000000000000E+000                  0.0000000000000000E+000                  3.1940961090518914E-023                  0.0000000000000000E+000                  4.4966615025870124E+002                  6.9999999999999996E-001                  2.9797635251138618E-005                  2.7997020236474884E-001                  4.1193902129486445E-003                  1.2067031330276047E-003                  1.1203876416666529E-002                  2.5129237964844936E-003                  9.5710644087274629E-004                  0.0000000000000000E+000                  0.0000000000000000E+000                  0.0000000000000000E+000                  0.0000000000000000E+000                  0.0000000000000000E+000                  0.0000000000000000E+000                  0.0000000000000000E+000                  0.0000000000000000E+000                  0.0000000000000000E+000                  0.0000000000000000E+000                 -8.0584472758770058E+000                 -9.8999999999999986E+001                  0.0000000000000000E+000                  0.0000000000000000E+000                 -9.8999999999999986E+001                 -9.8999999999999986E+001                  1.5931854376206209E+001                 -9.9000000000000000E+001                 -9.9000000000000000E+001                 -9.9000000000000000E+001 
                 1.8259781860456384E-001                  8.5665846262521583E+000                  4.7691101040281964E+001                  1.0867704443721439E+010                 -3.4560086303103543E+000                  5.3695446110094815E+000                  6.2508861021532203E+013                  2.5503170624122408E+001                  3.4387040653730673E+008                  1.6613088732905821E+000                  3.9430272577631387E-001                  6.2162882379708195E-001                  8.2181929534821996E-001                  8.5000496627254152E-001                  1.0860120236797310E+010                  7.5842069241301892E+006                  2.8781738549869692E+003                  3.9432974737833815E-001                  0.0000000000000000E+000                  2.8535251248326818E+004                  3.9436483263695953E+002                  9.1754219711797905E-022                  9.1754219711797905E-022                  0.0000000000000000E+000                  0.0000000000000000E+000                  3.6707770531521249E-023                  0.0000000000000000E+000                  4.5295126626724090E+002                  6.9999999999999996E-001                  2.9797635251138618E-005                  2.7997020236474884E-001                  4.1193902129486445E-003                  1.2067031330276047E-003                  1.1203876416666529E-002                  2.5129237964844936E-003                  9.5710644087274629E-004                  0.0000000000000000E+000                  0.0000000000000000E+000                  0.0000000000000000E+000                  0.0000000000000000E+000                  0.0000000000000000E+000                  0.0000000000000000E+000                  0.0000000000000000E+000                  0.0000000000000000E+000                  0.0000000000000000E+000                  0.0000000000000000E+000                 -8.0582028215606698E+000                 -9.8999999999999986E+001                  0.0000000000000000E+000                  0.0000000000000000E+000                 -9.8999999999999986E+001                 -9.8999999999999986E+001                  1.5936177972604691E+001                 -9.9000000000000000E+001                 -9.9000000000000000E+001                 -9.9000000000000000E+001 
                 1.7607154276597220E-001                  8.4455562838247591E+000                  4.6160504941277622E+001                  1.1069776008031786E+010                 -3.4511925999743784E+000                  5.3726999364950379E+000                  6.2854457154043852E+013                  2.5503999944876217E+001                  3.4381163071568418E+008                  1.6613794266523734E+000                  3.9435135052692216E-001                  6.2162289059771292E-001                  8.2182796971405503E-001                  8.5000496627254152E-001                  1.1061968157776266E+010                  7.8078502555199750E+006                  2.8016446630000355E+003                  3.9437764235075229E-001                  0.0000000000000000E+000                  2.8391598862530667E+004                  3.8651388096495572E+002                  1.0541524672765668E-021                  1.0541524672765668E-021                  0.0000000000000000E+000                  0.0000000000000000E+000                  4.2173087060986810E-023                  0.0000000000000000E+000                  4.5626441055602425E+002                  6.9999999999999996E-001                  2.9797635251138618E-005                  2.7997020236474884E-001                  4.1193902129486445E-003                  1.2067031330276047E-003                  1.1203876416666529E-002                  2.5129237964844936E-003                  9.5710644087274629E-004                  0.0000000000000000E+000                  0.0000000000000000E+000                  0.0000000000000000E+000                  0.0000000000000000E+000                  0.0000000000000000E+000                  0.0000000000000000E+000                  0.0000000000000000E+000                  0.0000000000000000E+000                  0.0000000000000000E+000                  0.0000000000000000E+000                 -8.0579922011159333E+000                 -9.8999999999999986E+001                  0.0000000000000000E+000                  0.0000000000000000E+000                 -9.8999999999999986E+001                 -9.8999999999999986E+001                  1.5940618861598267E+001                 -9.9000000000000000E+001                 -9.9000000000000000E+001                 -9.9000000000000000E+001 
                 1.6956030870505073E-001                  8.3226387627237628E+000                  4.4622266713799995E+001                  1.1275605726321716E+010                 -3.4463767325870620E+000                  5.3758556521671226E+000                  6.3202559534931023E+013                  2.5504785945531193E+001                  3.4375356563458741E+008                  1.6614492962725316E+000                  3.9439966640137075E-001                  6.2161692811935354E-001                  8.2182300794592456E-001                  8.5000496627254152E-001                  1.1267567609046307E+010                  8.0381172754104706E+006                  2.7270467870116258E+003                  3.9442523664560752E-001                  0.0000000000000000E+000                  2.8244831511544158E+004                  3.7880013220379379E+002                  1.2107331046170220E-021                  1.2107331046170220E-021                  0.0000000000000000E+000                  0.0000000000000000E+000                  4.8437350695978112E-023                  0.0000000000000000E+000                  4.5960587921993260E+002                  6.9999999999999996E-001                  2.9797635251138618E-005                  2.7997020236474884E-001                  4.1193902129486445E-003                  1.2067031330276047E-003                  1.1203876416666529E-002                  2.5129237964844936E-003                  9.5710644087274629E-004                  0.0000000000000000E+000                  0.0000000000000000E+000                  0.0000000000000000E+000                  0.0000000000000000E+000                  0.0000000000000000E+000                  0.0000000000000000E+000                  0.0000000000000000E+000                  0.0000000000000000E+000                  0.0000000000000000E+000                  0.0000000000000000E+000                 -8.0578046071965712E+000                 -9.8999999999999986E+001                  0.0000000000000000E+000                  0.0000000000000000E+000                 -9.8999999999999986E+001                 -9.8999999999999986E+001                  1.5945183987713133E+001                 -9.9000000000000000E+001                 -9.9000000000000000E+001                 -9.9000000000000000E+001 
                 1.6306704346728013E-001                  8.1977482445201311E+000                  4.3077039254257805E+001                  1.1485263477598301E+010                 -3.4415609946106747E+000                  5.3790117547753846E+000                  6.3553188829196359E+013                  2.5505416420810555E+001                  3.4369617228131115E+008                  1.6615184342210927E+000                  3.9444765551513006E-001                  6.2160998707977710E-001                  8.2180776777808706E-001                  8.5000496627254152E-001                  1.1476988272838739E+010                  8.2752047595606884E+006                  2.6543396452144675E+003                  3.9447251445493176E-001                  0.0000000000000000E+000                  2.8094751026742735E+004                  3.7122455522455812E+002                  1.3901487429748880E-021                  1.3901487429748882E-021                  0.0000000000000000E+000                  0.0000000000000000E+000                  5.5615165786929984E-023                  0.0000000000000000E+000                  4.6297614109636748E+002                  6.9999999999999996E-001                  2.9797635251138618E-005                  2.7997020236474884E-001                  4.1193902129486445E-003                  1.2067031330276047E-003                  1.1203876416666529E-002                  2.5129237964844936E-003                  9.5710644087274629E-004                  0.0000000000000000E+000                  0.0000000000000000E+000                  0.0000000000000000E+000                  0.0000000000000000E+000                  0.0000000000000000E+000                  0.0000000000000000E+000                  0.0000000000000000E+000                  0.0000000000000000E+000                  0.0000000000000000E+000                  0.0000000000000000E+000                 -8.0576343499432532E+000                 -9.8999999999999986E+001                  0.0000000000000000E+000                  0.0000000000000000E+000                 -9.8999999999999986E+001                 -9.8999999999999986E+001                  1.5949880903171762E+001                 -9.9000000000000000E+001                 -9.9000000000000000E+001                 -9.9000000000000000E+001 
                 1.5659482843066766E-001                  8.0707943231977719E+000                  4.1525526867462467E+001                  1.1698820433830841E+010                 -3.4367453539584782E+000                  5.3821682407958864E+000                  6.3906364681953336E+013                  2.5505782377963403E+001                  3.4363941633597946E+008                  1.6615868071706432E+000                  3.9449529417283136E-001                  6.2160118198229164E-001                  8.2177996387605634E-001                  8.5000496627254152E-001                  1.1690301118512262E+010                  8.5193153185794912E+006                  2.5835161799575403E+003                  3.9451945463151605E-001                  0.0000000000000000E+000                  2.7941141385627223E+004                  3.6379344876325990E+002                  1.5956669387244014E-021                  1.5956669387244016E-021                  0.0000000000000000E+000                  0.0000000000000000E+000                  6.3837256258201036E-023                  0.0000000000000000E+000                  4.6637259953823389E+002                  6.9999999999999996E-001                  2.9797635251138618E-005                  2.7997020236474884E-001                  4.1193902129486445E-003                  1.2067031330276047E-003                  1.1203876416666529E-002                  2.5129237964844936E-003                  9.5710644087274629E-004                  0.0000000000000000E+000                  0.0000000000000000E+000                  0.0000000000000000E+000                  0.0000000000000000E+000                  0.0000000000000000E+000                  0.0000000000000000E+000                  0.0000000000000000E+000                  0.0000000000000000E+000                  0.0000000000000000E+000                  0.0000000000000000E+000                 -8.0574814758803708E+000                 -9.8999999999999986E+001                  0.0000000000000000E+000                  0.0000000000000000E+000                 -9.8999999999999986E+001                 -9.8999999999999986E+001                  1.5954717866578877E+001                 -9.9000000000000000E+001                 -9.9000000000000000E+001                 -9.9000000000000000E+001 
                 1.5014690995387264E-001                  7.9416792558817075E+000                  3.9968499439647481E+001                  1.1916349082396345E+010                 -3.4319298627504558E+000                  5.3853251062664729E+000                  6.4262114317487188E+013                  2.5505870451659582E+001                  3.4358335386955446E+008                  1.6616544308180614E+000                  3.9454252839732895E-001                  6.2159048928147609E-001                  8.2173949527770329E-001                  8.5000496627254152E-001                  1.1907578424840494E+010                  8.7706575558517110E+006                  2.5145851839558154E+003                  3.9456601774974270E-001                  0.0000000000000000E+000                  2.7783769810415735E+004                  3.5651224462772092E+002                  1.8310133331878351E-021                  1.8310133331878348E-021                  0.0000000000000000E+000                  0.0000000000000000E+000                  7.3252672470363628E-023                  0.0000000000000000E+000                  4.6978563300164211E+002                  6.9999999999999996E-001                  2.9797635251138618E-005                  2.7997020236474884E-001                  4.1193902129486445E-003                  1.2067031330276047E-003                  1.1203876416666529E-002                  2.5129237964844936E-003                  9.5710644087274629E-004                  0.0000000000000000E+000                  0.0000000000000000E+000                  0.0000000000000000E+000                  0.0000000000000000E+000                  0.0000000000000000E+000                  0.0000000000000000E+000                  0.0000000000000000E+000                  0.0000000000000000E+000                  0.0000000000000000E+000                  0.0000000000000000E+000                 -8.0573445367832512E+000                 -9.8999999999999986E+001                  0.0000000000000000E+000                  0.0000000000000000E+000                 -9.8999999999999986E+001                 -9.8999999999999986E+001                  1.5959704038307416E+001                 -9.9000000000000000E+001                 -9.9000000000000000E+001                 -9.9000000000000000E+001 
                 1.4372671115618763E-001                  7.8102970753250620E+000                  3.8406819954255958E+001                  1.2137923249958191E+010                 -3.4271146241265860E+000                  5.3884823465333485E+000                  6.4620469690179820E+013                  2.5505734676857614E+001                  3.4352810152509391E+008                  1.6617213208862587E+000                  3.9458927236220731E-001                  6.2157848705498298E-001                  8.2169253315605661E-001                  8.5000496627254152E-001                  1.2128893803737558E+010                  9.0294462206332292E+006                  2.4475488529149111E+003                  3.9461213344329737E-001                  0.0000000000000000E+000                  2.7622390671308360E+004                  3.4938494399525092E+002                  2.1004345365307432E-021                  2.1004345365307432E-021                  0.0000000000000000E+000                  0.0000000000000000E+000                  8.4031306993160725E-023                  0.0000000000000000E+000                  4.7321521684902604E+002                  6.9999999999999996E-001                  2.9797635251138618E-005                  2.7997020236474884E-001                  4.1193902129486445E-003                  1.2067031330276047E-003                  1.1203876416666529E-002                  2.5129237964844936E-003                  9.5710644087274629E-004                  0.0000000000000000E+000                  0.0000000000000000E+000                  0.0000000000000000E+000                  0.0000000000000000E+000                  0.0000000000000000E+000                  0.0000000000000000E+000                  0.0000000000000000E+000                  0.0000000000000000E+000                  0.0000000000000000E+000                  0.0000000000000000E+000                 -8.0572162982209825E+000                 -9.8999999999999986E+001                  0.0000000000000000E+000                  0.0000000000000000E+000                 -9.8999999999999986E+001                 -9.8999999999999986E+001                  1.5964849716847533E+001                 -9.9000000000000000E+001                 -9.9000000000000000E+001                 -9.9000000000000000E+001 
                 1.3733784504831434E-001                  7.6765325763746164E+000                  3.6841416865155011E+001                  1.2363618126495749E+010                 -3.4222997338047763E+000                  5.3916399560486825E+000                  6.4981462551737148E+013                  2.5505442881382248E+001                  3.4347378068992424E+008                  1.6617874487915427E+000                  3.9463542348963654E-001                  6.2156584386129277E-001                  8.2164871729204991E-001                  8.5000496627254152E-001                  1.2354322224129097E+010                  9.2959023666522857E+006                  2.3823996363407341E+003                  3.9465770690804941E-001                  0.0000000000000000E+000                  2.7456734489800729E+004                  3.4241425144475573E+002                  2.4087696438194186E-021                  2.4087696438194186E-021                  0.0000000000000000E+000                  0.0000000000000000E+000                  9.6366755722224572E-023                  0.0000000000000000E+000                  4.7666176835027977E+002                  6.9999999999999996E-001                  2.9797635251138618E-005                  2.7997020236474884E-001                  4.1193902129486445E-003                  1.2067031330276047E-003                  1.1203876416666529E-002                  2.5129237964844936E-003                  9.5710644087274629E-004                  0.0000000000000000E+000                  0.0000000000000000E+000                  0.0000000000000000E+000                  0.0000000000000000E+000                  0.0000000000000000E+000                  0.0000000000000000E+000                  0.0000000000000000E+000                  0.0000000000000000E+000                  0.0000000000000000E+000                  0.0000000000000000E+000                 -8.0570863047006078E+000                 -9.8999999999999986E+001                  0.0000000000000000E+000                  0.0000000000000000E+000                 -9.8999999999999986E+001                 -9.8999999999999986E+001                  1.5970166298557768E+001                 -9.9000000000000000E+001                 -9.9000000000000000E+001                 -9.9000000000000000E+001 
                 1.3098412919158836E-001                  7.5402601586440161E+000                  3.5273287790620479E+001                  1.2593510288650375E+010                 -3.4174852703997125E+000                  5.3947979282328218E+000                  6.5345125173383367E+013                  2.5505078744745223E+001                  3.4342051398367429E+008                  1.6618527302888588E+000                  3.9468086775762679E-001                  6.2155327866649435E-001                  8.2162019360045724E-001                  8.5000496627254152E-001                  1.2583940035132320E+010                  9.5702535180550087E+006                  2.3191213190798471E+003                  3.9470262920202093E-001                  0.0000000000000000E+000                  2.7286503166133080E+004                  3.3560168495039539E+002                  2.7615312040640732E-021                  2.7615312040640732E-021                  0.0000000000000000E+000                  0.0000000000000000E+000                  1.1047955717794335E-022                  0.0000000000000000E+000                  4.8012548174910415E+002                  6.9999999999999996E-001                  2.9797635251138618E-005                  2.7997020236474884E-001                  4.1193902129486445E-003                  1.2067031330276047E-003                  1.1203876416666529E-002                  2.5129237964844936E-003                  9.5710644087274629E-004                  0.0000000000000000E+000                  0.0000000000000000E+000                  0.0000000000000000E+000                  0.0000000000000000E+000                  0.0000000000000000E+000                  0.0000000000000000E+000                  0.0000000000000000E+000                  0.0000000000000000E+000                  0.0000000000000000E+000                  0.0000000000000000E+000                 -8.0569418540643944E+000                 -9.8999999999999986E+001                  0.0000000000000000E+000                  0.0000000000000000E+000                 -9.8999999999999986E+001                 -9.8999999999999986E+001                  1.5975666375242213E+001                 -9.9000000000000000E+001                 -9.9000000000000000E+001                 -9.9000000000000000E+001 
                 1.2466960207254164E-001                  7.4013424780464980E+000                  3.3703505999798665E+001                  1.2827677722905344E+010                 -3.4126712887276325E+000                  5.3979562553705858E+000                  6.5711491006630633E+013                  2.5504744260440170E+001                  3.4336842277516645E+008                  1.6619170178419560E+000                  3.9472548428380638E-001                  6.2154153664841494E-001                  8.2162074033595356E-001                  8.5000496627254152E-001                  1.2817824989064451E+010                  9.8527338408933189E+006                  2.2576901243162506E+003                  3.9474678220738241E-001                  0.0000000000000000E+000                  2.7111365928550214E+004                  3.2894768747958682E+002                  3.1649970095911617E-021                  3.1649970095911617E-021                  0.0000000000000000E+000                  0.0000000000000000E+000                  1.2662086468928687E-022                  0.0000000000000000E+000                  4.8360645628386595E+002                  6.9999999999999996E-001                  2.9797635251138618E-005                  2.7997020236474884E-001                  4.1193902129486445E-003                  1.2067031330276047E-003                  1.1203876416666529E-002                  2.5129237964844936E-003                  9.5710644087274629E-004                  0.0000000000000000E+000                  0.0000000000000000E+000                  0.0000000000000000E+000                  0.0000000000000000E+000                  0.0000000000000000E+000                  0.0000000000000000E+000                  0.0000000000000000E+000                  0.0000000000000000E+000                  0.0000000000000000E+000                  0.0000000000000000E+000                 -8.0567688945525138E+000                 -9.8999999999999986E+001                  0.0000000000000000E+000                  0.0000000000000000E+000                 -9.8999999999999986E+001                 -9.8999999999999986E+001                  1.5981363908798047E+001                 -9.9000000000000000E+001                 -9.9000000000000000E+001                 -9.9000000000000000E+001 
                 1.1839854145854108E-001                  7.2596288649686835E+000                  3.2133227128707397E+001                  1.3066199848524893E+010                 -3.4078578141621705E+000                  5.4011149285377140E+000                  6.6080594890504695E+013                  2.5504560637840317E+001                  3.4331762356164515E+008                  1.6619800968994751E+000                  3.9476915052449346E-001                  6.2153136497964168E-001                  8.2166466159969331E-001                  8.5000496627254152E-001                  1.3056056264204594E+010                  1.0143584320299139E+007                  2.1980756383083553E+003                  3.9479004349342850E-001                  0.0000000000000000E+000                  2.6930954568563397E+004                  3.2245170246944650E+002                  3.6263141355853482E-021                  3.6263141355853482E-021                  0.0000000000000000E+000                  0.0000000000000000E+000                  1.4507660866570073E-022                  0.0000000000000000E+000                  4.8710589075278830E+002                  6.9999999999999996E-001                  2.9797635251138618E-005                  2.7997020236474884E-001                  4.1193902129486445E-003                  1.2067031330276047E-003                  1.1203876416666529E-002                  2.5129237964844936E-003                  9.5710644087274629E-004                  0.0000000000000000E+000                  0.0000000000000000E+000                  0.0000000000000000E+000                  0.0000000000000000E+000                  0.0000000000000000E+000                  0.0000000000000000E+000                  0.0000000000000000E+000                  0.0000000000000000E+000                  0.0000000000000000E+000                  0.0000000000000000E+000                 -8.0565531677435587E+000                 -9.8999999999999986E+001                  0.0000000000000000E+000                  0.0000000000000000E+000                 -9.8999999999999986E+001                 -9.8999999999999986E+001                  1.5987274444969325E+001                 -9.9000000000000000E+001                 -9.9000000000000000E+001                 -9.9000000000000000E+001 
                 1.1217548506571003E-001                  7.1149534566846722E+000                  3.0563692808705600E+001                  1.3309157540176645E+010                 -3.4030447808209430E+000                  5.4042739378063640E+000                  6.6452458019923180E+013                  2.5504608074426642E+001                  3.4326815638725221E+008                  1.6620417271460741E+000                  3.9481180810694760E-001                  6.2152304231887523E-001                  8.2175230414497635E-001                  8.5000496627254152E-001                  1.3298714487208864E+010                  1.0443052967780571E+007                  2.1402355104955509E+003                  3.9483232191330586E-001                  0.0000000000000000E+000                  2.6744856336657955E+004                  3.1611052487037244E+002                  4.1536174399309952E-021                  4.1536174399309952E-021                  0.0000000000000000E+000                  0.0000000000000000E+000                  1.6617223737693502E-022                  0.0000000000000000E+000                  4.9063744655976836E+002                  6.9999999999999996E-001                  2.9797635251138618E-005                  2.7997020236474884E-001                  4.1193902129486445E-003                  1.2067031330276047E-003                  1.1203876416666529E-002                  2.5129237964844936E-003                  9.5710644087274629E-004                  0.0000000000000000E+000                  0.0000000000000000E+000                  0.0000000000000000E+000                  0.0000000000000000E+000                  0.0000000000000000E+000                  0.0000000000000000E+000                  0.0000000000000000E+000                  0.0000000000000000E+000                  0.0000000000000000E+000                  0.0000000000000000E+000                 -8.0562947949398360E+000                 -9.8999999999999986E+001                  0.0000000000000000E+000                  0.0000000000000000E+000                 -9.8999999999999986E+001                 -9.8999999999999986E+001                  1.5993415322969902E+001                 -9.9000000000000000E+001                 -9.9000000000000000E+001                 -9.9000000000000000E+001 
                 1.0600525393562481E-001                  6.9671329969824347E+000                  2.8996199042500589E+001                  1.3556633148353355E+010                 -3.3982320257193184E+000                  5.4074332728450560E+000                  6.6827079918556906E+013                  2.5504873498989177E+001                  3.4321995764563227E+008                  1.6621017418998336E+000                  3.9485350365381866E-001                  6.2151613505003422E-001                  8.2186608475929668E-001                  8.5000496627254152E-001                  1.3545881753277792E+010                  1.0751395075563485E+007                  2.0841072410457541E+003                  3.9487361097480017E-001                  0.0000000000000000E+000                  2.6552594569439050E+004                  3.0991822113781490E+002                  4.7561636969855210E-021                  4.7561636969855210E-021                  0.0000000000000000E+000                  0.0000000000000000E+000                  1.9027808319388630E-022                  0.0000000000000000E+000                  4.9420531690666002E+002                  6.9999999999999996E-001                  2.9797635251138618E-005                  2.7997020236474884E-001                  4.1193902129486445E-003                  1.2067031330276047E-003                  1.1203876416666529E-002                  2.5129237964844936E-003                  9.5710644087274629E-004                  0.0000000000000000E+000                  0.0000000000000000E+000                  0.0000000000000000E+000                  0.0000000000000000E+000                  0.0000000000000000E+000                  0.0000000000000000E+000                  0.0000000000000000E+000                  0.0000000000000000E+000                  0.0000000000000000E+000                  0.0000000000000000E+000                 -8.0560114567311647E+000                 -9.8999999999999986E+001                  0.0000000000000000E+000                  0.0000000000000000E+000                 -9.8999999999999986E+001                 -9.8999999999999986E+001                  1.5999805758458908E+001                 -9.9000000000000000E+001                 -9.9000000000000000E+001                 -9.9000000000000000E+001 
                 9.9892978968399132E-002                  6.8159642000824059E+000                  2.7432136933222360E+001                  1.3808710517074722E+010                 -3.3934193957270606E+000                  5.4105929233209622E+000                  6.7204458646903836E+013                  2.5505313832742146E+001                  3.4317296370498133E+008                  1.6621600640976502E+000                  3.9489430748331661E-001                  6.2151012734511613E-001                  8.2199266055779119E-001                  8.5000496627254152E-001                  1.3797641643608599E+010                  1.1068873466122763E+007                  2.0296204127089545E+003                  3.9491396828991554E-001                  0.0000000000000000E+000                  2.6353628453632926E+004                  3.0386914334672986E+002                  5.4444822619992859E-021                  5.4444822619992859E-021                  0.0000000000000000E+000                  0.0000000000000000E+000                  2.1781539016498435E-022                  0.0000000000000000E+000                  4.9780987617093217E+002                  6.9999999999999996E-001                  2.9797635251138618E-005                  2.7997020236474884E-001                  4.1193902129486445E-003                  1.2067031330276047E-003                  1.1203876416666529E-002                  2.5129237964844936E-003                  9.5710644087274629E-004                  0.0000000000000000E+000                  0.0000000000000000E+000                  0.0000000000000000E+000                  0.0000000000000000E+000                  0.0000000000000000E+000                  0.0000000000000000E+000                  0.0000000000000000E+000                  0.0000000000000000E+000                  0.0000000000000000E+000                  0.0000000000000000E+000                 -8.0557153570784212E+000                 -9.8999999999999986E+001                  0.0000000000000000E+000                  0.0000000000000000E+000                 -9.8999999999999986E+001                 -9.8999999999999986E+001                  1.6006467413363158E+001                 -9.9000000000000000E+001                 -9.9000000000000000E+001                 -9.9000000000000000E+001 
                 9.3844131242624432E-002                  6.6612205276986778E+000                  2.5873015799291259E+001                  1.4065475001278254E+010                 -3.3886067609208381E+000                  5.4137528789268625E+000                  6.7584592101203406E+013                  2.5505860703411461E+001                  3.4312712122742361E+008                  1.6622167093780049E+000                  3.9493430127107598E-001                  6.2150448350314358E-001                  8.2212542782221532E-001                  8.5000496627254152E-001                  1.4054079242562986E+010                  1.1395758715266408E+007                  1.9767081448820372E+003                  3.9495346889576011E-001                  0.0000000000000000E+000                  2.6147347438364803E+004                  2.9795811574509088E+002                  6.2305461792191703E-021                  6.2305461792191703E-021                  0.0000000000000000E+000                  0.0000000000000000E+000                  2.4926315947559030E-022                  0.0000000000000000E+000                  5.0145176899709742E+002                  6.9999999999999996E-001                  2.9797635251138618E-005                  2.7997020236474884E-001                  4.1193902129486445E-003                  1.2067031330276047E-003                  1.1203876416666529E-002                  2.5129237964844936E-003                  9.5710644087274629E-004                  0.0000000000000000E+000                  0.0000000000000000E+000                  0.0000000000000000E+000                  0.0000000000000000E+000                  0.0000000000000000E+000                  0.0000000000000000E+000                  0.0000000000000000E+000                  0.0000000000000000E+000                  0.0000000000000000E+000                  0.0000000000000000E+000                 -8.0554106566784895E+000                 -9.8999999999999986E+001                  0.0000000000000000E+000                  0.0000000000000000E+000                 -9.8999999999999986E+001                 -9.8999999999999986E+001                  1.6013425012108975E+001                 -9.9000000000000000E+001                 -9.9000000000000000E+001                 -9.9000000000000000E+001 
                 8.7864556988619086E-002                  6.5026482635006850E+000                  2.4320474615568379E+001                  1.4327013481835463E+010                 -3.3837940182150610E+000                  5.4169131293123627E+000                  6.7967477573995625E+013                  2.5506419885888327E+001                  3.4308238826092774E+008                  1.6622717857674056E+000                  3.9497357289421486E-001                  6.2149864860033166E-001                  8.2226485409420969E-001                  8.5000496627254152E-001                  1.4315281152463728E+010                  1.1732329371734848E+007                  1.9253072079186218E+003                  3.9499219648754175E-001                  0.0000000000000000E+000                  2.5933057828570269E+004                  2.9218037883023783E+002                  7.1279658076395784E-021                  7.1279658076395784E-021                  0.0000000000000000E+000                  0.0000000000000000E+000                  2.8516589576271837E-022                  0.0000000000000000E+000                  5.0513180534832674E+002                  6.9999999999999996E-001                  2.9797635251138618E-005                  2.7997020236474884E-001                  4.1193902129486445E-003                  1.2067031330276047E-003                  1.1203876416666529E-002                  2.5129237964844936E-003                  9.5710644087274629E-004                  0.0000000000000000E+000                  0.0000000000000000E+000                  0.0000000000000000E+000                  0.0000000000000000E+000                  0.0000000000000000E+000                  0.0000000000000000E+000                  0.0000000000000000E+000                  0.0000000000000000E+000                  0.0000000000000000E+000                  0.0000000000000000E+000                 -8.0550931647597750E+000                 -9.8999999999999986E+001                  0.0000000000000000E+000                  0.0000000000000000E+000                 -9.8999999999999986E+001                 -9.8999999999999986E+001                  1.6020706934799140E+001                 -9.9000000000000000E+001                 -9.9000000000000000E+001                 -9.9000000000000000E+001 
                 8.1960518242865377E-002                  6.3399616944463659E+000                  2.2776295723068991E+001                  1.4593414376608360E+010                 -3.3789810934393585E+000                  5.4200736639308893E+000                  6.8353111401569344E+013                  2.5506871872377225E+001                  3.4303873475712121E+008                  1.6623254882992857E+000                  3.9501221146162957E-001                  6.2149204193585983E-001                  8.2241840827867863E-001                  8.5000496627254152E-001                  1.4581335504435671E+010                  1.2078872172689954E+007                  1.8753573166719430E+003                  3.9503023832741196E-001                  0.0000000000000000E+000                  2.5709965865950475E+004                  2.8653153461605734E+002                  8.1522077520006978E-021                  8.1522077520006978E-021                  0.0000000000000000E+000                  0.0000000000000000E+000                  3.2614236580757647E-022                  0.0000000000000000E+000                  5.0885086215702336E+002                  6.9999999999999996E-001                  2.9797635251138618E-005                  2.7997020236474884E-001                  4.1193902129486445E-003                  1.2067031330276047E-003                  1.1203876416666529E-002                  2.5129237964844936E-003                  9.5710644087274629E-004                  0.0000000000000000E+000                  0.0000000000000000E+000                  0.0000000000000000E+000                  0.0000000000000000E+000                  0.0000000000000000E+000                  0.0000000000000000E+000                  0.0000000000000000E+000                  0.0000000000000000E+000                  0.0000000000000000E+000                  0.0000000000000000E+000                 -8.0547504775197662E+000                 -9.8999999999999986E+001                  0.0000000000000000E+000                  0.0000000000000000E+000                 -9.8999999999999986E+001                 -9.8999999999999986E+001                  1.6028345949467656E+001                 -9.9000000000000000E+001                 -9.9000000000000000E+001                 -9.9000000000000000E+001 
                 7.6138740471636948E-002                  6.1728371383135885E+000                  2.1242421191184977E+001                  1.4864767645704527E+010                 -3.3741679683073227E+000                  5.4232344717146859E+000                  6.8741498881521930E+013                  2.5507104304642404E+001                  3.4299613775780022E+008                  1.6623780713070968E+000                  3.9505028435110695E-001                  6.2148420087304934E-001                  8.2259659677240138E-001                  8.5000496627254152E-001                  1.4852331963461374E+010                  1.2435682243153090E+007                  1.8268003668014956E+003                  3.9506767120587766E-001                  0.0000000000000000E+000                  2.5477156677831037E+004                  2.8100748234124984E+002                  9.3208417418324291E-021                  9.3208417418324291E-021                  0.0000000000000000E+000                  0.0000000000000000E+000                  3.7289547533539984E-022                  0.0000000000000000E+000                  5.1260086781072073E+002                  6.9999999999999996E-001                  2.9797635251138618E-005                  2.7997020236474884E-001                  4.1193902129486445E-003                  1.2067031330276047E-003                  1.1203876416666529E-002                  2.5129237964844936E-003                  9.5710644087274629E-004                  0.0000000000000000E+000                  0.0000000000000000E+000                  0.0000000000000000E+000                  0.0000000000000000E+000                  0.0000000000000000E+000                  0.0000000000000000E+000                  0.0000000000000000E+000                  0.0000000000000000E+000                  0.0000000000000000E+000                  0.0000000000000000E+000                 -8.0543679608469443E+000                 -9.8999999999999986E+001                  0.0000000000000000E+000                  0.0000000000000000E+000                 -9.8999999999999986E+001                 -9.8999999999999986E+001                  1.6036380155221469E+001                 -9.9000000000000000E+001                 -9.9000000000000000E+001                 -9.9000000000000000E+001 
                 7.0406468832848124E-002                  6.0009054506461554E+000                  1.9720998820167903E+001                  1.5141164789006481E+010                 -3.3693547409610578E+000                  5.4263955403342647E+000                  6.9132682335265555E+013                  2.5507110830369474E+001                  3.4295456253942728E+008                  1.6624297391302620E+000                  3.9508777609450280E-001                  6.2147521084720880E-001                  8.2279851956063499E-001                  8.5000496627254152E-001                  1.5128361725760008E+010                  1.2803063246473627E+007                  1.7795819476258421E+003                  3.9510451909983701E-001                  0.0000000000000000E+000                  2.5233578671399297E+004                  2.7560434584688102E+002                  1.0653818127189522E-020                  1.0653818127189523E-020                  0.0000000000000000E+000                  0.0000000000000000E+000                  4.2622337068610821E-022                  0.0000000000000000E+000                  5.1637390737819692E+002                  6.9999999999999996E-001                  2.9797635251138618E-005                  2.7997020236474884E-001                  4.1193902129486445E-003                  1.2067031330276047E-003                  1.1203876416666529E-002                  2.5129237964844936E-003                  9.5710644087274629E-004                  0.0000000000000000E+000                  0.0000000000000000E+000                  0.0000000000000000E+000                  0.0000000000000000E+000                  0.0000000000000000E+000                  0.0000000000000000E+000                  0.0000000000000000E+000                  0.0000000000000000E+000                  0.0000000000000000E+000                  0.0000000000000000E+000                 -8.0539493048682029E+000                 -9.8999999999999986E+001                  0.0000000000000000E+000                  0.0000000000000000E+000                 -9.8999999999999986E+001                 -9.8999999999999986E+001                  1.6044854411878919E+001                 -9.9000000000000000E+001                 -9.9000000000000000E+001                 -9.9000000000000000E+001 
                 6.4771535308236886E-002                  5.8237425009269348E+000                  1.8214402909074082E+001                  1.5422698835195606E+010                 -3.3645415284247546E+000                  5.4295568553000155E+000                  6.9526712671634141E+013                  2.5506924348954694E+001                  3.4291396730243659E+008                  1.6624806077063810E+000                  3.9512462911444823E-001                  6.2146527853044520E-001                  8.2301493558461125E-001                  8.5000496627254152E-001                  1.5409517507689135E+010                  1.3181327506471178E+007                  1.7336511885926263E+003                  3.9514074344132849E-001                  0.0000000000000000E+000                  2.4978011571804007E+004                  2.7031853799961669E+002                  1.2173784297938864E-020                  1.2173784297938864E-020                  0.0000000000000000E+000                  0.0000000000000000E+000                  4.8703209768539183E-022                  0.0000000000000000E+000                  5.2017044321919423E+002                  6.9999999999999996E-001                  2.9797635251138618E-005                  2.7997020236474884E-001                  4.1193902129486445E-003                  1.2067031330276047E-003                  1.1203876416666529E-002                  2.5129237964844936E-003                  9.5710644087274629E-004                  0.0000000000000000E+000                  0.0000000000000000E+000                  0.0000000000000000E+000                  0.0000000000000000E+000                  0.0000000000000000E+000                  0.0000000000000000E+000                  0.0000000000000000E+000                  0.0000000000000000E+000                  0.0000000000000000E+000                  0.0000000000000000E+000                 -8.0535092394876440E+000                 -9.8999999999999986E+001                  0.0000000000000000E+000                  0.0000000000000000E+000                 -9.8999999999999986E+001                 -9.8999999999999986E+001                  1.6053821926540117E+001                 -9.9000000000000000E+001                 -9.9000000000000000E+001                 -9.9000000000000000E+001 
                 5.9242439661859228E-002                  5.6408569822257455E+000                  1.6725235673181309E+001                  1.5709464311433210E+010                 -3.3597284353727153E+000                  5.4327183991171957E+000                  6.9923640655084508E+013                  2.5506590545092326E+001                  3.4287430705548048E+008                  1.6625307111737924E+000                  3.9516076440559322E-001                  6.2145460680596343E-001                  8.2323142555126050E-001                  8.5000496627254152E-001                  1.5695893515310980E+010                  1.3570796122231036E+007                  1.6889583962029076E+003                  3.9517627357630336E-001                  0.0000000000000000E+000                  2.4709010292032355E+004                  2.6514673943946104E+002                  1.3906441074615725E-020                  1.3906441074615725E-020                  0.0000000000000000E+000                  0.0000000000000000E+000                  5.5634985964383675E-022                  0.0000000000000000E+000                  5.2399062811242516E+002                  6.9999999999999996E-001                  2.9797635251138618E-005                  2.7997020236474884E-001                  4.1193902129486445E-003                  1.2067031330276047E-003                  1.1203876416666529E-002                  2.5129237964844936E-003                  9.5710644087274629E-004                  0.0000000000000000E+000                  0.0000000000000000E+000                  0.0000000000000000E+000                  0.0000000000000000E+000                  0.0000000000000000E+000                  0.0000000000000000E+000                  0.0000000000000000E+000                  0.0000000000000000E+000                  0.0000000000000000E+000                  0.0000000000000000E+000                 -8.0530686203506043E+000                 -9.8999999999999986E+001                  0.0000000000000000E+000                  0.0000000000000000E+000                 -9.8999999999999986E+001                 -9.8999999999999986E+001                  1.6063346064050197E+001                 -9.9000000000000000E+001                 -9.9000000000000000E+001                 -9.9000000000000000E+001 
                 5.3828448086624743E-002                  5.4516745250385643E+000                  1.5256360828316451E+001                  1.6001557184978260E+010                 -3.3549155487482740E+000                  5.4358801502883223E+000                  7.0323516834307508E+013                  2.5506164158946966E+001                  3.4283553501363790E+008                  1.6625800094332759E+000                  3.9519609052569649E-001                  6.2144340775652318E-001                  8.2342988730289046E-001                  8.5000496627254152E-001                  1.5987585385929768E+010                  1.3971799048491552E+007                  1.6454541753810290E+003                  3.9521102146968234E-001                  0.0000000000000000E+000                  2.4424845151740185E+004                  2.6008582250404112E+002                  1.5880944191276121E-020                  1.5880944191276121E-020                  0.0000000000000000E+000                  0.0000000000000000E+000                  6.3534307933516628E-022                  0.0000000000000000E+000                  5.2783436646101518E+002                  6.9999999999999996E-001                  2.9797635251138618E-005                  2.7997020236474884E-001                  4.1193902129486445E-003                  1.2067031330276047E-003                  1.1203876416666529E-002                  2.5129237964844936E-003                  9.5710644087274629E-004                  0.0000000000000000E+000                  0.0000000000000000E+000                  0.0000000000000000E+000                  0.0000000000000000E+000                  0.0000000000000000E+000                  0.0000000000000000E+000                  0.0000000000000000E+000                  0.0000000000000000E+000                  0.0000000000000000E+000                  0.0000000000000000E+000                 -8.0526526019022633E+000                 -9.8999999999999986E+001                  0.0000000000000000E+000                  0.0000000000000000E+000                 -9.8999999999999986E+001                 -9.8999999999999986E+001                  1.6073503099432422E+001                 -9.9000000000000000E+001                 -9.9000000000000000E+001                 -9.9000000000000000E+001 
                 4.8539714913705276E-002                  5.2555166231821415E+000                  1.3810944295436466E+001                  1.6299074762554434E+010                 -3.3501029331589480E+000                  5.4390420820015297E+000                  7.0726391335653188E+013                  2.5505704240185100E+001                  3.4279760439473188E+008                  1.6626284004169036E+000                  3.9523051477493254E-001                  6.2143191984381307E-001                  8.2359040893589353E-001                  8.5000496627254152E-001                  1.6284690087440231E+010                  1.4384675114202710E+007                  1.6030884231826885E+003                  3.9524489185748046E-001                  0.0000000000000000E+000                  2.4123421019985559E+004                  2.5513287528696600E+002                  1.8130356615033317E-020                  1.8130356615033317E-020                  0.0000000000000000E+000                  0.0000000000000000E+000                  7.2533449477926551E-022                  0.0000000000000000E+000                  5.3170136675657466E+002                  6.9999999999999996E-001                  2.9797635251138618E-005                  2.7997020236474884E-001                  4.1193902129486445E-003                  1.2067031330276047E-003                  1.1203876416666529E-002                  2.5129237964844936E-003                  9.5710644087274629E-004                  0.0000000000000000E+000                  0.0000000000000000E+000                  0.0000000000000000E+000                  0.0000000000000000E+000                  0.0000000000000000E+000                  0.0000000000000000E+000                  0.0000000000000000E+000                  0.0000000000000000E+000                  0.0000000000000000E+000                  0.0000000000000000E+000                 -8.0522883850508897E+000                 -9.8999999999999986E+001                  0.0000000000000000E+000                  0.0000000000000000E+000                 -9.8999999999999986E+001                 -9.8999999999999986E+001                  1.6084386008866858E+001                 -9.9000000000000000E+001                 -9.9000000000000000E+001                 -9.9000000000000000E+001 
                 4.3387435013960508E-002                  5.0515721343332860E+000                  1.2392504447684747E+001                  1.6602115521960770E+010                 -3.3452906267833380E+000                  5.4422041603267743E+000                  7.1132309330291797E+013                  2.5505264468993989E+001                  3.4276047423917866E+008                  1.6626757388048155E+000                  3.9526396615121029E-001                  6.2142041692309624E-001                  8.2369534256444632E-001                  8.5000496627254152E-001                  1.6587305750016911E+010                  1.4809771943859108E+007                  1.5618091932351706E+003                  3.9527779911252908E-001                  0.0000000000000000E+000                  2.3802164879921173E+004                  2.5028523007723260E+002                  2.0692157639417025E-020                  2.0692157639417025E-020                  0.0000000000000000E+000                  0.0000000000000000E+000                  8.2782352635494413E-022                  0.0000000000000000E+000                  5.3559167337706378E+002                  6.9999999999999996E-001                  2.9797635251138618E-005                  2.7997020236474884E-001                  4.1193902129486445E-003                  1.2067031330276047E-003                  1.1203876416666529E-002                  2.5129237964844936E-003                  9.5710644087274629E-004                  0.0000000000000000E+000                  0.0000000000000000E+000                  0.0000000000000000E+000                  0.0000000000000000E+000                  0.0000000000000000E+000                  0.0000000000000000E+000                  0.0000000000000000E+000                  0.0000000000000000E+000                  0.0000000000000000E+000                  0.0000000000000000E+000                 -8.0520000534816134E+000                 -9.8999999999999986E+001                  0.0000000000000000E+000                  0.0000000000000000E+000                 -9.8999999999999986E+001                 -9.8999999999999986E+001                  1.6096109761865367E+001                 -9.9000000000000000E+001                 -9.9000000000000000E+001                 -9.9000000000000000E+001 
                 3.8384037902277540E-002                  4.8388578797121991E+000                  1.1004974107065946E+001                  1.6910778831172115E+010                 -3.3404786439511125E+000                  5.4453663418918294E+000                  7.1541271484570688E+013                  2.5504852664954651E+001                  3.4272414412773776E+008                  1.6627218811099840E+000                  3.9529649913495857E-001                  6.2140909734756389E-001                  8.2374761376467509E-001                  8.5000496627254152E-001                  1.6895531385411787E+010                  1.5247445760327904E+007                  1.5215606170750209E+003                  3.9530973128892444E-001                  0.0000000000000000E+000                  2.3457865396571502E+004                  2.4554048836292702E+002                  2.3608814831115758E-020                  2.3608814831115758E-020                  0.0000000000000000E+000                  0.0000000000000000E+000                  9.4450915846522817E-022                  0.0000000000000000E+000                  5.3950506022099296E+002                  6.9999999999999996E-001                  2.9797635251138618E-005                  2.7997020236474884E-001                  4.1193902129486445E-003                  1.2067031330276047E-003                  1.1203876416666529E-002                  2.5129237964844936E-003                  9.5710644087274629E-004                  0.0000000000000000E+000                  0.0000000000000000E+000                  0.0000000000000000E+000                  0.0000000000000000E+000                  0.0000000000000000E+000                  0.0000000000000000E+000                  0.0000000000000000E+000                  0.0000000000000000E+000                  0.0000000000000000E+000                  0.0000000000000000E+000                 -8.0517836978160773E+000                 -9.8999999999999986E+001                  0.0000000000000000E+000                  0.0000000000000000E+000                 -9.8999999999999986E+001                 -9.8999999999999986E+001                  1.6108818886366898E+001                 -9.9000000000000000E+001                 -9.9000000000000000E+001                 -9.9000000000000000E+001 
                 3.3543439869270657E-002                  4.6161627600920712E+000                  9.6527824850382160E+000                  1.7225164472520741E+010                 -3.3356670109710516E+000                  5.4485285700232398E+000                  7.1953251435363828E+013                  2.5504452328565517E+001                  3.4268863453943241E+008                  1.6627667188385520E+000                  3.9532825173574582E-001                  6.2139809200828855E-001                  8.2376051841005060E-001                  8.5000496627254152E-001                  1.7209466411618370E+010                  1.5698060902372226E+007                  1.4822796062344373E+003                  3.9534077995479106E-001                  0.0000000000000000E+000                  2.3086438544342560E+004                  2.4089653520174957E+002                  2.6928422627348638E-020                  2.6928422627348638E-020                  0.0000000000000000E+000                  0.0000000000000000E+000                  1.0773154876702399E-021                  0.0000000000000000E+000                  5.4343914788636607E+002                  6.9999999999999996E-001                  2.9797635251138618E-005                  2.7997020236474884E-001                  4.1193902129486445E-003                  1.2067031330276047E-003                  1.1203876416666529E-002                  2.5129237964844936E-003                  9.5710644087274629E-004                  0.0000000000000000E+000                  0.0000000000000000E+000                  0.0000000000000000E+000                  0.0000000000000000E+000                  0.0000000000000000E+000                  0.0000000000000000E+000                  0.0000000000000000E+000                  0.0000000000000000E+000                  0.0000000000000000E+000                  0.0000000000000000E+000                 -8.0516207409935543E+000                 -9.8999999999999986E+001                  0.0000000000000000E+000                  0.0000000000000000E+000                 -9.8999999999999986E+001                 -9.8999999999999986E+001                  1.6122698621358929E+001                 -9.9000000000000000E+001                 -9.9000000000000000E+001                 -9.9000000000000000E+001 
                 2.8881379168244341E-002                  4.3819660633787549E+000                  8.3409676353639330E+000                  1.7545371814956779E+010                 -3.3308558024342361E+000                  5.4516907671997075E+000                  7.2368220379248062E+013                  2.5504052542492207E+001                  3.4265396201507306E+008                  1.6628101703708542E+000                  3.9535936146543349E-001                  6.2138750694589495E-001                  8.2374437702126302E-001                  8.5000496627254152E-001                  1.7529209826272915E+010                  1.6161988683866354E+007                  1.4438910321564110E+003                  3.9537107635677088E-001                  0.0000000000000000E+000                  2.2682573957189768E+004                  2.3635160929932118E+002                  3.0705411815190873E-020                  3.0705411815190873E-020                  0.0000000000000000E+000                  0.0000000000000000E+000                  1.2284201065687659E-021                  0.0000000000000000E+000                  5.4739354653673274E+002                  6.9999999999999996E-001                  2.9797635251138618E-005                  2.7997020236474884E-001                  4.1193902129486445E-003                  1.2067031330276047E-003                  1.1203876416666529E-002                  2.5129237964844936E-003                  9.5710644087274629E-004                  0.0000000000000000E+000                  0.0000000000000000E+000                  0.0000000000000000E+000                  0.0000000000000000E+000                  0.0000000000000000E+000                  0.0000000000000000E+000                  0.0000000000000000E+000                  0.0000000000000000E+000                  0.0000000000000000E+000                  0.0000000000000000E+000                 -8.0514958100252407E+000                 -9.8999999999999986E+001                  0.0000000000000000E+000                  0.0000000000000000E+000                 -9.8999999999999986E+001                 -9.8999999999999986E+001                  1.6137991886187528E+001                 -9.9000000000000000E+001                 -9.9000000000000000E+001                 -9.9000000000000000E+001 
                 2.4415874072180301E-002                  4.1343137166020556E+000                  7.0753166526175857E+000                  1.7871498312009819E+010                 -3.3260451701370570E+000                  5.4548528210314462E+000                  7.2786145569658391E+013                  2.5503652334191308E+001                  3.4262013756437123E+008                  1.6628521710156010E+000                  3.9538994237015757E-001                  6.2137740588837587E-001                  8.2370500466369168E-001                  8.5000496627254152E-001                  1.7854858706966953E+010                  1.6639605042866198E+007                  1.4062995116684967E+003                  3.9540073775462681E-001                  0.0000000000000000E+000                  2.2239167168468193E+004                  2.3190521908227180E+002                  3.5001329799087396E-020                  3.5001329799087396E-020                  0.0000000000000000E+000                  0.0000000000000000E+000                  1.4002853196773390E-021                  0.0000000000000000E+000                  5.5136797856715998E+002                  6.9999999999999996E-001                  2.9797635251138618E-005                  2.7997020236474884E-001                  4.1193902129486445E-003                  1.2067031330276047E-003                  1.1203876416666529E-002                  2.5129237964844936E-003                  9.5710644087274629E-004                  0.0000000000000000E+000                  0.0000000000000000E+000                  0.0000000000000000E+000                  0.0000000000000000E+000                  0.0000000000000000E+000                  0.0000000000000000E+000                  0.0000000000000000E+000                  0.0000000000000000E+000                  0.0000000000000000E+000                  0.0000000000000000E+000                 -8.0513986938451652E+000                 -9.8999999999999986E+001                  0.0000000000000000E+000                  0.0000000000000000E+000                 -9.8999999999999986E+001                 -9.8999999999999986E+001                  1.6155025850634431E+001                 -9.9000000000000000E+001                 -9.9000000000000000E+001                 -9.9000000000000000E+001 
                 2.0167869894566995E-002                  3.8706225451453604E+000                  5.8625697508755925E+000                  1.8203636614754604E+010                 -3.3212353821297298E+000                  5.4580145577500749E+000                  7.3206986737040312E+013                  2.5503263411423070E+001                  3.4258716588644272E+008                  1.6628926660828145E+000                  3.9542006928206808E-001                  6.2136779863970737E-001                  8.2364280071574947E-001                  8.5000496627254152E-001                  1.8186505328950546E+010                  1.7131285804056745E+007                  1.3693707317750925E+003                  3.9542984723386365E-001                  0.0000000000000000E+000                  2.1746380977442477E+004                  2.2755792252381292E+002                  3.9885678801663073E-020                  3.9885678801663073E-020                  0.0000000000000000E+000                  0.0000000000000000E+000                  1.5956916770259594E-021                  0.0000000000000000E+000                  5.5536195097499478E+002                  6.9999999999999996E-001                  2.9797635251138618E-005                  2.7997020236474884E-001                  4.1193902129486445E-003                  1.2067031330276047E-003                  1.1203876416666529E-002                  2.5129237964844936E-003                  9.5710644087274629E-004                  0.0000000000000000E+000                  0.0000000000000000E+000                  0.0000000000000000E+000                  0.0000000000000000E+000                  0.0000000000000000E+000                  0.0000000000000000E+000                  0.0000000000000000E+000                  0.0000000000000000E+000                  0.0000000000000000E+000                  0.0000000000000000E+000                 -8.0513255707774416E+000                 -9.8999999999999986E+001                  0.0000000000000000E+000                  0.0000000000000000E+000                 -9.8999999999999986E+001                 -9.8999999999999986E+001                  1.6174255885841134E+001                 -9.9000000000000000E+001                 -9.9000000000000000E+001                 -9.9000000000000000E+001 
                 1.6162190901844654E-002                  3.5873535391873546E+000                  4.7107196539573932E+000                  1.8541868581216064E+010                 -3.3164268993751782E+000                  5.4611756924331818E+000                  7.3630689794985438E+013                  2.5502911691892635E+001                  3.4255504611221313E+008                  1.6629316060720469E+000                  3.9544976467740800E-001                  6.2135863520470314E-001                  8.2355235680329131E-001                  8.5000496627254152E-001                  1.8524231183861324E+010                  1.7637397354740012E+007                  1.3328848331878917E+003                  3.9545897490808007E-001                  0.0000000000000000E+000                  2.1435920576266031E+004                  2.2331041501709731E+002                  4.5436773976125668E-020                  4.5436773976125661E-020                  0.0000000000000000E+000                  0.0000000000000000E+000                  1.8177723043501414E-021                  0.0000000000000000E+000                  5.5937567335051369E+002                  6.9999999999999996E-001                  2.9797635251138618E-005                  2.7997020236474884E-001                  4.1193902129486445E-003                  1.2067031330276047E-003                  1.1203876416666529E-002                  2.5129237964844936E-003                  9.5710644087274629E-004                  0.0000000000000000E+000                  0.0000000000000000E+000                  0.0000000000000000E+000                  0.0000000000000000E+000                  0.0000000000000000E+000                  0.0000000000000000E+000                  0.0000000000000000E+000                  0.0000000000000000E+000                  0.0000000000000000E+000                  0.0000000000000000E+000                 -8.0512796727722122E+000                 -9.8999999999999986E+001                  0.0000000000000000E+000                  0.0000000000000000E+000                 -9.8999999999999986E+001                 -9.8999999999999986E+001                  1.6193836712317371E+001                 -9.9000000000000000E+001                 -9.9000000000000000E+001                 -9.9000000000000000E+001 
                 1.2429014882554610E-002                  3.2794276214388418E+000                  3.6294705982465967E+000                  1.9033613073090538E+010                 -3.3096013506683266E+000                  5.4656808974556741E+000                  7.4239692462660125E+013                  2.5502605355962118E+001                  3.4251081717494106E+008                  1.6629843040901566E+000                  3.9549116962369280E-001                  6.2134616781405383E-001                  8.2337833803870975E-001                  8.5000496627254152E-001                  1.9015228425079128E+010                  1.8384648011410091E+007                  1.2964992679737113E+003                  3.9548974222151523E-001                  0.0000000000000000E+000                  2.2107493123148262E+004                  2.1741998647198020E+002                  5.4677221332845832E-020                  5.4677221332845832E-020                  0.0000000000000000E+000                  0.0000000000000000E+000                  2.1874514917004724E-021                  0.0000000000000000E+000                  5.6515739527381675E+002                  6.9999999999999996E-001                  2.9797635251138618E-005                  2.7997020236474884E-001                  4.1193902129486445E-003                  1.2067031330276047E-003                  1.1203876416666529E-002                  2.5129237964844936E-003                  9.5710644087274629E-004                  0.0000000000000000E+000                  0.0000000000000000E+000                  0.0000000000000000E+000                  0.0000000000000000E+000                  0.0000000000000000E+000                  0.0000000000000000E+000                  0.0000000000000000E+000                  0.0000000000000000E+000                  0.0000000000000000E+000                  0.0000000000000000E+000                 -8.0513161886484479E+000                 -9.8999999999999986E+001                  0.0000000000000000E+000                  0.0000000000000000E+000                 -9.8999999999999986E+001                 -9.8999999999999986E+001                  1.6206428095208210E+001                 -9.9000000000000000E+001                 -9.9000000000000000E+001                 -9.9000000000000000E+001 
                 5.9443162161493084E-003                  2.5527839088283928E+000                  1.7318782820412142E+000                  1.9604962061784702E+010                 -3.3018592583829101E+000                  5.4707422221114168E+000                  7.4931082421234078E+013                  2.5502105093863957E+001                  3.4246365347487336E+008                  1.6630399569456773E+000                  3.9553579283330853E-001                  6.2133296392169690E-001                  8.2315913959547182E-001                  8.5000496627254152E-001                  1.9585700095515877E+010                  1.9261966268827360E+007                  1.2183362765814131E+003                  3.9555183258396348E-001                  0.0000000000000000E+000                  2.4025901979626087E+004                  2.1106683237476111E+002                  6.7280588299166105E-020                  6.7280588299166105E-020                  0.0000000000000000E+000                  0.0000000000000000E+000                  2.6916697725890844E-021                  0.0000000000000000E+000                  5.7174029770807113E+002                  6.9999999999999996E-001                  2.9797635251138618E-005                  2.7997020236474884E-001                  4.1193902129486445E-003                  1.2067031330276047E-003                  1.1203876416666529E-002                  2.5129237964844936E-003                  9.5710644087274629E-004                  0.0000000000000000E+000                  0.0000000000000000E+000                  0.0000000000000000E+000                  0.0000000000000000E+000                  0.0000000000000000E+000                  0.0000000000000000E+000                  0.0000000000000000E+000                  0.0000000000000000E+000                  0.0000000000000000E+000                  0.0000000000000000E+000                 -8.0511995065159212E+000                 -9.8999999999999986E+001                  0.0000000000000000E+000                  0.0000000000000000E+000                 -9.8999999999999986E+001                 -9.8999999999999986E+001                  1.6240905196250914E+001                 -9.9000000000000000E+001                 -9.9000000000000000E+001                 -9.9000000000000000E+001 
                 3.3147562441970596E-003                  2.0963946725440437E+000                  9.5343749698135094E-001                  1.9929985011820992E+010                 -3.2975627899891955E+000                  5.4735635982879112E+000                  7.5319946436816656E+013                  2.5501939026051186E+001                  3.4243866543790090E+008                  1.6630692466473862E+000                  3.9555968342327197E-001                  6.2132599203277117E-001                  8.2304964563437388E-001                  8.5000496627254152E-001                  1.9910215947123886E+010                  1.9769064697107311E+007                  1.1676030608048525E+003                  3.9558311249240030E-001                  0.0000000000000000E+000                  2.5553379797010220E+004                  2.0762967126895012E+002                  7.5499147673827078E-020                  7.5499147673827066E-020                  0.0000000000000000E+000                  0.0000000000000000E+000                  3.0204666651546417E-021                  0.0000000000000000E+000                  5.7545414247193207E+002                  6.9999999999999996E-001                  2.9797635251138618E-005                  2.7997020236474884E-001                  4.1193902129486445E-003                  1.2067031330276047E-003                  1.1203876416666529E-002                  2.5129237964844936E-003                  9.5710644087274629E-004                  0.0000000000000000E+000                  0.0000000000000000E+000                  0.0000000000000000E+000                  0.0000000000000000E+000                  0.0000000000000000E+000                  0.0000000000000000E+000                  0.0000000000000000E+000                  0.0000000000000000E+000                  0.0000000000000000E+000                  0.0000000000000000E+000                 -8.0511594656315886E+000                 -9.8999999999999986E+001                  0.0000000000000000E+000                  0.0000000000000000E+000                 -9.8999999999999986E+001                 -9.8999999999999986E+001                  1.6266838264894385E+001                 -9.9000000000000000E+001                 -9.9000000000000000E+001                 -9.9000000000000000E+001 
                 1.7154865245600289E-003                  1.6802353201714939E+000                  4.7692298263650401E-001                  2.0167277330842583E+010                 -3.2944704388277701E+000                  5.4755949424630934E+000                  7.5601471501828500E+013                  2.5501839136657782E+001                  3.4242130578561711E+008                  1.6630896144217702E+000                  3.9557642064052490E-001                  6.2132119434734046E-001                  8.2298302228336895E-001                  8.5000496627254152E-001                  2.0147134917707737E+010                  2.0142413134846721E+007                  1.1040438177977160E+003                  3.9560714587792228E-001                  0.0000000000000000E+000                  2.7204919291745704E+004                  2.0520338792748859E+002                  8.2018925749150009E-020                  8.2018925749150009E-020                  0.0000000000000000E+000                  0.0000000000000000E+000                  3.2813010375427488E-021                  0.0000000000000000E+000                  5.7814754748989924E+002                  6.9999999999999996E-001                  2.9797635251138618E-005                  2.7997020236474884E-001                  4.1193902129486445E-003                  1.2067031330276047E-003                  1.1203876416666529E-002                  2.5129237964844936E-003                  9.5710644087274629E-004                  0.0000000000000000E+000                  0.0000000000000000E+000                  0.0000000000000000E+000                  0.0000000000000000E+000                  0.0000000000000000E+000                  0.0000000000000000E+000                  0.0000000000000000E+000                  0.0000000000000000E+000                  0.0000000000000000E+000                  0.0000000000000000E+000                 -8.0511178004656934E+000                 -9.8999999999999986E+001                  0.0000000000000000E+000                  0.0000000000000000E+000                 -9.8999999999999986E+001                 -9.8999999999999986E+001                  1.6293422594372668E+001                 -9.9000000000000000E+001                 -9.9000000000000000E+001                 -9.9000000000000000E+001 
                 8.5301510235325450E-004                  1.3295458781413418E+000                  2.1874030548483880E-001                  2.0319462298530704E+010                 -3.2925065699050591E+000                  5.4768854954202775E+000                  7.5781011878665000E+013                  2.5501784925628172E+001                  3.4241056520455790E+008                  1.6631022483163698E+000                  3.9558685348889955E-001                  6.2131826048017169E-001                  8.2294767071476782E-001                  8.5000496627254152E-001                  2.0299079035383842E+010                  2.0383263146863755E+007                  1.0034700565229689E+003                  3.9562402915762540E-001                  0.0000000000000000E+000                  2.8634953630931523E+004                  2.0368267160335179E+002                  8.6444898782802921E-020                  8.6444898782802921E-020                  0.0000000000000000E+000                  0.0000000000000000E+000                  3.4583693191565974E-021                  0.0000000000000000E+000                  5.7986740233925264E+002                  6.9999999999999996E-001                  2.9797635251138618E-005                  2.7997020236474884E-001                  4.1193902129486445E-003                  1.2067031330276047E-003                  1.1203876416666529E-002                  2.5129237964844936E-003                  9.5710644087274629E-004                  0.0000000000000000E+000                  0.0000000000000000E+000                  0.0000000000000000E+000                  0.0000000000000000E+000                  0.0000000000000000E+000                  0.0000000000000000E+000                  0.0000000000000000E+000                  0.0000000000000000E+000                  0.0000000000000000E+000                  0.0000000000000000E+000                 -8.0510847938382213E+000                 -9.8999999999999986E+001                  0.0000000000000000E+000                  0.0000000000000000E+000                 -9.8999999999999986E+001                 -9.8999999999999986E+001                  1.6315258462297209E+001                 -9.9000000000000000E+001                 -9.9000000000000000E+001                 -9.9000000000000000E+001 
                 4.7070273750529564E-004                  1.0897338729786670E+000                  1.0395382555177160E-001                  2.0411046651832268E+010                 -3.2913322253251036E+000                  5.4776579292805261E+000                  7.5888728609567000E+013                  2.5501758821030663E+001                  3.4240424742590857E+008                  1.6631096957423199E+000                  3.9559302467590363E-001                  6.2131655153017984E-001                  8.2292950657275055E-001                  8.5000496627254152E-001                  2.0390517857362209E+010                  2.0528794470059760E+007                  8.5730585428111578E+002                  3.9563235057838692E-001                  0.0000000000000000E+000                  2.9111367805895439E+004                  2.0277981342296331E+002                  8.9205083222005605E-020                  8.9205083222005617E-020                  0.0000000000000000E+000                  0.0000000000000000E+000                  3.5687950068758002E-021                  0.0000000000000000E+000                  5.8090028823666330E+002                  6.9999999999999996E-001                  2.9797635251138618E-005                  2.7997020236474884E-001                  4.1193902129486445E-003                  1.2067031330276047E-003                  1.1203876416666529E-002                  2.5129237964844936E-003                  9.5710644087274629E-004                  0.0000000000000000E+000                  0.0000000000000000E+000                  0.0000000000000000E+000                  0.0000000000000000E+000                  0.0000000000000000E+000                  0.0000000000000000E+000                  0.0000000000000000E+000                  0.0000000000000000E+000                  0.0000000000000000E+000                  0.0000000000000000E+000                 -8.0510640557209499E+000                 -9.8999999999999986E+001                  0.0000000000000000E+000                  0.0000000000000000E+000                 -9.8999999999999986E+001                 -9.8999999999999986E+001                  1.6322199140764440E+001                 -9.9000000000000000E+001                 -9.9000000000000000E+001                 -9.9000000000000000E+001 
                 2.4035170262008579E-004                  8.7041627670700938E-001                  3.4669425919777473E-002                  2.0475843672816730E+010                 -3.2905045434405813E+000                  5.4782023546724163E+000                  7.5964764656374359E+013                  2.5501741549556577E+001                  3.4239984518643713E+008                  1.6631148955056860E+000                  3.9559734169331823E-001                  6.2131537017070482E-001                  8.2291812433649048E-001                  8.5000496627254152E-001                  2.0455211681410206E+010                  2.0631991406524129E+007                  5.5660705262660963E+002                  3.9563224719501328E-001                  0.0000000000000000E+000                  2.7213444681081255E+004                  2.0214685735300100E+002                  9.1202322222191748E-020                  9.1202322222191748E-020                  0.0000000000000000E+000                  0.0000000000000000E+000                  3.6486978159582880E-021                  0.0000000000000000E+000                  5.8162948573230722E+002                  6.9999999999999996E-001                  2.9797635251138618E-005                  2.7997020236474884E-001                  4.1193902129486445E-003                  1.2067031330276047E-003                  1.1203876416666529E-002                  2.5129237964844936E-003                  9.5710644087274629E-004                  0.0000000000000000E+000                  0.0000000000000000E+000                  0.0000000000000000E+000                  0.0000000000000000E+000                  0.0000000000000000E+000                  0.0000000000000000E+000                  0.0000000000000000E+000                  0.0000000000000000E+000                  0.0000000000000000E+000                  0.0000000000000000E+000                 -8.0510478439107693E+000                 -9.8999999999999986E+001                  0.0000000000000000E+000                  0.0000000000000000E+000                 -9.8999999999999986E+001                 -9.8999999999999986E+001                  1.6292752640968594E+001                 -9.9000000000000000E+001                 -9.9000000000000000E+001                 -9.9000000000000000E+001 
                 1.2517618517753632E-004                  6.9982095266608590E-001                 -1.6259853877712414E-005                  2.0516223067426929E+010                 -3.2892052940990597E+000                  5.4777711943804537E+000                  7.5901860645639000E+013                  2.5494593075066980E+001                  3.4240271336070275E+008                  1.6631171226352093E+000                  3.9559342531481351E-001                  6.2131773931242917E-001                  8.2284030513891016E-001                  8.5000496627254152E-001                  2.0495672845936176E+010                  2.0550221490754835E+007                 -5.0417217103825740E-001                 -5.0417217103825740E-001                  0.0000000000000000E+000                  0.0000000000000000E+000                  2.0322034223317772E+002                  9.0025758490678681E-020                  9.0025758490678681E-020                  0.0000000000000000E+000                  0.0000000000000000E+000                  3.6016274676530940E-021                  0.0000000000000000E+000                 -1.8796725105749815E-001                  6.9999999999999996E-001                  2.9797635251138618E-005                  2.7997020236474884E-001                  4.1193902129486445E-003                  1.2067031330276047E-003                  1.1203876416666529E-002                  2.5129237964844936E-003                  9.5710644087274629E-004                  0.0000000000000000E+000                  0.0000000000000000E+000                  0.0000000000000000E+000                  0.0000000000000000E+000                  0.0000000000000000E+000                  0.0000000000000000E+000                  0.0000000000000000E+000                  0.0000000000000000E+000                  0.0000000000000000E+000                  0.0000000000000000E+000                 -8.0466676815085663E+000                 -9.8999999999999986E+001                  0.0000000000000000E+000                  0.0000000000000000E+000                 -9.8999999999999986E+001                 -9.8999999999999986E+001                 -9.9000000000000000E+001                 -9.9000000000000000E+001                 -9.9000000000000000E+001                 -9.9000000000000000E+001 
                 6.7588426456483629E-005                  5.6965197836503756E-001                 -1.0655106197250653E-005                  2.0541053812772312E+010                 -3.2883468733035865E+000                  5.4774469390846008E+000                  7.5854758139679156E+013                  2.5489652431518046E+001                  3.4240501896076787E+008                  1.6631183524246060E+000                  3.9559044625151352E-001                  6.2131941472982122E-001                  8.2278841349064380E-001                  8.5000496627254152E-001                  2.0520564872997265E+010                  2.0488939775045630E+007                 -6.1746838273358984E-001                 -6.1746838273358984E-001                  0.0000000000000000E+000                  0.0000000000000000E+000                  2.0399694398262210E+002                  8.9125988813706004E-020                  8.9125988813706004E-020                  0.0000000000000000E+000                  0.0000000000000000E+000                  3.5656307157878441E-021                  0.0000000000000000E+000                 -9.7567345913185788E-001                  6.9999999999999996E-001                  2.9797635251138618E-005                  2.7997020236474884E-001                  4.1193902129486445E-003                  1.2067031330276047E-003                  1.1203876416666529E-002                  2.5129237964844936E-003                  9.5710644087274629E-004                  0.0000000000000000E+000                  0.0000000000000000E+000                  0.0000000000000000E+000                  0.0000000000000000E+000                  0.0000000000000000E+000                  0.0000000000000000E+000                  0.0000000000000000E+000                  0.0000000000000000E+000                  0.0000000000000000E+000                  0.0000000000000000E+000                 -8.0436393286983350E+000                 -9.8999999999999986E+001                  0.0000000000000000E+000                  0.0000000000000000E+000                 -9.8999999999999986E+001                 -9.8999999999999986E+001                 -9.9000000000000000E+001                 -9.9000000000000000E+001                 -9.9000000000000000E+001                 -9.9000000000000000E+001 
                 3.8794547096012809E-005                  4.7336417120803587E-001                  3.8910541450607254E-006                  2.0555999470007233E+010                 -3.2881563236566342E+000                  5.4775712600038098E+000                  7.5872100677828672E+013                  2.5489641279074199E+001                  3.4240398918526280E+008                  1.6631195614329537E+000                  3.9559145060707424E-001                  6.2131914824299006E-001                  8.2278613711273207E-001                  8.5000496627254152E-001                  2.0535487056181175E+010                  2.0512413826059334E+007                  3.9360217679731613E-001                  3.9360217679731613E-001                  0.0000000000000000E+000                  0.0000000000000000E+000                  2.0385156319212570E+002                  8.9578234150539363E-020                  8.9578234150539375E-020                  0.0000000000000000E+000                  0.0000000000000000E+000                  3.5837235293727646E-021                  0.0000000000000000E+000                  1.9178259479231047E-001                  6.9999999999999996E-001                  2.9797635251138618E-005                  2.7997020236474884E-001                  4.1193902129486445E-003                  1.2067031330276047E-003                  1.1203876416666529E-002                  2.5129237964844936E-003                  9.5710644087274629E-004                  0.0000000000000000E+000                  0.0000000000000000E+000                  0.0000000000000000E+000                  0.0000000000000000E+000                  0.0000000000000000E+000                  0.0000000000000000E+000                  0.0000000000000000E+000                  0.0000000000000000E+000                  0.0000000000000000E+000                  0.0000000000000000E+000                 -8.0436315570162211E+000                 -9.8999999999999986E+001                  0.0000000000000000E+000                  0.0000000000000000E+000                 -9.8999999999999986E+001                 -9.8999999999999986E+001                 -9.9000000000000000E+001                 -9.9000000000000000E+001                 -9.9000000000000000E+001                 -9.9000000000000000E+001 
                 2.4397607415555351E-005                  4.0553337881563278E-001                  2.4614260556991605E-006                  2.0564723892390293E+010                 -3.2880455311267074E+000                  5.4776441579863437E+000                  7.5882273405319250E+013                  2.5489638193880033E+001                  3.4240338661337769E+008                  1.6631202663167743E+000                  3.9559203909763624E-001                  6.2131899174143745E-001                  8.2278487704038816E-001                  8.5000496627254152E-001                  2.0544197701592640E+010                  2.0526190797655050E+007                  3.9558865442546470E-001                  3.9558865442546470E-001                  0.0000000000000000E+000                  0.0000000000000000E+000                  2.0376610833496883E+002                  8.9844267761221385E-020                  8.9844267761221385E-020                  0.0000000000000000E+000                  0.0000000000000000E+000                  3.5943666386158182E-021                  0.0000000000000000E+000                  1.9437595127029303E-001                  6.9999999999999996E-001                  2.9797635251138618E-005                  2.7997020236474884E-001                  4.1193902129486445E-003                  1.2067031330276047E-003                  1.1203876416666529E-002                  2.5129237964844936E-003                  9.5710644087274629E-004                  0.0000000000000000E+000                  0.0000000000000000E+000                  0.0000000000000000E+000                  0.0000000000000000E+000                  0.0000000000000000E+000                  0.0000000000000000E+000                  0.0000000000000000E+000                  0.0000000000000000E+000                  0.0000000000000000E+000                  0.0000000000000000E+000                 -8.0436290730291411E+000                 -9.8999999999999986E+001                  0.0000000000000000E+000                  0.0000000000000000E+000                 -9.8999999999999986E+001                 -9.8999999999999986E+001                 -9.9000000000000000E+001                 -9.9000000000000000E+001                 -9.9000000000000000E+001                 -9.9000000000000000E+001 
                 1.7199137575382133E-005                  3.6090872676697233E-001                  1.7369460262710875E-006                  2.0571260038421734E+010                 -3.2879625614001373E+000                  5.4776987541281725E+000                  7.5889893284027094E+013                  2.5489635913088765E+001                  3.4240293582187593E+008                  1.6631207937163353E+000                  3.9559247950434684E-001                  6.2131887473706560E-001                  8.2278395069675392E-001                  8.5000496627254152E-001                  2.0550723523453018E+010                  2.0536514968714442E+007                  3.9580300436359495E-001                  3.9559226268049041E-001                  0.0000000000000000E+000                  2.5643154002453559E+002                  2.0370213895094204E+002                  9.0044017228407939E-020                  9.0044017228407939E-020                  0.0000000000000000E+000                  0.0000000000000000E+000                  3.6023579424032873E-021                  0.0000000000000000E+000                  1.9472217174437631E-001                  6.9999999999999996E-001                  2.9797635251138618E-005                  2.7997020236474884E-001                  4.1193902129486445E-003                  1.2067031330276047E-003                  1.1203876416666529E-002                  2.5129237964844936E-003                  9.5710644087274629E-004                  0.0000000000000000E+000                  0.0000000000000000E+000                  0.0000000000000000E+000                  0.0000000000000000E+000                  0.0000000000000000E+000                  0.0000000000000000E+000                  0.0000000000000000E+000                  0.0000000000000000E+000                  0.0000000000000000E+000                  0.0000000000000000E+000                 -8.0436272085386271E+000                 -9.8999999999999986E+001                  0.0000000000000000E+000                  0.0000000000000000E+000                 -9.8999999999999986E+001                 -9.8999999999999986E+001                  1.4265315170094441E+001                 -9.9000000000000000E+001                 -9.9000000000000000E+001                 -9.9000000000000000E+001 
                 1.0000667735208915E-005                  3.0122182396246455E-001                  1.0111755603521425E-006                  2.0577896474728680E+010                 -3.2878783445709674E+000                  5.4777541693397707E+000                  7.5897628453793031E+013                  2.5489633592662550E+001                  3.4240247870204091E+008                  1.6631213286047875E+000                  3.9559292622101550E-001                  6.2131875616463872E-001                  8.2278302537757109E-001                  8.5000496627254152E-001                  2.0557349475391945E+010                  2.0546999336736087E+007                  3.9605803759618996E-001                  3.9559274957581958E-001                  0.0000000000000000E+000                  3.5450496486019449E+002                  2.0363723960714375E+002                  9.0247209890724527E-020                  9.0247209890724527E-020                  0.0000000000000000E+000                  0.0000000000000000E+000                  3.6104869968379115E-021                  0.0000000000000000E+000                  1.9507549727525564E-001                  6.9999999999999996E-001                  2.9797635251138618E-005                  2.7997020236474884E-001                  4.1193902129486445E-003                  1.2067031330276047E-003                  1.1203876416666529E-002                  2.5129237964844936E-003                  9.5710644087274629E-004                  0.0000000000000000E+000                  0.0000000000000000E+000                  0.0000000000000000E+000                  0.0000000000000000E+000                  0.0000000000000000E+000                  0.0000000000000000E+000                  0.0000000000000000E+000                  0.0000000000000000E+000                  0.0000000000000000E+000                  0.0000000000000000E+000                 -8.0436252930434300E+000                 -9.8999999999999986E+001                  0.0000000000000000E+000                  0.0000000000000000E+000                 -9.8999999999999986E+001                 -9.8999999999999986E+001                  1.4405950702213975E+001                 -9.9000000000000000E+001                 -9.9000000000000000E+001                 -9.9000000000000000E+001 
                 5.0003338670493468E-006                  2.3907118407497957E-001                  5.0611271306243741E-007                  2.0583038269748627E+010                 -3.2878131131819388E+000                  5.4777970915116088E+000                  7.5903620450655594E+013                  2.5489631794823527E+001                  3.4240212493867898E+008                  1.6631217426100220E+000                  3.9559327202261330E-001                  6.2131866445324280E-001                  8.2278231907267774E-001                  8.5000496627254152E-001                  2.0562483146005802E+010                  2.0555123742825862E+007                  3.9628329666320400E-001                  3.9559316656704918E-001                  0.0000000000000000E+000                  4.3675089764606668E+002                  2.0358699175648601E+002                  9.0404903506006712E-020                  9.0404903506006712E-020                  0.0000000000000000E+000                  0.0000000000000000E+000                  3.6167957875593371E-021                  0.0000000000000000E+000                  1.9535171861065773E-001                  6.9999999999999996E-001                  2.9797635251138618E-005                  2.7997020236474884E-001                  4.1193902129486445E-003                  1.2067031330276047E-003                  1.1203876416666529E-002                  2.5129237964844936E-003                  9.5710644087274629E-004                  0.0000000000000000E+000                  0.0000000000000000E+000                  0.0000000000000000E+000                  0.0000000000000000E+000                  0.0000000000000000E+000                  0.0000000000000000E+000                  0.0000000000000000E+000                  0.0000000000000000E+000                  0.0000000000000000E+000                  0.0000000000000000E+000                 -8.0436237953752947E+000                 -9.8999999999999986E+001                  0.0000000000000000E+000                  0.0000000000000000E+000                 -9.8999999999999986E+001                 -9.8999999999999986E+001                  1.4496549053966049E+001                 -9.9000000000000000E+001                 -9.9000000000000000E+001                 -9.9000000000000000E+001 
                 2.5001669330250726E-006                  1.8974655795780301E-001                  2.5322371213488222E-007                  2.0586277695813137E+010                 -3.2877720248208453E+000                  5.4778241280392752E+000                  7.5907395093367484E+013                  2.5489630665813113E+001                  3.4240190223982620E+008                  1.6631220032548217E+000                  3.9559348975013464E-001                  6.2131860674207762E-001                  8.2278187889285415E-001                  8.5000496627254152E-001                  2.0565717452886028E+010                  2.0560242927107714E+007                  3.9642821862787508E-001                  3.9559343016991733E-001                  0.0000000000000000E+000                  5.0270739006526281E+002                  2.0355534960965761E+002                  9.0504372907392268E-020                  9.0504372907392268E-020                  0.0000000000000000E+000                  0.0000000000000000E+000                  3.6207752234764180E-021                  0.0000000000000000E+000                  1.9552828982399048E-001                  6.9999999999999996E-001                  2.9797635251138618E-005                  2.7997020236474884E-001                  4.1193902129486445E-003                  1.2067031330276047E-003                  1.1203876416666529E-002                  2.5129237964844936E-003                  9.5710644087274629E-004                  0.0000000000000000E+000                  0.0000000000000000E+000                  0.0000000000000000E+000                  0.0000000000000000E+000                  0.0000000000000000E+000                  0.0000000000000000E+000                  0.0000000000000000E+000                  0.0000000000000000E+000                  0.0000000000000000E+000                  0.0000000000000000E+000                 -8.0436228479690115E+000                 -9.8999999999999986E+001                  0.0000000000000000E+000                  0.0000000000000000E+000                 -9.8999999999999986E+001                 -9.8999999999999986E+001                  1.4557622245362694E+001                 -9.9000000000000000E+001                 -9.9000000000000000E+001                 -9.9000000000000000E+001 
                 1.2500834659019139E-006                  1.5059976101828665E-001                  1.2666492314466668E-007                  2.0588318524619316E+010                 -3.2877461426961596E+000                  5.4778411588942610E+000                  7.5909772937950875E+013                  2.5489629955992211E+001                  3.4240176201110506E+008                  1.6631221673864369E+000                  3.9559362686472221E-001                  6.2131857041152794E-001                  8.2278160349102247E-001                  8.5000496627254152E-001                  2.0567755056360138E+010                  2.0563468259178255E+007                  3.9652056729855728E-001                  3.9559359741758132E-001                  0.0000000000000000E+000                  5.6232549819725421E+002                  2.0353542107255836E+002                  9.0567085805274073E-020                  9.0567085805274073E-020                  0.0000000000000000E+000                  0.0000000000000000E+000                  3.6232841554175398E-021                  0.0000000000000000E+000                  1.9564047386789643E-001                  6.9999999999999996E-001                  2.9797635251138618E-005                  2.7997020236474884E-001                  4.1193902129486445E-003                  1.2067031330276047E-003                  1.1203876416666529E-002                  2.5129237964844936E-003                  9.5710644087274629E-004                  0.0000000000000000E+000                  0.0000000000000000E+000                  0.0000000000000000E+000                  0.0000000000000000E+000                  0.0000000000000000E+000                  0.0000000000000000E+000                  0.0000000000000000E+000                  0.0000000000000000E+000                  0.0000000000000000E+000                  0.0000000000000000E+000                 -8.0436222495758383E+000                 -9.8999999999999986E+001                  0.0000000000000000E+000                  0.0000000000000000E+000                 -9.8999999999999986E+001                 -9.8999999999999986E+001                  1.4606289542067726E+001                 -9.9000000000000000E+001                 -9.9000000000000000E+001                 -9.9000000000000000E+001 
                 6.2504173222931196E-007                  1.1953002066936949E-001                  6.3349222186471489E-008                  2.0589604213051334E+010                 -3.2877298387426146E+000                  5.4778518872273363E+000                  7.5911270873652953E+013                  2.5489629509393215E+001                  3.4240167369746500E+008                  1.6631222707573532E+000                  3.9559371322358000E-001                  6.2131854753473181E-001                  8.2278143075124999E-001                  8.5000496627254152E-001                  2.0569038712782581E+010                  2.0565500268754359E+007                  3.9657900754333969E-001                  3.9559370419114659E-001                  0.0000000000000000E+000                  6.1987522259929483E+002                  2.0352286877250188E+002                  9.0606612744785297E-020                  9.0606612744785297E-020                  0.0000000000000000E+000                  0.0000000000000000E+000                  3.6248654952124707E-021                  0.0000000000000000E+000                  1.9571155227416279E-001                  6.9999999999999996E-001                  2.9797635251138618E-005                  2.7997020236474884E-001                  4.1193902129486445E-003                  1.2067031330276047E-003                  1.1203876416666529E-002                  2.5129237964844936E-003                  9.5710644087274629E-004                  0.0000000000000000E+000                  0.0000000000000000E+000                  0.0000000000000000E+000                  0.0000000000000000E+000                  0.0000000000000000E+000                  0.0000000000000000E+000                  0.0000000000000000E+000                  0.0000000000000000E+000                  0.0000000000000000E+000                  0.0000000000000000E+000                 -8.0436218719902008E+000                 -9.8999999999999986E+001                  0.0000000000000000E+000                  0.0000000000000000E+000                 -9.8999999999999986E+001                 -9.8999999999999986E+001                  1.4648602760585947E+001                 -9.9000000000000000E+001                 -9.9000000000000000E+001                 -9.9000000000000000E+001 
                 3.1252086539301102E-007                  9.4870499025568253E-002                  3.1679870047851540E-008                  2.0590414164492374E+010                 -3.2877195681997873E+000                  5.4778586454808575E+000                  7.5912214508922969E+013                  2.5489629228275838E+001                  3.4240161807325542E+008                  1.6631223358668150E+000                  3.9559376761913423E-001                  6.2131853312723306E-001                  8.2278132223087008E-001                  8.5000496627254152E-001                  2.0569847384067448E+010                  2.0566780424926389E+007                  3.9661556054996117E-001                  3.9559377309711541E-001                  0.0000000000000000E+000                  6.7770168138576435E+002                  2.0351496207051045E+002                  9.0631521208025939E-020                  9.0631521208025939E-020                  0.0000000000000000E+000                  0.0000000000000000E+000                  3.6258619989802903E-021                  0.0000000000000000E+000                  1.9575643095630069E-001                  6.9999999999999996E-001                  2.9797635251138618E-005                  2.7997020236474884E-001                  4.1193902129486445E-003                  1.2067031330276047E-003                  1.1203876416666529E-002                  2.5129237964844936E-003                  9.5710644087274629E-004                  0.0000000000000000E+000                  0.0000000000000000E+000                  0.0000000000000000E+000                  0.0000000000000000E+000                  0.0000000000000000E+000                  0.0000000000000000E+000                  0.0000000000000000E+000                  0.0000000000000000E+000                  0.0000000000000000E+000                  0.0000000000000000E+000                 -8.0436216338794679E+000                 -9.8999999999999986E+001                  0.0000000000000000E+000                  0.0000000000000000E+000                 -9.8999999999999986E+001                 -9.8999999999999986E+001                  1.4687334979006851E+001                 -9.9000000000000000E+001                 -9.9000000000000000E+001                 -9.9000000000000000E+001 
                 1.5626043180832706E-007                  7.5298499359937238E-002                  1.5841562912308780E-008                  2.0590924409124378E+010                 -3.2877130982857565E+000                  5.4778629028440875E+000                  7.5912808959715281E+013                  2.5489629051271525E+001                  3.4240158303613651E+008                  1.6631223768791730E+000                  3.9559380188335319E-001                  6.2131852405265997E-001                  8.2278125398598800E-001                  8.5000496627254152E-001                  2.0570356822223892E+010                  2.0567586900487233E+007                  3.9663787031674180E-001                  3.9559381840300506E-001                  0.0000000000000000E+000                  7.3725587657802271E+002                  2.0350998145988731E+002                  9.0647215748515060E-020                  9.0647215748515072E-020                  0.0000000000000000E+000                  0.0000000000000000E+000                  3.6264898847145719E-021                  0.0000000000000000E+000                  1.9578476265094477E-001                  6.9999999999999996E-001                  2.9797635251138618E-005                  2.7997020236474884E-001                  4.1193902129486445E-003                  1.2067031330276047E-003                  1.1203876416666529E-002                  2.5129237964844936E-003                  9.5710644087274629E-004                  0.0000000000000000E+000                  0.0000000000000000E+000                  0.0000000000000000E+000                  0.0000000000000000E+000                  0.0000000000000000E+000                  0.0000000000000000E+000                  0.0000000000000000E+000                  0.0000000000000000E+000                  0.0000000000000000E+000                  0.0000000000000000E+000                 -8.0436214837813047E+000                 -9.8999999999999986E+001                  0.0000000000000000E+000                  0.0000000000000000E+000                 -9.8999999999999986E+001                 -9.8999999999999986E+001                  1.4723913356450463E+001                 -9.9000000000000000E+001                 -9.9000000000000000E+001                 -9.9000000000000000E+001 
                 7.8130215015985111E-008                  5.9764333681656921E-002                  7.9212632074824324E-009                  2.0591352991331486E+010                 -3.2877076639861835E+000                  5.4778664787626088E+000                  7.5913308265688391E+013                  2.5489628902698243E+001                  3.4240155360916340E+008                  1.6631224113249361E+000                  3.9559383066179798E-001                  6.2131851643143399E-001                  8.2278119673534478E-001                  8.5000496627254152E-001                  2.0570784727017593E+010                  2.0568264313893862E+007                  3.9665037404777859E-001                  3.9559384912650553E-001                  0.0000000000000000E+000                  7.9943404788568819E+002                  2.0350579818515669E+002                  9.0660400237292213E-020                  9.0660400237292213E-020                  0.0000000000000000E+000                  0.0000000000000000E+000                  3.6270173517291528E-021                  0.0000000000000000E+000                  1.9580858429905268E-001                  6.9999999999999996E-001                  2.9797635251138618E-005                  2.7997020236474884E-001                  4.1193902129486445E-003                  1.2067031330276047E-003                  1.1203876416666529E-002                  2.5129237964844936E-003                  9.5710644087274629E-004                  0.0000000000000000E+000                  0.0000000000000000E+000                  0.0000000000000000E+000                  0.0000000000000000E+000                  0.0000000000000000E+000                  0.0000000000000000E+000                  0.0000000000000000E+000                  0.0000000000000000E+000                  0.0000000000000000E+000                  0.0000000000000000E+000                 -8.0436213576779672E+000                 -9.8999999999999986E+001                  0.0000000000000000E+000                  0.0000000000000000E+000                 -9.8999999999999986E+001                 -9.8999999999999986E+001                  1.4759076933997854E+001                 -9.9000000000000000E+001                 -9.9000000000000000E+001                 -9.9000000000000000E+001 
