                                       1                                        2                                        3                                        4                                        5                                        6                                        7                                        8                                        9                                       10                                       11                                       12                                       13                                       14                                       15                                       16                                       17                                       18                                       19                                       20                                       21                                       22                                       23                                       24                                       25                                       26                                       27                                       28                                       29                                       30                                       31                                       32                                       33                                       34                                       35                                       36                                       37                                       38                                       39                                       40                                       41                                       42                                       43                                       44                                       45                                       46                                       47                                       48                                       49                                       50                                       51                                       52 
                            model_number                                num_zones                             initial_mass                                initial_z                                 star_age                                time_step                                     Teff                            photosphere_L                            photosphere_r                               center_eta                                center_h1                               center_he3                               center_he4                               center_c12                               center_n14                               center_o16                              center_ne20                                star_mass                                star_mdot                             star_mass_h1                            star_mass_he3                            star_mass_he4                            star_mass_c12                            star_mass_n14                            star_mass_o16                           star_mass_ne20                             he_core_mass                              c_core_mass                              o_core_mass                             si_core_mass                             fe_core_mass                   neutron_rich_core_mass                               tau10_mass                             tau10_radius                              tau100_mass                            tau100_radius                             dynamic_time                             kh_timescale                            nuc_timescale                           power_nuc_burn                             power_h_burn                            power_he_burn                                power_neu                                burn_min1                                burn_min2                             time_seconds                           version_number                                 compiler                                    build                         MESA_SDK_version                             math_backend                                     date 
                                       8                                      383                  1.0000000000000000E+000                  2.0000000000000000E-002                  1.6499084799999998E-004                  3.5831807999999986E-005                  4.4379959550637095E+003                  3.0074592650641836E+002                  2.9375475764983083E+001                 -8.0436517022616165E+000                  6.9999999999999996E-001                  2.9797635251138618E-005                  2.7997020236474884E-001                  4.1193902129486445E-003                  1.2067031330276047E-003                  1.1203876416666529E-002                  2.5129237964844936E-003                  9.9999999999993905E-001                 -3.5885118688076466E-010                  6.9999999999995488E-001                  2.9797635251136710E-005                  2.7997020236473080E-001                  4.1193902129483774E-003                  1.2067031330275277E-003                  1.1203876416665804E-002                  2.5129237964843319E-003                  0.0000000000000000E+000                  0.0000000000000000E+000                  0.0000000000000000E+000                  0.0000000000000000E+000                  0.0000000000000000E+000                  0.0000000000000000E+000                  9.9999672294792663E-001                  2.9200254884752482E+001                  9.9999587249292721E-001                  2.9160180921708154E+001                  1.5940830181867357E+006                  2.6570203222253544E+003                  3.3250658175700925E+007                  1.3102527760835648E-021                  1.3102527760835650E-021                  0.0000000000000000E+000                  5.2418800143614873E-023                  5.0000000000000000E+001                  1.0000000000000000E+003                  5.2068059271713455E+003                                  "12778"                               "gfortran"                                  "9.2.0"                    "x86_64-linux-20.3.2"                                 "CRMATH"                               "20260329" 

                                       1                                        2                                        3                                        4                                        5                                        6                                        7                                        8                                        9                                       10                                       11                                       12                                       13                                       14                                       15                                       16                                       17                                       18                                       19                                       20                                       21                                       22                                       23                                       24                                       25                                       26                                       27                                       28                                       29                                       30                                       31                                       32                                       33                                       34                                       35                                       36                                       37                                       38                                       39                                       40                                       41                                       42                                       43                                       44                                       45                                       46                                       47                                       48                                       49                                       50                                       51                                       52                                       53                                       54                                       55                                       56 
                                    mass                                   radius                               luminosity                                 pressure                                   logRho                                     logT                                   energy                                  entropy                                       cp                                   gamma1                                    grada                                       mu                                   free_e                                       ye                                     pgas                                     prad                                    gradr                                    gradT                                 velocity                                 conv_vel                                  opacity                                  eps_nuc                                       pp                                      cno                                 tri_alfa                        eps_nuc_neu_total                              non_nuc_neu                                 eps_grav                                       h1                                      he3                                      he4                                      c12                                      n14                                      o16                                     ne20                                     mg24                                     si28                                      s32                                     ar36                                     ca40                                     ti44                                     cr48                                     fe52                                     fe54                                     fe56                                     ni56                                      eta                                log_omega                                    v_rot                                    j_rot                           dynamo_log_B_r                         dynamo_log_B_phi                               log_D_conv                               log_D_semi                                log_D_ovr                               log_D_thrm 
                 9.9999999999993905E-001                  2.9375475764983083E+001                  3.0074592650641836E+002                  1.7528510575452112E+003                 -8.2098790647291366E+000                  3.6471869206981564E+000                  1.9295438924316860E+012                  2.1037284439570278E+001                  1.6215240458492798E+008                  1.6594346287290578E+000                  3.9650164937174476E-001                  1.2918051759438198E+000                  3.0403518964228823E-003                  8.5000496627254152E-001                  1.7518727409684568E+003                  9.7831657675436901E-001                  1.2503491423563651E-001                  1.2503491423563651E-001                  0.0000000000000000E+000                  0.0000000000000000E+000                  1.2083830453045976E-002                  9.0451221176675573E-028                  9.0451221176675573E-028                  0.0000000000000000E+000                  0.0000000000000000E+000                  3.6186473887266279E-029                  0.0000000000000000E+000                  2.6256822026716941E+006                  6.9999999999999996E-001                  2.9797635251138625E-005                  2.7997020236474884E-001                  4.1193902129486445E-003                  1.2067031330276047E-003                  1.1203876416666534E-002                  2.5129237964844936E-003                  9.5710644087274640E-004                  0.0000000000000000E+000                  0.0000000000000000E+000                  0.0000000000000000E+000                  0.0000000000000000E+000                  0.0000000000000000E+000                  0.0000000000000000E+000                  0.0000000000000000E+000                  0.0000000000000000E+000                  0.0000000000000000E+000                  0.0000000000000000E+000                 -1.8660994945823699E+001                 -9.8999999999999986E+001                  0.0000000000000000E+000                  0.0000000000000000E+000                 -9.8999999999999986E+001                 -9.8999999999999986E+001                 -9.9000000000000000E+001                 -9.9000000000000000E+001                 -9.9000000000000000E+001                 -9.9000000000000000E+001 
                 9.9999999999893907E-001                  2.9375475676758860E+001                  3.0074592514689760E+002                  1.7528524107929554E+003                 -8.2098787712975856E+000                  3.6471869626207325E+000                  1.9295439336322351E+012                  2.1037284030983244E+001                  1.6215240341577426E+008                  1.6594346332718124E+000                  3.9650165145426303E-001                  1.2918051758642226E+000                  3.0403518964790231E-003                  8.5000496627254174E-001                  1.7518740938384522E+003                  9.7831695450320622E-001                  1.2503497338220013E-001                  1.2503497338220013E-001                  0.0000000000000000E+000                  0.0000000000000000E+000                  1.2083838774023090E-002                  9.0451282294798643E-028                  9.0451282294798643E-028                  0.0000000000000000E+000                  0.0000000000000000E+000                  3.6186498338559864E-029                  0.0000000000000000E+000                  2.6257159332914692E+006                  7.0000000000000007E-001                  2.9797635251138608E-005                  2.7997020236474884E-001                  4.1193902129486454E-003                  1.2067031330276041E-003                  1.1203876416666529E-002                  2.5129237964844936E-003                  9.5710644087274618E-004                  0.0000000000000000E+000                  0.0000000000000000E+000                  0.0000000000000000E+000                  0.0000000000000000E+000                  0.0000000000000000E+000                  0.0000000000000000E+000                  0.0000000000000000E+000                  0.0000000000000000E+000                  0.0000000000000000E+000                  0.0000000000000000E+000                 -1.8660994414949705E+001                 -9.8999999999999986E+001                  0.0000000000000000E+000                  0.0000000000000000E+000                 -9.8999999999999986E+001                 -9.8999999999999986E+001                 -9.9000000000000000E+001                 -9.9000000000000000E+001                 -9.9000000000000000E+001                 -9.9000000000000000E+001 
                 9.9999999999768907E-001                  2.9375475566478745E+001                  3.0074592344747475E+002                  1.7528539144015808E+003                 -8.2098784452628450E+000                  3.6471870092013896E+000                  1.9295439794106050E+012                  2.1037283576998213E+001                  1.6215240211671111E+008                  1.6594346383193497E+000                  3.9650165376817581E-001                  1.2918051757757805E+000                  3.0403518965413990E-003                  8.5000496627254185E-001                  1.7518755970273564E+003                  9.7831737422446263E-001                  1.2503512195495287E-001                  1.2503512195495287E-001                  0.0000000000000000E+000                  0.0000000000000000E+000                  1.2083848019550147E-002                  9.0451350203806800E-028                  9.0451350203806800E-028                  0.0000000000000000E+000                  0.0000000000000000E+000                  3.6186525506656865E-029                  0.0000000000000000E+000                  2.6257159387676152E+006                  7.0000000000000007E-001                  2.9797635251138628E-005                  2.7997020236474890E-001                  4.1193902129486462E-003                  1.2067031330276043E-003                  1.1203876416666527E-002                  2.5129237964844945E-003                  9.5710644087274705E-004                  0.0000000000000000E+000                  0.0000000000000000E+000                  0.0000000000000000E+000                  0.0000000000000000E+000                  0.0000000000000000E+000                  0.0000000000000000E+000                  0.0000000000000000E+000                  0.0000000000000000E+000                  0.0000000000000000E+000                  0.0000000000000000E+000                 -1.8660993825090500E+001                 -9.8999999999999986E+001                  0.0000000000000000E+000                  0.0000000000000000E+000                 -9.8999999999999986E+001                 -9.8999999999999986E+001                 -9.9000000000000000E+001                 -9.9000000000000000E+001                 -9.9000000000000000E+001                 -9.9000000000000000E+001 
                 9.9999999999643896E-001                  2.9375475456198728E+001                  3.0074592174805190E+002                  1.7528561698145502E+003                 -8.2098779562113471E+000                  3.6471870790723964E+000                  1.9295440480782476E+012                  2.1037282896021804E+001                  1.6215240016811955E+008                  1.6594346458906271E+000                  3.9650165723904351E-001                  1.2918051756431184E+000                  3.0403518966349592E-003                  8.5000496627254174E-001                  1.7518778518107433E+003                  9.7831800380687650E-001                  1.2503527052766342E-001                  1.2503527052766342E-001                  0.0000000000000000E+000                  0.0000000000000000E+000                  1.2083861887834798E-002                  9.0451452067287100E-028                  9.0451452067287100E-028                  0.0000000000000000E+000                  0.0000000000000000E+000                  3.6186566258789586E-029                  0.0000000000000000E+000                  2.6257162467518011E+006                  7.0000000000000007E-001                  2.9797635251138614E-005                  2.7997020236474879E-001                  4.1193902129486428E-003                  1.2067031330276049E-003                  1.1203876416666526E-002                  2.5129237964844945E-003                  9.5710644087274618E-004                  0.0000000000000000E+000                  0.0000000000000000E+000                  0.0000000000000000E+000                  0.0000000000000000E+000                  0.0000000000000000E+000                  0.0000000000000000E+000                  0.0000000000000000E+000                  0.0000000000000000E+000                  0.0000000000000000E+000                  0.0000000000000000E+000                 -1.8660992940303171E+001                 -9.8999999999999986E+001                  0.0000000000000000E+000                  0.0000000000000000E+000                 -9.8999999999999986E+001                 -9.8999999999999986E+001                 -9.9000000000000000E+001                 -9.9000000000000000E+001                 -9.9000000000000000E+001                 -9.9000000000000000E+001 
                 9.9999999999393907E-001                  2.9375475235638802E+001                  3.0074591834920585E+002                  1.7528606806406317E+003                 -8.2098769781105680E+000                  3.6471872188145031E+000                  1.9295441854136428E+012                  2.1037281534073308E+001                  1.6215239627093172E+008                  1.6594346610332442E+000                  3.9650166418078564E-001                  1.2918051753777924E+000                  3.0403518968220868E-003                  8.5000496627254174E-001                  1.7518823613776578E+003                  9.7831926297375427E-001                  1.2503556767295210E-001                  1.2503556767295210E-001                  0.0000000000000000E+000                  0.0000000000000000E+000                  1.2083889624382184E-002                  9.0451655794129694E-028                  9.0451655794129694E-028                  0.0000000000000000E+000                  0.0000000000000000E+000                  3.6186647763007812E-029                  0.0000000000000000E+000                  2.6257168627117877E+006                  7.0000000000000007E-001                  2.9797635251138635E-005                  2.7997020236474879E-001                  4.1193902129486462E-003                  1.2067031330276051E-003                  1.1203876416666529E-002                  2.5129237964844945E-003                  9.5710644087274662E-004                  0.0000000000000000E+000                  0.0000000000000000E+000                  0.0000000000000000E+000                  0.0000000000000000E+000                  0.0000000000000000E+000                  0.0000000000000000E+000                  0.0000000000000000E+000                  0.0000000000000000E+000                  0.0000000000000000E+000                  0.0000000000000000E+000                 -1.8660991170733936E+001                 -9.8999999999999986E+001                  0.0000000000000000E+000                  0.0000000000000000E+000                 -9.8999999999999986E+001                 -9.8999999999999986E+001                 -9.9000000000000000E+001                 -9.9000000000000000E+001                 -9.9000000000000000E+001                 -9.9000000000000000E+001 
                 9.9999999998893896E-001                  2.9375474794520201E+001                  3.0074591155151205E+002                  1.7528712059021195E+003                 -8.2098746958868709E+000                  3.6471875448798352E+000                  1.9295445058634758E+012                  2.1037278356214983E+001                  1.6215238717748415E+008                  1.6594346963661002E+000                  3.9650168037824141E-001                  1.2918051747586941E+000                  3.0403518972587349E-003                  8.5000496627254174E-001                  1.7518928837010797E+003                  9.7832220103986212E-001                  1.2503616196297127E-001                  1.2503616196297127E-001                  0.0000000000000000E+000                  0.0000000000000000E+000                  1.2083954342877996E-002                  9.0452131156161681E-028                  9.0452131156161681E-028                  0.0000000000000000E+000                  0.0000000000000000E+000                  3.6186837939276682E-029                  0.0000000000000000E+000                  2.6257182999406387E+006                  7.0000000000000007E-001                  2.9797635251138631E-005                  2.7997020236474884E-001                  4.1193902129486462E-003                  1.2067031330276047E-003                  1.1203876416666529E-002                  2.5129237964844932E-003                  9.5710644087274618E-004                  0.0000000000000000E+000                  0.0000000000000000E+000                  0.0000000000000000E+000                  0.0000000000000000E+000                  0.0000000000000000E+000                  0.0000000000000000E+000                  0.0000000000000000E+000                  0.0000000000000000E+000                  0.0000000000000000E+000                  0.0000000000000000E+000                 -1.8660987041766880E+001                 -9.8999999999999986E+001                  0.0000000000000000E+000                  0.0000000000000000E+000                 -9.8999999999999986E+001                 -9.8999999999999986E+001                 -9.9000000000000000E+001                 -9.9000000000000000E+001                 -9.9000000000000000E+001                 -9.9000000000000000E+001 
                 9.9999999997643907E-001                  2.9375473691729066E+001                  3.0074589455726834E+002                  1.7528862419922300E+003                 -8.2098714355956144E+000                  3.6471880106891357E+000                  1.9295449636511021E+012                  2.1037273816472073E+001                  1.6215237418679556E+008                  1.6594347468420187E+000                  3.9650170351763786E-001                  1.2918051738742542E+000                  3.0403518978825324E-003                  8.5000496627254174E-001                  1.7519079155939223E+003                  9.7832639830762835E-001                  1.2503764768540632E-001                  1.2503764768540632E-001                  0.0000000000000000E+000                  0.0000000000000000E+000                  1.2084046797607271E-002                  9.0452810243215355E-028                  9.0452810243215355E-028                  0.0000000000000000E+000                  0.0000000000000000E+000                  3.6187109619035281E-029                  0.0000000000000000E+000                  2.6257203530709716E+006                  7.0000000000000007E-001                  2.9797635251138618E-005                  2.7997020236474873E-001                  4.1193902129486454E-003                  1.2067031330276049E-003                  1.1203876416666529E-002                  2.5129237964844941E-003                  9.5710644087274640E-004                  0.0000000000000000E+000                  0.0000000000000000E+000                  0.0000000000000000E+000                  0.0000000000000000E+000                  0.0000000000000000E+000                  0.0000000000000000E+000                  0.0000000000000000E+000                  0.0000000000000000E+000                  0.0000000000000000E+000                  0.0000000000000000E+000                 -1.8660981143313496E+001                 -9.8999999999999986E+001                  0.0000000000000000E+000                  0.0000000000000000E+000                 -9.8999999999999986E+001                 -9.8999999999999986E+001                 -9.9000000000000000E+001                 -9.9000000000000000E+001                 -9.9000000000000000E+001                 -9.9000000000000000E+001 
                 9.9999999996393907E-001                  2.9375472588946106E+001                  3.0074587756301128E+002                  1.7529087961307641E+003                 -8.2098665452200930E+000                  3.6471887094053135E+000                  1.9295456503358027E+012                  2.1037267006973188E+001                  1.6215235470070976E+008                  1.6594348225565292E+000                  3.9650173822697182E-001                  1.2918051725475717E+000                  3.0403518988182826E-003                  8.5000496627254174E-001                  1.7519304634365010E+003                  9.7833269426311398E-001                  1.2503913340379011E-001                  1.2503913340379011E-001                  0.0000000000000000E+000                  0.0000000000000000E+000                  1.2084185479087215E-002                  9.0453828870574476E-028                  9.0453828870574476E-028                  0.0000000000000000E+000                  0.0000000000000000E+000                  3.6187517137384431E-029                  0.0000000000000000E+000                  2.6257234326885762E+006                  6.9999999999999996E-001                  2.9797635251138635E-005                  2.7997020236474895E-001                  4.1193902129486462E-003                  1.2067031330276049E-003                  1.1203876416666533E-002                  2.5129237964844949E-003                  9.5710644087274705E-004                  0.0000000000000000E+000                  0.0000000000000000E+000                  0.0000000000000000E+000                  0.0000000000000000E+000                  0.0000000000000000E+000                  0.0000000000000000E+000                  0.0000000000000000E+000                  0.0000000000000000E+000                  0.0000000000000000E+000                  0.0000000000000000E+000                 -1.8660972295782400E+001                 -9.8999999999999986E+001                  0.0000000000000000E+000                  0.0000000000000000E+000                 -9.8999999999999986E+001                 -9.8999999999999986E+001                 -9.9000000000000000E+001                 -9.9000000000000000E+001                 -9.9000000000000000E+001                 -9.9000000000000000E+001 
                 9.9999999993893895E-001                  2.9375470383404949E+001                  3.0074584357445747E+002                  1.7529539044213786E+003                 -8.2098567646908656E+000                  3.6471901068469474E+000                  1.9295470237181599E+012                  2.1037253388394813E+001                  1.6215231572830218E+008                  1.6594349739880312E+000                  3.9650180764664039E-001                  1.2918051698941184E+000                  3.0403519006899395E-003                  8.5000496627254174E-001                  1.7519755591349995E+003                  9.7834528637923690E-001                  1.2504210482709177E-001                  1.2504210482709177E-001                  0.0000000000000000E+000                  0.0000000000000000E+000                  1.2084462839862177E-002                  9.0455866113504106E-028                  9.0455866113504106E-028                  0.0000000000000000E+000                  0.0000000000000000E+000                  3.6188332169366488E-029                  0.0000000000000000E+000                  2.6257295916156145E+006                  6.9999999999999996E-001                  2.9797635251138631E-005                  2.7997020236474895E-001                  4.1193902129486454E-003                  1.2067031330276049E-003                  1.1203876416666536E-002                  2.5129237964844941E-003                  9.5710644087274672E-004                  0.0000000000000000E+000                  0.0000000000000000E+000                  0.0000000000000000E+000                  0.0000000000000000E+000                  0.0000000000000000E+000                  0.0000000000000000E+000                  0.0000000000000000E+000                  0.0000000000000000E+000                  0.0000000000000000E+000                  0.0000000000000000E+000                 -1.8660954601262947E+001                 -9.8999999999999986E+001                  0.0000000000000000E+000                  0.0000000000000000E+000                 -9.8999999999999986E+001                 -9.8999999999999986E+001                 -9.9000000000000000E+001                 -9.9000000000000000E+001                 -9.9000000000000000E+001                 -9.9000000000000000E+001 
                 9.9999999988893895E-001                  2.9375465972421015E+001                  3.0074577559719023E+002                  1.7530215668979654E+003                 -8.2098420944561994E+000                  3.6471922030389208E+000                  1.9295490838303853E+012                  2.1037232961602200E+001                  1.6215225726884574E+008                  1.6594352011427627E+000                  3.9650191177920596E-001                  1.2918051659136858E+000                  3.0403519034978730E-003                  8.5000496627254152E-001                  1.7520432027228421E+003                  9.7836417512334295E-001                  1.2504804762729646E-001                  1.2504804762729646E-001                  0.0000000000000000E+000                  0.0000000000000000E+000                  1.2084878875686232E-002                  9.0458921947454395E-028                  9.0458921947454395E-028                  0.0000000000000000E+000                  0.0000000000000000E+000                  3.6189554705159907E-029                  0.0000000000000000E+000                  2.6257388290392812E+006                  6.9999999999999996E-001                  2.9797635251138614E-005                  2.7997020236474890E-001                  4.1193902129486454E-003                  1.2067031330276049E-003                  1.1203876416666531E-002                  2.5129237964844949E-003                  9.5710644087274629E-004                  0.0000000000000000E+000                  0.0000000000000000E+000                  0.0000000000000000E+000                  0.0000000000000000E+000                  0.0000000000000000E+000                  0.0000000000000000E+000                  0.0000000000000000E+000                  0.0000000000000000E+000                  0.0000000000000000E+000                  0.0000000000000000E+000                 -1.8660928060873129E+001                 -9.8999999999999986E+001                  0.0000000000000000E+000                  0.0000000000000000E+000                 -9.8999999999999986E+001                 -9.8999999999999986E+001                 -9.9000000000000000E+001                 -9.9000000000000000E+001                 -9.9000000000000000E+001                 -9.9000000000000000E+001 
                 9.9999999982643906E-001                  2.9375460458875452E+001                  3.0074569062530730E+002                  1.7530967474839149E+003                 -8.2098257949818887E+000                  3.6471945321819552E+000                  1.9295513728977617E+012                  2.1037210266675615E+001                  1.6215219231273270E+008                  1.6594354535473219E+000                  3.9650202748628149E-001                  1.2918051614906305E+000                  3.0403519066184207E-003                  8.5000496627254152E-001                  1.7521183623205025E+003                  9.7838516341254289E-001                  1.2505547604518397E-001                  1.2505547604518397E-001                  0.0000000000000000E+000                  0.0000000000000000E+000                  1.2085341130182982E-002                  9.0462317275768957E-028                  9.0462317275768975E-028                  0.0000000000000000E+000                  0.0000000000000000E+000                  3.6190913061164346E-029                  0.0000000000000000E+000                  2.6257490914895972E+006                  6.9999999999999996E-001                  2.9797635251138611E-005                  2.7997020236474884E-001                  4.1193902129486436E-003                  1.2067031330276051E-003                  1.1203876416666527E-002                  2.5129237964844927E-003                  9.5710644087274629E-004                  0.0000000000000000E+000                  0.0000000000000000E+000                  0.0000000000000000E+000                  0.0000000000000000E+000                  0.0000000000000000E+000                  0.0000000000000000E+000                  0.0000000000000000E+000                  0.0000000000000000E+000                  0.0000000000000000E+000                  0.0000000000000000E+000                 -1.8660898573502802E+001                 -9.8999999999999986E+001                  0.0000000000000000E+000                  0.0000000000000000E+000                 -9.8999999999999986E+001                 -9.8999999999999986E+001                 -9.9000000000000000E+001                 -9.9000000000000000E+001                 -9.9000000000000000E+001                 -9.9000000000000000E+001 
                 9.9999999976393905E-001                  2.9375454945534639E+001                  3.0074560565309218E+002                  1.7532095184475188E+003                 -8.2098013473039746E+000                  3.6471980259521408E+000                  1.9295548065800002E+012                  2.1037176227164743E+001                  1.6215209487727815E+008                  1.6594358321695677E+000                  3.9650220105306139E-001                  1.2918051548554788E+000                  3.0403519113004064E-003                  8.5000496627254185E-001                  1.7522311018003270E+003                  9.7841664719190902E-001                  1.2506290435698086E-001                  1.2506290435698086E-001                  0.0000000000000000E+000                  0.0000000000000000E+000                  1.2086034496568736E-002                  9.0467410187727893E-028                  9.0467410187727893E-028                  0.0000000000000000E+000                  0.0000000000000000E+000                  3.6192950562960519E-029                  0.0000000000000000E+000                  2.6257644832909675E+006                  7.0000000000000007E-001                  2.9797635251138621E-005                  2.7997020236474890E-001                  4.1193902129486454E-003                  1.2067031330276056E-003                  1.1203876416666531E-002                  2.5129237964844936E-003                  9.5710644087274662E-004                  0.0000000000000000E+000                  0.0000000000000000E+000                  0.0000000000000000E+000                  0.0000000000000000E+000                  0.0000000000000000E+000                  0.0000000000000000E+000                  0.0000000000000000E+000                  0.0000000000000000E+000                  0.0000000000000000E+000                  0.0000000000000000E+000                 -1.8660854346170201E+001                 -9.8999999999999986E+001                  0.0000000000000000E+000                  0.0000000000000000E+000                 -9.8999999999999986E+001                 -9.8999999999999986E+001                 -9.9000000000000000E+001                 -9.9000000000000000E+001                 -9.9000000000000000E+001                 -9.9000000000000000E+001 
                 9.9999999963893904E-001                  2.9375443919467681E+001                  3.0074543570766593E+002                  1.7534350607133008E+003                 -8.2097524574914456E+000                  3.6472050137243643E+000                  1.9295616742682681E+012                  2.1037108158632723E+001                  1.6215190000048101E+008                  1.6594365894759693E+000                  3.9650254821154957E-001                  1.2918051415829708E+000                  3.0403519206686743E-003                  8.5000496627254152E-001                  1.7524565810934212E+003                  9.7847961987954124E-001                  1.2507776064338935E-001                  1.2507776064338935E-001                  0.0000000000000000E+000                  0.0000000000000000E+000                  1.2087421174636700E-002                  9.0477595716931544E-028                  9.0477595716931544E-028                  0.0000000000000000E+000                  0.0000000000000000E+000                  3.6197025448647662E-029                  0.0000000000000000E+000                  2.6257952591463602E+006                  6.9999999999999996E-001                  2.9797635251138614E-005                  2.7997020236474890E-001                  4.1193902129486454E-003                  1.2067031330276058E-003                  1.1203876416666527E-002                  2.5129237964844936E-003                  9.5710644087274618E-004                  0.0000000000000000E+000                  0.0000000000000000E+000                  0.0000000000000000E+000                  0.0000000000000000E+000                  0.0000000000000000E+000                  0.0000000000000000E+000                  0.0000000000000000E+000                  0.0000000000000000E+000                  0.0000000000000000E+000                  0.0000000000000000E+000                 -1.8660765905068299E+001                 -9.8999999999999986E+001                  0.0000000000000000E+000                  0.0000000000000000E+000                 -9.8999999999999986E+001                 -9.8999999999999986E+001                 -9.9000000000000000E+001                 -9.9000000000000000E+001                 -9.9000000000000000E+001                 -9.9000000000000000E+001 
                 9.9999999938893902E-001                  2.9375421869791175E+001                  3.0074509581282956E+002                  1.7538861465991461E+003                 -8.2096547000328535E+000                  3.6472189901958281E+000                  1.9295754109396675E+012                  2.1036972063514725E+001                  1.6215151022343105E+008                  1.6594381043358504E+000                  3.9650324262803449E-001                  1.2918051150291421E+000                  3.0403519394223625E-003                  8.5000496627254152E-001                  1.7529075410133764E+003                  9.7860558576965018E-001                  1.2510747191245317E-001                  1.2510747191245317E-001                  0.0000000000000000E+000                  0.0000000000000000E+000                  1.2090194311706695E-002                  9.0497965596515601E-028                  9.0497965596515601E-028                  0.0000000000000000E+000                  0.0000000000000000E+000                  3.6205174748414659E-029                  0.0000000000000000E+000                  2.6258567798270113E+006                  6.9999999999999996E-001                  2.9797635251138614E-005                  2.7997020236474890E-001                  4.1193902129486454E-003                  1.2067031330276047E-003                  1.1203876416666531E-002                  2.5129237964844923E-003                  9.5710644087274629E-004                  0.0000000000000000E+000                  0.0000000000000000E+000                  0.0000000000000000E+000                  0.0000000000000000E+000                  0.0000000000000000E+000                  0.0000000000000000E+000                  0.0000000000000000E+000                  0.0000000000000000E+000                  0.0000000000000000E+000                  0.0000000000000000E+000                 -1.8660589077100838E+001                 -9.8999999999999986E+001                  0.0000000000000000E+000                  0.0000000000000000E+000                 -9.8999999999999986E+001                 -9.8999999999999986E+001                 -9.9000000000000000E+001                 -9.9000000000000000E+001                 -9.9000000000000000E+001                 -9.9000000000000000E+001 
                 9.9999999888893898E-001                  2.9375377780264177E+001                  3.0074441600722974E+002                  1.7549386866512550E+003                 -8.2094267136737660E+000                  3.6472516061098954E+000                  1.9296074692280996E+012                  2.1036654722950068E+001                  1.6215060064927852E+008                  1.6594416401520942E+000                  3.9650486338922564E-001                  1.2918050530279388E+000                  3.0403519832689322E-003                  8.5000496627254185E-001                  1.7539597870446155E+003                  9.7889960663946141E-001                  1.2516688884664171E-001                  1.2516688884664171E-001                  0.0000000000000000E+000                  0.0000000000000000E+000                  1.2096663813240238E-002                  9.0545489304269395E-028                  9.0545489304269395E-028                  0.0000000000000000E+000                  0.0000000000000000E+000                  3.6224187376296263E-029                  0.0000000000000000E+000                  2.6260001875004820E+006                  7.0000000000000018E-001                  2.9797635251138638E-005                  2.7997020236474873E-001                  4.1193902129486436E-003                  1.2067031330276051E-003                  1.1203876416666527E-002                  2.5129237964844949E-003                  9.5710644087274683E-004                  0.0000000000000000E+000                  0.0000000000000000E+000                  0.0000000000000000E+000                  0.0000000000000000E+000                  0.0000000000000000E+000                  0.0000000000000000E+000                  0.0000000000000000E+000                  0.0000000000000000E+000                  0.0000000000000000E+000                  0.0000000000000000E+000                 -1.8660176756169719E+001                 -9.8999999999999986E+001                  0.0000000000000000E+000                  0.0000000000000000E+000                 -9.8999999999999986E+001                 -9.8999999999999986E+001                 -9.9000000000000000E+001                 -9.9000000000000000E+001                 -9.9000000000000000E+001                 -9.9000000000000000E+001 
                 9.9999999763893910E-001                  2.9375267613716073E+001                  3.0074271640041366E+002                  1.7564423378516988E+003                 -8.2091013012993752E+000                  3.6472982170557517E+000                  1.9296532881981355E+012                  2.1036201927209380E+001                  1.6214930076324874E+008                  1.6594466954350264E+000                  3.9650718045073585E-001                  1.2918049643183109E+000                  3.0403520461325237E-003                  8.5000496627254152E-001                  1.7554630179106193E+003                  9.7931994107940767E-001                  1.2531540474641487E-001                  1.2531540474641487E-001                  0.0000000000000000E+000                  0.0000000000000000E+000                  1.2105903281227537E-002                  9.0613364681030568E-028                  9.0613364681030568E-028                  0.0000000000000000E+000                  0.0000000000000000E+000                  3.6251342018509145E-029                  0.0000000000000000E+000                  2.6262045007490749E+006                  6.9999999999999996E-001                  2.9797635251138628E-005                  2.7997020236474890E-001                  4.1193902129486402E-003                  1.2067031330276049E-003                  1.1203876416666527E-002                  2.5129237964844927E-003                  9.5710644087274586E-004                  0.0000000000000000E+000                  0.0000000000000000E+000                  0.0000000000000000E+000                  0.0000000000000000E+000                  0.0000000000000000E+000                  0.0000000000000000E+000                  0.0000000000000000E+000                  0.0000000000000000E+000                  0.0000000000000000E+000                  0.0000000000000000E+000                 -1.8659588434466055E+001                 -9.8999999999999986E+001                  0.0000000000000000E+000                  0.0000000000000000E+000                 -9.8999999999999986E+001                 -9.8999999999999986E+001                 -9.9000000000000000E+001                 -9.9000000000000000E+001                 -9.9000000000000000E+001                 -9.9000000000000000E+001 
                 9.9999999638893899E-001                  2.9375157528858296E+001                  3.0074101666136130E+002                  1.7586978484597939E+003                 -8.2086137936427814E+000                  3.6473681555835982E+000                  1.9297220489917356E+012                  2.1035523880263245E+001                  1.6214735045379531E+008                  1.6594542843504996E+000                  3.9651065842850947E-001                  1.2918048310297223E+000                  3.0403521409021451E-003                  8.5000496627254174E-001                  1.7577178974790634E+003                  9.7995098073059328E-001                  1.2546387931345584E-001                  1.2546387931345584E-001                  0.0000000000000000E+000                  0.0000000000000000E+000                  1.2119756243531525E-002                  9.0715145548819810E-028                  9.0715145548819792E-028                  0.0000000000000000E+000                  0.0000000000000000E+000                  3.6292061100756858E-029                  0.0000000000000000E+000                  2.6265102101969686E+006                  7.0000000000000007E-001                  2.9797635251138608E-005                  2.7997020236474873E-001                  4.1193902129486428E-003                  1.2067031330276047E-003                  1.1203876416666527E-002                  2.5129237964844941E-003                  9.5710644087274629E-004                  0.0000000000000000E+000                  0.0000000000000000E+000                  0.0000000000000000E+000                  0.0000000000000000E+000                  0.0000000000000000E+000                  0.0000000000000000E+000                  0.0000000000000000E+000                  0.0000000000000000E+000                  0.0000000000000000E+000                  0.0000000000000000E+000                 -1.8658707434777366E+001                 -9.8999999999999986E+001                  0.0000000000000000E+000                  0.0000000000000000E+000                 -9.8999999999999986E+001                 -9.8999999999999986E+001                 -9.9000000000000000E+001                 -9.9000000000000000E+001                 -9.9000000000000000E+001                 -9.9000000000000000E+001 
                 9.9999999388893890E-001                  2.9374937603680028E+001                  3.0073761678753260E+002                  1.7632090047591992E+003                 -8.2076409799414005E+000                  3.6475081244246135E+000                  1.9298596992156106E+012                  2.1034171951572844E+001                  1.6214344769535458E+008                  1.6594694858022725E+000                  3.9651762386072786E-001                  1.2918045635901261E+000                  3.0403523321813732E-003                  8.5000496627254185E-001                  1.7622277896495509E+003                  9.8121510964831915E-001                  1.2576068929693024E-001                  1.2576068929693024E-001                  0.0000000000000000E+000                  0.0000000000000000E+000                  1.2147439686560773E-002                  9.0918589461147302E-028                  9.0918589461147302E-028                  0.0000000000000000E+000                  0.0000000000000000E+000                  3.6373452128155198E-029                  0.0000000000000000E+000                  2.6271184637168096E+006                  7.0000000000000007E-001                  2.9797635251138608E-005                  2.7997020236474890E-001                  4.1193902129486454E-003                  1.2067031330276045E-003                  1.1203876416666534E-002                  2.5129237964844941E-003                  9.5710644087274607E-004                  0.0000000000000000E+000                  0.0000000000000000E+000                  0.0000000000000000E+000                  0.0000000000000000E+000                  0.0000000000000000E+000                  0.0000000000000000E+000                  0.0000000000000000E+000                  0.0000000000000000E+000                  0.0000000000000000E+000                  0.0000000000000000E+000                 -1.8656950821241750E+001                 -9.8999999999999986E+001                  0.0000000000000000E+000                  0.0000000000000000E+000                 -9.8999999999999986E+001                 -9.8999999999999986E+001                 -9.9000000000000000E+001                 -9.9000000000000000E+001                 -9.9000000000000000E+001                 -9.9000000000000000E+001 
                 9.9999998888893893E-001                  2.9374498727636826E+001                  3.0073081546517324E+002                  1.7703868927524757E+003                 -8.2060992467670513E+000                  3.6477311256755578E+000                  1.9300791128896113E+012                  2.1032032572528614E+001                  1.6213723063893548E+008                  1.6594937454720231E+000                  3.9652873592737381E-001                  1.2918041354779601E+000                  3.0403526414449328E-003                  8.5000496627254174E-001                  1.7694036602369331E+003                  9.8323251554262681E-001                  1.2635380648506742E-001                  1.2635380648506742E-001                  0.0000000000000000E+000                  0.0000000000000000E+000                  1.2191423322887012E-002                  9.1241946107325113E-028                  9.1241946107325113E-028                  0.0000000000000000E+000                  0.0000000000000000E+000                  3.6502816184063303E-029                  0.0000000000000000E+000                  2.6280756233991091E+006                  7.0000000000000007E-001                  2.9797635251138608E-005                  2.7997020236474884E-001                  4.1193902129486445E-003                  1.2067031330276047E-003                  1.1203876416666524E-002                  2.5129237964844941E-003                  9.5710644087274662E-004                  0.0000000000000000E+000                  0.0000000000000000E+000                  0.0000000000000000E+000                  0.0000000000000000E+000                  0.0000000000000000E+000                  0.0000000000000000E+000                  0.0000000000000000E+000                  0.0000000000000000E+000                  0.0000000000000000E+000                  0.0000000000000000E+000                 -1.8654170967455844E+001                 -9.8999999999999986E+001                  0.0000000000000000E+000                  0.0000000000000000E+000                 -9.8999999999999986E+001                 -9.8999999999999986E+001                 -9.9000000000000000E+001                 -9.9000000000000000E+001                 -9.9000000000000000E+001                 -9.9000000000000000E+001 
                 9.9999998195609074E-001                  2.9373892330309239E+001                  3.0072138152226574E+002                  1.7787281229241028E+003                 -8.2043170827027865E+000                  3.6479907387471027E+000                  1.9303347142242192E+012                  2.1029564526275365E+001                  1.6212999486000380E+008                  1.6595220477550097E+000                  3.9654169367598313E-001                  1.2918036339677226E+000                  3.0403530085736969E-003                  8.5000496627254152E-001                  1.7777425365639067E+003                  9.8558636019602586E-001                  1.2717513396190983E-001                  1.2717513396190983E-001                  0.0000000000000000E+000                  0.0000000000000000E+000                  1.2242433269725629E-002                  9.1617163076909885E-028                  9.1617163076909885E-028                  0.0000000000000000E+000                  0.0000000000000000E+000                  3.6652927801080576E-029                  0.0000000000000000E+000                  2.6291702154017310E+006                  6.9999999999999984E-001                  2.9797635251138631E-005                  2.7997020236474895E-001                  4.1193902129486454E-003                  1.2067031330276047E-003                  1.1203876416666529E-002                  2.5129237964844945E-003                  9.5710644087274662E-004                  0.0000000000000000E+000                  0.0000000000000000E+000                  0.0000000000000000E+000                  0.0000000000000000E+000                  0.0000000000000000E+000                  0.0000000000000000E+000                  0.0000000000000000E+000                  0.0000000000000000E+000                  0.0000000000000000E+000                  0.0000000000000000E+000                 -1.8650963934920963E+001                 -9.8999999999999986E+001                  0.0000000000000000E+000                  0.0000000000000000E+000                 -9.8999999999999986E+001                 -9.8999999999999986E+001                 -9.9000000000000000E+001                 -9.9000000000000000E+001                 -9.9000000000000000E+001                 -9.9000000000000000E+001 
                 9.9999997502324278E-001                  2.9373288391401200E+001                  3.0071194365012644E+002                  1.7904787725062272E+003                 -8.2018232602006869E+000                  3.6483570576563027E+000                  1.9306956689178728E+012                  2.1026119145858985E+001                  1.6211979392952979E+008                  1.6595620555287292E+000                  3.9656000124733359E-001                  1.2918029216803797E+000                  3.0403535397120246E-003                  8.5000496627254152E-001                  1.7894898552387363E+003                  9.8891726749103726E-001                  1.2799500505978920E-001                  1.2799500505978920E-001                  0.0000000000000000E+000                  0.0000000000000000E+000                  1.2314096567106090E-002                  9.2144804470320743E-028                  9.2144804470320725E-028                  0.0000000000000000E+000                  0.0000000000000000E+000                  3.6864019273989721E-029                  0.0000000000000000E+000                  2.6306880776609411E+006                  6.9999999999999996E-001                  2.9797635251138628E-005                  2.7997020236474890E-001                  4.1193902129486445E-003                  1.2067031330276049E-003                  1.1203876416666531E-002                  2.5129237964844945E-003                  9.5710644087274629E-004                  0.0000000000000000E+000                  0.0000000000000000E+000                  0.0000000000000000E+000                  0.0000000000000000E+000                  0.0000000000000000E+000                  0.0000000000000000E+000                  0.0000000000000000E+000                  0.0000000000000000E+000                  0.0000000000000000E+000                  0.0000000000000000E+000                 -1.8646486743581427E+001                 -9.8999999999999986E+001                  0.0000000000000000E+000                  0.0000000000000000E+000                 -9.8999999999999986E+001                 -9.8999999999999986E+001                 -9.9000000000000000E+001                 -9.9000000000000000E+001                 -9.9000000000000000E+001                 -9.9000000000000000E+001 
                 9.9999996242449463E-001                  2.9372197101948618E+001                  3.0069478273480354E+002                  1.8056404083761468E+003                 -8.1986346743492717E+000                  3.6488312264794307E+000                  1.9311634159572805E+012                  2.1021729580077015E+001                  1.6210660375947735E+008                  1.6596139892398325E+000                  3.9658374817403369E-001                  1.2918019904585927E+000                  3.0403542507366900E-003                  8.5000496627254152E-001                  1.8046471628090164E+003                  9.9324556713034806E-001                  1.2948118329959893E-001                  1.2948118329959893E-001                  0.0000000000000000E+000                  0.0000000000000000E+000                  1.2406212765729166E-002                  9.2823872591464596E-028                  9.2823872591464596E-028                  0.0000000000000000E+000                  0.0000000000000000E+000                  3.7135691458333109E-029                  0.0000000000000000E+000                  2.6325767701160400E+006                  6.9999999999999996E-001                  2.9797635251138611E-005                  2.7997020236474890E-001                  4.1193902129486454E-003                  1.2067031330276045E-003                  1.1203876416666527E-002                  2.5129237964844941E-003                  9.5710644087274607E-004                  0.0000000000000000E+000                  0.0000000000000000E+000                  0.0000000000000000E+000                  0.0000000000000000E+000                  0.0000000000000000E+000                  0.0000000000000000E+000                  0.0000000000000000E+000                  0.0000000000000000E+000                  0.0000000000000000E+000                  0.0000000000000000E+000                 -1.8640782242091866E+001                 -9.8999999999999986E+001                  0.0000000000000000E+000                  0.0000000000000000E+000                 -9.8999999999999986E+001                 -9.8999999999999986E+001                 -9.9000000000000000E+001                 -9.9000000000000000E+001                 -9.9000000000000000E+001                 -9.9000000000000000E+001 
                 9.9999994982574647E-001                  2.9371113715182069E+001                  3.0067760949886701E+002                  1.8285202611087298E+003                 -8.1938826882815974E+000                  3.6495487073639472E+000                  1.9318722729767839E+012                  2.1015217007919279E+001                  1.6208670458251089E+008                  1.6596926897288675E+000                  3.9661970550704140E-001                  1.2918005669031614E+000                  3.0403553781025712E-003                  8.5000496627254174E-001                  1.8275204301985680E+003                  9.9983091016182668E-001                  1.3096183765874617E-001                  1.3096183765874617E-001                  0.0000000000000000E+000                  0.0000000000000000E+000                  1.2544414402108156E-002                  9.3845193732225933E-028                  9.3845193732225933E-028                  0.0000000000000000E+000                  0.0000000000000000E+000                  3.7544287498387765E-029                  0.0000000000000000E+000                  2.6352292139479569E+006                  7.0000000000000007E-001                  2.9797635251138625E-005                  2.7997020236474884E-001                  4.1193902129486462E-003                  1.2067031330276051E-003                  1.1203876416666529E-002                  2.5129237964844941E-003                  9.5710644087274629E-004                  0.0000000000000000E+000                  0.0000000000000000E+000                  0.0000000000000000E+000                  0.0000000000000000E+000                  0.0000000000000000E+000                  0.0000000000000000E+000                  0.0000000000000000E+000                  0.0000000000000000E+000                  0.0000000000000000E+000                  0.0000000000000000E+000                 -1.8632318112483976E+001                 -9.8999999999999986E+001                  0.0000000000000000E+000                  0.0000000000000000E+000                 -9.8999999999999986E+001                 -9.8999999999999986E+001                 -9.9000000000000000E+001                 -9.9000000000000000E+001                 -9.9000000000000000E+001                 -9.9000000000000000E+001 
                 9.9999992440551289E-001                  2.9368951336867188E+001                  3.0064292450423181E+002                  1.8748344921426722E+003                 -8.1844778164141303E+000                  3.6510088903036393E+000                  1.9333190492771514E+012                  2.1002430931811951E+001                  1.6204644001756120E+008                  1.6598528768240115E+000                  3.9669279585243550E-001                  1.2917983399126804E+000                  3.0395309080099193E-003                  8.5000496627254152E-001                  1.8738211238983965E+003                  1.0133682442757042E+000                  1.3392910183553913E-001                  1.3392910183553913E-001                  0.0000000000000000E+000                  0.0000000000000000E+000                  1.2820935842524882E-002                  9.5899785847090497E-028                  9.5899785847090497E-028                  0.0000000000000000E+000                  0.0000000000000000E+000                  3.8366260302588761E-029                  0.0000000000000000E+000                  2.6392855298512289E+006                  6.9999999999999996E-001                  2.9797635251138625E-005                  2.7997020236474890E-001                  4.1193902129486445E-003                  1.2067031330276049E-003                  1.1203876416666529E-002                  2.5129237964844936E-003                  9.5710644087274640E-004                  0.0000000000000000E+000                  0.0000000000000000E+000                  0.0000000000000000E+000                  0.0000000000000000E+000                  0.0000000000000000E+000                  0.0000000000000000E+000                  0.0000000000000000E+000                  0.0000000000000000E+000                  0.0000000000000000E+000                  0.0000000000000000E+000                 -1.8615815388954100E+001                 -9.8999999999999986E+001                  0.0000000000000000E+000                  0.0000000000000000E+000                 -9.8999999999999986E+001                 -9.8999999999999986E+001                 -9.9000000000000000E+001                 -9.9000000000000000E+001                 -9.9000000000000000E+001                 -9.9000000000000000E+001 
                 9.9999987288899861E-001                  2.9364662009985793E+001                  3.0057252387438001E+002                  1.9695867188888103E+003                 -8.1660707530738481E+000                  3.6540249094716653E+000                  1.9363293149007556E+012                  2.0977541548241540E+001                  1.6196192340580082E+008                  1.6601780061869662E+000                  3.9684094171705492E-001                  1.2918329454330315E+000                  2.9929244800396080E-003                  8.5000496627254174E-001                  1.9685448061031452E+003                  1.0419127856650803E+000                  1.3985282299472909E-001                  1.3985282299472909E-001                  0.0000000000000000E+000                  0.0000000000000000E+000                  1.3372525783017770E-002                  1.0005208722226225E-027                  1.0005208722226223E-027                  0.0000000000000000E+000                  0.0000000000000000E+000                  4.0027455622353661E-029                  0.0000000000000000E+000                  2.6420195615054742E+006                  7.0000000000000007E-001                  2.9797635251138621E-005                  2.7997020236474884E-001                  4.1193902129486445E-003                  1.2067031330276047E-003                  1.1203876416666529E-002                  2.5129237964844932E-003                  9.5710644087274651E-004                  0.0000000000000000E+000                  0.0000000000000000E+000                  0.0000000000000000E+000                  0.0000000000000000E+000                  0.0000000000000000E+000                  0.0000000000000000E+000                  0.0000000000000000E+000                  0.0000000000000000E+000                  0.0000000000000000E+000                  0.0000000000000000E+000                 -1.8590260925637406E+001                 -9.8999999999999986E+001                  0.0000000000000000E+000                  0.0000000000000000E+000                 -9.8999999999999986E+001                 -9.8999999999999986E+001                 -9.9000000000000000E+001                 -9.9000000000000000E+001                 -9.9000000000000000E+001                 -9.9000000000000000E+001 
                 9.9999976709596561E-001                  2.9356215427176110E+001                  3.0042780112803973E+002                  2.0994628388543179E+003                 -8.1424889010021335E+000                  3.6582311758877930E+000                  1.9405910182190759E+012                  2.0944998470100696E+001                  1.6183535904531386E+008                  1.6605865522923875E+000                  3.9702811860488385E-001                  1.2920921566971579E+000                  2.7041699322054098E-003                  8.5000496627254185E-001                  2.0983797690871393E+003                  1.0830697671785761E+000                  1.5164769728612063E-001                  1.5164769728612063E-001                  0.0000000000000000E+000                  0.0000000000000000E+000                  1.4097764117281433E-002                  1.0563550460321729E-027                  1.0563550460321728E-027                  0.0000000000000000E+000                  0.0000000000000000E+000                  4.2261192045485676E-029                  0.0000000000000000E+000                  2.6361760929916957E+006                  7.0000000000000018E-001                  2.9797635251138601E-005                  2.7997020236474879E-001                  4.1193902129486428E-003                  1.2067031330276049E-003                  1.1203876416666527E-002                  2.5129237964844932E-003                  9.5710644087274607E-004                  0.0000000000000000E+000                  0.0000000000000000E+000                  0.0000000000000000E+000                  0.0000000000000000E+000                  0.0000000000000000E+000                  0.0000000000000000E+000                  0.0000000000000000E+000                  0.0000000000000000E+000                  0.0000000000000000E+000                  0.0000000000000000E+000                 -1.8593938453448605E+001                 -9.8999999999999986E+001                  0.0000000000000000E+000                  0.0000000000000000E+000                 -9.8999999999999986E+001                 -9.8999999999999986E+001                 -9.9000000000000000E+001                 -9.9000000000000000E+001                 -9.9000000000000000E+001                 -9.9000000000000000E+001 
                 9.9999965751402053E-001                  2.9347924010329759E+001                  3.0027822677941884E+002                  2.2341418870122807E+003                 -8.1197674759871656E+000                  3.6626413854710718E+000                  1.9451471529056575E+012                  2.0911785933606623E+001                  1.6169927780489051E+008                  1.6608540353618597E+000                  3.9715881194234554E-001                  1.2927361169045291E+000                  2.1131543167920200E-003                  8.5000496627254152E-001                  2.2330139177334659E+003                  1.1279692788149622E+000                  1.6330210547164184E-001                  1.6330210547164184E-001                  0.0000000000000000E+000                  0.0000000000000000E+000                  1.4814907388083052E-002                  1.1130975382904234E-027                  1.1130975382904234E-027                  0.0000000000000000E+000                  0.0000000000000000E+000                  4.4531267217171126E-029                  0.0000000000000000E+000                  2.6251565842695590E+006                  6.9999999999999996E-001                  2.9797635251138611E-005                  2.7997020236474890E-001                  4.1193902129486445E-003                  1.2067031330276047E-003                  1.1203876416666529E-002                  2.5129237964844936E-003                  9.5710644087274618E-004                  0.0000000000000000E+000                  0.0000000000000000E+000                  0.0000000000000000E+000                  0.0000000000000000E+000                  0.0000000000000000E+000                  0.0000000000000000E+000                  0.0000000000000000E+000                  0.0000000000000000E+000                  0.0000000000000000E+000                  0.0000000000000000E+000                 -1.8665910935548528E+001                 -9.8999999999999986E+001                  0.0000000000000000E+000                  0.0000000000000000E+000                 -9.8999999999999986E+001                 -9.8999999999999986E+001                 -9.9000000000000000E+001                 -9.9000000000000000E+001                 -9.9000000000000000E+001                 -9.9000000000000000E+001 
                 9.9999954400843016E-001                  2.9339768916734698E+001                  3.0012394445835588E+002                  2.3737977502789904E+003                 -8.0978198121277565E+000                  3.6672434803957850E+000                  1.9499888772990754E+012                  2.0877353633296199E+001                  1.6158216155614084E+008                  1.6607711320297955E+000                  3.9715303828185722E-001                  1.2938255163384160E+000                  1.3985946409316153E-003                  8.5000496627254174E-001                  2.3726209421731787E+003                  1.1768081058116371E+000                  1.7474057680684008E-001                  1.7474057680684008E-001                  0.0000000000000000E+000                  3.6589333911440877E-008                  1.5528186527063491E-002                  1.1708001119971630E-027                  1.1708001119971630E-027                  0.0000000000000000E+000                  0.0000000000000000E+000                  4.6839751999932277E-029                  0.0000000000000000E+000                  2.6152546313132769E+006                  6.9999999999999996E-001                  2.9797635251138628E-005                  2.7997020236474895E-001                  4.1193902129486462E-003                  1.2067031330276051E-003                  1.1203876416666533E-002                  2.5129237964844949E-003                  9.5710644087274651E-004                  0.0000000000000000E+000                  0.0000000000000000E+000                  0.0000000000000000E+000                  0.0000000000000000E+000                  0.0000000000000000E+000                  0.0000000000000000E+000                  0.0000000000000000E+000                  0.0000000000000000E+000                  0.0000000000000000E+000                  0.0000000000000000E+000                 -1.8819370167442798E+001                 -9.8999999999999986E+001                  0.0000000000000000E+000                  0.0000000000000000E+000                 -9.8999999999999986E+001                 -9.8999999999999986E+001                 -9.9000000000000000E+001                 -9.9000000000000000E+001                 -9.9000000000000000E+001                  2.3570348105589445E+000 
                 9.9999942643969042E-001                  2.9331733737878444E+001                  2.9996474208394415E+002                  2.5186108173733414E+003                 -8.0765906582467508E+000                  3.6720269142023048E+000                  1.9550958734340977E+012                  2.0841887283171559E+001                  1.6153657186728737E+008                  1.6600641090557140E+000                  3.9690312448629295E-001                  1.2953045327006030E+000                  8.0294305101071570E-004                  8.5000496627254174E-001                  2.5173810035044885E+003                  1.2298138688528562E+000                  1.8597391796556648E-001                  1.8597391796556648E-001                  0.0000000000000000E+000                  7.5339052468779969E-008                  1.6246917192188567E-002                  1.2294581849862164E-027                  1.2294581849862164E-027                  0.0000000000000000E+000                  0.0000000000000000E+000                  4.9186463076800706E-029                  0.0000000000000000E+000                  2.6134365589792547E+006                  7.0000000000000007E-001                  2.9797635251138608E-005                  2.7997020236474884E-001                  4.1193902129486454E-003                  1.2067031330276045E-003                  1.1203876416666529E-002                  2.5129237964844936E-003                  9.5710644087274607E-004                  0.0000000000000000E+000                  0.0000000000000000E+000                  0.0000000000000000E+000                  0.0000000000000000E+000                  0.0000000000000000E+000                  0.0000000000000000E+000                  0.0000000000000000E+000                  0.0000000000000000E+000                  0.0000000000000000E+000                  0.0000000000000000E+000                 -1.9047500425990481E+001                 -9.8999999999999986E+001                  0.0000000000000000E+000                  0.0000000000000000E+000                 -9.8999999999999986E+001                 -9.8999999999999986E+001                 -9.9000000000000000E+001                 -9.9000000000000000E+001                 -9.9000000000000000E+001                  2.6748665233907820E+000 
                 9.9999930466334608E-001                  2.9323803725772418E+001                  2.9979995673589877E+002                  2.7079862269637788E+003                 -8.0509247959409471E+000                  3.6782700534241317E+000                  1.9618525906597466E+012                  2.0797990559200041E+001                  1.6163418560391316E+008                  1.6581434442524667E+000                  3.9618273480871713E-001                  1.2974329054014109E+000                  3.6415314360528384E-004                  8.5000496627254174E-001                  2.7066836243561143E+003                  1.3026026076644972E+000                  1.9709477577337847E-001                  1.9709477577337847E-001                  0.0000000000000000E+000                  0.0000000000000000E+000                  1.7181472934743119E-002                  1.3043133120866879E-027                  1.3043133120866881E-027                  0.0000000000000000E+000                  0.0000000000000000E+000                  5.2181163498684678E-029                  0.0000000000000000E+000                  2.6326208461187929E+006                  7.0000000000000007E-001                  2.9797635251138618E-005                  2.7997020236474884E-001                  4.1193902129486436E-003                  1.2067031330276045E-003                  1.1203876416666531E-002                  2.5129237964844936E-003                  9.5710644087274618E-004                  0.0000000000000000E+000                  0.0000000000000000E+000                  0.0000000000000000E+000                  0.0000000000000000E+000                  0.0000000000000000E+000                  0.0000000000000000E+000                  0.0000000000000000E+000                  0.0000000000000000E+000                  0.0000000000000000E+000                  0.0000000000000000E+000                 -1.9394770927403592E+001                 -9.8999999999999986E+001                  0.0000000000000000E+000                  0.0000000000000000E+000                 -9.8999999999999986E+001                 -9.8999999999999986E+001                 -9.9000000000000000E+001                 -9.9000000000000000E+001                 -9.9000000000000000E+001                 -9.9000000000000000E+001 
                 9.9999911378087503E-001                  2.9312079013285583E+001                  2.9953976226572019E+002                  2.9458572379023040E+003                 -8.0217537801501813E+000                  3.6861028333108066E+000                  1.9704644241915732E+012                  2.0752732948090681E+001                  1.6191662947514060E+008                  1.6550989750967373E+000                  3.9502108798577190E-001                  1.2996678965391641E+000                  1.5974222810969521E-004                  8.5000496627254152E-001                  2.9444571894597661E+003                  1.4000484425376483E+000                  2.1414776990026871E-001                  2.1414776990026871E-001                  0.0000000000000000E+000                  0.0000000000000000E+000                  1.8433543544665205E-002                  1.3949403686025619E-027                  1.3949403686025619E-027                  0.0000000000000000E+000                  0.0000000000000000E+000                  5.5806845464573199E-029                  0.0000000000000000E+000                  2.7023523456349755E+006                  6.9999999999999984E-001                  2.9797635251138635E-005                  2.7997020236474895E-001                  4.1193902129486445E-003                  1.2067031330276047E-003                  1.1203876416666529E-002                  2.5129237964844932E-003                  9.5710644087274618E-004                  0.0000000000000000E+000                  0.0000000000000000E+000                  0.0000000000000000E+000                  0.0000000000000000E+000                  0.0000000000000000E+000                  0.0000000000000000E+000                  0.0000000000000000E+000                  0.0000000000000000E+000                  0.0000000000000000E+000                  0.0000000000000000E+000                 -1.9779157353588495E+001                 -9.8999999999999986E+001                  0.0000000000000000E+000                  0.0000000000000000E+000                 -9.8999999999999986E+001                 -9.8999999999999986E+001                 -9.9000000000000000E+001                 -9.9000000000000000E+001                 -9.9000000000000000E+001                 -9.9000000000000000E+001 
                 9.9999891256594020E-001                  2.9300513353166014E+001                  2.9925821851973251E+002                  3.2194404545653001E+003                 -7.9919911900915048E+000                  3.6951240703417016E+000                  1.9805258158388579E+012                  2.0717610910009007E+001                  1.6228847762701440E+008                  1.6522082828546734E+000                  3.9391069723978883E-001                  1.3008007418772343E+000                  1.0395142880127961E-004                  8.5000496627254152E-001                  3.2179191085164052E+003                  1.5213460488947701E+000                  2.3319989743668887E-001                  2.3319989743668887E-001                  0.0000000000000000E+000                  0.0000000000000000E+000                  2.0198987188487845E-002                  1.4938984695436052E-027                  1.4938984695436054E-027                  0.0000000000000000E+000                  0.0000000000000000E+000                  5.9765824336386190E-029                  0.0000000000000000E+000                  2.8408907580784867E+006                  6.9999999999999996E-001                  2.9797635251138621E-005                  2.7997020236474890E-001                  4.1193902129486445E-003                  1.2067031330276047E-003                  1.1203876416666522E-002                  2.5129237964844932E-003                  9.5710644087274629E-004                  0.0000000000000000E+000                  0.0000000000000000E+000                  0.0000000000000000E+000                  0.0000000000000000E+000                  0.0000000000000000E+000                  0.0000000000000000E+000                  0.0000000000000000E+000                  0.0000000000000000E+000                  0.0000000000000000E+000                  0.0000000000000000E+000                 -1.9987450583569576E+001                 -9.8999999999999986E+001                  0.0000000000000000E+000                  0.0000000000000000E+000                 -9.8999999999999986E+001                 -9.8999999999999986E+001                 -9.9000000000000000E+001                 -9.9000000000000000E+001                 -9.9000000000000000E+001                 -9.9000000000000000E+001 
                 9.9999866352808120E-001                  2.9287135614316487E+001                  2.9889189600971235E+002                  3.5095964551626694E+003                 -7.9643209593522002E+000                  3.7049253498460089E+000                  1.9916258052189741E+012                  2.0694113477381048E+001                  1.6278890792178553E+008                  1.6492789083954922E+000                  3.9277182670709831E-001                  1.3008103960864024E+000                  9.7657225513126826E-005                  8.5000496627254174E-001                  3.5079313827363430E+003                  1.6650724263265273E+000                  2.6205469386704727E-001                  2.6205469386704727E-001                  0.0000000000000000E+000                  0.0000000000000000E+000                  2.2891967804161074E-002                  1.5921869178181652E-027                  1.5921869178181652E-027                  0.0000000000000000E+000                  0.0000000000000000E+000                  6.3698012670260751E-029                  0.0000000000000000E+000                  3.0701281899745381E+006                  7.0000000000000007E-001                  2.9797635251138614E-005                  2.7997020236474884E-001                  4.1193902129486436E-003                  1.2067031330276045E-003                  1.1203876416666524E-002                  2.5129237964844932E-003                  9.5710644087274629E-004                  0.0000000000000000E+000                  0.0000000000000000E+000                  0.0000000000000000E+000                  0.0000000000000000E+000                  0.0000000000000000E+000                  0.0000000000000000E+000                  0.0000000000000000E+000                  0.0000000000000000E+000                  0.0000000000000000E+000                  0.0000000000000000E+000                 -1.9998420963433695E+001                 -9.8999999999999986E+001                  0.0000000000000000E+000                  0.0000000000000000E+000                 -9.8999999999999986E+001                 -9.8999999999999986E+001                 -9.9000000000000000E+001                 -9.9000000000000000E+001                 -9.9000000000000000E+001                 -9.9000000000000000E+001 
                 9.9999843590967596E-001                  2.9275653466733544E+001                  2.9853006350050941E+002                  3.7195927603928390E+003                 -7.9465397623414313E+000                  3.7123681477783670E+000                  2.0002498898425574E+012                  2.0682017677821435E+001                  1.6336095449424878E+008                  1.6460719311061929E+000                  3.9150744108232488E-001                  1.3007563837280696E+000                  9.5288645411862938E-005                  8.5000496627254174E-001                  3.7178095428800011E+003                  1.7832175128377179E+000                  2.9691580532165757E-001                  2.9691580532165757E-001                  0.0000000000000000E+000                  5.9071450605783119E-007                  2.5684006287973987E-002                  1.6587351746775810E-027                  1.6587351746775810E-027                  0.0000000000000000E+000                  0.0000000000000000E+000                  6.6360383313569479E-029                  0.0000000000000000E+000                  3.3364352235317244E+006                  6.9999999999999996E-001                  2.9797635251138631E-005                  2.7997020236474895E-001                  4.1193902129486462E-003                  1.2067031330276051E-003                  1.1203876416666534E-002                  2.5129237964844945E-003                  9.5710644087274651E-004                  0.0000000000000000E+000                  0.0000000000000000E+000                  0.0000000000000000E+000                  0.0000000000000000E+000                  0.0000000000000000E+000                  0.0000000000000000E+000                  0.0000000000000000E+000                  0.0000000000000000E+000                  0.0000000000000000E+000                  0.0000000000000000E+000                 -1.9996831090044726E+001                 -9.8999999999999986E+001                  0.0000000000000000E+000                  0.0000000000000000E+000                 -9.8999999999999986E+001                 -9.8999999999999986E+001                 -9.9000000000000000E+001                 -9.9000000000000000E+001                 -9.9000000000000000E+001                  3.6069010619480486E+000 
                 9.9999831909544201E-001                  2.9269993881564844E+001                  2.9832826303637137E+002                  3.8893570745764109E+003                 -7.9333821928607264E+000                  3.7185803113116505E+000                  2.0076012048946797E+012                  2.0675492186044970E+001                  1.6397480256947386E+008                  1.6427068509013376E+000                  3.9016785435287404E-001                  1.3007119189229424E+000                  9.8246678990547822E-005                  8.5000496627254174E-001                  3.8874688529180094E+003                  1.8882216584014155E+000                  3.1977287326328713E-001                  3.1977287326328713E-001                  0.0000000000000000E+000                  1.6843899250457746E-006                  2.8576517376994213E-002                  1.7097632740351639E-027                  1.7097632740351636E-027                  0.0000000000000000E+000                  0.0000000000000000E+000                  6.8401844955465920E-029                  0.0000000000000000E+000                  3.6059473037219322E+006                  7.0000000000000007E-001                  2.9797635251138618E-005                  2.7997020236474884E-001                  4.1193902129486471E-003                  1.2067031330276049E-003                  1.1203876416666527E-002                  2.5129237964844941E-003                  9.5710644087274640E-004                  0.0000000000000000E+000                  0.0000000000000000E+000                  0.0000000000000000E+000                  0.0000000000000000E+000                  0.0000000000000000E+000                  0.0000000000000000E+000                  0.0000000000000000E+000                  0.0000000000000000E+000                  0.0000000000000000E+000                  0.0000000000000000E+000                 -1.9998840448753249E+001                 -9.8999999999999986E+001                  0.0000000000000000E+000                  0.0000000000000000E+000                 -9.8999999999999986E+001                 -9.8999999999999986E+001                 -9.9000000000000000E+001                 -9.9000000000000000E+001                 -9.9000000000000000E+001                  4.0670071763354576E+000 
                 9.9999815768013767E-001                  2.9262403343259315E+001                  2.9802688764754822E+002                  4.0899984843708335E+003                 -7.9193902921942083E+000                  3.7264141319879256E+000                  2.0170971078571509E+012                  2.0673145964147469E+001                  1.6493856192526120E+008                  1.6375530726995773E+000                  3.8809555896668535E-001                  1.3006590910889186E+000                  1.1456505252866024E-004                  8.5000496627254185E-001                  4.0879689881006634E+003                  2.0294962701701271E+000                  3.5857005567477857E-001                  3.5857005567477857E-001                  0.0000000000000000E+000                  0.0000000000000000E+000                  3.2982873917643075E-002                  1.7657505661485038E-027                  1.7657505661485038E-027                  0.0000000000000000E+000                  0.0000000000000000E+000                  7.0641707123997354E-029                  0.0000000000000000E+000                  4.0299934602017384E+006                  7.0000000000000018E-001                  2.9797635251138611E-005                  2.7997020236474873E-001                  4.1193902129486454E-003                  1.2067031330276043E-003                  1.1203876416666529E-002                  2.5129237964844932E-003                  9.5710644087274618E-004                  0.0000000000000000E+000                  0.0000000000000000E+000                  0.0000000000000000E+000                  0.0000000000000000E+000                  0.0000000000000000E+000                  0.0000000000000000E+000                  0.0000000000000000E+000                  0.0000000000000000E+000                  0.0000000000000000E+000                  0.0000000000000000E+000                 -2.0009042098135311E+001                 -9.8999999999999986E+001                  0.0000000000000000E+000                  0.0000000000000000E+000                 -9.8999999999999986E+001                 -9.8999999999999986E+001                 -9.9000000000000000E+001                 -9.9000000000000000E+001                 -9.9000000000000000E+001                 -9.9000000000000000E+001 
                 9.9999799060184047E-001                  2.9254791643867204E+001                  2.9767825497922735E+002                  4.2980238455224280E+003                 -7.9066701989709554E+000                  3.7352097368812065E+000                  2.0280933535230703E+012                  2.0676168328279928E+001                  1.6632806050224376E+008                  1.6303632774052261E+000                  3.8516676902432123E-001                  1.3005954424579511E+000                  1.5237378977248238E-004                  8.5000496627254207E-001                  4.2958230956919442E+003                  2.2007498304839475E+000                  4.0819349752332162E-001                  4.0819349747956934E-001                  0.0000000000000000E+000                  5.4728624597603960E+002                  3.9088218821562645E-002                  1.8182383091799127E-027                  1.8182383091799127E-027                  0.0000000000000000E+000                  0.0000000000000000E+000                  7.2741564171731233E-029                  0.0000000000000000E+000                  4.6276162192018637E+006                  7.0000000000000007E-001                  2.9797635251138621E-005                  2.7997020236474890E-001                  4.1193902129486471E-003                  1.2067031330276045E-003                  1.1203876416666536E-002                  2.5129237964844949E-003                  9.5710644087274672E-004                  0.0000000000000000E+000                  0.0000000000000000E+000                  0.0000000000000000E+000                  0.0000000000000000E+000                  0.0000000000000000E+000                  0.0000000000000000E+000                  0.0000000000000000E+000                  0.0000000000000000E+000                  0.0000000000000000E+000                  0.0000000000000000E+000                 -2.0029693692622210E+001                 -9.8999999999999986E+001                  0.0000000000000000E+000                  0.0000000000000000E+000                 -9.8999999999999986E+001                 -9.8999999999999986E+001                  1.2594551220210279E+001                 -9.9000000000000000E+001                 -9.9000000000000000E+001                 -9.9000000000000000E+001 
                 9.9999781745157534E-001                  2.9247127009591747E+001                  2.9726337336054104E+002                  4.5137002517297933E+003                 -7.8955560974499468E+000                  3.7453098913830876E+000                  2.0412199626148008E+012                  2.0685424533103884E+001                  1.6844525129816702E+008                  1.6198346677257454E+000                  3.8081111172289089E-001                  1.3004987754206503E+000                  2.1742686640330977E-004                  8.5000496627254185E-001                  4.5112849505411941E+003                  2.4153011885992508E+000                  4.7495910114456197E-001                  4.7495909282942300E-001                  0.0000000000000000E+000                  2.2511463420675918E+003                  4.8139072539753018E-002                  1.8653748062734723E-027                  1.8653748062734726E-027                  0.0000000000000000E+000                  0.0000000000000000E+000                  7.4627335971220311E-029                  0.0000000000000000E+000                  5.5256782155929534E+006                  7.0000000000000007E-001                  2.9797635251138618E-005                  2.7997020236474890E-001                  4.1193902129486454E-003                  1.2067031330276045E-003                  1.1203876416666529E-002                  2.5129237964844932E-003                  9.5710644087274629E-004                  0.0000000000000000E+000                  0.0000000000000000E+000                  0.0000000000000000E+000                  0.0000000000000000E+000                  0.0000000000000000E+000                  0.0000000000000000E+000                  0.0000000000000000E+000                  0.0000000000000000E+000                  0.0000000000000000E+000                  0.0000000000000000E+000                 -2.0059895320084660E+001                 -9.8999999999999986E+001                  0.0000000000000000E+000                  0.0000000000000000E+000                 -9.8999999999999986E+001                 -9.8999999999999986E+001                  1.3218327226818284E+001                 -9.9000000000000000E+001                 -9.9000000000000000E+001                 -9.9000000000000000E+001 
                 9.9999763822934229E-001                  2.9239389971042765E+001                  2.9675060505494224E+002                  4.7373143753237609E+003                 -7.8866536188953544E+000                  3.7573270314392904E+000                  2.0576385812469309E+012                  2.0704680083807474E+001                  1.7191237433568898E+008                  1.6035331614379016E+000                  3.7393406209177044E-001                  1.3003261807226028E+000                  3.1988129021083398E-004                  8.5000496627254185E-001                  4.7346163883077625E+003                  2.6979870159980588E+000                  5.7222826236379853E-001                  5.7222803344248285E-001                  0.0000000000000000E+000                  6.1403202170352879E+003                  6.2944576915707581E-002                  1.9040114642949606E-027                  1.9040114642949606E-027                  0.0000000000000000E+000                  0.0000000000000000E+000                  7.6173057961949672E-029                  0.0000000000000000E+000                  7.0118867089000847E+006                  7.0000000000000007E-001                  2.9797635251138618E-005                  2.7997020236474890E-001                  4.1193902129486445E-003                  1.2067031330276045E-003                  1.1203876416666529E-002                  2.5129237964844936E-003                  9.5710644087274629E-004                  0.0000000000000000E+000                  0.0000000000000000E+000                  0.0000000000000000E+000                  0.0000000000000000E+000                  0.0000000000000000E+000                  0.0000000000000000E+000                  0.0000000000000000E+000                  0.0000000000000000E+000                  0.0000000000000000E+000                  0.0000000000000000E+000                 -2.0081086541664721E+001                 -9.8999999999999986E+001                  0.0000000000000000E+000                  0.0000000000000000E+000                 -9.8999999999999986E+001                 -9.8999999999999986E+001                  1.3665499384584558E+001                 -9.9000000000000000E+001                 -9.9000000000000000E+001                 -9.9000000000000000E+001 
                 9.9999745249679084E-001                  2.9231530377635455E+001                  2.9607628416622248E+002                  4.9101969763390953E+003                 -7.8824106168434342E+000                  3.7685561868984077E+000                  2.0739342352362507E+012                  2.0728982414098660E+001                  1.7636277963180763E+008                  1.5840788746521892E+000                  3.6551671828828713E-001                  1.3000797918604825E+000                  4.5727031726323746E-004                  8.5000496627254174E-001                  4.9072050115574939E+003                  2.9919647816016788E+000                  7.2253958701878351E-001                  7.2253452388524353E-001                  0.0000000000000000E+000                  1.6039348428969730E+004                  8.2278962359760524E-002                  1.9227066508100587E-027                  1.9227066508100587E-027                  0.0000000000000000E+000                  0.0000000000000000E+000                  7.6920989133975809E-029                  0.0000000000000000E+000                  9.0552135769493487E+006                  7.0000000000000007E-001                  2.9797635251138618E-005                  2.7997020236474884E-001                  4.1193902129486445E-003                  1.2067031330276047E-003                  1.1203876416666529E-002                  2.5129237964844932E-003                  9.5710644087274629E-004                  0.0000000000000000E+000                  0.0000000000000000E+000                  0.0000000000000000E+000                  0.0000000000000000E+000                  0.0000000000000000E+000                  0.0000000000000000E+000                  0.0000000000000000E+000                  0.0000000000000000E+000                  0.0000000000000000E+000                  0.0000000000000000E+000                 -2.0053028598758225E+001                 -9.8999999999999986E+001                  0.0000000000000000E+000                  0.0000000000000000E+000                 -9.8999999999999986E+001                 -9.8999999999999986E+001                  1.4096684643515717E+001                 -9.9000000000000000E+001                 -9.9000000000000000E+001                 -9.9000000000000000E+001 
                 9.9999735637535636E-001                  2.9227500740570704E+001                  2.9562561002433529E+002                  4.9986836886012779E+003                 -7.8811772050086057E+000                  3.7750068107580428E+000                  2.0838327102845754E+012                  2.0747124931212500E+001                  1.7960208390039784E+008                  1.5708731822931172E+000                  3.5966631207267930E-001                  1.2998919897892645E+000                  5.6259371470094362E-004                  8.5000496627254185E-001                  4.9955085771625309E+003                  3.1751114387472263E+000                  8.3206374313199527E-001                  8.3203777953653568E-001                  0.0000000000000000E+000                  2.6758287986079777E+004                  9.6600033672183561E-002                  1.9281755730661794E-027                  1.9281755730661797E-027                  0.0000000000000000E+000                  0.0000000000000000E+000                  7.7139782213651034E-029                  0.0000000000000000E+000                  1.0542273230401566E+007                  7.0000000000000007E-001                  2.9797635251138621E-005                  2.7997020236474890E-001                  4.1193902129486445E-003                  1.2067031330276047E-003                  1.1203876416666529E-002                  2.5129237964844936E-003                  9.5710644087274629E-004                  0.0000000000000000E+000                  0.0000000000000000E+000                  0.0000000000000000E+000                  0.0000000000000000E+000                  0.0000000000000000E+000                  0.0000000000000000E+000                  0.0000000000000000E+000                  0.0000000000000000E+000                  0.0000000000000000E+000                  0.0000000000000000E+000                 -2.0008744376560585E+001                 -9.8999999999999986E+001                  0.0000000000000000E+000                  0.0000000000000000E+000                 -9.8999999999999986E+001                 -9.8999999999999986E+001                  1.4327655641248707E+001                 -9.9000000000000000E+001                 -9.9000000000000000E+001                 -9.9000000000000000E+001 
                 9.9999730831463907E-001                  2.9225491220905873E+001                  2.9536326778904305E+002                  5.0576910536676842E+003                 -7.8807384919883186E+000                  3.7796041158334490E+000                  2.0911405589622556E+012                  2.0761470426522326E+001                  1.8225783959506199E+008                  1.5605768302211751E+000                  3.5503354177513874E-001                  1.2997337144709897E+000                  6.5172763195973200E-004                  8.5000496627254185E-001                  5.0543786123521677E+003                  3.3124413155168777E+000                  9.0209114827874393E-001                  9.0202835268087456E-001                  0.0000000000000000E+000                  3.5337616676889600E+004                  1.0857660240971133E-001                  1.9301245658701185E-027                  1.9301245658701185E-027                  0.0000000000000000E+000                  0.0000000000000000E+000                  7.7217754822854125E-029                  0.0000000000000000E+000                  1.1758937715198111E+007                  7.0000000000000007E-001                  2.9797635251138621E-005                  2.7997020236474890E-001                  4.1193902129486445E-003                  1.2067031330276047E-003                  1.1203876416666529E-002                  2.5129237964844936E-003                  9.5710644087274629E-004                  0.0000000000000000E+000                  0.0000000000000000E+000                  0.0000000000000000E+000                  0.0000000000000000E+000                  0.0000000000000000E+000                  0.0000000000000000E+000                  0.0000000000000000E+000                  0.0000000000000000E+000                  0.0000000000000000E+000                  0.0000000000000000E+000                 -1.9963472397487610E+001                 -9.8999999999999986E+001                  0.0000000000000000E+000                  0.0000000000000000E+000                 -9.8999999999999986E+001                 -9.8999999999999986E+001                  1.4453276400609742E+001                 -9.9000000000000000E+001                 -9.9000000000000000E+001                 -9.9000000000000000E+001 
                 9.9999726025392177E-001                  2.9223483454215732E+001                  2.9507064911587372E+002                  5.1462264237286226E+003                 -7.8807623643958564E+000                  3.7870541193553096E+000                  2.1035021366581223E+012                  2.0786592380193156E+001                  1.8728164655673277E+008                  1.5422924794856694E+000                  3.4663856399263493E-001                  1.2994273724012824E+000                  8.2421016769675798E-004                  8.5000496627254185E-001                  5.1426787129538861E+003                  3.5477107747363852E+000                  9.8864292072348725E-001                  9.8847839154313455E-001                  0.0000000000000000E+000                  4.7914498679858414E+004                  1.3161073598207251E-001                  1.9300184614764154E-027                  1.9300184614764154E-027                  0.0000000000000000E+000                  0.0000000000000000E+000                  7.7213509944982746E-029                  0.0000000000000000E+000                  1.4074890245399736E+007                  7.0000000000000007E-001                  2.9797635251138621E-005                  2.7997020236474890E-001                  4.1193902129486445E-003                  1.2067031330276047E-003                  1.1203876416666529E-002                  2.5129237964844936E-003                  9.5710644087274618E-004                  0.0000000000000000E+000                  0.0000000000000000E+000                  0.0000000000000000E+000                  0.0000000000000000E+000                  0.0000000000000000E+000                  0.0000000000000000E+000                  0.0000000000000000E+000                  0.0000000000000000E+000                  0.0000000000000000E+000                  0.0000000000000000E+000                 -1.9865064793422260E+001                 -9.8999999999999986E+001                  0.0000000000000000E+000                  0.0000000000000000E+000                 -9.8999999999999986E+001                 -9.8999999999999986E+001                  1.4590786900678077E+001                 -9.9000000000000000E+001                 -9.9000000000000000E+001                 -9.9000000000000000E+001 
                 9.9999716413248707E-001                  2.9219466872169797E+001                  2.9437014779366865E+002                  5.2686269873317442E+003                 -7.8832692235053736E+000                  3.7995213141268804E+000                  2.1260538673225820E+012                  2.0834068149294744E+001                  1.9817425314650542E+008                  1.5072642254252697E+000                  3.2994378590884660E-001                  1.2987653027291584E+000                  1.2112020908549082E-003                  8.5000496627254152E-001                  5.2646475929169846E+003                  3.9793944147595037E+000                  1.2227153132008408E+000                  1.2213325654304619E+000                  0.0000000000000000E+000                  9.3627607085634780E+004                  1.8192807246547038E-001                  1.9189087673453660E-027                  1.9189087673453660E-027                  0.0000000000000000E+000                  0.0000000000000000E+000                  7.6769048663701680E-029                  0.0000000000000000E+000                  1.9341462828818500E+007                  6.9999999999999996E-001                  2.9797635251138621E-005                  2.7997020236474884E-001                  4.1193902129486445E-003                  1.2067031330276047E-003                  1.1203876416666529E-002                  2.5129237964844936E-003                  9.5710644087274618E-004                  0.0000000000000000E+000                  0.0000000000000000E+000                  0.0000000000000000E+000                  0.0000000000000000E+000                  0.0000000000000000E+000                  0.0000000000000000E+000                  0.0000000000000000E+000                  0.0000000000000000E+000                  0.0000000000000000E+000                  0.0000000000000000E+000                 -1.9633631165494982E+001                 -9.8999999999999986E+001                  0.0000000000000000E+000                  0.0000000000000000E+000                 -9.8999999999999986E+001                 -9.8999999999999986E+001                  1.4894127929768851E+001                 -9.9000000000000000E+001                 -9.9000000000000000E+001                 -9.9000000000000000E+001 
                 9.9999706103096786E-001                  2.9215132437659822E+001                  2.9333762872592791E+002                  5.3637001704864133E+003                 -7.8880167897409050E+000                  3.8116968445964505E+000                  2.1508341705804038E+012                  2.0886070248149103E+001                  2.1261253429220349E+008                  1.4685379679644872E+000                  3.1051125645349859E-001                  1.2978635103049583E+000                  1.7537459021183344E-003                  8.5000496627254174E-001                  5.3592485400002361E+003                  4.4516304861776410E+000                  1.5804301382464239E+000                  1.5648891803570648E+000                  0.0000000000000000E+000                  1.9057066006606477E+005                  2.4763179319258066E-001                  1.8980438361779902E-027                  1.8980438361779899E-027                  0.0000000000000000E+000                  0.0000000000000000E+000                  7.5934313347760532E-029                  0.0000000000000000E+000                  2.5804121935183343E+007                  7.0000000000000007E-001                  2.9797635251138621E-005                  2.7997020236474884E-001                  4.1193902129486445E-003                  1.2067031330276047E-003                  1.1203876416666529E-002                  2.5129237964844936E-003                  9.5710644087274629E-004                  0.0000000000000000E+000                  0.0000000000000000E+000                  0.0000000000000000E+000                  0.0000000000000000E+000                  0.0000000000000000E+000                  0.0000000000000000E+000                  0.0000000000000000E+000                  0.0000000000000000E+000                  0.0000000000000000E+000                  0.0000000000000000E+000                 -1.9336128496074867E+001                 -9.8999999999999986E+001                  0.0000000000000000E+000                  0.0000000000000000E+000                 -9.8999999999999986E+001                 -9.8999999999999986E+001                  1.5219570852943765E+001                 -9.9000000000000000E+001                 -9.9000000000000000E+001                 -9.9000000000000000E+001 
                 9.9999700948020820E-001                  2.9212940909649241E+001                  2.9264886882808065E+002                  5.4271013109359237E+003                 -7.8922311852735429E+000                  3.8206891078415572E+000                  2.1713740175257693E+012                  2.0931301936301427E+001                  2.2627556278902605E+008                  1.4380190170938643E+000                  2.9445884306767900E-001                  1.2969645168951727E+000                  2.2929493388276299E-003                  8.5000496627254174E-001                  5.4222652901270203E+003                  4.8360208089034353E+000                  1.8132747561532268E+000                  1.7619590992530194E+000                  0.0000000000000000E+000                  2.5964476052041564E+005                  3.0745022859757792E-001                  1.8797122924081327E-027                  1.8797122924081323E-027                  0.0000000000000000E+000                  0.0000000000000000E+000                  7.5200930291872814E-029                  0.0000000000000000E+000                  3.0944614637840252E+007                  7.0000000000000007E-001                  2.9797635251138621E-005                  2.7997020236474884E-001                  4.1193902129486445E-003                  1.2067031330276047E-003                  1.1203876416666529E-002                  2.5129237964844936E-003                  9.5710644087274629E-004                  0.0000000000000000E+000                  0.0000000000000000E+000                  0.0000000000000000E+000                  0.0000000000000000E+000                  0.0000000000000000E+000                  0.0000000000000000E+000                  0.0000000000000000E+000                  0.0000000000000000E+000                  0.0000000000000000E+000                  0.0000000000000000E+000                 -1.9083183004022189E+001                 -9.8999999999999986E+001                  0.0000000000000000E+000                  0.0000000000000000E+000                 -9.8999999999999986E+001                 -9.8999999999999986E+001                  1.5363778881128992E+001                 -9.9000000000000000E+001                 -9.9000000000000000E+001                 -9.9000000000000000E+001 
                 9.9999695792944865E-001                  2.9210727677832782E+001                  2.9182289964104859E+002                  5.5222318425617141E+003                 -7.9000707271572477E+000                  3.8353394327858696E+000                  2.2102448229624507E+012                  2.1017857143137157E+001                  2.5562110435511538E+008                  1.3869596417979613E+000                  2.6590176479847039E-001                  1.2949374574275532E+000                  3.5124325690564433E-003                  8.5000496627254174E-001                  5.5166972015014881E+003                  5.5346410602259510E+000                  2.1094100737904840E+000                  1.9464726947320343E+000                  0.0000000000000000E+000                  3.3667082958849258E+005                  4.3209441550761818E-001                  1.8460819978050828E-027                  1.8460819978050824E-027                  0.0000000000000000E+000                  0.0000000000000000E+000                  7.3855495966426844E-029                  0.0000000000000000E+000                  3.9035832341328800E+007                  7.0000000000000007E-001                  2.9797635251138621E-005                  2.7997020236474884E-001                  4.1193902129486454E-003                  1.2067031330276047E-003                  1.1203876416666529E-002                  2.5129237964844936E-003                  9.5710644087274629E-004                  0.0000000000000000E+000                  0.0000000000000000E+000                  0.0000000000000000E+000                  0.0000000000000000E+000                  0.0000000000000000E+000                  0.0000000000000000E+000                  0.0000000000000000E+000                  0.0000000000000000E+000                  0.0000000000000000E+000                  0.0000000000000000E+000                 -1.8637703201012819E+001                 -9.8999999999999986E+001                  0.0000000000000000E+000                  0.0000000000000000E+000                 -9.8999999999999986E+001                 -9.8999999999999986E+001                  1.5487232999527087E+001                 -9.9000000000000000E+001                 -9.9000000000000000E+001                 -9.9000000000000000E+001 
                 9.9999685482792933E-001                  2.9206219548422315E+001                  2.8973902203704972E+002                  5.6491508704940534E+003                 -7.9115996440353946E+000                  3.8551938256192106E+000                  2.2778699350424517E+012                  2.1153553214086898E+001                  3.1410049329363811E+008                  1.3206942179592276E+000                  2.2524116532919936E-001                  1.2905627234728505E+000                  6.1437514201686345E-003                  8.5000496627254152E-001                  5.6425056861680641E+003                  6.6451843259893080E+000                  2.8950775888585034E+000                  2.0116242689400115E+000                  0.0000000000000000E+000                  4.4618166919428931E+005                  6.9899160378314984E-001                  1.7977149528149339E-027                  1.7977149528149339E-027                  0.0000000000000000E+000                  0.0000000000000000E+000                  7.1920494108185634E-029                  0.0000000000000000E+000                  4.5136526477752507E+007                  6.9999999999999996E-001                  2.9797635251138625E-005                  2.7997020236474884E-001                  4.1193902129486445E-003                  1.2067031330276047E-003                  1.1203876416666529E-002                  2.5129237964844941E-003                  9.5710644087274618E-004                  0.0000000000000000E+000                  0.0000000000000000E+000                  0.0000000000000000E+000                  0.0000000000000000E+000                  0.0000000000000000E+000                  0.0000000000000000E+000                  0.0000000000000000E+000                  0.0000000000000000E+000                  0.0000000000000000E+000                  0.0000000000000000E+000                 -1.8037622484095049E+001                 -9.8999999999999986E+001                  0.0000000000000000E+000                  0.0000000000000000E+000                 -9.8999999999999986E+001                 -9.8999999999999986E+001                  1.5630712991980857E+001                 -9.9000000000000000E+001                 -9.9000000000000000E+001                 -9.9000000000000000E+001 
                 9.9999675172641023E-001                  2.9201588693371324E+001                  2.8732946673855258E+002                  5.7807594249245167E+003                 -7.9209359300661539E+000                  3.8724282499895799E+000                  2.3569425776166289E+012                  2.1302105495236422E+001                  3.8862873633799040E+008                  1.2708381832141376E+000                  1.9152278319932581E-001                  1.2845219134031494E+000                  9.7887281723588633E-003                  8.5000496627254152E-001                  5.7729710880248058E+003                  7.7883368997108953E+000                  3.9686965928215630E+000                  1.7234983601631413E+000                  0.0000000000000000E+000                  4.8646702425424667E+005                  1.1239288582575129E+000                  1.7594768328313649E-027                  1.7594768328313649E-027                  0.0000000000000000E+000                  0.0000000000000000E+000                  7.0390716276215816E-029                  0.0000000000000000E+000                  4.8200202585123934E+007                  6.9999999999999996E-001                  2.9797635251138625E-005                  2.7997020236474884E-001                  4.1193902129486445E-003                  1.2067031330276049E-003                  1.1203876416666529E-002                  2.5129237964844941E-003                  9.5710644087274629E-004                  0.0000000000000000E+000                  0.0000000000000000E+000                  0.0000000000000000E+000                  0.0000000000000000E+000                  0.0000000000000000E+000                  0.0000000000000000E+000                  0.0000000000000000E+000                  0.0000000000000000E+000                  0.0000000000000000E+000                  0.0000000000000000E+000                 -1.7600985340720189E+001                 -9.8999999999999986E+001                  0.0000000000000000E+000                  0.0000000000000000E+000                 -9.8999999999999986E+001                 -9.8999999999999986E+001                  1.5687104565289458E+001                 -9.9000000000000000E+001                 -9.9000000000000000E+001                 -9.9000000000000000E+001 
                 9.9999664114146025E-001                  2.9196512094990993E+001                  2.8456959698002021E+002                  5.9170717413289012E+003                 -7.9272879613813920E+000                  3.8864549344398829E+000                  2.4410435507449219E+012                  2.1442627879361194E+001                  4.7083731546135855E+008                  1.2373015926402688E+000                  1.6701325188407573E-001                  1.2774849183810799E+000                  1.4088521247781392E-002                  8.5000496627254152E-001                  5.9082093388901649E+003                  8.8624024387367069E+000                  5.4177435165192573E+000                  1.3857127755019034E+000                  0.0000000000000000E+000                  4.9410111282198614E+005                  1.6941063039823148E+000                  1.7339271732553059E-027                  1.7339271732553059E-027                  0.0000000000000000E+000                  0.0000000000000000E+000                  6.9368560823735166E-029                  0.0000000000000000E+000                  5.0336683842025064E+007                  6.9999999999999996E-001                  2.9797635251138621E-005                  2.7997020236474884E-001                  4.1193902129486445E-003                  1.2067031330276047E-003                  1.1203876416666529E-002                  2.5129237964844936E-003                  9.5710644087274629E-004                  0.0000000000000000E+000                  0.0000000000000000E+000                  0.0000000000000000E+000                  0.0000000000000000E+000                  0.0000000000000000E+000                  0.0000000000000000E+000                  0.0000000000000000E+000                  0.0000000000000000E+000                  0.0000000000000000E+000                  0.0000000000000000E+000                 -1.7297378164775896E+001                 -9.8999999999999986E+001                  0.0000000000000000E+000                  0.0000000000000000E+000                 -9.8999999999999986E+001                 -9.8999999999999986E+001                  1.5710652144968540E+001                 -9.9000000000000000E+001                 -9.9000000000000000E+001                 -9.9000000000000000E+001 
                 9.9999653055651017E-001                  2.9191358894906600E+001                  2.8168739557775291E+002                  6.0534803219166588E+003                 -7.9312346934005609E+000                  3.8977192785158636E+000                  2.5254382645205215E+012                  2.1581284184740035E+001                  5.5384342634306240E+008                  1.2151159761488981E+000                  1.4986100356038048E-001                  1.2700432064694314E+000                  1.8691273163250529E-002                  8.5000496627254174E-001                  6.0436490695703624E+003                  9.8312523462965142E+000                  7.0337534900682854E+000                  1.1379934037392900E+000                  0.0000000000000000E+000                  4.8951992323652038E+005                  2.3631173283055826E+000                  1.7182395353302923E-027                  1.7182395353302923E-027                  0.0000000000000000E+000                  0.0000000000000000E+000                  6.8740951497127296E-029                  0.0000000000000000E+000                  5.2287281528506257E+007                  7.0000000000000007E-001                  2.9797635251138621E-005                  2.7997020236474884E-001                  4.1193902129486454E-003                  1.2067031330276047E-003                  1.1203876416666529E-002                  2.5129237964844936E-003                  9.5710644087274629E-004                  0.0000000000000000E+000                  0.0000000000000000E+000                  0.0000000000000000E+000                  0.0000000000000000E+000                  0.0000000000000000E+000                  0.0000000000000000E+000                  0.0000000000000000E+000                  0.0000000000000000E+000                  0.0000000000000000E+000                  0.0000000000000000E+000                 -1.7062852629147976E+001                 -9.8999999999999986E+001                  0.0000000000000000E+000                  0.0000000000000000E+000                 -9.8999999999999986E+001                 -9.8999999999999986E+001                  1.5720631621116281E+001                 -9.9000000000000000E+001                 -9.9000000000000000E+001                 -9.9000000000000000E+001 
                 9.9999641997156019E-001                  2.9186156805666130E+001                  2.7869350594022399E+002                  6.1899861663148586E+003                 -7.9335501149407968E+000                  3.9070582499344391E+000                  2.6095289947225679E+012                  2.1713500956965998E+001                  6.3582415436074519E+008                  1.1997370885755201E+000                  1.3749437159674990E-001                  1.2624239448670884E+000                  2.3468309805702636E-002                  8.5000496627254185E-001                  6.1792718434488334E+003                  1.0714322866024965E+001                  8.7472162886940392E+000                  9.6431995881540555E-001                  0.0000000000000000E+000                  4.8166149614139181E+005                  3.1186794456411544E+000                  1.7091022446795195E-027                  1.7091022446795195E-027                  0.0000000000000000E+000                  0.0000000000000000E+000                  6.8375399407018996E-029                  0.0000000000000000E+000                  5.4103765649344429E+007                  7.0000000000000007E-001                  2.9797635251138625E-005                  2.7997020236474890E-001                  4.1193902129486445E-003                  1.2067031330276047E-003                  1.1203876416666529E-002                  2.5129237964844936E-003                  9.5710644087274618E-004                  0.0000000000000000E+000                  0.0000000000000000E+000                  0.0000000000000000E+000                  0.0000000000000000E+000                  0.0000000000000000E+000                  0.0000000000000000E+000                  0.0000000000000000E+000                  0.0000000000000000E+000                  0.0000000000000000E+000                  0.0000000000000000E+000                 -1.6872669939611804E+001                 -9.8999999999999986E+001                  0.0000000000000000E+000                  0.0000000000000000E+000                 -9.8999999999999986E+001                 -9.8999999999999986E+001                  1.5725683315141033E+001                 -9.9000000000000000E+001                 -9.9000000000000000E+001                 -9.9000000000000000E+001 
                 9.9999630938661033E-001                  2.9180925037667237E+001                  2.7559560720474383E+002                  6.4048020514102400E+003                 -7.9355554904429111E+000                  3.9194772594124010E+000                  2.7455305870575879E+012                  2.1915219038202316E+001                  7.6610248274223256E+008                  1.1830861922392995E+000                  1.2353586016435389E-001                  1.2498456552194133E+000                  3.1435571999434128E-002                  8.5000496627254152E-001                  6.3927893476518975E+003                  1.2012703758342454E+001                  1.0610270542080869E+001                  8.3739193266476897E-001                  0.0000000000000000E+000                  4.7321822230805299E+005                  4.5092464735661411E+000                  1.7012277587481158E-027                  1.7012277587481154E-027                  0.0000000000000000E+000                  0.0000000000000000E+000                  6.8060367862027110E-029                  0.0000000000000000E+000                  5.6635794805546120E+007                  6.9999999999999996E-001                  2.9797635251138625E-005                  2.7997020236474884E-001                  4.1193902129486445E-003                  1.2067031330276049E-003                  1.1203876416666529E-002                  2.5129237964844936E-003                  9.5710644087274629E-004                  0.0000000000000000E+000                  0.0000000000000000E+000                  0.0000000000000000E+000                  0.0000000000000000E+000                  0.0000000000000000E+000                  0.0000000000000000E+000                  0.0000000000000000E+000                  0.0000000000000000E+000                  0.0000000000000000E+000                  0.0000000000000000E+000                 -1.6627967837870294E+001                 -9.8999999999999986E+001                  0.0000000000000000E+000                  0.0000000000000000E+000                 -9.8999999999999986E+001                 -9.8999999999999986E+001                  1.5728724100273606E+001                 -9.9000000000000000E+001                 -9.9000000000000000E+001                 -9.9000000000000000E+001 
                 9.9999607217138942E-001                  2.9169644075486556E+001                  2.6863932407734274E+002                  6.6982835627221466E+003                 -7.9346402823809523E+000                  3.9322993979049543E+000                  2.9194276377203237E+012                  2.2160643745362343E+001                  9.2740610965951276E+008                  1.1700204385171982E+000                  1.1198981195322805E-001                  1.2336021756468512E+000                  4.1978706728331948E-002                  8.5000496627254152E-001                  6.6847650373283732E+003                  1.3518525393773125E+001                  1.4705015385290215E+001                  6.5903342691580580E-001                  0.0000000000000000E+000                  4.5627336375515949E+005                  6.5848924780273750E+000                  1.7048169852765280E-027                  1.7048169852765280E-027                  0.0000000000000000E+000                  0.0000000000000000E+000                  6.8203960674106714E-029                  0.0000000000000000E+000                  5.9629053319215611E+007                  6.9999999999999996E-001                  2.9797635251138621E-005                  2.7997020236474884E-001                  4.1193902129486454E-003                  1.2067031330276049E-003                  1.1203876416666531E-002                  2.5129237964844936E-003                  9.5710644087274640E-004                  0.0000000000000000E+000                  0.0000000000000000E+000                  0.0000000000000000E+000                  0.0000000000000000E+000                  0.0000000000000000E+000                  0.0000000000000000E+000                  0.0000000000000000E+000                  0.0000000000000000E+000                  0.0000000000000000E+000                  0.0000000000000000E+000                 -1.6381104902855697E+001                 -9.8999999999999986E+001                  0.0000000000000000E+000                  0.0000000000000000E+000                 -9.8999999999999986E+001                 -9.8999999999999986E+001                  1.5732630390347039E+001                 -9.9000000000000000E+001                 -9.9000000000000000E+001                 -9.9000000000000000E+001 
                 9.9999583495616862E-001                  2.9158378156441763E+001                  2.6131539441534153E+002                  7.1605002266447400E+003                 -7.9307858561430873E+000                  3.9482820814970800E+000                  3.1957205270730166E+012                  2.2536355300449099E+001                  1.1706466767862892E+009                  1.1583631736859150E+000                  1.0106302580145962E-001                  1.2079858511345702E+000                  5.9182007186133777E-002                  8.5000496627254174E-001                  7.1448377637354160E+003                  1.5662462909323681E+001                  1.8955399961220465E+001                  5.4862939669245980E-001                  0.0000000000000000E+000                  4.4205731507459015E+005                  1.0476234952508159E+001                  1.7200164154197366E-027                  1.7200164154197366E-027                  0.0000000000000000E+000                  0.0000000000000000E+000                  6.8812038458831123E-029                  0.0000000000000000E+000                  6.2998668177690081E+007                  7.0000000000000007E-001                  2.9797635251138621E-005                  2.7997020236474884E-001                  4.1193902129486454E-003                  1.2067031330276047E-003                  1.1203876416666531E-002                  2.5129237964844936E-003                  9.5710644087274629E-004                  0.0000000000000000E+000                  0.0000000000000000E+000                  0.0000000000000000E+000                  0.0000000000000000E+000                  0.0000000000000000E+000                  0.0000000000000000E+000                  0.0000000000000000E+000                  0.0000000000000000E+000                  0.0000000000000000E+000                  0.0000000000000000E+000                 -1.6083923437096907E+001                 -9.8999999999999986E+001                  0.0000000000000000E+000                  0.0000000000000000E+000                 -9.8999999999999986E+001                 -9.8999999999999986E+001                  1.5735449189211955E+001                 -9.9000000000000000E+001                 -9.9000000000000000E+001                 -9.9000000000000000E+001 
                 9.9999532612395914E-001                  2.9134397047515954E+001                  2.4471762749930286E+002                  7.8160000254071720E+003                 -7.9196114462994593E+000                  3.9639271690076345E+000                  3.5375242843119614E+012                  2.2969371680833103E+001                  1.4481339198557250E+009                  1.1510651847346605E+000                  9.3612792680850834E-002                  1.1771858760519780E+000                  8.0837914893169729E-002                  8.5000496627254185E-001                  7.7979099488173160E+003                  1.8090076589856338E+001                  2.7811341289076175E+001                  4.1111456689843340E-001                  0.0000000000000000E+000                  4.1723769709681143E+005                  1.6326146985820895E+001                  1.7648515335669027E-027                  1.7648515335669030E-027                  0.0000000000000000E+000                  0.0000000000000000E+000                  7.0605739871576396E-029                  0.0000000000000000E+000                  6.5897396113781087E+007                  7.0000000000000007E-001                  2.9797635251138621E-005                  2.7997020236474890E-001                  4.1193902129486454E-003                  1.2067031330276047E-003                  1.1203876416666531E-002                  2.5129237964844936E-003                  9.5710644087274629E-004                  0.0000000000000000E+000                  0.0000000000000000E+000                  0.0000000000000000E+000                  0.0000000000000000E+000                  0.0000000000000000E+000                  0.0000000000000000E+000                  0.0000000000000000E+000                  0.0000000000000000E+000                  0.0000000000000000E+000                  0.0000000000000000E+000                 -1.5800320718870505E+001                 -9.8999999999999986E+001                  0.0000000000000000E+000                  0.0000000000000000E+000                 -9.8999999999999986E+001                 -9.8999999999999986E+001                  1.5739274846661591E+001                 -9.9000000000000000E+001                 -9.9000000000000000E+001                 -9.9000000000000000E+001 
                 9.9999478041313794E-001                  2.9109288905242867E+001                  2.2609784866124107E+002                  8.5214247224074497E+003                 -7.9050093977999021E+000                  3.9763368949991409E+000                  3.8634010482937002E+012                  2.3361074299629639E+001                  1.6897386928709948E+009                  1.1475556087871877E+000                  8.9532305523868982E-002                  1.1489540304721522E+000                  1.0168441383960804E-001                  8.5000496627254185E-001                  8.5011441919811095E+003                  2.0280530426339311E+001                  3.6133254605340582E+001                  3.3053102695297798E-001                  0.0000000000000000E+000                  3.9510570349887130E+005                  2.2930232022908257E+001                  1.8252055622114218E-027                  1.8252055622114218E-027                  0.0000000000000000E+000                  0.0000000000000000E+000                  7.3020300397306974E-029                  0.0000000000000000E+000                  6.6856337540289164E+007                  7.0000000000000007E-001                  2.9797635251138621E-005                  2.7997020236474890E-001                  4.1193902129486454E-003                  1.2067031330276047E-003                  1.1203876416666529E-002                  2.5129237964844941E-003                  9.5710644087274629E-004                  0.0000000000000000E+000                  0.0000000000000000E+000                  0.0000000000000000E+000                  0.0000000000000000E+000                  0.0000000000000000E+000                  0.0000000000000000E+000                  0.0000000000000000E+000                  0.0000000000000000E+000                  0.0000000000000000E+000                  0.0000000000000000E+000                 -1.5580219939758166E+001                 -9.8999999999999986E+001                  0.0000000000000000E+000                  0.0000000000000000E+000                 -9.8999999999999986E+001                 -9.8999999999999986E+001                  1.5739347161332692E+001                 -9.9000000000000000E+001                 -9.9000000000000000E+001                 -9.9000000000000000E+001 
                 9.9999419517009702E-001                  2.9083206360216259E+001                  2.0583863716345184E+002                  9.2806552312737349E+003                 -7.8878884032457908E+000                  3.9866011912756365E+000                  4.1693379217257646E+012                  2.3709552850943503E+001                  1.8960498552784772E+009                  1.1458985996219744E+000                  8.7171238893229627E-002                  1.1235411984024226E+000                  1.2122303118433746E-001                  8.5000496627254152E-001                  9.2583638749191050E+003                  2.2291356354630143E+001                  4.3625114189219339E+001                  2.7677285261061535E-001                  0.0000000000000000E+000                  3.7373082143283635E+005                  3.0053087996043566E+001                  1.8986050820177327E-027                  1.8986050820177327E-027                  0.0000000000000000E+000                  0.0000000000000000E+000                  7.5956766895275258E-029                  0.0000000000000000E+000                  6.6115551957070187E+007                  6.9999999999999996E-001                  2.9797635251138621E-005                  2.7997020236474890E-001                  4.1193902129486454E-003                  1.2067031330276047E-003                  1.1203876416666529E-002                  2.5129237964844941E-003                  9.5710644087274618E-004                  0.0000000000000000E+000                  0.0000000000000000E+000                  0.0000000000000000E+000                  0.0000000000000000E+000                  0.0000000000000000E+000                  0.0000000000000000E+000                  0.0000000000000000E+000                  0.0000000000000000E+000                  0.0000000000000000E+000                  0.0000000000000000E+000                 -1.5400488377343972E+001                 -9.8999999999999986E+001                  0.0000000000000000E+000                  0.0000000000000000E+000                 -9.8999999999999986E+001                 -9.8999999999999986E+001                  1.5735499402999878E+001                 -9.9000000000000000E+001                 -9.9000000000000000E+001                 -9.9000000000000000E+001 
                 9.9999356755254132E-001                  2.9056267478710058E+001                  1.8435328831367096E+002                  1.0097866115839819E+004                 -7.8687178897181171E+000                  3.9953297628292255E+000                  4.4519848768769404E+012                  2.4015315888939714E+001                  2.0687196421506534E+009                  1.1452544136601539E+000                  8.5795870763873655E-002                  1.1010017814318371E+000                  1.3925892187994801E-001                  8.5000496627254185E-001                  1.0073708682997827E+004                  2.4157432841991838E+001                  4.9722731365147965E+001                  2.3801983360470372E-001                  0.0000000000000000E+000                  3.5218897478039138E+005                  3.7503348202515063E+001                  1.9842997609863299E-027                  1.9842997609863299E-027                  0.0000000000000000E+000                  0.0000000000000000E+000                  7.9385121120339968E-029                  0.0000000000000000E+000                  6.3743021199819677E+007                  7.0000000000000007E-001                  2.9797635251138618E-005                  2.7997020236474890E-001                  4.1193902129486454E-003                  1.2067031330276047E-003                  1.1203876416666531E-002                  2.5129237964844936E-003                  9.5710644087274618E-004                  0.0000000000000000E+000                  0.0000000000000000E+000                  0.0000000000000000E+000                  0.0000000000000000E+000                  0.0000000000000000E+000                  0.0000000000000000E+000                  0.0000000000000000E+000                  0.0000000000000000E+000                  0.0000000000000000E+000                  0.0000000000000000E+000                 -1.5247747752132030E+001                 -9.8999999999999986E+001                  0.0000000000000000E+000                  0.0000000000000000E+000                 -9.8999999999999986E+001                 -9.8999999999999986E+001                  1.5727288191925194E+001                 -9.9000000000000000E+001                 -9.9000000000000000E+001                 -9.9000000000000000E+001 
                 9.9999289451600926E-001                  2.9028574532072430E+001                  1.6213989122511546E+002                  1.0977548967941548E+004                 -7.8477716349978941E+000                  4.0028992556639666E+000                  4.7081551224004658E+012                  2.4278317291320427E+001                  2.2101090882509155E+009                  1.1452063648345190E+000                  8.5029551115071350E-002                  1.0813099122589365E+000                  1.5579686180576810E-001                  8.5000496627254185E-001                  1.0951647239120321E+004                  2.5901728821226342E+001                  5.3998529554376105E+001                  2.0854051833082771E-001                  0.0000000000000000E+000                  3.3003343697663536E+005                  4.5133510274739521E+001                  2.0823604829903028E-027                  2.0823604829903028E-027                  0.0000000000000000E+000                  0.0000000000000000E+000                  8.3308198896485212E-029                  0.0000000000000000E+000                  5.9940449745510727E+007                  7.0000000000000007E-001                  2.9797635251138618E-005                  2.7997020236474890E-001                  4.1193902129486454E-003                  1.2067031330276047E-003                  1.1203876416666531E-002                  2.5129237964844941E-003                  9.5710644087274618E-004                  0.0000000000000000E+000                  0.0000000000000000E+000                  0.0000000000000000E+000                  0.0000000000000000E+000                  0.0000000000000000E+000                  0.0000000000000000E+000                  0.0000000000000000E+000                  0.0000000000000000E+000                  0.0000000000000000E+000                  0.0000000000000000E+000                 -1.5113440298847934E+001                 -9.8999999999999986E+001                  0.0000000000000000E+000                  0.0000000000000000E+000                 -9.8999999999999986E+001                 -9.8999999999999986E+001                  1.5714294942471065E+001                 -9.9000000000000000E+001                 -9.9000000000000000E+001                 -9.9000000000000000E+001 
                 9.9999217279850350E-001                  2.9000222120187324E+001                  1.3974077232529285E+002                  1.1924536543851824E+004                 -7.8253163859226875E+000                  4.0095590198285445E+000                  4.9380753811939648E+012                  2.4501798964142296E+001                  2.3242695825058546E+009                  1.1455221371717343E+000                  8.4650990311892882E-002                  1.0642162933023003E+000                  1.7081282807125805E-001                  8.5000496627254152E-001                  1.1896996298254944E+004                  2.7540245596879050E+001                  5.6185353324688357E+001                  1.8520641980319530E-001                  0.0000000000000000E+000                  3.0707751965175738E+005                  5.2855497654423964E+001                  2.1928744988635762E-027                  2.1928744988635762E-027                  0.0000000000000000E+000                  0.0000000000000000E+000                  8.7729490834433693E-029                  0.0000000000000000E+000                  5.4968507768934742E+007                  6.9999999999999996E-001                  2.9797635251138618E-005                  2.7997020236474890E-001                  4.1193902129486445E-003                  1.2067031330276047E-003                  1.1203876416666531E-002                  2.5129237964844936E-003                  9.5710644087274618E-004                  0.0000000000000000E+000                  0.0000000000000000E+000                  0.0000000000000000E+000                  0.0000000000000000E+000                  0.0000000000000000E+000                  0.0000000000000000E+000                  0.0000000000000000E+000                  0.0000000000000000E+000                  0.0000000000000000E+000                  0.0000000000000000E+000                 -1.4992792371369990E+001                 -9.8999999999999986E+001                  0.0000000000000000E+000                  0.0000000000000000E+000                 -9.8999999999999986E+001                 -9.8999999999999986E+001                  1.5696171684631937E+001                 -9.9000000000000000E+001                 -9.9000000000000000E+001                 -9.9000000000000000E+001 
                 9.9999139890534594E-001                  2.8971294925106392E+001                  1.1771461928424378E+002                  1.2944027720812490E+004                 -7.8016148098537350E+000                  4.0154835496198977E+000                  5.1444193014012900E+012                  2.4691303061319182E+001                  2.4155198912617531E+009                  1.1460625928070436E+000                  8.4523463157472167E-002                  1.0493730135573791E+000                  1.8422006200480776E-001                  8.5000496627254174E-001                  1.2914942931106618E+004                  2.9084789705871213E+001                  5.6188409923919373E+001                  1.6618129868312415E-001                  0.0000000000000000E+000                  2.8330917776979745E+005                  6.0636524760586532E+001                  2.3158913836957483E-027                  2.3158913836957483E-027                  0.0000000000000000E+000                  0.0000000000000000E+000                  9.2650980265824075E-029                  0.0000000000000000E+000                  4.9091122629425205E+007                  6.9999999999999996E-001                  2.9797635251138621E-005                  2.7997020236474895E-001                  4.1193902129486445E-003                  1.2067031330276047E-003                  1.1203876416666531E-002                  2.5129237964844941E-003                  9.5710644087274629E-004                  0.0000000000000000E+000                  0.0000000000000000E+000                  0.0000000000000000E+000                  0.0000000000000000E+000                  0.0000000000000000E+000                  0.0000000000000000E+000                  0.0000000000000000E+000                  0.0000000000000000E+000                  0.0000000000000000E+000                  0.0000000000000000E+000                 -1.4883146093855839E+001                 -9.8999999999999986E+001                  0.0000000000000000E+000                  0.0000000000000000E+000                 -9.8999999999999986E+001                 -9.8999999999999986E+001                  1.5672637001541004E+001                 -9.9000000000000000E+001                 -9.9000000000000000E+001                 -9.9000000000000000E+001 
                 9.9999056909377015E-001                  2.8941865754358780E+001                  9.6622211885923647E+001                  1.4041614755317751E+004                 -7.7769206908007487E+000                  4.0208022059507105E+000                  5.3309592215548438E+012                  2.4854051912902694E+001                  2.4878659108134384E+009                  1.1467386704592093E+000                  8.4565420208906311E-002                  1.0364022138975089E+000                  1.9590995199967567E-001                  8.5000496627254174E-001                  1.4011069725504782E+004                  3.0545029812969066E+001                  5.4068621667986470E+001                  1.5036703733568926E-001                  0.0000000000000000E+000                  2.5882355140731472E+005                  6.8464569847107398E+001                  2.4514065466513982E-027                  2.4514065466513982E-027                  0.0000000000000000E+000                  0.0000000000000000E+000                  9.8072483526862947E-029                  0.0000000000000000E+000                  4.2568848280337617E+007                  6.9999999999999996E-001                  2.9797635251138618E-005                  2.7997020236474895E-001                  4.1193902129486445E-003                  1.2067031330276047E-003                  1.1203876416666531E-002                  2.5129237964844936E-003                  9.5710644087274640E-004                  0.0000000000000000E+000                  0.0000000000000000E+000                  0.0000000000000000E+000                  0.0000000000000000E+000                  0.0000000000000000E+000                  0.0000000000000000E+000                  0.0000000000000000E+000                  0.0000000000000000E+000                  0.0000000000000000E+000                  0.0000000000000000E+000                 -1.4783131519600207E+001                 -9.8999999999999986E+001                  0.0000000000000000E+000                  0.0000000000000000E+000                 -9.8999999999999986E+001                 -9.8999999999999986E+001                  1.5643392351638040E+001                 -9.9000000000000000E+001                 -9.9000000000000000E+001                 -9.9000000000000000E+001 
                 9.9998967935562488E-001                  2.8911994292286991E+001                  7.7011299073434998E+001                  1.5223313945385442E+004                 -7.7513511679620235E+000                  4.0256167898963451E+000                  5.4983971829632871E+012                  2.4991061036977243E+001                  2.5440885679798679E+009                  1.1474974132602729E+000                  8.4729280734862661E-002                  1.0251280277479662E+000                  2.0601689711035501E-001                  8.5000496627254174E-001                  1.5191383947547178E+004                  3.1929997838264171E+001                  5.0039613531413011E+001                  1.3710495161084885E-001                  0.0000000000000000E+000                  2.3380490324906111E+005                  7.6346787417940632E+001                  2.6000883156715408E-027                  2.6000883156715408E-027                  0.0000000000000000E+000                  0.0000000000000000E+000                  1.0402073815771175E-028                  0.0000000000000000E+000                  3.5774669373725511E+007                  6.9999999999999996E-001                  2.9797635251138621E-005                  2.7997020236474895E-001                  4.1193902129486445E-003                  1.2067031330276047E-003                  1.1203876416666531E-002                  2.5129237964844941E-003                  9.5710644087274640E-004                  0.0000000000000000E+000                  0.0000000000000000E+000                  0.0000000000000000E+000                  0.0000000000000000E+000                  0.0000000000000000E+000                  0.0000000000000000E+000                  0.0000000000000000E+000                  0.0000000000000000E+000                  0.0000000000000000E+000                  0.0000000000000000E+000                 -1.4690639496734125E+001                 -9.8999999999999986E+001                  0.0000000000000000E+000                  0.0000000000000000E+000                 -9.8999999999999986E+001                 -9.8999999999999986E+001                  1.5608046038353487E+001                 -9.9000000000000000E+001                 -9.9000000000000000E+001                 -9.9000000000000000E+001 
                 9.9998872539828088E-001                  2.8881735127106133E+001                  5.9340821677660550E+001                  1.6495598406505167E+004                 -7.7248228263015690E+000                  4.0300111216909524E+000                  5.6416247977118516E+012                  2.5092848423599612E+001                  2.5854305502981644E+009                  1.1483112103811319E+000                  8.4976333910283364E-002                  1.0156963674880917E+000                  2.1511280030384292E-001                  8.5000496627254174E-001                  1.6462349588074187E+004                  3.3248818430980187E+001                  4.4443898581945547E+001                  1.2597330181138106E-001                  0.0000000000000000E+000                  2.0847304802255967E+005                  8.4308370844565189E+001                  2.7638845599711190E-027                  2.7638845599711194E-027                  0.0000000000000000E+000                  0.0000000000000000E+000                  1.1057367181658252E-028                  0.0000000000000000E+000                  2.9000421509080142E+007                  6.9999999999999996E-001                  2.9797635251138618E-005                  2.7997020236474895E-001                  4.1193902129486445E-003                  1.2067031330276047E-003                  1.1203876416666531E-002                  2.5129237964844941E-003                  9.5710644087274640E-004                  0.0000000000000000E+000                  0.0000000000000000E+000                  0.0000000000000000E+000                  0.0000000000000000E+000                  0.0000000000000000E+000                  0.0000000000000000E+000                  0.0000000000000000E+000                  0.0000000000000000E+000                  0.0000000000000000E+000                  0.0000000000000000E+000                 -1.4601442130149019E+001                 -9.8999999999999986E+001                  0.0000000000000000E+000                  0.0000000000000000E+000                 -9.8999999999999986E+001                 -9.8999999999999986E+001                  1.5565901840355062E+001                 -9.9000000000000000E+001                 -9.9000000000000000E+001                 -9.9000000000000000E+001 
                 9.9998770262351122E-001                  2.8851151108367628E+001                  4.3983056791430840E+001                  1.7865430217793502E+004                 -7.6975090590608684E+000                  4.0340566092641801E+000                  5.7637228691729238E+012                  2.5165274779696468E+001                  2.6149052888219185E+009                  1.1491576427978891E+000                  8.5276208122546382E-002                  1.0078006022116688E+000                  2.2329977824373415E-001                  8.5000496627254174E-001                  1.7830919168294964E+004                  3.4511049498539244E+001                  3.7750971720908154E+001                  1.1668629943331862E-001                  0.0000000000000000E+000                  1.8313104068353967E+005                  9.2363233470118146E+001                  2.9433190386725784E-027                  2.9433190386725784E-027                  0.0000000000000000E+000                  0.0000000000000000E+000                  1.1775223833424165E-028                  0.0000000000000000E+000                  2.2424768156538844E+007                  6.9999999999999996E-001                  2.9797635251138618E-005                  2.7997020236474895E-001                  4.1193902129486445E-003                  1.2067031330276047E-003                  1.1203876416666529E-002                  2.5129237964844941E-003                  9.5710644087274640E-004                  0.0000000000000000E+000                  0.0000000000000000E+000                  0.0000000000000000E+000                  0.0000000000000000E+000                  0.0000000000000000E+000                  0.0000000000000000E+000                  0.0000000000000000E+000                  0.0000000000000000E+000                  0.0000000000000000E+000                  0.0000000000000000E+000                 -1.4515008443108549E+001                 -9.8999999999999986E+001                  0.0000000000000000E+000                  0.0000000000000000E+000                 -9.8999999999999986E+001                 -9.8999999999999986E+001                  1.5516190186714878E+001                 -9.9000000000000000E+001                 -9.9000000000000000E+001                 -9.9000000000000000E+001 
                 9.9998660610654355E-001                  2.8820295011463791E+001                  3.1251338620479846E+001                  1.9340296470126028E+004                 -7.6697273897752520E+000                  4.0378169679766946E+000                  5.8734522437718965E+012                  2.5222296974626978E+001                  2.6361968040433617E+009                  1.1500136533896617E+000                  8.5613847355927961E-002                  1.0008692196938822E+000                  2.3031760962178272E-001                  8.5000496627254152E-001                  1.9304569219096913E+004                  3.5727251029113248E+001                  3.0593106858097595E+001                  1.0907762473808287E-001                  0.0000000000000000E+000                  1.5834963723457439E+005                  1.0052709586147164E+002                  3.1377827021867815E-027                  3.1377827021867812E-027                  0.0000000000000000E+000                  0.0000000000000000E+000                  1.2553207169687134E-028                  0.0000000000000000E+000                  1.6393605856963875E+007                  6.9999999999999996E-001                  2.9797635251138618E-005                  2.7997020236474890E-001                  4.1193902129486445E-003                  1.2067031330276047E-003                  1.1203876416666531E-002                  2.5129237964844941E-003                  9.5710644087274640E-004                  0.0000000000000000E+000                  0.0000000000000000E+000                  0.0000000000000000E+000                  0.0000000000000000E+000                  0.0000000000000000E+000                  0.0000000000000000E+000                  0.0000000000000000E+000                  0.0000000000000000E+000                  0.0000000000000000E+000                  0.0000000000000000E+000                 -1.4433133594991670E+001                 -9.8999999999999986E+001                  0.0000000000000000E+000                  0.0000000000000000E+000                 -9.8999999999999986E+001                 -9.8999999999999986E+001                  1.5458802468158998E+001                 -9.9000000000000000E+001                 -9.9000000000000000E+001                 -9.9000000000000000E+001 
                 9.9998543057437950E-001                  2.8789198472912901E+001                  2.1273127142872426E+001                  2.0928250778106860E+004                 -7.6416539952280651E+000                  4.0413506537249830E+000                  5.9752136846927764E+012                  2.5270005532891712E+001                  2.6510901487865458E+009                  1.1508760170077135E+000                  8.5982576622566129E-002                  9.9460615137214625E-001                  2.3619572577646600E-001                  8.5000496627254174E-001                  2.0891341602548553E+004                  3.6909175558307908E+001                  2.3657730126927135E+001                  1.0303978105393186E-001                  0.0000000000000000E+000                  1.3491131409915458E+005                  1.0883541690006764E+002                  3.3473435053592443E-027                  3.3473435053592443E-027                  0.0000000000000000E+000                  0.0000000000000000E+000                  1.3391589054797359E-028                  0.0000000000000000E+000                  1.1191918802759286E+007                  7.0000000000000007E-001                  2.9797635251138614E-005                  2.7997020236474884E-001                  4.1193902129486445E-003                  1.2067031330276047E-003                  1.1203876416666531E-002                  2.5129237964844936E-003                  9.5710644087274618E-004                  0.0000000000000000E+000                  0.0000000000000000E+000                  0.0000000000000000E+000                  0.0000000000000000E+000                  0.0000000000000000E+000                  0.0000000000000000E+000                  0.0000000000000000E+000                  0.0000000000000000E+000                  0.0000000000000000E+000                  0.0000000000000000E+000                 -1.4355627620639369E+001                 -9.8999999999999986E+001                  0.0000000000000000E+000                  0.0000000000000000E+000                 -9.8999999999999986E+001                 -9.8999999999999986E+001                  1.5394453556681478E+001                 -9.9000000000000000E+001                 -9.9000000000000000E+001                 -9.9000000000000000E+001 
                 9.9998417038184806E-001                  2.8757881298418734E+001                  1.3970398714360082E+001                  2.2637958633215534E+004                 -7.6132951547847547E+000                  4.0447117491256224E+000                  6.0678586112904023E+012                  2.5306021590964807E+001                  2.6606907385415583E+009                  1.1517449567031655E+000                  8.6373155773724578E-002                  9.8903044260121709E-001                  2.4137265504948949E-001                  8.5000496627254152E-001                  2.2599888997067035E+004                  3.8069636148497473E+001                  1.7592642646396584E+001                  9.8482292539238514E-002                  0.0000000000000000E+000                  1.1384674150637563E+005                  1.1734810042268290E+002                  3.5732493238678816E-027                  3.5732493238678823E-027                  0.0000000000000000E+000                  0.0000000000000000E+000                  1.4295361817222268E-028                  0.0000000000000000E+000                  7.0647281912888670E+006                  6.9999999999999996E-001                  2.9797635251138618E-005                  2.7997020236474884E-001                  4.1193902129486436E-003                  1.2067031330276045E-003                  1.1203876416666531E-002                  2.5129237964844936E-003                  9.5710644087274629E-004                  0.0000000000000000E+000                  0.0000000000000000E+000                  0.0000000000000000E+000                  0.0000000000000000E+000                  0.0000000000000000E+000                  0.0000000000000000E+000                  0.0000000000000000E+000                  0.0000000000000000E+000                  0.0000000000000000E+000                  0.0000000000000000E+000                 -1.4280249065974683E+001                 -9.8999999999999986E+001                  0.0000000000000000E+000                  0.0000000000000000E+000                 -9.8999999999999986E+001                 -9.8999999999999986E+001                  1.5325530486169903E+001                 -9.9000000000000000E+001                 -9.9000000000000000E+001                 -9.9000000000000000E+001 
                 9.9998281948400369E-001                  2.8726363326739762E+001                  9.0288661185646593E+000                  2.4478745164456101E+004                 -7.5845307005206566E+000                  4.0479486995708083E+000                  6.1460982081914951E+012                  2.5321290176836218E+001                  2.6656864592402472E+009                  1.1526098862788601E+000                  8.6770551032696958E-002                  9.8436672313519513E-001                  2.4657344962690558E-001                  8.5000496627254174E-001                  2.4439523454132104E+004                  3.9221710323997250E+001                  1.2841928056198787E+001                  9.5270381090200515E-002                  0.0000000000000000E+000                  9.6276052733490753E+004                  1.2614567969432491E+002                  3.8179670332605223E-027                  3.8179670332605223E-027                  0.0000000000000000E+000                  0.0000000000000000E+000                  1.5274394591556424E-028                  0.0000000000000000E+000                  4.0639032442258601E+006                  7.0000000000000007E-001                  2.9797635251138614E-005                  2.7997020236474879E-001                  4.1193902129486436E-003                  1.2067031330276045E-003                  1.1203876416666531E-002                  2.5129237964844936E-003                  9.5710644087274607E-004                  0.0000000000000000E+000                  0.0000000000000000E+000                  0.0000000000000000E+000                  0.0000000000000000E+000                  0.0000000000000000E+000                  0.0000000000000000E+000                  0.0000000000000000E+000                  0.0000000000000000E+000                  0.0000000000000000E+000                  0.0000000000000000E+000                 -1.4203829449867520E+001                 -9.8999999999999986E+001                  0.0000000000000000E+000                  0.0000000000000000E+000                 -9.8999999999999986E+001                 -9.8999999999999986E+001                  1.5257079310983372E+001                 -9.9000000000000000E+001                 -9.9000000000000000E+001                 -9.9000000000000000E+001 
                 9.9998137140658094E-001                  2.8694673586735963E+001                  5.9818213142730459E+000                  2.6460641262402332E+004                 -7.5557119297418405E+000                  4.0511032558110021E+000                  6.2204849564854082E+012                  2.5332963953709996E+001                  2.6682261488903112E+009                  1.1534758683600252E+000                  8.7178923545315895E-002                  9.8001268946045039E-001                  2.5139045639723107E-001                  8.5000496627254185E-001                  2.6420263267135077E+004                  4.0377995267257276E+001                  9.5893255094600232E+000                  9.3231546293195189E-002                  0.0000000000000000E+000                  8.3136836736947400E+004                  1.3527066855064757E+002                  4.0799562011952778E-027                  4.0799562011952778E-027                  0.0000000000000000E+000                  0.0000000000000000E+000                  1.6322524629084462E-028                  0.0000000000000000E+000                  2.1083609790811427E+006                  7.0000000000000018E-001                  2.9797635251138618E-005                  2.7997020236474879E-001                  4.1193902129486436E-003                  1.2067031330276047E-003                  1.1203876416666531E-002                  2.5129237964844936E-003                  9.5710644087274607E-004                  0.0000000000000000E+000                  0.0000000000000000E+000                  0.0000000000000000E+000                  0.0000000000000000E+000                  0.0000000000000000E+000                  0.0000000000000000E+000                  0.0000000000000000E+000                  0.0000000000000000E+000                  0.0000000000000000E+000                  0.0000000000000000E+000                 -1.4129072366330835E+001                 -9.8999999999999986E+001                  0.0000000000000000E+000                  0.0000000000000000E+000                 -9.8999999999999986E+001                 -9.8999999999999986E+001                  1.5197372624693198E+001                 -9.9000000000000000E+001                 -9.9000000000000000E+001                 -9.9000000000000000E+001 
                 9.9997981921839740E-001                  2.8662815896257694E+001                  4.2873546037654942E+000                  2.8594440454490756E+004                 -7.5270360979539133E+000                  4.0542089059564335E+000                  6.2971125590874707E+012                  2.5350564334419655E+001                  2.6690750115727921E+009                  1.1543527002867366E+000                  8.7607762052133942E-002                  9.7563371694063261E-001                  2.5562519992605881E-001                  8.5000496627254174E-001                  2.8552890806060797E+004                  4.1549648429957692E+001                  7.7316595329018876E+000                  9.2140370070446426E-002                  0.0000000000000000E+000                  7.4539518646416225E+004                  1.4477119291095212E+002                  4.3584896417819835E-027                  4.3584896417819835E-027                  0.0000000000000000E+000                  0.0000000000000000E+000                  1.7436842705046504E-028                  0.0000000000000000E+000                  9.9704219830777205E+005                  7.0000000000000007E-001                  2.9797635251138614E-005                  2.7997020236474884E-001                  4.1193902129486436E-003                  1.2067031330276049E-003                  1.1203876416666533E-002                  2.5129237964844936E-003                  9.5710644087274618E-004                  0.0000000000000000E+000                  0.0000000000000000E+000                  0.0000000000000000E+000                  0.0000000000000000E+000                  0.0000000000000000E+000                  0.0000000000000000E+000                  0.0000000000000000E+000                  0.0000000000000000E+000                  0.0000000000000000E+000                  0.0000000000000000E+000                 -1.4057114040002801E+001                 -9.8999999999999986E+001                  0.0000000000000000E+000                  0.0000000000000000E+000                 -9.8999999999999986E+001                 -9.8999999999999986E+001                  1.5153929649120952E+001                 -9.9000000000000000E+001                 -9.9000000000000000E+001                 -9.9000000000000000E+001 
                 9.9997815550090163E-001                  2.8630779638479940E+001                  3.4284660369083642E+000                  3.0891761086529565E+004                 -7.4984426553587564E+000                  4.0572889687689893E+000                  6.3740331679507305E+012                  2.5369687261326192E+001                  2.6683193180149155E+009                  1.1552434856513383E+000                  8.8049628891094786E-002                  9.7131666833526631E-001                  2.5962624484530078E-001                  8.5000496627254152E-001                  3.0849015861806314E+004                  4.2745224723251276E+001                  6.9437347287761337E+000                  9.1708530617199843E-002                  0.0000000000000000E+000                  6.9458762616960827E+004                  1.5471220739943152E+002                  4.6551565315809441E-027                  4.6551565315809434E-027                  0.0000000000000000E+000                  0.0000000000000000E+000                  1.8623706577288489E-028                  0.0000000000000000E+000                  4.3485440191422380E+005                  6.9999999999999996E-001                  2.9797635251138621E-005                  2.7997020236474884E-001                  4.1193902129486445E-003                  1.2067031330276049E-003                  1.1203876416666531E-002                  2.5129237964844936E-003                  9.5710644087274629E-004                  0.0000000000000000E+000                  0.0000000000000000E+000                  0.0000000000000000E+000                  0.0000000000000000E+000                  0.0000000000000000E+000                  0.0000000000000000E+000                  0.0000000000000000E+000                  0.0000000000000000E+000                  0.0000000000000000E+000                  0.0000000000000000E+000                 -1.3986403160681327E+001                 -9.8999999999999986E+001                  0.0000000000000000E+000                  0.0000000000000000E+000                 -9.8999999999999986E+001                 -9.8999999999999986E+001                  1.5127248376424252E+001                 -9.9000000000000000E+001                 -9.9000000000000000E+001                 -9.9000000000000000E+001 
                 9.9997637231293257E-001                  2.8598558521869823E+001                  3.0269668275422723E+000                  3.3365110869571348E+004                 -7.4697557437696602E+000                  4.0603573147427614E+000                  6.4448162159403721E+012                  2.5376471587627258E+001                  2.6663713774731421E+009                  1.1561348993026750E+000                  8.8492573255830501E-002                  9.6735662527065314E-001                  2.6406907888959341E-001                  8.5000496627254174E-001                  3.3321140411649190E+004                  4.3970457922155049E+001                  6.8758071163528003E+000                  9.1663396353497878E-002                  0.0000000000000000E+000                  6.6500989358414285E+004                  1.6516152643038254E+002                  4.9730887095443041E-027                  4.9730887095443041E-027                  0.0000000000000000E+000                  0.0000000000000000E+000                  1.9895645674048150E-028                  0.0000000000000000E+000                  1.7562620857441111E+005                  7.0000000000000007E-001                  2.9797635251138621E-005                  2.7997020236474884E-001                  4.1193902129486445E-003                  1.2067031330276049E-003                  1.1203876416666529E-002                  2.5129237964844936E-003                  9.5710644087274607E-004                  0.0000000000000000E+000                  0.0000000000000000E+000                  0.0000000000000000E+000                  0.0000000000000000E+000                  0.0000000000000000E+000                  0.0000000000000000E+000                  0.0000000000000000E+000                  0.0000000000000000E+000                  0.0000000000000000E+000                  0.0000000000000000E+000                 -1.3913975720189052E+001                 -9.8999999999999986E+001                  0.0000000000000000E+000                  0.0000000000000000E+000                 -9.8999999999999986E+001                 -9.8999999999999986E+001                  1.5112219882034413E+001                 -9.9000000000000000E+001                 -9.9000000000000000E+001                 -9.9000000000000000E+001 
                 9.9997446115165001E-001                  2.8566159253198624E+001                  2.8531745947233089E+000                  3.6027951137709613E+004                 -7.4411149465716786E+000                  4.0634213757581081E+000                  6.5136788987216377E+012                  2.5378621849191912E+001                  2.6635549137921667E+009                  1.1570302213156465E+000                  8.8941016869126005E-002                  9.6352342544915859E-001                  2.6870090015754322E-001                  8.5000496627254152E-001                  3.5982722112001124E+004                  4.5229025708486752E+001                  7.2602056168963758E+000                  9.1818022784307340E-002                  0.0000000000000000E+000                  6.4609369851582174E+004                  1.7614233165995284E+002                  5.3121724869390858E-027                  5.3121724869390850E-027                  0.0000000000000000E+000                  0.0000000000000000E+000                  2.1252205165163481E-028                  0.0000000000000000E+000                  6.0737143343048367E+004                  6.9999999999999996E-001                  2.9797635251138621E-005                  2.7997020236474884E-001                  4.1193902129486454E-003                  1.2067031330276049E-003                  1.1203876416666527E-002                  2.5129237964844941E-003                  9.5710644087274607E-004                  0.0000000000000000E+000                  0.0000000000000000E+000                  0.0000000000000000E+000                  0.0000000000000000E+000                  0.0000000000000000E+000                  0.0000000000000000E+000                  0.0000000000000000E+000                  0.0000000000000000E+000                  0.0000000000000000E+000                  0.0000000000000000E+000                 -1.3841206511173894E+001                 -9.8999999999999986E+001                  0.0000000000000000E+000                  0.0000000000000000E+000                 -9.8999999999999986E+001                 -9.8999999999999986E+001                  1.5103430263413363E+001                 -9.9000000000000000E+001                 -9.9000000000000000E+001                 -9.9000000000000000E+001 
                 9.9997241291461225E-001                  2.8533578194618883E+001                  2.7887608904068206E+000                  3.8894770199782863E+004                 -7.4126857211708641E+000                  4.0664854269301811E+000                  6.5869027666827666E+012                  2.5386996826883344E+001                  2.6598389112931495E+009                  1.1579466789635227E+000                  8.9407977683287065E-002                  9.5951772250720113E-001                  2.7299800992148343E-001                  8.5000496627254174E-001                  3.8848246586480927E+004                  4.6523613301931960E+001                  7.9398840167371274E+000                  9.2081169690914261E-002                  0.0000000000000000E+000                  6.3229519778962058E+004                  1.8766518517599516E+002                  5.6716143259853510E-027                  5.6716143259853502E-027                  0.0000000000000000E+000                  0.0000000000000000E+000                  2.2690210374408900E-028                  0.0000000000000000E+000                  1.3839846976450473E+004                  7.0000000000000007E-001                  2.9797635251138621E-005                  2.7997020236474879E-001                  4.1193902129486445E-003                  1.2067031330276049E-003                  1.1203876416666526E-002                  2.5129237964844945E-003                  9.5710644087274618E-004                  0.0000000000000000E+000                  0.0000000000000000E+000                  0.0000000000000000E+000                  0.0000000000000000E+000                  0.0000000000000000E+000                  0.0000000000000000E+000                  0.0000000000000000E+000                  0.0000000000000000E+000                  0.0000000000000000E+000                  0.0000000000000000E+000                 -1.3770482369462986E+001                 -9.8999999999999986E+001                  0.0000000000000000E+000                  0.0000000000000000E+000                 -9.8999999999999986E+001                 -9.8999999999999986E+001                  1.5097825061800782E+001                 -9.9000000000000000E+001                 -9.9000000000000000E+001                 -9.9000000000000000E+001 
                 9.9997021786093299E-001                  2.8500799194082767E+001                  2.7730312015808489E+000                  4.1981165388013411E+004                 -7.3843882955594387E+000                  4.0695521724414947E+000                  6.6622975326369443E+012                  2.5397107043784253E+001                  2.6550739604780583E+009                  1.1588776812783053E+000                  8.9892681931005552E-002                  9.5545507936019036E-001                  2.7712128573359185E-001                  8.5000496627254174E-001                  4.1933308944637458E+004                  4.7856443375956587E+001                  8.8234745445922140E+000                  9.2407871504429487E-002                  0.0000000000000000E+000                  6.2076595564562245E+004                  1.9977074869693726E+002                  6.0535420499316727E-027                  6.0535420499316727E-027                  0.0000000000000000E+000                  0.0000000000000000E+000                  2.4218174002822055E-028                  0.0000000000000000E+000                 -3.6533976373877567E+003                  7.0000000000000007E-001                  2.9797635251138618E-005                  2.7997020236474884E-001                  4.1193902129486445E-003                  1.2067031330276047E-003                  1.1203876416666529E-002                  2.5129237964844945E-003                  9.5710644087274629E-004                  0.0000000000000000E+000                  0.0000000000000000E+000                  0.0000000000000000E+000                  0.0000000000000000E+000                  0.0000000000000000E+000                  0.0000000000000000E+000                  0.0000000000000000E+000                  0.0000000000000000E+000                  0.0000000000000000E+000                  0.0000000000000000E+000                 -1.3700756041682034E+001                 -9.8999999999999986E+001                  0.0000000000000000E+000                  0.0000000000000000E+000                 -9.8999999999999986E+001                 -9.8999999999999986E+001                  1.5093678550619828E+001                 -9.9000000000000000E+001                 -9.9000000000000000E+001                 -9.9000000000000000E+001 
                 9.9996786556656347E-001                  2.8467811880243463E+001                  2.7774809177218285E+000                  4.5303927522279111E+004                 -7.3561364117627610E+000                  4.0726232898854207E+000                  6.7367697808960908E+012                  2.5404651279289830E+001                  2.6497121419072008E+009                  1.1598245608112692E+000                  9.0385185407860391E-002                  9.5147168534599702E-001                  2.8136484355559654E-001                  8.5000496627254174E-001                  4.5254698083013056E+004                  4.9229439266055472E+001                  9.8668217546929000E+000                  9.2768920175641242E-002                  0.0000000000000000E+000                  6.1016953983504260E+004                  2.1250480208888470E+002                  6.4605138952757493E-027                  6.4605138952757493E-027                  0.0000000000000000E+000                  0.0000000000000000E+000                  2.5846330689254245E-028                  0.0000000000000000E+000                 -8.1306579004316518E+003                  7.0000000000000007E-001                  2.9797635251138611E-005                  2.7997020236474884E-001                  4.1193902129486454E-003                  1.2067031330276045E-003                  1.1203876416666529E-002                  2.5129237964844945E-003                  9.5710644087274629E-004                  0.0000000000000000E+000                  0.0000000000000000E+000                  0.0000000000000000E+000                  0.0000000000000000E+000                  0.0000000000000000E+000                  0.0000000000000000E+000                  0.0000000000000000E+000                  0.0000000000000000E+000                  0.0000000000000000E+000                  0.0000000000000000E+000                 -1.3631115350265745E+001                 -9.8999999999999986E+001                  0.0000000000000000E+000                  0.0000000000000000E+000                 -9.8999999999999986E+001                 -9.8999999999999986E+001                  1.5090043924784208E+001                 -9.9000000000000000E+001                 -9.9000000000000000E+001                 -9.9000000000000000E+001 
                 9.9996534487527777E-001                  2.8434612285392479E+001                  2.7880927174792611E+000                  4.8881132250335242E+004                 -7.3278278809932722E+000                  4.0756997969370667E+000                  6.8068384610801143E+012                  2.5404180073101674E+001                  2.6437117712734165E+009                  1.1607677440568274E+000                  9.0881284513178784E-002                  9.4772906035109916E-001                  2.8599917936708036E-001                  8.5000496627254174E-001                  4.8830487910155134E+004                  5.0644340180104571E+001                  1.1048337217835666E+001                  9.3145762304264357E-002                  0.0000000000000000E+000                  5.9983167571110120E+004                  2.2592178725549422E+002                  6.8957484442100931E-027                  6.8957484442100931E-027                  0.0000000000000000E+000                  0.0000000000000000E+000                  2.7587556892306209E-028                  0.0000000000000000E+000                 -8.5259264241546643E+003                  7.0000000000000007E-001                  2.9797635251138614E-005                  2.7997020236474884E-001                  4.1193902129486462E-003                  1.2067031330276049E-003                  1.1203876416666531E-002                  2.5129237964844945E-003                  9.5710644087274662E-004                  0.0000000000000000E+000                  0.0000000000000000E+000                  0.0000000000000000E+000                  0.0000000000000000E+000                  0.0000000000000000E+000                  0.0000000000000000E+000                  0.0000000000000000E+000                  0.0000000000000000E+000                  0.0000000000000000E+000                  0.0000000000000000E+000                 -1.3560359082270814E+001                 -9.8999999999999986E+001                  0.0000000000000000E+000                  0.0000000000000000E+000                 -9.8999999999999986E+001                 -9.8999999999999986E+001                  1.5086373996915800E+001                 -9.9000000000000000E+001                 -9.9000000000000000E+001                 -9.9000000000000000E+001 
                 9.9996264384553801E-001                  2.8401204222945353E+001                  2.8000165164327804E+000                  5.2732234100455411E+004                 -7.2996323849052125E+000                  4.0787826100692000E+000                  6.8784967895729209E+012                  2.5405606677355888E+001                  2.6368283656901331E+009                  1.1617207734788746E+000                  9.1388936450872565E-002                  9.4394606690074490E-001                  2.9047909364881042E-001                  8.5000496627254185E-001                  5.2680131167652806E+004                  5.2102932802603895E+001                  1.2366639607586148E+001                  9.3536612074716627E-002                  0.0000000000000000E+000                  5.8962152203998878E+004                  2.4002886235200307E+002                  7.3583914593677558E-027                  7.3583914593677558E-027                  0.0000000000000000E+000                  0.0000000000000000E+000                  2.9438435097238376E-028                  0.0000000000000000E+000                 -9.1486353068822573E+003                  7.0000000000000007E-001                  2.9797635251138608E-005                  2.7997020236474890E-001                  4.1193902129486436E-003                  1.2067031330276045E-003                  1.1203876416666531E-002                  2.5129237964844936E-003                  9.5710644087274640E-004                  0.0000000000000000E+000                  0.0000000000000000E+000                  0.0000000000000000E+000                  0.0000000000000000E+000                  0.0000000000000000E+000                  0.0000000000000000E+000                  0.0000000000000000E+000                  0.0000000000000000E+000                  0.0000000000000000E+000                  0.0000000000000000E+000                 -1.3490525014680387E+001                 -9.8999999999999986E+001                  0.0000000000000000E+000                  0.0000000000000000E+000                 -9.8999999999999986E+001                 -9.8999999999999986E+001                  1.5082616328880704E+001                 -9.9000000000000000E+001                 -9.9000000000000000E+001                 -9.9000000000000000E+001 
                 9.9995974969837242E-001                  2.8367578465137044E+001                  2.8137259851345124E+000                  5.6878174464172553E+004                 -7.2716255883563203E+000                  4.0818728523226753E+000                  6.9544695434071484E+012                  2.5414165457527996E+001                  2.6287763708834457E+009                  1.1627092796548202E+000                  9.1914033738922263E-002                  9.3999880383176659E-001                  2.9455367177811592E-001                  8.5000496627254174E-001                  5.6824567262320728E+004                  5.3607201851821337E+001                  1.3838355286217658E+001                  9.3948845856592827E-002                  0.0000000000000000E+000                  5.7972683631921580E+004                  2.5483758629088962E+002                  7.8486655151983829E-027                  7.8486655151983829E-027                  0.0000000000000000E+000                  0.0000000000000000E+000                  3.1399855749135223E-028                  0.0000000000000000E+000                 -8.7639104221046819E+003                  7.0000000000000007E-001                  2.9797635251138614E-005                  2.7997020236474884E-001                  4.1193902129486445E-003                  1.2067031330276047E-003                  1.1203876416666529E-002                  2.5129237964844936E-003                  9.5710644087274629E-004                  0.0000000000000000E+000                  0.0000000000000000E+000                  0.0000000000000000E+000                  0.0000000000000000E+000                  0.0000000000000000E+000                  0.0000000000000000E+000                  0.0000000000000000E+000                  0.0000000000000000E+000                  0.0000000000000000E+000                  0.0000000000000000E+000                 -1.3422628168971098E+001                 -9.8999999999999986E+001                  0.0000000000000000E+000                  0.0000000000000000E+000                 -9.8999999999999986E+001                 -9.8999999999999986E+001                  1.5079039734276831E+001                 -9.9000000000000000E+001                 -9.9000000000000000E+001                 -9.9000000000000000E+001 
                 9.9995664876300994E-001                  2.8333719744486981E+001                  2.8277972890277070E+000                  6.1341497788312976E+004                 -7.2437111520617874E+000                  4.0849716979651571E+000                  7.0320042102197236E+012                  2.5424883315233963E+001                  2.6197234523655815E+009                  1.1637146912915395E+000                  9.2458039472076703E-002                  9.3602676073920055E-001                  2.9851286831353629E-001                  8.5000496627254152E-001                  6.1286338516852600E+004                  5.5159271460376353E+001                  1.5473134488201534E+001                  9.4385014032781947E-002                  0.0000000000000000E+000                  5.7007435605087187E+004                  2.7038987554067762E+002                  8.3698287671905953E-027                  8.3698287671905953E-027                  0.0000000000000000E+000                  0.0000000000000000E+000                  3.3484853625969484E-028                  0.0000000000000000E+000                 -7.2895833529768288E+003                  6.9999999999999996E-001                  2.9797635251138614E-005                  2.7997020236474890E-001                  4.1193902129486445E-003                  1.2067031330276047E-003                  1.1203876416666531E-002                  2.5129237964844936E-003                  9.5710644087274629E-004                  0.0000000000000000E+000                  0.0000000000000000E+000                  0.0000000000000000E+000                  0.0000000000000000E+000                  0.0000000000000000E+000                  0.0000000000000000E+000                  0.0000000000000000E+000                  0.0000000000000000E+000                  0.0000000000000000E+000                  0.0000000000000000E+000                 -1.3355754233013140E+001                 -9.8999999999999986E+001                  0.0000000000000000E+000                  0.0000000000000000E+000                 -9.8999999999999986E+001                 -9.8999999999999986E+001                  1.5075590574169537E+001                 -9.9000000000000000E+001                 -9.9000000000000000E+001                 -9.9000000000000000E+001 
                 9.9995332641433943E-001                  2.8299620067975034E+001                  2.8403371180336650E+000                  6.6146474276353663E+004                 -7.2157236713406787E+000                  4.0880799715946488E+000                  7.1050956744346562E+012                  2.5427762927366445E+001                  2.6103436460531754E+009                  1.1647171058361623E+000                  9.3003210455398486E-002                  9.3229704467024366E-001                  3.0295859408430825E-001                  8.5000496627254185E-001                  6.6089713070140308E+004                  5.6761206213359706E+001                  1.7277698390453459E+001                  9.4835370237854280E-002                  0.0000000000000000E+000                  5.6047075951634593E+004                  2.8674566217624715E+002                  8.9271039573922959E-027                  8.9271039573922959E-027                  0.0000000000000000E+000                  0.0000000000000000E+000                  3.5714323151975563E-028                  0.0000000000000000E+000                 -4.9750771123872119E+003                  7.0000000000000007E-001                  2.9797635251138611E-005                  2.7997020236474890E-001                  4.1193902129486445E-003                  1.2067031330276051E-003                  1.1203876416666529E-002                  2.5129237964844936E-003                  9.5710644087274629E-004                  0.0000000000000000E+000                  0.0000000000000000E+000                  0.0000000000000000E+000                  0.0000000000000000E+000                  0.0000000000000000E+000                  0.0000000000000000E+000                  0.0000000000000000E+000                  0.0000000000000000E+000                  0.0000000000000000E+000                  0.0000000000000000E+000                 -1.3287287991596669E+001                 -9.8999999999999986E+001                  0.0000000000000000E+000                  0.0000000000000000E+000                 -9.8999999999999986E+001                 -9.8999999999999986E+001                  1.5071997668540485E+001                 -9.9000000000000000E+001                 -9.9000000000000000E+001                 -9.9000000000000000E+001 
                 9.9994976700285143E-001                  2.8265284360587977E+001                  2.8495061124980063E+000                  7.1319227273075929E+004                 -7.1877273174981013E+000                  4.0911981658901651E+000                  7.1760001541525674E+012                  2.5426162128316477E+001                  2.6006017487084813E+009                  1.1657230504748832E+000                  9.3552205307264574E-002                  9.2869860654045211E-001                  3.0772639337215352E-001                  8.5000496627254174E-001                  7.1260812271450777E+004                  5.8415001625155526E+001                  1.9254884229210212E+001                  9.5290658398661354E-002                  0.0000000000000000E+000                  5.5078346115916916E+004                  3.0391223948440938E+002                  9.5216825870896230E-027                  9.5216825870896230E-027                  0.0000000000000000E+000                  0.0000000000000000E+000                  3.8093031120752163E-028                  0.0000000000000000E+000                 -4.6708593830632417E+003                  6.9999999999999996E-001                  2.9797635251138614E-005                  2.7997020236474895E-001                  4.1193902129486454E-003                  1.2067031330276051E-003                  1.1203876416666531E-002                  2.5129237964844941E-003                  9.5710644087274640E-004                  0.0000000000000000E+000                  0.0000000000000000E+000                  0.0000000000000000E+000                  0.0000000000000000E+000                  0.0000000000000000E+000                  0.0000000000000000E+000                  0.0000000000000000E+000                  0.0000000000000000E+000                  0.0000000000000000E+000                  0.0000000000000000E+000                 -1.3217977956574591E+001                 -9.8999999999999986E+001                  0.0000000000000000E+000                  0.0000000000000000E+000                 -9.8999999999999986E+001                 -9.8999999999999986E+001                  1.5068107275239866E+001                 -9.9000000000000000E+001                 -9.9000000000000000E+001                 -9.9000000000000000E+001 
                 9.9994595378214179E-001                  2.8230712547833004E+001                  2.8587282678585657E+000                  7.6887873747897407E+004                 -7.1599411129785269E+000                  4.0943272703146736E+000                  7.2527454591441807E+012                  2.5432612300906321E+001                  2.5894765237913337E+009                  1.1667714887284120E+000                  9.4130577291857809E-002                  9.2487403596060647E-001                  3.1202442759946503E-001                  8.5000496627254152E-001                  7.6827750724632220E+004                  6.0123023265185516E+001                  2.1439095222580711E+001                  9.5766874681691136E-002                  0.0000000000000000E+000                  5.4132241306688309E+004                  3.2184884209284695E+002                  1.0150953193124847E-026                  1.0150953193124847E-026                  0.0000000000000000E+000                  0.0000000000000000E+000                  4.0610529951590433E-028                  0.0000000000000000E+000                 -4.6766866123696636E+003                  6.9999999999999984E-001                  2.9797635251138621E-005                  2.7997020236474895E-001                  4.1193902129486454E-003                  1.2067031330276051E-003                  1.1203876416666531E-002                  2.5129237964844936E-003                  9.5710644087274640E-004                  0.0000000000000000E+000                  0.0000000000000000E+000                  0.0000000000000000E+000                  0.0000000000000000E+000                  0.0000000000000000E+000                  0.0000000000000000E+000                  0.0000000000000000E+000                  0.0000000000000000E+000                  0.0000000000000000E+000                  0.0000000000000000E+000                 -1.3150945362042632E+001                 -9.8999999999999986E+001                  0.0000000000000000E+000                  0.0000000000000000E+000                 -9.8999999999999986E+001                 -9.8999999999999986E+001                  1.5064305242045632E+001                 -9.9000000000000000E+001                 -9.9000000000000000E+001                 -9.9000000000000000E+001 
                 9.9994186884052794E-001                  2.8195887040538576E+001                  2.8686198968257646E+000                  8.2882684302362104E+004                 -7.1322623770066427E+000                  4.0974686388357773E+000                  7.3319449914190459E+012                  2.5442062842489403E+001                  2.5770849100894551E+009                  1.1678486431713107E+000                  9.4734541316330273E-002                  9.2098383511125648E-001                  3.1614882379538473E-001                  8.5000496627254152E-001                  8.2820796325614559E+004                  6.1887976747537692E+001                  2.3852957830454745E+001                  9.6275856913034114E-002                  0.0000000000000000E+000                  5.3216013803599351E+004                  3.4059349681549730E+002                  1.0819138439723529E-026                  1.0819138439723529E-026                  0.0000000000000000E+000                  0.0000000000000000E+000                  4.3283713095656090E-028                  0.0000000000000000E+000                 -3.7349666397796595E+003                  6.9999999999999984E-001                  2.9797635251138625E-005                  2.7997020236474895E-001                  4.1193902129486454E-003                  1.2067031330276051E-003                  1.1203876416666533E-002                  2.5129237964844945E-003                  9.5710644087274651E-004                  0.0000000000000000E+000                  0.0000000000000000E+000                  0.0000000000000000E+000                  0.0000000000000000E+000                  0.0000000000000000E+000                  0.0000000000000000E+000                  0.0000000000000000E+000                  0.0000000000000000E+000                  0.0000000000000000E+000                  0.0000000000000000E+000                 -1.3084980466600799E+001                 -9.8999999999999986E+001                  0.0000000000000000E+000                  0.0000000000000000E+000                 -9.8999999999999986E+001                 -9.8999999999999986E+001                  1.5060717416403802E+001                 -9.9000000000000000E+001                 -9.9000000000000000E+001                 -9.9000000000000000E+001 
                 9.9993749302297408E-001                  2.8160798205998567E+001                  2.8770822204612436E+000                  8.9336245127827162E+004                 -7.1045626803592485E+000                  4.1006231375968927E+000                  7.4089454729096865E+012                  2.5447116420118881E+001                  2.5643361573319426E+009                  1.1689261500464894E+000                  9.5342276245205734E-002                  9.1722406119575983E-001                  3.2057687319152656E-001                  8.5000496627254174E-001                  8.9272532681617115E+004                  6.3712446210045208E+001                  2.6501050564231473E+001                  9.6803339266683705E-002                  0.0000000000000000E+000                  5.2309563826168298E+004                  3.6019746540903105E+002                  1.1531869697401119E-026                  1.1531869697401119E-026                  0.0000000000000000E+000                  0.0000000000000000E+000                  4.6135109761457337E-028                  0.0000000000000000E+000                 -2.3454983539872728E+003                  6.9999999999999996E-001                  2.9797635251138628E-005                  2.7997020236474895E-001                  4.1193902129486454E-003                  1.2067031330276049E-003                  1.1203876416666531E-002                  2.5129237964844941E-003                  9.5710644087274651E-004                  0.0000000000000000E+000                  0.0000000000000000E+000                  0.0000000000000000E+000                  0.0000000000000000E+000                  0.0000000000000000E+000                  0.0000000000000000E+000                  0.0000000000000000E+000                  0.0000000000000000E+000                  0.0000000000000000E+000                  0.0000000000000000E+000                 -1.3018214460576250E+001                 -9.8999999999999986E+001                  0.0000000000000000E+000                  0.0000000000000000E+000                 -9.8999999999999986E+001                 -9.8999999999999986E+001                  1.5057072575215560E+001                 -9.9000000000000000E+001                 -9.9000000000000000E+001                 -9.9000000000000000E+001 
                 9.9993280584068978E-001                  2.8125446676056384E+001                  2.8827745583487219E+000                  9.6283632795976329E+004                 -7.0768074869478621E+000                  4.1037909844078841E+000                  7.4821354137779785E+012                  2.5445062219701605E+001                  2.5517350322486362E+009                  1.1699952695035598E+000                  9.5939824775219035E-002                  9.1365119355351765E-001                  3.2549067484678179E-001                  8.5000496627254152E-001                  9.6218034030371025E+004                  6.5598765605304166E+001                  2.9389765543834805E+001                  9.7330028984031244E-002                  0.0000000000000000E+000                  5.1400040163406018E+004                  3.8069567919254575E+002                  1.2293131417367854E-026                  1.2293131417367854E-026                  0.0000000000000000E+000                  0.0000000000000000E+000                  4.9180660390467908E-028                  0.0000000000000000E+000                 -1.5859007513227884E+003                  6.9999999999999984E-001                  2.9797635251138631E-005                  2.7997020236474901E-001                  4.1193902129486445E-003                  1.2067031330276051E-003                  1.1203876416666533E-002                  2.5129237964844945E-003                  9.5710644087274640E-004                  0.0000000000000000E+000                  0.0000000000000000E+000                  0.0000000000000000E+000                  0.0000000000000000E+000                  0.0000000000000000E+000                  0.0000000000000000E+000                  0.0000000000000000E+000                  0.0000000000000000E+000                  0.0000000000000000E+000                  0.0000000000000000E+000                 -1.2949875036684613E+001                 -9.8999999999999986E+001                  0.0000000000000000E+000                  0.0000000000000000E+000                 -9.8999999999999986E+001                 -9.8999999999999986E+001                  1.5053183212064150E+001                 -9.9000000000000000E+001                 -9.9000000000000000E+001                 -9.9000000000000000E+001 
                 9.9992778537530980E-001                  2.8089835943524747E+001                  2.8868970869902699E+000                  1.0376260121501691E+005                 -7.0491688122782890E+000                  4.1069727908926996E+000                  7.5585671198039062E+012                  2.5447375702638265E+001                  2.5379168094558043E+009                  1.1711022579405093E+000                  9.6566651854373409E-002                  9.0997757386578271E-001                  3.3007339092824250E-001                  8.5000496627254152E-001                  1.0369505159767999E+005                  6.7549617336912817E+001                  3.2546895225881727E+001                  9.7868598786908206E-002                  0.0000000000000000E+000                  5.0499196967210119E+004                  4.0207087640826961E+002                  1.3101137835885235E-026                  1.3101137835885238E-026                  0.0000000000000000E+000                  0.0000000000000000E+000                  5.2413220746047203E-028                  0.0000000000000000E+000                 -1.7709721310540106E+003                  6.9999999999999984E-001                  2.9797635251138618E-005                  2.7997020236474895E-001                  4.1193902129486445E-003                  1.2067031330276049E-003                  1.1203876416666531E-002                  2.5129237964844936E-003                  9.5710644087274618E-004                  0.0000000000000000E+000                  0.0000000000000000E+000                  0.0000000000000000E+000                  0.0000000000000000E+000                  0.0000000000000000E+000                  0.0000000000000000E+000                  0.0000000000000000E+000                  0.0000000000000000E+000                  0.0000000000000000E+000                  0.0000000000000000E+000                 -1.2883226019341016E+001                 -9.8999999999999986E+001                  0.0000000000000000E+000                  0.0000000000000000E+000                 -9.8999999999999986E+001                 -9.8999999999999986E+001                  1.5049215665484965E+001                 -9.9000000000000000E+001                 -9.9000000000000000E+001                 -9.9000000000000000E+001 
                 9.9992240818459288E-001                  2.8053955399566934E+001                  2.8918278129089150E+000                  1.1181379272012548E+005                 -7.0216724373303450E+000                  4.1101699796966988E+000                  7.6390489464945303E+012                  2.5455200962499912E+001                  2.5225314656175699E+009                  1.1722513902733769E+000                  9.7230207301944691E-002                  9.0617897068923026E-001                  3.3419628676210456E-001                  8.5000496627254152E-001                  1.1174422437888503E+005                  6.9568341240445292E+001                  3.6020033202566346E+001                  9.8444496716677904E-002                  0.0000000000000000E+000                  4.9626774763790323E+004                  4.2435388803293051E+002                  1.3957685773289663E-026                  1.3957685773289663E-026                  0.0000000000000000E+000                  0.0000000000000000E+000                  5.5839979298555287E-028                  0.0000000000000000E+000                 -1.5472710401475933E+003                  6.9999999999999996E-001                  2.9797635251138621E-005                  2.7997020236474890E-001                  4.1193902129486436E-003                  1.2067031330276047E-003                  1.1203876416666533E-002                  2.5129237964844941E-003                  9.5710644087274618E-004                  0.0000000000000000E+000                  0.0000000000000000E+000                  0.0000000000000000E+000                  0.0000000000000000E+000                  0.0000000000000000E+000                  0.0000000000000000E+000                  0.0000000000000000E+000                  0.0000000000000000E+000                  0.0000000000000000E+000                  0.0000000000000000E+000                 -1.2818569119590375E+001                 -9.8999999999999986E+001                  0.0000000000000000E+000                  0.0000000000000000E+000                 -9.8999999999999986E+001                 -9.8999999999999986E+001                  1.5045443294489559E+001                 -9.9000000000000000E+001                 -9.9000000000000000E+001                 -9.9000000000000000E+001 
                 9.9991664920562373E-001                  2.8017792105260124E+001                  2.8964415791305558E+000                  1.2048095960357238E+005                 -6.9942143016385971E+000                  4.1133836108446085E+000                  7.7196184051069229E+012                  2.5461806912763134E+001                  2.5066705245783210E+009                  1.1734125987190707E+000                  9.7902349371577865E-002                  9.0241712338713298E-001                  3.3840712018263480E-001                  8.5000496627254185E-001                  1.2040930135768400E+005                  7.1658245888384627E+001                  3.9825838208286378E+001                  9.9047051378366238E-002                  0.0000000000000000E+000                  4.8773734814044321E+004                  4.4762620250023116E+002                  1.4868933664884074E-026                  1.4868933664884074E-026                  0.0000000000000000E+000                  0.0000000000000000E+000                  5.9485573864427872E-028                  0.0000000000000000E+000                 -1.1861233211241172E+003                  7.0000000000000007E-001                  2.9797635251138618E-005                  2.7997020236474890E-001                  4.1193902129486445E-003                  1.2067031330276049E-003                  1.1203876416666533E-002                  2.5129237964844936E-003                  9.5710644087274629E-004                  0.0000000000000000E+000                  0.0000000000000000E+000                  0.0000000000000000E+000                  0.0000000000000000E+000                  0.0000000000000000E+000                  0.0000000000000000E+000                  0.0000000000000000E+000                  0.0000000000000000E+000                  0.0000000000000000E+000                  0.0000000000000000E+000                 -1.2754046306330773E+001                 -9.8999999999999986E+001                  0.0000000000000000E+000                  0.0000000000000000E+000                 -9.8999999999999986E+001                 -9.8999999999999986E+001                  1.5041757076673390E+001                 -9.9000000000000000E+001                 -9.9000000000000000E+001                 -9.9000000000000000E+001 
                 9.9991048164187413E-001                  2.7981341598629797E+001                  2.9002293805077279E+000                  1.2981119762355770E+005                 -6.9667689041975676E+000                  4.1166141593788650E+000                  7.7997350944338750E+012                  2.5466338012769334E+001                  2.4904562745901446E+009                  1.1745850923088386E+000                  9.8578489093657073E-002                  8.9870333232352428E-001                  3.4278767939962757E-001                  8.5000496627254152E-001                  1.2973737518839425E+005                  7.3822435163460824E+001                  4.3988396760016997E+001                  9.9658698812449154E-002                  0.0000000000000000E+000                  4.7933045217222920E+004                  4.7194276950819960E+002                  1.5839218614707283E-026                  1.5839218614707283E-026                  0.0000000000000000E+000                  0.0000000000000000E+000                  6.3367355729817232E-028                  0.0000000000000000E+000                 -9.4619623362578875E+002                  6.9999999999999996E-001                  2.9797635251138625E-005                  2.7997020236474890E-001                  4.1193902129486454E-003                  1.2067031330276049E-003                  1.1203876416666534E-002                  2.5129237964844945E-003                  9.5710644087274640E-004                  0.0000000000000000E+000                  0.0000000000000000E+000                  0.0000000000000000E+000                  0.0000000000000000E+000                  0.0000000000000000E+000                  0.0000000000000000E+000                  0.0000000000000000E+000                  0.0000000000000000E+000                  0.0000000000000000E+000                  0.0000000000000000E+000                 -1.2689180481863978E+001                 -9.8999999999999986E+001                  0.0000000000000000E+000                  0.0000000000000000E+000                 -9.8999999999999986E+001                 -9.8999999999999986E+001                  1.5038034858530338E+001                 -9.9000000000000000E+001                 -9.9000000000000000E+001                 -9.9000000000000000E+001 
                 9.9990387684092208E-001                  2.7944601506478474E+001                  2.9034652027370886E+000                  1.3985520180514629E+005                 -6.9393676189465561E+000                  4.1198623284691491E+000                  7.8801240941075547E+012                  2.5470505815590709E+001                  2.4733763556356087E+009                  1.1757821582728649E+000                  9.9278805890213595E-002                  8.9500381668556983E-001                  3.4718964919561879E-001                  8.5000496627254152E-001                  1.3977913747528323E+005                  7.6064329863074619E+001                  4.8541927795161165E+001                  1.0028688092498912E-001                  0.0000000000000000E+000                  4.7106909368798399E+004                  4.9733474403188677E+002                  1.6871116644424503E-026                  1.6871116644424503E-026                  0.0000000000000000E+000                  0.0000000000000000E+000                  6.7495630686022417E-028                  0.0000000000000000E+000                 -9.8748627585476243E+002                  6.9999999999999996E-001                  2.9797635251138618E-005                  2.7997020236474884E-001                  4.1193902129486454E-003                  1.2067031330276047E-003                  1.1203876416666531E-002                  2.5129237964844936E-003                  9.5710644087274640E-004                  0.0000000000000000E+000                  0.0000000000000000E+000                  0.0000000000000000E+000                  0.0000000000000000E+000                  0.0000000000000000E+000                  0.0000000000000000E+000                  0.0000000000000000E+000                  0.0000000000000000E+000                  0.0000000000000000E+000                  0.0000000000000000E+000                 -1.2624497485589789E+001                 -9.8999999999999986E+001                  0.0000000000000000E+000                  0.0000000000000000E+000                 -9.8999999999999986E+001                 -9.8999999999999986E+001                  1.5034302999340508E+001                 -9.9000000000000000E+001                 -9.9000000000000000E+001                 -9.9000000000000000E+001 
                 9.9989680416808013E-001                  2.7907566762385844E+001                  2.9070814517970791E+000                  1.5066754255921685E+005                 -6.9120412458156517E+000                  4.1231292059962152E+000                  7.9622633026164619E+012                  2.5476717853221544E+001                  2.4551512152450519E+009                  1.1770109014799557E+000                  1.0000627185525536E-001                  8.9126952185578823E-001                  3.5147991720045640E-001                  8.5000496627254152E-001                  1.5058915474520146E+005                  7.8387814015370893E+001                  5.3535007929093140E+001                  1.0094386298021506E-001                  0.0000000000000000E+000                  4.6302121333967036E+004                  5.2383115521200068E+002                  1.7967152173784095E-026                  1.7967152173784092E-026                  0.0000000000000000E+000                  0.0000000000000000E+000                  7.1880498082529625E-028                  0.0000000000000000E+000                 -8.7476335230592576E+002                  6.9999999999999996E-001                  2.9797635251138625E-005                  2.7997020236474890E-001                  4.1193902129486454E-003                  1.2067031330276049E-003                  1.1203876416666529E-002                  2.5129237964844945E-003                  9.5710644087274640E-004                  0.0000000000000000E+000                  0.0000000000000000E+000                  0.0000000000000000E+000                  0.0000000000000000E+000                  0.0000000000000000E+000                  0.0000000000000000E+000                  0.0000000000000000E+000                  0.0000000000000000E+000                  0.0000000000000000E+000                  0.0000000000000000E+000                 -1.2560590373940368E+001                 -9.8999999999999986E+001                  0.0000000000000000E+000                  0.0000000000000000E+000                 -9.8999999999999986E+001                 -9.8999999999999986E+001                  1.5030660479832816E+001                 -9.9000000000000000E+001                 -9.9000000000000000E+001                 -9.9000000000000000E+001 
                 9.9988923087536652E-001                  2.7870229581986898E+001                  2.9105116485965863E+000                  1.6230696511350962E+005                 -6.8847146634546332E+000                  4.1264155455132645E+000                  8.0435300361403184E+012                  2.5480458873957968E+001                  2.4365466463822799E+009                  1.1782550333397537E+000                  1.0073801080483114E-001                  8.8761363671763505E-001                  3.5603503768709382E-001                  8.5000496627254174E-001                  1.6222616835984291E+005                  8.0796753666718345E+001                  5.8997331467695375E+001                  1.0161965312112910E-001                  0.0000000000000000E+000                  4.5513543840830105E+004                  5.5151381109220233E+002                  1.9134413766359698E-026                  1.9134413766359698E-026                  0.0000000000000000E+000                  0.0000000000000000E+000                  7.6550316864356482E-028                  0.0000000000000000E+000                 -4.8885578797022163E+002                  6.9999999999999996E-001                  2.9797635251138618E-005                  2.7997020236474895E-001                  4.1193902129486445E-003                  1.2067031330276049E-003                  1.1203876416666526E-002                  2.5129237964844954E-003                  9.5710644087274629E-004                  0.0000000000000000E+000                  0.0000000000000000E+000                  0.0000000000000000E+000                  0.0000000000000000E+000                  0.0000000000000000E+000                  0.0000000000000000E+000                  0.0000000000000000E+000                  0.0000000000000000E+000                  0.0000000000000000E+000                  0.0000000000000000E+000                 -1.2496158462892989E+001                 -9.8999999999999986E+001                  0.0000000000000000E+000                  0.0000000000000000E+000                 -9.8999999999999986E+001                 -9.8999999999999986E+001                  1.5027043682220837E+001                 -9.9000000000000000E+001                 -9.9000000000000000E+001                 -9.9000000000000000E+001 
                 9.9988112195667256E-001                  2.7832588551313851E+001                  2.9125641686064521E+000                  1.7483670370347323E+005                 -6.8573759072682545E+000                  4.1297216908916266E+000                  8.1233098996171436E+012                  2.5480203407596566E+001                  2.4178524330753045E+009                  1.1795104847299829E+000                  1.0147456720127343E-001                  8.8405773799342180E-001                  3.6090950509847569E-001                  8.5000496627254174E-001                  1.7475340878774939E+005                  8.3294915723835004E+001                  6.4945138660402975E+001                  1.0230191570265212E-001                  0.0000000000000000E+000                  4.4731789222421125E+004                  5.8043378770306924E+002                  2.0378093509637092E-026                  2.0378093509637089E-026                  0.0000000000000000E+000                  0.0000000000000000E+000                  8.1525858817217077E-028                  0.0000000000000000E+000                 -3.0194877384382875E+002                  6.9999999999999996E-001                  2.9797635251138611E-005                  2.7997020236474895E-001                  4.1193902129486445E-003                  1.2067031330276045E-003                  1.1203876416666529E-002                  2.5129237964844949E-003                  9.5710644087274629E-004                  0.0000000000000000E+000                  0.0000000000000000E+000                  0.0000000000000000E+000                  0.0000000000000000E+000                  0.0000000000000000E+000                  0.0000000000000000E+000                  0.0000000000000000E+000                  0.0000000000000000E+000                  0.0000000000000000E+000                  0.0000000000000000E+000                 -1.2431022356305000E+001                 -9.8999999999999986E+001                  0.0000000000000000E+000                  0.0000000000000000E+000                 -9.8999999999999986E+001                 -9.8999999999999986E+001                  1.5023322936166451E+001                 -9.9000000000000000E+001                 -9.9000000000000000E+001                 -9.9000000000000000E+001 
                 9.9987243998930919E-001                  2.7794643303827865E+001                  2.9139215287928173E+000                  1.8832482320845535E+005                 -6.8301141286195950E+000                  4.1330483705965451E+000                  8.2051114896212930E+012                  2.5481606982345024E+001                  2.3982453484874735E+009                  1.1807982136643997E+000                  1.0224004713141720E-001                  8.8045765806455056E-001                  3.6560172852541667E-001                  8.5000496627254174E-001                  1.8823893664774895E+005                  8.5886560706405319E+001                  7.1428248414036446E+001                  1.0300286383010851E-001                  0.0000000000000000E+000                  4.3962370824517639E+004                  6.1058545967330986E+002                  2.1698776219795712E-026                  2.1698776219795712E-026                  0.0000000000000000E+000                  0.0000000000000000E+000                  8.6809463592833795E-028                  0.0000000000000000E+000                 -3.8466405109690908E+002                  6.9999999999999996E-001                  2.9797635251138604E-005                  2.7997020236474895E-001                  4.1193902129486428E-003                  1.2067031330276045E-003                  1.1203876416666529E-002                  2.5129237964844927E-003                  9.5710644087274597E-004                  0.0000000000000000E+000                  0.0000000000000000E+000                  0.0000000000000000E+000                  0.0000000000000000E+000                  0.0000000000000000E+000                  0.0000000000000000E+000                  0.0000000000000000E+000                  0.0000000000000000E+000                  0.0000000000000000E+000                  0.0000000000000000E+000                 -1.2366791270226283E+001                 -9.8999999999999986E+001                  0.0000000000000000E+000                  0.0000000000000000E+000                 -9.8999999999999986E+001                 -9.8999999999999986E+001                  1.5019591548940925E+001                 -9.9000000000000000E+001                 -9.9000000000000000E+001                 -9.9000000000000000E+001 
                 9.9986314497389395E-001                  2.7756385656649488E+001                  2.9157728230241204E+000                  2.0284459451145868E+005                 -6.8029502801151089E+000                  4.1363968312622115E+000                  8.2897237957061426E+012                  2.5486506676920573E+001                  2.3773460587453065E+009                  1.1821265355617958E+000                  1.0304130564897006E-001                  8.7678520675452787E-001                  3.6995425231205081E-001                  8.5000496627254174E-001                  2.0275601790153372E+005                  8.8576609924958788E+001                  7.8516435342734141E+001                  1.0373881136116406E-001                  0.0000000000000000E+000                  4.3214483123541781E+004                  6.4200488831312498E+002                  2.3099856284396202E-026                  2.3099856284396199E-026                  0.0000000000000000E+000                  0.0000000000000000E+000                  9.2414710987632056E-028                  0.0000000000000000E+000                 -3.5730926589073266E+002                  7.0000000000000007E-001                  2.9797635251138608E-005                  2.7997020236474884E-001                  4.1193902129486436E-003                  1.2067031330276045E-003                  1.1203876416666531E-002                  2.5129237964844927E-003                  9.5710644087274629E-004                  0.0000000000000000E+000                  0.0000000000000000E+000                  0.0000000000000000E+000                  0.0000000000000000E+000                  0.0000000000000000E+000                  0.0000000000000000E+000                  0.0000000000000000E+000                  0.0000000000000000E+000                  0.0000000000000000E+000                  0.0000000000000000E+000                 -1.2303948614058406E+001                 -9.8999999999999986E+001                  0.0000000000000000E+000                  0.0000000000000000E+000                 -9.8999999999999986E+001                 -9.8999999999999986E+001                  1.5016000031418189E+001                 -9.9000000000000000E+001                 -9.9000000000000000E+001                 -9.9000000000000000E+001 
                 9.9985319416827856E-001                  2.7717805428184143E+001                  2.9176137907569712E+000                  2.1847489330217079E+005                 -6.7758220638741866E+000                  4.1397681405827500E+000                  8.3747655805043594E+012                  2.5491458641149993E+001                  2.3556183296400905E+009                  1.1834899711496023E+000                  1.0386073668289525E-001                  8.7313894864769326E-001                  3.7428251480523445E-001                  8.5000496627254174E-001                  2.1838352316184863E+005                  9.1370140322171508E+001                  8.6249939360694270E+001                  1.0450447408420646E-001                  0.0000000000000000E+000                  4.2484582546718579E+004                  6.7478559316757776E+002                  2.4589403326453307E-026                  2.4589403326453307E-026                  0.0000000000000000E+000                  0.0000000000000000E+000                  9.8373884833598615E-028                  0.0000000000000000E+000                 -1.9565795555064969E+002                  7.0000000000000007E-001                  2.9797635251138614E-005                  2.7997020236474884E-001                  4.1193902129486454E-003                  1.2067031330276047E-003                  1.1203876416666529E-002                  2.5129237964844936E-003                  9.5710644087274651E-004                  0.0000000000000000E+000                  0.0000000000000000E+000                  0.0000000000000000E+000                  0.0000000000000000E+000                  0.0000000000000000E+000                  0.0000000000000000E+000                  0.0000000000000000E+000                  0.0000000000000000E+000                  0.0000000000000000E+000                  0.0000000000000000E+000                 -1.2241453360559007E+001                 -9.8999999999999986E+001                  0.0000000000000000E+000                  0.0000000000000000E+000                 -9.8999999999999986E+001                 -9.8999999999999986E+001                  1.5012499312749625E+001                 -9.9000000000000000E+001                 -9.9000000000000000E+001                 -9.9000000000000000E+001 
                 9.9984254190170940E-001                  2.7678897825051994E+001                  2.9186929442671863E+000                  2.3530062449212899E+005                 -6.7486771273952186E+000                  4.1431628726747745E+000                  8.4582860673416182E+012                  2.5492601651967139E+001                  2.3338702511459842E+009                  1.1848630173216828E+000                  1.0468733290089052E-001                  8.6958685723966611E-001                  3.7895801425628711E-001                  8.5000496627254174E-001                  2.3520635238371932E+005                  9.4272108409657179E+001                  9.4664066260408788E+001                  1.0528480407870798E-001                  0.0000000000000000E+000                  4.1765296542569973E+004                  7.0902242266868825E+002                  2.6176028880985941E-026                  2.6176028880985941E-026                  0.0000000000000000E+000                  0.0000000000000000E+000                  1.0472143696933983E-027                  0.0000000000000000E+000                  2.9654657585643371E+000                  7.0000000000000007E-001                  2.9797635251138614E-005                  2.7997020236474884E-001                  4.1193902129486454E-003                  1.2067031330276045E-003                  1.1203876416666531E-002                  2.5129237964844936E-003                  9.5710644087274629E-004                  0.0000000000000000E+000                  0.0000000000000000E+000                  0.0000000000000000E+000                  0.0000000000000000E+000                  0.0000000000000000E+000                  0.0000000000000000E+000                  0.0000000000000000E+000                  0.0000000000000000E+000                  0.0000000000000000E+000                  0.0000000000000000E+000                 -1.2178237987977298E+001                 -9.8999999999999986E+001                  0.0000000000000000E+000                  0.0000000000000000E+000                 -9.8999999999999986E+001                 -9.8999999999999986E+001                  1.5008961504919899E+001                 -9.9000000000000000E+001                 -9.9000000000000000E+001                 -9.9000000000000000E+001 
                 9.9983113937050361E-001                  2.7639662714429534E+001                  2.9186754362905698E+000                  2.5341317991138669E+005                 -6.7215424924425138E+000                  4.1465815249867353E+000                  8.5415275967136377E+012                  2.5491089444520050E+001                  2.3119252760709038E+009                  1.1862465622487255E+000                  1.0552903600526153E-001                  8.6607926902419696E-001                  3.8384953057660909E-001                  8.5000496627254174E-001                  2.5331589223530324E+005                  9.7287676083457498E+001                  1.0380075504812183E+002                  1.0607766009057436E-001                  0.0000000000000000E+000                  4.1053778475700601E+004                  7.4475324675875470E+002                  2.7864391787930513E-026                  2.7864391787930513E-026                  0.0000000000000000E+000                  0.0000000000000000E+000                  1.1147600583751913E-027                  0.0000000000000000E+000                 -6.4404375478206205E+001                  7.0000000000000007E-001                  2.9797635251138608E-005                  2.7997020236474884E-001                  4.1193902129486454E-003                  1.2067031330276047E-003                  1.1203876416666529E-002                  2.5129237964844941E-003                  9.5710644087274607E-004                  0.0000000000000000E+000                  0.0000000000000000E+000                  0.0000000000000000E+000                  0.0000000000000000E+000                  0.0000000000000000E+000                  0.0000000000000000E+000                  0.0000000000000000E+000                  0.0000000000000000E+000                  0.0000000000000000E+000                  0.0000000000000000E+000                 -1.2114784201629771E+001                 -9.8999999999999986E+001                  0.0000000000000000E+000                  0.0000000000000000E+000                 -9.8999999999999986E+001                 -9.8999999999999986E+001                  1.5005346108523138E+001                 -9.9000000000000000E+001                 -9.9000000000000000E+001                 -9.9000000000000000E+001 
                 9.9981893442335890E-001                  2.7600097543182020E+001                  2.9190824367250707E+000                  2.7291093473783776E+005                 -6.6945117715954900E+000                  4.1500250626468800E+000                  8.6278476971479648E+012                  2.5493118313457497E+001                  2.2885874800047207E+009                  1.1876838775633014E+000                  1.0640660561980772E-001                  8.6249271925054505E-001                  3.8837347380602355E-001                  8.5000496627254185E-001                  2.7281051201787102E+005                  1.0042271996674883E+002                  1.1376349369650087E+002                  1.0689777543244387E-001                  0.0000000000000000E+000                  4.0360559847431614E+004                  7.8194841982356138E+002                  2.9654579360167660E-026                  2.9654579360167660E-026                  0.0000000000000000E+000                  0.0000000000000000E+000                  1.1863794074746258E-027                  0.0000000000000000E+000                 -2.6287707205525447E+002                  7.0000000000000007E-001                  2.9797635251138618E-005                  2.7997020236474890E-001                  4.1193902129486445E-003                  1.2067031330276049E-003                  1.1203876416666533E-002                  2.5129237964844945E-003                  9.5710644087274662E-004                  0.0000000000000000E+000                  0.0000000000000000E+000                  0.0000000000000000E+000                  0.0000000000000000E+000                  0.0000000000000000E+000                  0.0000000000000000E+000                  0.0000000000000000E+000                  0.0000000000000000E+000                  0.0000000000000000E+000                  0.0000000000000000E+000                 -1.2052754266534315E+001                 -9.8999999999999986E+001                  0.0000000000000000E+000                  0.0000000000000000E+000                 -9.8999999999999986E+001                 -9.8999999999999986E+001                  1.5001827446076845E+001                 -9.9000000000000000E+001                 -9.9000000000000000E+001                 -9.9000000000000000E+001 
                 9.9980587134591548E-001                  2.7560191153866640E+001                  2.9208604783115950E+000                  2.9389979209766228E+005                 -6.6675555669594306E+000                  4.1534948439863975E+000                  8.7161916451450000E+012                  2.5496879392446587E+001                  2.2640680367492533E+009                  1.1891762884462973E+000                  1.0732281739895835E-001                  8.5887427887290324E-001                  3.9269378354750478E-001                  8.5000496627254152E-001                  2.9379610824995395E+005                  1.0368384770832940E+002                  1.2465514407613421E+002                  1.0775752353866590E-001                  0.0000000000000000E+000                  3.9691990537089281E+004                  8.2066119672857963E+002                  3.1554389319274841E-026                  3.1554389319274841E-026                  0.0000000000000000E+000                  0.0000000000000000E+000                  1.2623843774549578E-027                  0.0000000000000000E+000                 -2.9436917272839395E+002                  6.9999999999999996E-001                  2.9797635251138611E-005                  2.7997020236474884E-001                  4.1193902129486445E-003                  1.2067031330276047E-003                  1.1203876416666531E-002                  2.5129237964844936E-003                  9.5710644087274662E-004                  0.0000000000000000E+000                  0.0000000000000000E+000                  0.0000000000000000E+000                  0.0000000000000000E+000                  0.0000000000000000E+000                  0.0000000000000000E+000                  0.0000000000000000E+000                  0.0000000000000000E+000                  0.0000000000000000E+000                  0.0000000000000000E+000                 -1.1991644964295876E+001                 -9.8999999999999986E+001                  0.0000000000000000E+000                  0.0000000000000000E+000                 -9.8999999999999986E+001                 -9.8999999999999986E+001                  1.4998513637973414E+001                 -9.9000000000000000E+001                 -9.9000000000000000E+001                 -9.9000000000000000E+001 
                 9.9979189063115925E-001                  2.7519934904249521E+001                  2.9229913898156044E+000                  3.1649375330783636E+005                 -6.6406047220115134E+000                  4.1569920255961224E+000                  8.8040742793816211E+012                  2.5498463078806630E+001                  2.2392692225553875E+009                  1.1906962388680191E+000                  1.0826335920352950E-001                  8.5531107124045214E-001                  3.9728294446543944E-001                  8.5000496627254185E-001                  3.1638667541112221E+005                  1.0707789671414976E+002                  1.3651628342927307E+002                  1.0865082821588259E-001                  0.0000000000000000E+000                  3.9040285216025834E+004                  8.6099128841672291E+002                  3.3575523959843971E-026                  3.3575523959843971E-026                  0.0000000000000000E+000                  0.0000000000000000E+000                  1.3432431375378130E-027                  0.0000000000000000E+000                 -2.2977972298976974E+002                  7.0000000000000007E-001                  2.9797635251138604E-005                  2.7997020236474890E-001                  4.1193902129486436E-003                  1.2067031330276049E-003                  1.1203876416666533E-002                  2.5129237964844945E-003                  9.5710644087274640E-004                  0.0000000000000000E+000                  0.0000000000000000E+000                  0.0000000000000000E+000                  0.0000000000000000E+000                  0.0000000000000000E+000                  0.0000000000000000E+000                  0.0000000000000000E+000                  0.0000000000000000E+000                  0.0000000000000000E+000                  0.0000000000000000E+000                 -1.1930142470353356E+001                 -9.8999999999999986E+001                  0.0000000000000000E+000                  0.0000000000000000E+000                 -9.8999999999999986E+001                 -9.8999999999999986E+001                  1.4995278890346688E+001                 -9.9000000000000000E+001                 -9.9000000000000000E+001                 -9.9000000000000000E+001 
                 9.9977692871854384E-001                  2.7479326460913910E+001                  2.9247714820083064E+000                  3.4081553037810622E+005                 -6.6136443277593884E+000                  4.1605171622686630E+000                  8.8905728256581875E+012                  2.5496828432497008E+001                  2.2146714461031599E+009                  1.1922355503706876E+000                  1.0920629384408745E-001                  8.5182543693817181E-001                  4.0238027530502729E-001                  8.5000496627254174E-001                  3.4070491885345127E+005                  1.1061152465493812E+002                  1.4939511186258559E+002                  1.0955918434825623E-001                  0.0000000000000000E+000                  3.8398880566932807E+004                  9.0300303716907194E+002                  3.5726934432345079E-026                  3.5726934432345079E-026                  0.0000000000000000E+000                  0.0000000000000000E+000                  1.4293137929748525E-027                  0.0000000000000000E+000                 -1.9588583976721009E+002                  7.0000000000000007E-001                  2.9797635251138614E-005                  2.7997020236474884E-001                  4.1193902129486454E-003                  1.2067031330276049E-003                  1.1203876416666533E-002                  2.5129237964844936E-003                  9.5710644087274607E-004                  0.0000000000000000E+000                  0.0000000000000000E+000                  0.0000000000000000E+000                  0.0000000000000000E+000                  0.0000000000000000E+000                  0.0000000000000000E+000                  0.0000000000000000E+000                  0.0000000000000000E+000                  0.0000000000000000E+000                  0.0000000000000000E+000                 -1.1867366586210949E+001                 -9.8999999999999986E+001                  0.0000000000000000E+000                  0.0000000000000000E+000                 -9.8999999999999986E+001                 -9.8999999999999986E+001                  1.4992012929345654E+001                 -9.9000000000000000E+001                 -9.9000000000000000E+001                 -9.9000000000000000E+001 
                 9.9976091771459885E-001                  2.7438364893516429E+001                  2.9263954046829088E+000                  3.6699721069613879E+005                 -6.5867366369729412E+000                  4.1640708739045165E+000                  8.9781738525606699E+012                  2.5495615115250470E+001                  2.1892731235370450E+009                  1.1938303356212026E+000                  1.1017946121637867E-001                  8.4832420494427618E-001                  4.0755849929688587E-001                  8.5000496627254152E-001                  3.6688291885597265E+005                  1.1429184016613510E+002                  1.6337429091602658E+002                  1.1048478570165396E-001                  0.0000000000000000E+000                  3.7769593490648200E+004                  9.4669233397049675E+002                  3.8011619331466517E-026                  3.8011619331466517E-026                  0.0000000000000000E+000                  0.0000000000000000E+000                  1.5207163073966515E-027                  0.0000000000000000E+000                 -3.1440928079249721E+002                  6.9999999999999996E-001                  2.9797635251138621E-005                  2.7997020236474884E-001                  4.1193902129486454E-003                  1.2067031330276051E-003                  1.1203876416666529E-002                  2.5129237964844936E-003                  9.5710644087274629E-004                  0.0000000000000000E+000                  0.0000000000000000E+000                  0.0000000000000000E+000                  0.0000000000000000E+000                  0.0000000000000000E+000                  0.0000000000000000E+000                  0.0000000000000000E+000                  0.0000000000000000E+000                  0.0000000000000000E+000                  0.0000000000000000E+000                 -1.1804795251198239E+001                 -9.8999999999999986E+001                  0.0000000000000000E+000                  0.0000000000000000E+000                 -9.8999999999999986E+001                 -9.8999999999999986E+001                  1.4988762744155494E+001                 -9.9000000000000000E+001                 -9.9000000000000000E+001                 -9.9000000000000000E+001 
                 9.9974378510588979E-001                  2.7397043383179405E+001                  2.9291844948991272E+000                  3.9518098201964615E+005                 -6.5599248475932130E+000                  4.1676547285533294E+000                  9.0688013247427676E+012                  2.5497618724562237E+001                  2.1621636598738475E+009                  1.1955125516944691E+000                  1.1121328452916153E-001                  8.4474407859151068E-001                  4.1236106695835612E-001                  8.5000496627254174E-001                  3.9506285462003347E+005                  1.1812739961268572E+002                  1.7860781154068098E+002                  1.1145724872813717E-001                  0.0000000000000000E+000                  3.7161682300949047E+004                  9.9208147866669015E+002                  4.0433510041581910E-026                  4.0433510041581904E-026                  0.0000000000000000E+000                  0.0000000000000000E+000                  1.6176079621937930E-027                  0.0000000000000000E+000                 -3.9979436553877127E+002                  7.0000000000000007E-001                  2.9797635251138611E-005                  2.7997020236474879E-001                  4.1193902129486436E-003                  1.2067031330276049E-003                  1.1203876416666527E-002                  2.5129237964844932E-003                  9.5710644087274629E-004                  0.0000000000000000E+000                  0.0000000000000000E+000                  0.0000000000000000E+000                  0.0000000000000000E+000                  0.0000000000000000E+000                  0.0000000000000000E+000                  0.0000000000000000E+000                  0.0000000000000000E+000                  0.0000000000000000E+000                  0.0000000000000000E+000                 -1.1743814934966455E+001                 -9.8999999999999986E+001                  0.0000000000000000E+000                  0.0000000000000000E+000                 -9.8999999999999986E+001                 -9.8999999999999986E+001                  1.4985692754943932E+001                 -9.9000000000000000E+001                 -9.9000000000000000E+001                 -9.9000000000000000E+001 
                 9.9972545346635888E-001                  2.7355350863623077E+001                  2.9329792318962071E+000                  4.2551991053464275E+005                 -6.5331558210537803E+000                  4.1712704461246224E+000                  9.1602398198085254E+012                  2.5499645957233064E+001                  2.1342583443204703E+009                  1.1972562802539519E+000                  1.1228552527615734E-001                  8.4118229516241183E-001                  4.1711405704705273E-001                  8.5000496627254174E-001                  4.2539778302141302E+005                  1.2212751322971830E+002                  1.9519708320706849E+002                  1.1248142117294506E-001                  0.0000000000000000E+000                  3.6574260118417908E+004                  1.0393191512464709E+003                  4.3005514282993023E-026                  4.3005514282993023E-026                  0.0000000000000000E+000                  0.0000000000000000E+000                  1.7205051515932136E-027                  0.0000000000000000E+000                 -3.7853067700844889E+002                  7.0000000000000007E-001                  2.9797635251138608E-005                  2.7997020236474879E-001                  4.1193902129486436E-003                  1.2067031330276043E-003                  1.1203876416666531E-002                  2.5129237964844941E-003                  9.5710644087274618E-004                  0.0000000000000000E+000                  0.0000000000000000E+000                  0.0000000000000000E+000                  0.0000000000000000E+000                  0.0000000000000000E+000                  0.0000000000000000E+000                  0.0000000000000000E+000                  0.0000000000000000E+000                  0.0000000000000000E+000                  0.0000000000000000E+000                 -1.1683169345260440E+001                 -9.8999999999999986E+001                  0.0000000000000000E+000                  0.0000000000000000E+000                 -9.8999999999999986E+001                 -9.8999999999999986E+001                  1.4982796309008462E+001                 -9.9000000000000000E+001                 -9.9000000000000000E+001                 -9.9000000000000000E+001 
                 9.9970584013516506E-001                  2.7313281205572537E+001                  2.9368233448901639E+000                  4.5817876066370925E+005                 -6.5063950690152765E+000                  4.1749189775203757E+000                  9.2510297631251250E+012                  2.5499814990701207E+001                  2.1064503481294670E+009                  1.1990188476174304E+000                  1.1337194645439191E-001                  8.3769094222451557E-001                  4.2212419904248988E-001                  8.5000496627254174E-001                  4.5805245941636863E+005                  1.2630124734064860E+002                  2.1320546836069221E+002                  1.1353353111601582E-001                  0.0000000000000000E+000                  3.5999322385096253E+004                  1.0885657080734409E+003                  4.5740298352482642E-026                  4.5740298352482642E-026                  0.0000000000000000E+000                  0.0000000000000000E+000                  1.8299146112836162E-027                  0.0000000000000000E+000                 -3.2278276563896713E+002                  7.0000000000000007E-001                  2.9797635251138608E-005                  2.7997020236474884E-001                  4.1193902129486445E-003                  1.2067031330276051E-003                  1.1203876416666531E-002                  2.5129237964844936E-003                  9.5710644087274651E-004                  0.0000000000000000E+000                  0.0000000000000000E+000                  0.0000000000000000E+000                  0.0000000000000000E+000                  0.0000000000000000E+000                  0.0000000000000000E+000                  0.0000000000000000E+000                  0.0000000000000000E+000                  0.0000000000000000E+000                  0.0000000000000000E+000                 -1.1622136986358512E+001                 -9.8999999999999986E+001                  0.0000000000000000E+000                  0.0000000000000000E+000                 -9.8999999999999986E+001                 -9.8999999999999986E+001                  1.4979941477281820E+001                 -9.9000000000000000E+001                 -9.9000000000000000E+001                 -9.9000000000000000E+001 
                 9.9968485685913211E-001                  2.7270831560538213E+001                  2.9403302768264261E+000                  4.9333488682855363E+005                 -6.4796556716313738E+000                  4.1786008456668329E+000                  9.3418827046593477E+012                  2.5498748841299797E+001                  2.0786528558845415E+009                  1.2007838376321813E+000                  1.1447168523756102E-001                  8.3423630654745118E-001                  4.2731803403803548E-001                  8.5000496627254185E-001                  4.9320422909747838E+005                  1.3065773107526186E+002                  2.3272601775257993E+002                  1.1460039191329018E-001                  0.0000000000000000E+000                  3.5432875569872434E+004                  1.1399373624493828E+003                  4.8646647051313660E-026                  4.8646647051313660E-026                  0.0000000000000000E+000                  0.0000000000000000E+000                  1.9461877914479516E-027                  0.0000000000000000E+000                 -3.3389505288276212E+002                  7.0000000000000007E-001                  2.9797635251138608E-005                  2.7997020236474890E-001                  4.1193902129486428E-003                  1.2067031330276051E-003                  1.1203876416666534E-002                  2.5129237964844932E-003                  9.5710644087274618E-004                  0.0000000000000000E+000                  0.0000000000000000E+000                  0.0000000000000000E+000                  0.0000000000000000E+000                  0.0000000000000000E+000                  0.0000000000000000E+000                  0.0000000000000000E+000                  0.0000000000000000E+000                  0.0000000000000000E+000                  0.0000000000000000E+000                 -1.1561116076419564E+001                 -9.8999999999999986E+001                  0.0000000000000000E+000                  0.0000000000000000E+000                 -9.8999999999999986E+001                 -9.8999999999999986E+001                  1.4977072676183115E+001                 -9.9000000000000000E+001                 -9.9000000000000000E+001                 -9.9000000000000000E+001 
                 9.9966240941811146E-001                  2.7227997783375816E+001                  2.9442110699985529E+000                  5.3117919815176795E+005                 -6.4529893257620765E+000                  4.1823170657490047E+000                  9.4350054232746680E+012                  2.5500021923581226E+001                  2.0496946535843959E+009                  1.2026053462394695E+000                  1.1561703841740084E-001                  8.3074864015024485E-001                  4.3223575467772607E-001                  8.5000496627254185E-001                  5.3104399089776876E+005                  1.3520725399921585E+002                  2.5392787681128073E+002                  1.1569743923192284E-001                  0.0000000000000000E+000                  3.4879670064072139E+004                  1.1934389908916760E+003                  5.1729012608276278E-026                  5.1729012608276289E-026                  0.0000000000000000E+000                  0.0000000000000000E+000                  2.0695028107003721E-027                  0.0000000000000000E+000                 -4.6743625636855194E+002                  7.0000000000000007E-001                  2.9797635251138614E-005                  2.7997020236474890E-001                  4.1193902129486462E-003                  1.2067031330276051E-003                  1.1203876416666534E-002                  2.5129237964844941E-003                  9.5710644087274640E-004                  0.0000000000000000E+000                  0.0000000000000000E+000                  0.0000000000000000E+000                  0.0000000000000000E+000                  0.0000000000000000E+000                  0.0000000000000000E+000                  0.0000000000000000E+000                  0.0000000000000000E+000                  0.0000000000000000E+000                  0.0000000000000000E+000                 -1.1501137515367418E+001                 -9.8999999999999986E+001                  0.0000000000000000E+000                  0.0000000000000000E+000                 -9.8999999999999986E+001                 -9.8999999999999986E+001                  1.4974283245479834E+001                 -9.9000000000000000E+001                 -9.9000000000000000E+001                 -9.9000000000000000E+001 
                 9.9963839723986991E-001                  2.7184770549292072E+001                  2.9500226960559517E+000                  5.7191720472033450E+005                 -6.4264044833010043E+000                  4.1860694044442219E+000                  9.5306947613327539E+012                  2.5503535008601343E+001                  2.0192582986568675E+009                  1.2045014430269214E+000                  1.1682123574512465E-001                  8.2722086648147508E-001                  4.3681955525476196E-001                  8.5000496627254152E-001                  5.7177724297571043E+005                  1.3996174462407134E+002                  2.7707349419314863E+002                  1.1684816012265990E-001                  0.0000000000000000E+000                  3.4349027287098128E+004                  1.2490865870293185E+003                  5.4996414481325054E-026                  5.4996414481325054E-026                  0.0000000000000000E+000                  0.0000000000000000E+000                  2.2002205070444689E-027                  0.0000000000000000E+000                 -5.9300659580668582E+002                  6.9999999999999984E-001                  2.9797635251138611E-005                  2.7997020236474895E-001                  4.1193902129486454E-003                  1.2067031330276047E-003                  1.1203876416666527E-002                  2.5129237964844936E-003                  9.5710644087274640E-004                  0.0000000000000000E+000                  0.0000000000000000E+000                  0.0000000000000000E+000                  0.0000000000000000E+000                  0.0000000000000000E+000                  0.0000000000000000E+000                  0.0000000000000000E+000                  0.0000000000000000E+000                  0.0000000000000000E+000                  0.0000000000000000E+000                 -1.1442331945630531E+001                 -9.8999999999999986E+001                  0.0000000000000000E+000                  0.0000000000000000E+000                 -9.8999999999999986E+001                 -9.8999999999999986E+001                  1.4971725753942017E+001                 -9.9000000000000000E+001                 -9.9000000000000000E+001                 -9.9000000000000000E+001 
                 9.9961271299788668E-001                  2.7141139523781654E+001                  2.9579089358301056E+000                  6.1577013444598520E+005                 -6.3998497814088839E+000                  4.1898594811995231E+000                  9.6267650753484648E+012                  2.5505296361074357E+001                  1.9884948185809636E+009                  1.2064349799957630E+000                  1.1806124728179268E-001                  8.2372760586529326E-001                  4.4164097088165760E-001                  8.5000496627254174E-001                  6.1562520065423322E+005                  1.4493379175197089E+002                  3.0234589969503782E+002                  1.1804805987144112E-001                  0.0000000000000000E+000                  3.3840362976485536E+004                  1.3069600450022645E+003                  5.8466201438807451E-026                  5.8466201438807451E-026                  0.0000000000000000E+000                  0.0000000000000000E+000                  2.3390349460173374E-027                  0.0000000000000000E+000                 -6.3571275143308685E+002                  7.0000000000000007E-001                  2.9797635251138625E-005                  2.7997020236474884E-001                  4.1193902129486445E-003                  1.2067031330276047E-003                  1.1203876416666533E-002                  2.5129237964844941E-003                  9.5710644087274651E-004                  0.0000000000000000E+000                  0.0000000000000000E+000                  0.0000000000000000E+000                  0.0000000000000000E+000                  0.0000000000000000E+000                  0.0000000000000000E+000                  0.0000000000000000E+000                  0.0000000000000000E+000                  0.0000000000000000E+000                  0.0000000000000000E+000                 -1.1383381251415601E+001                 -9.8999999999999986E+001                  0.0000000000000000E+000                  0.0000000000000000E+000                 -9.8999999999999986E+001                 -9.8999999999999986E+001                  1.4969381387397076E+001                 -9.9000000000000000E+001                 -9.9000000000000000E+001                 -9.9000000000000000E+001 
                 9.9958524216578892E-001                  2.7097099388975579E+001                  2.9669511841642877E+000                  6.6297612017799995E+005                 -6.3733098847992729E+000                  4.1936882297745894E+000                  9.7224218997227305E+012                  2.5504679852069224E+001                  1.9579361945486698E+009                  1.2084021955928932E+000                  1.1931870358458972E-001                  8.2028687669823019E-001                  4.4690857035197235E-001                  8.5000496627254152E-001                  6.6282598424449190E+005                  1.5013593350810291E+002                  3.2982806623367458E+002                  1.1927589395152982E-001                  0.0000000000000000E+000                  3.3346156759033263E+004                  1.3670604766382426E+003                  6.2152850732388198E-026                  6.2152850732388198E-026                  0.0000000000000000E+000                  0.0000000000000000E+000                  2.4865253134872032E-027                  0.0000000000000000E+000                 -6.3968911611751105E+002                  6.9999999999999996E-001                  2.9797635251138621E-005                  2.7997020236474884E-001                  4.1193902129486436E-003                  1.2067031330276051E-003                  1.1203876416666527E-002                  2.5129237964844936E-003                  9.5710644087274651E-004                  0.0000000000000000E+000                  0.0000000000000000E+000                  0.0000000000000000E+000                  0.0000000000000000E+000                  0.0000000000000000E+000                  0.0000000000000000E+000                  0.0000000000000000E+000                  0.0000000000000000E+000                  0.0000000000000000E+000                  0.0000000000000000E+000                 -1.1323561947102471E+001                 -9.8999999999999986E+001                  0.0000000000000000E+000                  0.0000000000000000E+000                 -9.8999999999999986E+001                 -9.8999999999999986E+001                  1.4967128725061011E+001                 -9.9000000000000000E+001                 -9.9000000000000000E+001                 -9.9000000000000000E+001 
                 9.9955586253208384E-001                  2.7052646333280215E+001                  2.9766822190580804E+000                  7.1379149245994294E+005                 -6.3468108181656184E+000                  4.1975565196400373E+000                  9.8187733311768965E+012                  2.5503582453420620E+001                  1.9270866681856403E+009                  1.2104205961598615E+000                  1.2060954308706254E-001                  8.1685625500121672E-001                  4.5230489614193037E-001                  8.5000496627254152E-001                  7.1363591101231868E+005                  1.5558144762429302E+002                  3.5961447807063655E+002                  1.2052975426002685E-001                  0.0000000000000000E+000                  3.2863056511817507E+004                  1.4292859289898090E+003                  6.6065826480822484E-026                  6.6065826480822484E-026                  0.0000000000000000E+000                  0.0000000000000000E+000                  2.6430702368325859E-027                  0.0000000000000000E+000                 -6.9804379537139619E+002                  6.9999999999999996E-001                  2.9797635251138621E-005                  2.7997020236474884E-001                  4.1193902129486436E-003                  1.2067031330276049E-003                  1.1203876416666533E-002                  2.5129237964844936E-003                  9.5710644087274640E-004                  0.0000000000000000E+000                  0.0000000000000000E+000                  0.0000000000000000E+000                  0.0000000000000000E+000                  0.0000000000000000E+000                  0.0000000000000000E+000                  0.0000000000000000E+000                  0.0000000000000000E+000                  0.0000000000000000E+000                  0.0000000000000000E+000                 -1.1263759560579976E+001                 -9.8999999999999986E+001                  0.0000000000000000E+000                  0.0000000000000000E+000                 -9.8999999999999986E+001                 -9.8999999999999986E+001                  1.4964934516764338E+001                 -9.9000000000000000E+001                 -9.9000000000000000E+001                 -9.9000000000000000E+001 
                 9.9952444369784221E-001                  2.7007773834894941E+001                  2.9880379851526988E+000                  7.6849217768494657E+005                 -6.3203886852592897E+000                  4.2014660573389762E+000                  9.9174946694443359E+012                  2.5504650193272674E+001                  1.8950969925446472E+009                  1.2125385014176739E+000                  1.2197029044583249E-001                  8.1338376663111844E-001                  4.5734546658270725E-001                  8.5000496627254174E-001                  7.6833089194949379E+005                  1.6128573545273952E+002                  3.9194890721004367E+002                  1.2183580158032314E-001                  0.0000000000000000E+000                  3.2396855326700999E+004                  1.4934769405726288E+003                  7.0212788595302818E-026                  7.0212788595302818E-026                  0.0000000000000000E+000                  0.0000000000000000E+000                  2.8089761631906226E-027                  0.0000000000000000E+000                 -8.4535638057857568E+002                  7.0000000000000007E-001                  2.9797635251138611E-005                  2.7997020236474879E-001                  4.1193902129486445E-003                  1.2067031330276051E-003                  1.1203876416666534E-002                  2.5129237964844932E-003                  9.5710644087274618E-004                  0.0000000000000000E+000                  0.0000000000000000E+000                  0.0000000000000000E+000                  0.0000000000000000E+000                  0.0000000000000000E+000                  0.0000000000000000E+000                  0.0000000000000000E+000                  0.0000000000000000E+000                  0.0000000000000000E+000                  0.0000000000000000E+000                 -1.1205511994203357E+001                 -9.8999999999999986E+001                  0.0000000000000000E+000                  0.0000000000000000E+000                 -9.8999999999999986E+001                 -9.8999999999999986E+001                  1.4962911326920789E+001                 -9.9000000000000000E+001                 -9.9000000000000000E+001                 -9.9000000000000000E+001 
                 9.9949084655779463E-001                  2.6962471518709421E+001                  3.0027436902315507E+000                  8.2737520535949362E+005                 -6.2940359904344296E+000                  4.2054191489273398E+000                  1.0018095777787635E+013                  2.5507264933542302E+001                  1.8620400522354021E+009                  1.2147625596044918E+000                  1.2340014393377444E-001                  8.0988275414788247E-001                  4.6206491956776147E-001                  8.5000496627254174E-001                  8.2720793910762772E+005                  1.6726625186589658E+002                  4.2723786053722506E+002                  1.2321278487241617E-001                  0.0000000000000000E+000                  3.1956470285898809E+004                  1.5596105325172907E+003                  7.4608208812468172E-026                  7.4608208812468172E-026                  0.0000000000000000E+000                  0.0000000000000000E+000                  2.9848220577925116E-027                  0.0000000000000000E+000                 -9.5096500445094080E+002                  7.0000000000000007E-001                  2.9797635251138614E-005                  2.7997020236474884E-001                  4.1193902129486445E-003                  1.2067031330276049E-003                  1.1203876416666529E-002                  2.5129237964844936E-003                  9.5710644087274640E-004                  0.0000000000000000E+000                  0.0000000000000000E+000                  0.0000000000000000E+000                  0.0000000000000000E+000                  0.0000000000000000E+000                  0.0000000000000000E+000                  0.0000000000000000E+000                  0.0000000000000000E+000                  0.0000000000000000E+000                  0.0000000000000000E+000                 -1.1148328801334264E+001                 -9.8999999999999986E+001                  0.0000000000000000E+000                  0.0000000000000000E+000                 -9.8999999999999986E+001                 -9.8999999999999986E+001                  1.4961201866636362E+001                 -9.9000000000000000E+001                 -9.9000000000000000E+001                 -9.9000000000000000E+001 
                 9.9945492275009329E-001                  2.6916729613223438E+001                  3.0204321736353670E+000                  8.9076031733573216E+005                 -6.2677080558560334E+000                  4.2094175267587257E+000                  1.0118612397424934E+013                  2.5507838617802683E+001                  1.8290060500603819E+009                  1.2170321676208979E+000                  1.2486369581608475E-001                  8.0641977469265624E-001                  4.6709208949179748E-001                  8.5000496627254174E-001                  8.9058677643926011E+005                  1.7354089647204603E+002                  4.6570464313805570E+002                  1.2464289114830783E-001                  0.0000000000000000E+000                  3.1538389409501095E+004                  1.6278813479813882E+003                  7.9274364325039892E-026                  7.9274364325039892E-026                  0.0000000000000000E+000                  0.0000000000000000E+000                  3.1714991557642165E-027                  0.0000000000000000E+000                 -9.2424297212273518E+002                  7.0000000000000007E-001                  2.9797635251138614E-005                  2.7997020236474884E-001                  4.1193902129486471E-003                  1.2067031330276051E-003                  1.1203876416666531E-002                  2.5129237964844949E-003                  9.5710644087274640E-004                  0.0000000000000000E+000                  0.0000000000000000E+000                  0.0000000000000000E+000                  0.0000000000000000E+000                  0.0000000000000000E+000                  0.0000000000000000E+000                  0.0000000000000000E+000                  0.0000000000000000E+000                  0.0000000000000000E+000                  0.0000000000000000E+000                 -1.1090628152021281E+001                 -9.8999999999999986E+001                  0.0000000000000000E+000                  0.0000000000000000E+000                 -9.8999999999999986E+001                 -9.8999999999999986E+001                  1.4959743855076612E+001                 -9.9000000000000000E+001                 -9.9000000000000000E+001                 -9.9000000000000000E+001 
                 9.9941651404860177E-001                  2.6870542924452163E+001                  3.0388127647577496E+000                  9.5899168635198998E+005                 -6.2414031012828994E+000                  4.2134622820047660E+000                  1.0219020644739180E+013                  2.5505955785495711E+001                  1.7961988042552547E+009                  1.2193385866447626E+000                  1.2635866936356616E-001                  8.0300397840200888E-001                  4.7257704781313148E-001                  8.5000496627254174E-001                  9.5881155850520637E+005                  1.8012784678366629E+002                  5.0728941696805600E+002                  1.2610622004826022E-001                  0.0000000000000000E+000                  3.1129589242026821E+004                  1.6984586530124802E+003                  8.4227998794821294E-026                  8.4227998794821294E-026                  0.0000000000000000E+000                  0.0000000000000000E+000                  3.3696773143780984E-027                  0.0000000000000000E+000                 -8.4743145918708194E+002                  7.0000000000000007E-001                  2.9797635251138621E-005                  2.7997020236474879E-001                  4.1193902129486471E-003                  1.2067031330276047E-003                  1.1203876416666531E-002                  2.5129237964844941E-003                  9.5710644087274651E-004                  0.0000000000000000E+000                  0.0000000000000000E+000                  0.0000000000000000E+000                  0.0000000000000000E+000                  0.0000000000000000E+000                  0.0000000000000000E+000                  0.0000000000000000E+000                  0.0000000000000000E+000                  0.0000000000000000E+000                  0.0000000000000000E+000                 -1.1032348004993176E+001                 -9.8999999999999986E+001                  0.0000000000000000E+000                  0.0000000000000000E+000                 -9.8999999999999986E+001                 -9.8999999999999986E+001                  1.4958342551524094E+001                 -9.9000000000000000E+001                 -9.9000000000000000E+001                 -9.9000000000000000E+001 
                 9.9937545170851227E-001                  2.6823906397476900E+001                  3.0568301584048685E+000                  1.0324397880437020E+006                 -6.2151561540021563E+000                  4.2175549340953342E+000                  1.0320889872028574E+013                  2.5504555783532773E+001                  1.7628108874319606E+009                  1.2217301286661135E+000                  1.2791539676856514E-001                  7.9959662537035592E-001                  4.7809255432543063E-001                  8.5000496627254185E-001                  1.0322527407340849E+006                  1.8704730961715879E+002                  5.5205025051230484E+002                  1.2761619568259674E-001                  0.0000000000000000E+000                  3.0725364625422917E+004                  1.7714750094985943E+003                  8.9479328761791813E-026                  8.9479328761791813E-026                  0.0000000000000000E+000                  0.0000000000000000E+000                  3.5797652628417210E-027                  0.0000000000000000E+000                 -8.8044465422944984E+002                  7.0000000000000007E-001                  2.9797635251138608E-005                  2.7997020236474890E-001                  4.1193902129486445E-003                  1.2067031330276049E-003                  1.1203876416666533E-002                  2.5129237964844932E-003                  9.5710644087274629E-004                  0.0000000000000000E+000                  0.0000000000000000E+000                  0.0000000000000000E+000                  0.0000000000000000E+000                  0.0000000000000000E+000                  0.0000000000000000E+000                  0.0000000000000000E+000                  0.0000000000000000E+000                  0.0000000000000000E+000                  0.0000000000000000E+000                 -1.0974431967930590E+001                 -9.8999999999999986E+001                  0.0000000000000000E+000                  0.0000000000000000E+000                 -9.8999999999999986E+001                 -9.8999999999999986E+001                  1.4956951246949378E+001                 -9.9000000000000000E+001                 -9.9000000000000000E+001                 -9.9000000000000000E+001 
                 9.9933155579564481E-001                  2.6776811135273238E+001                  3.0768412071022428E+000                  1.1115034250262899E+006                 -6.1889936189428134E+000                  4.2216979018533722E+000                  1.0425063510900422E+013                  2.5505971415310281E+001                  1.7282307530067587E+009                  1.2242471445359111E+000                  1.2955870549463128E-001                  7.9617654181520825E-001                  4.8323215517273549E-001                  8.5000496627254152E-001                  1.1113091024153945E+006                  1.9432261089527177E+002                  6.0066497629542062E+002                  1.2920091645669762E-001                  0.0000000000000000E+000                  3.0337655068068514E+004                  1.8471179206060747E+003                  9.5039701207009351E-026                  9.5039701207009339E-026                  0.0000000000000000E+000                  0.0000000000000000E+000                  3.8022169554865326E-027                  0.0000000000000000E+000                 -1.0543731580455112E+003                  6.9999999999999996E-001                  2.9797635251138621E-005                  2.7997020236474890E-001                  4.1193902129486445E-003                  1.2067031330276054E-003                  1.1203876416666534E-002                  2.5129237964844941E-003                  9.5710644087274651E-004                  0.0000000000000000E+000                  0.0000000000000000E+000                  0.0000000000000000E+000                  0.0000000000000000E+000                  0.0000000000000000E+000                  0.0000000000000000E+000                  0.0000000000000000E+000                  0.0000000000000000E+000                  0.0000000000000000E+000                  0.0000000000000000E+000                 -1.0917757885416238E+001                 -9.8999999999999986E+001                  0.0000000000000000E+000                  0.0000000000000000E+000                 -9.8999999999999986E+001                 -9.8999999999999986E+001                  1.4955772185220356E+001                 -9.9000000000000000E+001                 -9.9000000000000000E+001                 -9.9000000000000000E+001 
                 9.9928463449267302E-001                  2.6729245206423787E+001                  3.1024570178465596E+000                  1.1966118995795720E+006                 -6.1629009563244850E+000                  4.2258939312892734E+000                  1.0530754156675119E+013                  2.5509093154208557E+001                  1.6928168261728873E+009                  1.2268761143403133E+000                  1.3128251683641254E-001                  7.9277023173243322E-001                  4.8808435171502340E-001                  8.5000496627254174E-001                  1.1964099200042586E+006                  2.0197957531350210E+002                  6.5426275738381230E+002                  1.3087063162228804E-001                  0.0000000000000000E+000                  2.9981657755956476E+004                  1.9257144132484475E+003                  1.0092949019337591E-025                  1.0092949019337591E-025                  0.0000000000000000E+000                  0.0000000000000000E+000                  4.0378474896532609E-027                  0.0000000000000000E+000                 -1.1966998044761874E+003                  6.9999999999999996E-001                  2.9797635251138621E-005                  2.7997020236474895E-001                  4.1193902129486445E-003                  1.2067031330276047E-003                  1.1203876416666531E-002                  2.5129237964844936E-003                  9.5710644087274629E-004                  0.0000000000000000E+000                  0.0000000000000000E+000                  0.0000000000000000E+000                  0.0000000000000000E+000                  0.0000000000000000E+000                  0.0000000000000000E+000                  0.0000000000000000E+000                  0.0000000000000000E+000                  0.0000000000000000E+000                  0.0000000000000000E+000                 -1.0862172367632345E+001                 -9.8999999999999986E+001                  0.0000000000000000E+000                  0.0000000000000000E+000                 -9.8999999999999986E+001                 -9.8999999999999986E+001                  1.4955038603615140E+001                 -9.9000000000000000E+001                 -9.9000000000000000E+001                 -9.9000000000000000E+001 
                 9.9923448335421894E-001                  2.6681198063328907E+001                  3.1335319154748125E+000                  1.2882273354303776E+006                 -6.1368430130719167E+000                  4.2301450463820141E+000                  1.0636645668552691E+013                  2.5510441615859047E+001                  1.6576066491034226E+009                  1.2295576500456507E+000                  1.3304741599015066E-001                  7.8940978881293566E-001                  4.9321926674265498E-001                  8.5000496627254185E-001                  1.2880172906396941E+006                  2.1004479068361346E+002                  7.1341578025961530E+002                  1.3260287438195162E-001                  0.0000000000000000E+000                  2.9653480062650608E+004                  2.0075872331005805E+003                  1.0717585684965156E-025                  1.0717585684965156E-025                  0.0000000000000000E+000                  0.0000000000000000E+000                  4.2877434902296811E-027                  0.0000000000000000E+000                 -1.1804420762770387E+003                  7.0000000000000007E-001                  2.9797635251138618E-005                  2.7997020236474890E-001                  4.1193902129486445E-003                  1.2067031330276049E-003                  1.1203876416666529E-002                  2.5129237964844936E-003                  9.5710644087274651E-004                  0.0000000000000000E+000                  0.0000000000000000E+000                  0.0000000000000000E+000                  0.0000000000000000E+000                  0.0000000000000000E+000                  0.0000000000000000E+000                  0.0000000000000000E+000                  0.0000000000000000E+000                  0.0000000000000000E+000                  0.0000000000000000E+000                 -1.0806425705016828E+001                 -9.8999999999999986E+001                  0.0000000000000000E+000                  0.0000000000000000E+000                 -9.8999999999999986E+001                 -9.8999999999999986E+001                  1.4954683324132835E+001                 -9.9000000000000000E+001                 -9.9000000000000000E+001                 -9.9000000000000000E+001 
                 9.9918088448889175E-001                  2.6632662897514209E+001                  3.1662919211929905E+000                  1.3868471675657688E+006                 -6.1108231467507075E+000                  4.2344526745733280E+000                  1.0742942985278404E+013                  2.5509762069359052E+001                  1.6226406847198627E+009                  1.2323015571248364E+000                  1.3485835456919340E-001                  7.8607659311463429E-001                  4.9864136430557238E-001                  8.5000496627254185E-001                  1.3866286217842954E+006                  2.1854578147339487E+002                  7.7779869796721994E+002                  1.3437910511070841E-001                  0.0000000000000000E+000                  2.9334563285521515E+004                  2.0927241626478585E+003                  1.1379898065425550E-025                  1.1379898065425552E-025                  0.0000000000000000E+000                  0.0000000000000000E+000                  4.5527122698904717E-027                  0.0000000000000000E+000                 -1.1181369770843773E+003                  7.0000000000000018E-001                  2.9797635251138618E-005                  2.7997020236474879E-001                  4.1193902129486436E-003                  1.2067031330276045E-003                  1.1203876416666526E-002                  2.5129237964844932E-003                  9.5710644087274618E-004                  0.0000000000000000E+000                  0.0000000000000000E+000                  0.0000000000000000E+000                  0.0000000000000000E+000                  0.0000000000000000E+000                  0.0000000000000000E+000                  0.0000000000000000E+000                  0.0000000000000000E+000                  0.0000000000000000E+000                  0.0000000000000000E+000                 -1.0750480373423361E+001                 -9.8999999999999986E+001                  0.0000000000000000E+000                  0.0000000000000000E+000                 -9.8999999999999986E+001                 -9.8999999999999986E+001                  1.4954427932441158E+001                 -9.9000000000000000E+001                 -9.9000000000000000E+001                 -9.9000000000000000E+001 
                 9.9912360568566050E-001                  2.6583632435854074E+001                  3.1994533051455329E+000                  1.4930068482063843E+006                 -6.0848788551083670E+000                  4.2388190402968293E+000                  1.0851061254371682E+013                  2.5510121997219297E+001                  1.5870714149491546E+009                  1.2351710379169725E+000                  1.3676167188779517E-001                  7.8273055388562129E-001                  5.0385079434595614E-001                  8.5000496627254152E-001                  1.4927793343296230E+006                  2.2751387676138040E+002                  8.4740345617608898E+002                  1.3622424392538374E-001                  0.0000000000000000E+000                  2.9020146624187888E+004                  2.1809128707003806E+003                  1.2081052964068075E-025                  1.2081052964068075E-025                  0.0000000000000000E+000                  0.0000000000000000E+000                  4.8332206271905611E-027                  0.0000000000000000E+000                 -1.2015407897992823E+003                  6.9999999999999996E-001                  2.9797635251138614E-005                  2.7997020236474890E-001                  4.1193902129486462E-003                  1.2067031330276047E-003                  1.1203876416666529E-002                  2.5129237964844936E-003                  9.5710644087274618E-004                  0.0000000000000000E+000                  0.0000000000000000E+000                  0.0000000000000000E+000                  0.0000000000000000E+000                  0.0000000000000000E+000                  0.0000000000000000E+000                  0.0000000000000000E+000                  0.0000000000000000E+000                  0.0000000000000000E+000                  0.0000000000000000E+000                 -1.0695436011933721E+001                 -9.8999999999999986E+001                  0.0000000000000000E+000                  0.0000000000000000E+000                 -9.8999999999999986E+001                 -9.8999999999999986E+001                  1.4954224854540570E+001                 -9.9000000000000000E+001                 -9.9000000000000000E+001                 -9.9000000000000000E+001 
                 9.9906239952176534E-001                  2.6534095035008310E+001                  3.2375315899483401E+000                  1.6072827775280711E+006                 -6.0590233632298540E+000                  4.2432473832709645E+000                  1.0961413935615973E+013                  2.5512752421007342E+001                  1.5506913457544742E+009                  1.2382018054886244E+000                  1.3877233772108888E-001                  7.7937354767192102E-001                  5.0876092546902529E-001                  8.5000496627254152E-001                  1.6070457923073510E+006                  2.3698522072006571E+002                  9.2372828645884647E+002                  1.3816999863761958E-001                  0.0000000000000000E+000                  2.8729192608538535E+004                  2.2719301459033700E+003                  1.2822803589650690E-025                  1.2822803589650690E-025                  0.0000000000000000E+000                  0.0000000000000000E+000                  5.1299699616532270E-027                  0.0000000000000000E+000                 -1.4114003810660611E+003                  6.9999999999999996E-001                  2.9797635251138614E-005                  2.7997020236474890E-001                  4.1193902129486445E-003                  1.2067031330276041E-003                  1.1203876416666526E-002                  2.5129237964844932E-003                  9.5710644087274607E-004                  0.0000000000000000E+000                  0.0000000000000000E+000                  0.0000000000000000E+000                  0.0000000000000000E+000                  0.0000000000000000E+000                  0.0000000000000000E+000                  0.0000000000000000E+000                  0.0000000000000000E+000                  0.0000000000000000E+000                  0.0000000000000000E+000                 -1.0641520699159930E+001                 -9.8999999999999986E+001                  0.0000000000000000E+000                  0.0000000000000000E+000                 -9.8999999999999986E+001                 -9.8999999999999986E+001                  1.4954387139977026E+001                 -9.9000000000000000E+001                 -9.9000000000000000E+001                 -9.9000000000000000E+001 
                 9.9899700243879086E-001                  2.6484037315533051E+001                  3.2853232706424711E+000                  1.7302954357043931E+006                 -6.0332315439847468E+000                  4.2477408430363184E+000                  1.1073075050501889E+013                  2.5515478156438959E+001                  1.5140579627260518E+009                  1.2413669609177642E+000                  1.4086728922268724E-001                  7.7603619279557368E-001                  5.1371353144036258E-001                  8.5000496627254174E-001                  1.7300484367574460E+006                  2.4699894694699969E+002                  1.0087434351726098E+003                  1.4021327368441161E-001                  0.0000000000000000E+000                  2.8478553827406882E+004                  2.3656125729811552E+003                  1.3608120310343551E-025                  1.3608120310343551E-025                  0.0000000000000000E+000                  0.0000000000000000E+000                  5.4441486171108945E-027                  0.0000000000000000E+000                 -1.5178011823677725E+003                  7.0000000000000007E-001                  2.9797635251138611E-005                  2.7997020236474884E-001                  4.1193902129486445E-003                  1.2067031330276043E-003                  1.1203876416666531E-002                  2.5129237964844927E-003                  9.5710644087274629E-004                  0.0000000000000000E+000                  0.0000000000000000E+000                  0.0000000000000000E+000                  0.0000000000000000E+000                  0.0000000000000000E+000                  0.0000000000000000E+000                  0.0000000000000000E+000                  0.0000000000000000E+000                  0.0000000000000000E+000                  0.0000000000000000E+000                 -1.0587940302840892E+001                 -9.8999999999999986E+001                  0.0000000000000000E+000                  0.0000000000000000E+000                 -9.8999999999999986E+001                 -9.8999999999999986E+001                  1.4955175517799898E+001                 -9.9000000000000000E+001                 -9.9000000000000000E+001                 -9.9000000000000000E+001 
                 9.9892713373660047E-001                  2.6433448561679697E+001                  3.3402319836973620E+000                  1.8627127270767437E+006                 -6.0074864543780482E+000                  4.2523016364647974E+000                  1.1185098945417791E+013                  2.5515712328571063E+001                  1.4778969925968158E+009                  1.2445957419332705E+000                  1.4301268720964094E-001                  7.7274321043657823E-001                  5.1920860678601177E-001                  8.5000496627254185E-001                  1.8624551315746945E+006                  2.5759550204929354E+002                  1.1024460165610844E+003                  1.4232532736067446E-001                  0.0000000000000000E+000                  2.8255236132256621E+004                  2.4617370148486575E+003                  1.4440000646740448E-025                  1.4440000646740448E-025                  0.0000000000000000E+000                  0.0000000000000000E+000                  5.7769558001629555E-027                  0.0000000000000000E+000                 -1.3959308994379282E+003                  7.0000000000000007E-001                  2.9797635251138618E-005                  2.7997020236474890E-001                  4.1193902129486445E-003                  1.2067031330276045E-003                  1.1203876416666531E-002                  2.5129237964844936E-003                  9.5710644087274640E-004                  0.0000000000000000E+000                  0.0000000000000000E+000                  0.0000000000000000E+000                  0.0000000000000000E+000                  0.0000000000000000E+000                  0.0000000000000000E+000                  0.0000000000000000E+000                  0.0000000000000000E+000                  0.0000000000000000E+000                  0.0000000000000000E+000                 -1.0533731975922485E+001                 -9.8999999999999986E+001                  0.0000000000000000E+000                  0.0000000000000000E+000                 -9.8999999999999986E+001                 -9.8999999999999986E+001                  1.4956384591506172E+001                 -9.9000000000000000E+001                 -9.9000000000000000E+001                 -9.9000000000000000E+001 
                 9.9885249447943136E-001                  2.6382319865222243E+001                  3.3941799309937073E+000                  2.0052535973560812E+006                 -5.9817995901288850E+000                  4.2569316731801665E+000                  1.1297896713766961E+013                  2.5514304050338112E+001                  1.4420680761967988E+009                  1.2479023416536275E+000                  1.4522658562832916E-001                  7.6948628078220582E-001                  5.2507620674032929E-001                  8.5000496627254174E-001                  2.0049847793086404E+006                  2.6881804744089220E+002                  1.2027063330586916E+003                  1.4449662130884411E-001                  0.0000000000000000E+000                  2.8028796833498101E+004                  2.5601674697822482E+003                  1.5320703831340000E-025                  1.5320703831340002E-025                  0.0000000000000000E+000                  0.0000000000000000E+000                  6.1292953533163405E-027                  0.0000000000000000E+000                 -1.2110187697188819E+003                  7.0000000000000007E-001                  2.9797635251138601E-005                  2.7997020236474884E-001                  4.1193902129486419E-003                  1.2067031330276049E-003                  1.1203876416666526E-002                  2.5129237964844919E-003                  9.5710644087274586E-004                  0.0000000000000000E+000                  0.0000000000000000E+000                  0.0000000000000000E+000                  0.0000000000000000E+000                  0.0000000000000000E+000                  0.0000000000000000E+000                  0.0000000000000000E+000                  0.0000000000000000E+000                  0.0000000000000000E+000                  0.0000000000000000E+000                 -1.0479365745429909E+001                 -9.8999999999999986E+001                  0.0000000000000000E+000                  0.0000000000000000E+000                 -9.8999999999999986E+001                 -9.8999999999999986E+001                  1.4957549479816688E+001                 -9.9000000000000000E+001                 -9.9000000000000000E+001                 -9.9000000000000000E+001 
                 9.9877276635107226E-001                  2.6330640817825596E+001                  3.4441725785476089E+000                  2.1586919518259098E+006                 -5.9561927030980870E+000                  4.2616340276341589E+000                  1.1412692252004088E+013                  2.5514017241053121E+001                  1.4057409739141569E+009                  1.2513792353692947E+000                  1.4756516888364418E-001                  7.6622623003272183E-001                  5.3051163504336352E-001                  8.5000496627254174E-001                  2.1584112353907595E+006                  2.8071643515044900E+002                  1.3085984690662904E+003                  1.4676354557295915E-001                  0.0000000000000000E+000                  2.7791191040207334E+004                  2.6609563623980325E+003                  1.6252152775325321E-025                  1.6252152775325321E-025                  0.0000000000000000E+000                  0.0000000000000000E+000                  6.5019365682969110E-027                  0.0000000000000000E+000                 -1.2107178792988188E+003                  7.0000000000000007E-001                  2.9797635251138597E-005                  2.7997020236474879E-001                  4.1193902129486428E-003                  1.2067031330276043E-003                  1.1203876416666524E-002                  2.5129237964844923E-003                  9.5710644087274597E-004                  0.0000000000000000E+000                  0.0000000000000000E+000                  0.0000000000000000E+000                  0.0000000000000000E+000                  0.0000000000000000E+000                  0.0000000000000000E+000                  0.0000000000000000E+000                  0.0000000000000000E+000                  0.0000000000000000E+000                  0.0000000000000000E+000                 -1.0426366558036058E+001                 -9.8999999999999986E+001                  0.0000000000000000E+000                  0.0000000000000000E+000                 -9.8999999999999986E+001                 -9.8999999999999986E+001                  1.4958559293973950E+001                 -9.9000000000000000E+001                 -9.9000000000000000E+001                 -9.9000000000000000E+001 
                 9.9868761047330779E-001                  2.6278398221642352E+001                  3.4975553702914612E+000                  2.3238608717773943E+006                 -5.9306745686005522E+000                  4.2664127435957626E+000                  1.1529588598457545E+013                  2.5515041784891448E+001                  1.3689401773333592E+009                  1.2550428499577304E+000                  1.5002960243904356E-001                  7.6296079810615369E-001                  5.3536877159135554E-001                  8.5000496627254185E-001                  2.3235675240662727E+006                  2.9334771112171239E+002                  1.4231217116125335E+003                  1.4915638166601441E-001                  0.0000000000000000E+000                  2.7569297807822401E+004                  2.7642459444294855E+003                  1.7236734006334972E-025                  1.7236734006334972E-025                  0.0000000000000000E+000                  0.0000000000000000E+000                  6.8958342140926772E-027                  0.0000000000000000E+000                 -1.3872890412336631E+003                  7.0000000000000007E-001                  2.9797635251138611E-005                  2.7997020236474890E-001                  4.1193902129486462E-003                  1.2067031330276051E-003                  1.1203876416666533E-002                  2.5129237964844945E-003                  9.5710644087274662E-004                  0.0000000000000000E+000                  0.0000000000000000E+000                  0.0000000000000000E+000                  0.0000000000000000E+000                  0.0000000000000000E+000                  0.0000000000000000E+000                  0.0000000000000000E+000                  0.0000000000000000E+000                  0.0000000000000000E+000                  0.0000000000000000E+000                 -1.0374946466753126E+001                 -9.8999999999999986E+001                  0.0000000000000000E+000                  0.0000000000000000E+000                 -9.8999999999999986E+001                 -9.8999999999999986E+001                  1.4959847699457292E+001                 -9.9000000000000000E+001                 -9.9000000000000000E+001                 -9.9000000000000000E+001 
                 9.9859666617085374E-001                  2.6225577560210493E+001                  3.5628813830053798E+000                  2.5016571369450921E+006                 -5.9052342403092055E+000                  4.2712713665605344E+000                  1.1647787438008994E+013                  2.5515598005878889E+001                  1.3322935952610626E+009                  1.2588415529216799E+000                  1.5258543550967837E-001                  7.5971910910525664E-001                  5.4016135708715640E-001                  8.5000496627254174E-001                  2.5013503639010303E+006                  3.0677304406179468E+002                  1.5506492134185662E+003                  1.5165960162806288E-001                  0.0000000000000000E+000                  2.7388959244149366E+004                  2.8703021069013885E+003                  1.8277716621583732E-025                  1.8277716621583732E-025                  0.0000000000000000E+000                  0.0000000000000000E+000                  7.3122961459259910E-027                  0.0000000000000000E+000                 -1.4949779916354823E+003                  7.0000000000000007E-001                  2.9797635251138621E-005                  2.7997020236474884E-001                  4.1193902129486471E-003                  1.2067031330276051E-003                  1.1203876416666533E-002                  2.5129237964844945E-003                  9.5710644087274672E-004                  0.0000000000000000E+000                  0.0000000000000000E+000                  0.0000000000000000E+000                  0.0000000000000000E+000                  0.0000000000000000E+000                  0.0000000000000000E+000                  0.0000000000000000E+000                  0.0000000000000000E+000                  0.0000000000000000E+000                  0.0000000000000000E+000                 -1.0324168964282549E+001                 -9.8999999999999986E+001                  0.0000000000000000E+000                  0.0000000000000000E+000                 -9.8999999999999986E+001                 -9.8999999999999986E+001                  1.4961828775291211E+001                 -9.9000000000000000E+001                 -9.9000000000000000E+001                 -9.9000000000000000E+001 
                 9.9849954964591126E-001                  2.6172165372964521E+001                  3.6380560706120404E+000                  2.6930460756903924E+006                 -5.8798631144237863E+000                  4.2762125287739208E+000                  1.1766734847939605E+013                  2.5514364821674871E+001                  1.2962559083091516E+009                  1.2627213747588493E+000                  1.5521134089727914E-001                  7.5652273659303448E-001                  5.4542945610820048E-001                  8.5000496627254152E-001                  2.6927250189111531E+006                  3.2105677923932575E+002                  1.6917082019475811E+003                  1.5424473129584199E-001                  0.0000000000000000E+000                  2.7238776560630817E+004                  2.9794283902892148E+003                  1.9378511028994647E-025                  1.9378511028994650E-025                  0.0000000000000000E+000                  0.0000000000000000E+000                  7.7526867526547324E-027                  0.0000000000000000E+000                 -1.4028683625951160E+003                  6.9999999999999996E-001                  2.9797635251138638E-005                  2.7997020236474884E-001                  4.1193902129486454E-003                  1.2067031330276054E-003                  1.1203876416666534E-002                  2.5129237964844945E-003                  9.5710644087274694E-004                  0.0000000000000000E+000                  0.0000000000000000E+000                  0.0000000000000000E+000                  0.0000000000000000E+000                  0.0000000000000000E+000                  0.0000000000000000E+000                  0.0000000000000000E+000                  0.0000000000000000E+000                  0.0000000000000000E+000                  0.0000000000000000E+000                 -1.0273160153231297E+001                 -9.8999999999999986E+001                  0.0000000000000000E+000                  0.0000000000000000E+000                 -9.8999999999999986E+001                 -9.8999999999999986E+001                  1.4964323428266466E+001                 -9.9000000000000000E+001                 -9.9000000000000000E+001                 -9.9000000000000000E+001 
                 9.9839585255356156E-001                  2.6118149010875545E+001                  3.7133789988411072E+000                  2.8990667986837639E+006                 -5.8545674802270185E+000                  4.2812387200974342E+000                  1.1886783419547713E+013                  2.5512429648965441E+001                  1.2607733680763781E+009                  1.2666929279576160E+000                  1.5792259399768982E-001                  7.5336530777299238E-001                  5.5116428568370457E-001                  8.5000496627254174E-001                  2.8987305298559936E+006                  3.3626882777047081E+002                  1.8429127013408322E+003                  1.5690736035230882E-001                  0.0000000000000000E+000                  2.7086133580960970E+004                  3.0918821847282816E+003                  2.0542064748378380E-025                  2.0542064748378380E-025                  0.0000000000000000E+000                  0.0000000000000000E+000                  8.2181852372619883E-027                  0.0000000000000000E+000                 -1.2766425142263840E+003                  7.0000000000000007E-001                  2.9797635251138628E-005                  2.7997020236474879E-001                  4.1193902129486445E-003                  1.2067031330276049E-003                  1.1203876416666531E-002                  2.5129237964844941E-003                  9.5710644087274629E-004                  0.0000000000000000E+000                  0.0000000000000000E+000                  0.0000000000000000E+000                  0.0000000000000000E+000                  0.0000000000000000E+000                  0.0000000000000000E+000                  0.0000000000000000E+000                  0.0000000000000000E+000                  0.0000000000000000E+000                  0.0000000000000000E+000                 -1.0221902131844290E+001                 -9.8999999999999986E+001                  0.0000000000000000E+000                  0.0000000000000000E+000                 -9.8999999999999986E+001                 -9.8999999999999986E+001                  1.4966815320285031E+001                 -9.9000000000000000E+001                 -9.9000000000000000E+001                 -9.9000000000000000E+001 
                 9.9828514050581607E-001                  2.6063514801967862E+001                  3.7865616070462491E+000                  3.1208378497874704E+006                 -5.8293631639104060E+000                  4.2863533126429019E+000                  1.2008908090859938E+013                  2.5512850572669389E+001                  1.2253343959057798E+009                  1.2708380423552370E+000                  1.6076004225009233E-001                  7.5021344670030543E-001                  5.5659677046377787E-001                  8.5000496627254152E-001                  3.1204853612651513E+006                  3.5248852231921086E+002                  2.0035812934210062E+003                  1.5967506080770832E-001                  0.0000000000000000E+000                  2.6925554342479492E+004                  3.2078411979087455E+003                  2.1770939905254760E-025                  2.1770939905254760E-025                  0.0000000000000000E+000                  0.0000000000000000E+000                  8.7098166195127185E-027                  0.0000000000000000E+000                 -1.3295279571310234E+003                  6.9999999999999984E-001                  2.9797635251138621E-005                  2.7997020236474895E-001                  4.1193902129486454E-003                  1.2067031330276051E-003                  1.1203876416666533E-002                  2.5129237964844945E-003                  9.5710644087274683E-004                  0.0000000000000000E+000                  0.0000000000000000E+000                  0.0000000000000000E+000                  0.0000000000000000E+000                  0.0000000000000000E+000                  0.0000000000000000E+000                  0.0000000000000000E+000                  0.0000000000000000E+000                  0.0000000000000000E+000                  0.0000000000000000E+000                 -1.0171670525394502E+001                 -9.8999999999999986E+001                  0.0000000000000000E+000                  0.0000000000000000E+000                 -9.8999999999999986E+001                 -9.8999999999999986E+001                  1.4969226052036651E+001                 -9.9000000000000000E+001                 -9.9000000000000000E+001                 -9.9000000000000000E+001 
                 9.9816695152077883E-001                  2.6008246800273906E+001                  3.8679229625686813E+000                  3.3595632991389963E+006                 -5.8042531755147451E+000                  4.2915601981737712E+000                  1.2133043365539467E+013                  2.5515642863608523E+001                  1.1900198829103949E+009                  1.2751501242722667E+000                  1.6371209784909568E-001                  7.4707142841544627E-001                  5.6145927632258508E-001                  8.5000496627254174E-001                  3.3591934943574551E+006                  3.6980478154115593E+002                  2.1797894504678297E+003                  1.6256407233064818E-001                  0.0000000000000000E+000                  2.6789107680465964E+004                  3.3275028521065387E+003                  2.3068356853400295E-025                  2.3068356853400291E-025                  0.0000000000000000E+000                  0.0000000000000000E+000                  9.2288692540334137E-027                  0.0000000000000000E+000                 -1.4791470369698463E+003                  7.0000000000000007E-001                  2.9797635251138621E-005                  2.7997020236474884E-001                  4.1193902129486462E-003                  1.2067031330276045E-003                  1.1203876416666533E-002                  2.5129237964844927E-003                  9.5710644087274651E-004                  0.0000000000000000E+000                  0.0000000000000000E+000                  0.0000000000000000E+000                  0.0000000000000000E+000                  0.0000000000000000E+000                  0.0000000000000000E+000                  0.0000000000000000E+000                  0.0000000000000000E+000                  0.0000000000000000E+000                  0.0000000000000000E+000                 -1.0123071018690094E+001                 -9.8999999999999986E+001                  0.0000000000000000E+000                  0.0000000000000000E+000                 -9.8999999999999986E+001                 -9.8999999999999986E+001                  1.4972082425614545E+001                 -9.9000000000000000E+001                 -9.9000000000000000E+001                 -9.9000000000000000E+001 
                 9.9804079440190296E-001                  2.5952328344488905E+001                  3.9645429117287057E+000                  3.6165392791410973E+006                 -5.7792225395550627E+000                  4.2968624562963642E+000                  1.2258325292286662E+013                  2.5518005238870575E+001                  1.1554560737359180E+009                  1.2795557759738174E+000                  1.6673809255668368E-001                  7.4397585155440105E-001                  5.6631330621120590E-001                  8.5000496627254174E-001                  3.6161509664767757E+006                  3.8831266432150250E+002                  2.3771556979036141E+003                  1.6554904954365779E-001                  0.0000000000000000E+000                  2.6695815606240358E+004                  3.4511249919253755E+003                  2.4438668936579108E-025                  2.4438668936579108E-025                  0.0000000000000000E+000                  0.0000000000000000E+000                  9.7770847664217419E-027                  0.0000000000000000E+000                 -1.4116363758101772E+003                  7.0000000000000007E-001                  2.9797635251138611E-005                  2.7997020236474879E-001                  4.1193902129486445E-003                  1.2067031330276051E-003                  1.1203876416666529E-002                  2.5129237964844936E-003                  9.5710644087274629E-004                  0.0000000000000000E+000                  0.0000000000000000E+000                  0.0000000000000000E+000                  0.0000000000000000E+000                  0.0000000000000000E+000                  0.0000000000000000E+000                  0.0000000000000000E+000                  0.0000000000000000E+000                  0.0000000000000000E+000                  0.0000000000000000E+000                 -1.0075146761282635E+001                 -9.8999999999999986E+001                  0.0000000000000000E+000                  0.0000000000000000E+000                 -9.8999999999999986E+001                 -9.8999999999999986E+001                  1.4975693495223785E+001                 -9.9000000000000000E+001                 -9.9000000000000000E+001                 -9.9000000000000000E+001 
                 9.9790614699613367E-001                  2.5895744373667359E+001                  4.0629586451334951E+000                  3.8931609927571407E+006                 -5.7542627459161571E+000                  4.3022622115893725E+000                  1.2384361466541021E+013                  2.5518151727692970E+001                  1.1219661368270249E+009                  1.2840295667571640E+000                  1.6982198263509810E-001                  7.4094396693349807E-001                  5.7158797878043099E-001                  8.5000496627254174E-001                  3.8927528796190661E+006                  4.0811313807448408E+002                  2.5893569724166368E+003                  1.6860019777620414E-001                  0.0000000000000000E+000                  2.6608117656369235E+004                  3.5788806726946286E+003                  2.5886204473321632E-025                  2.5886204473321632E-025                  0.0000000000000000E+000                  0.0000000000000000E+000                  1.0356194770527837E-026                  0.0000000000000000E+000                 -9.7325741825295938E+002                  7.0000000000000007E-001                  2.9797635251138621E-005                  2.7997020236474884E-001                  4.1193902129486454E-003                  1.2067031330276049E-003                  1.1203876416666526E-002                  2.5129237964844927E-003                  9.5710644087274629E-004                  0.0000000000000000E+000                  0.0000000000000000E+000                  0.0000000000000000E+000                  0.0000000000000000E+000                  0.0000000000000000E+000                  0.0000000000000000E+000                  0.0000000000000000E+000                  0.0000000000000000E+000                  0.0000000000000000E+000                  0.0000000000000000E+000                 -1.0027019089334303E+001                 -9.8999999999999986E+001                  0.0000000000000000E+000                  0.0000000000000000E+000                 -9.8999999999999986E+001                 -9.8999999999999986E+001                  1.4979441830487231E+001                 -9.9000000000000000E+001                 -9.9000000000000000E+001                 -9.9000000000000000E+001 
                 9.9776245432558064E-001                  2.5838480649634757E+001                  4.1353698958782701E+000                  4.1909302771287803E+006                 -5.7293843234060819E+000                  4.3077612982400701E+000                  1.2511530618214139E+013                  2.5516933256029670E+001                  1.0894462249157329E+009                  1.2885777475822193E+000                  1.7296566422192966E-001                  7.3796750643818043E-001                  5.7713326161987033E-001                  8.5000496627254174E-001                  4.1905009612788502E+006                  4.2931584992984602E+002                  2.7982434389088321E+003                  1.7170847697315400E-001                  0.0000000000000000E+000                  2.6457752070902327E+004                  3.7105964878035561E+003                  2.7414392306909611E-025                  2.7414392306909606E-025                  0.0000000000000000E+000                  0.0000000000000000E+000                  1.0967571030582372E-026                  0.0000000000000000E+000                 -3.6058468002084948E+002                  6.9999999999999996E-001                  2.9797635251138618E-005                  2.7997020236474901E-001                  4.1193902129486436E-003                  1.2067031330276049E-003                  1.1203876416666524E-002                  2.5129237964844932E-003                  9.5710644087274607E-004                  0.0000000000000000E+000                  0.0000000000000000E+000                  0.0000000000000000E+000                  0.0000000000000000E+000                  0.0000000000000000E+000                  0.0000000000000000E+000                  0.0000000000000000E+000                  0.0000000000000000E+000                  0.0000000000000000E+000                  0.0000000000000000E+000                 -9.9790502506535006E+000                 -9.8999999999999986E+001                  0.0000000000000000E+000                  0.0000000000000000E+000                 -9.8999999999999986E+001                 -9.8999999999999986E+001                  1.4982209904197425E+001                 -9.9000000000000000E+001                 -9.9000000000000000E+001                 -9.9000000000000000E+001 
                 9.9760912664588608E-001                  2.5780521260788674E+001                  4.1639966110632702E+000                  4.5114637768832901E+006                 -5.7046027124546796E+000                  4.3133613656799303E+000                  1.2640732245149889E+013                  2.5516814309846310E+001                  1.0578120872689323E+009                  1.2931588631604398E+000                  1.7615696774406636E-001                  7.3503035693999386E-001                  5.8245339743648139E-001                  8.5000496627254152E-001                  4.5110117365439488E+006                  4.5204033934163016E+002                  2.9880604934806984E+003                  1.7486813053585928E-001                  0.0000000000000000E+000                  2.6208136200898858E+004                  3.8458904741487736E+003                  2.9026377668570338E-025                  2.9026377668570338E-025                  0.0000000000000000E+000                  0.0000000000000000E+000                  1.1612471847228435E-026                  0.0000000000000000E+000                  8.8627440519161198E+001                  6.9999999999999996E-001                  2.9797635251138625E-005                  2.7997020236474890E-001                  4.1193902129486454E-003                  1.2067031330276051E-003                  1.1203876416666531E-002                  2.5129237964844945E-003                  9.5710644087274629E-004                  0.0000000000000000E+000                  0.0000000000000000E+000                  0.0000000000000000E+000                  0.0000000000000000E+000                  0.0000000000000000E+000                  0.0000000000000000E+000                  0.0000000000000000E+000                  0.0000000000000000E+000                  0.0000000000000000E+000                  0.0000000000000000E+000                 -9.9321805998411943E+000                 -9.8999999999999986E+001                  0.0000000000000000E+000                  0.0000000000000000E+000                 -9.8999999999999986E+001                 -9.8999999999999986E+001                  1.4983386879807028E+001                 -9.9000000000000000E+001                 -9.9000000000000000E+001                 -9.9000000000000000E+001 
                 9.9744553745147668E-001                  2.5721847892290196E+001                  4.1564896100429500E+000                  4.8565017380207004E+006                 -5.6799233733492214E+000                  4.3190632172532082E+000                  1.2772540323904625E+013                  2.5518851271902477E+001                  1.0273486327070199E+009                  1.2976800472777059E+000                  1.7935301693028100E-001                  7.3211945962520641E-001                  5.8729244987683904E-001                  8.5000496627254152E-001                  4.8560253239293229E+006                  4.7641409137735280E+002                  3.1590470363956306E+003                  1.7805273635318336E-001                  0.0000000000000000E+000                  2.5883914222461342E+004                  3.9845759551065858E+003                  3.0725968386332069E-025                  3.0725968386332069E-025                  0.0000000000000000E+000                  0.0000000000000000E+000                  1.2292420603678475E-026                  0.0000000000000000E+000                  2.4149801492873740E+002                  6.9999999999999984E-001                  2.9797635251138611E-005                  2.7997020236474895E-001                  4.1193902129486428E-003                  1.2067031330276054E-003                  1.1203876416666533E-002                  2.5129237964844932E-003                  9.5710644087274586E-004                  0.0000000000000000E+000                  0.0000000000000000E+000                  0.0000000000000000E+000                  0.0000000000000000E+000                  0.0000000000000000E+000                  0.0000000000000000E+000                  0.0000000000000000E+000                  0.0000000000000000E+000                  0.0000000000000000E+000                  0.0000000000000000E+000                 -9.8868014383602620E+000                 -9.8999999999999986E+001                  0.0000000000000000E+000                  0.0000000000000000E+000                 -9.8999999999999986E+001                 -9.8999999999999986E+001                  1.4983348982700853E+001                 -9.9000000000000000E+001                 -9.9000000000000000E+001                 -9.9000000000000000E+001 
                 9.9727102138762114E-001                  2.5662441088811661E+001                  4.1346677052238894E+000                  5.2279174589550197E+006                 -5.6553347595717725E+000                  4.3248660188385513E+000                  1.2906626858962059E+013                  2.5521284229165705E+001                  9.9860494261342883E+008                  1.3020298866722180E+000                  1.8249133791120442E-001                  7.2923216126163315E-001                  5.9208784579194307E-001                  8.5000496627254174E-001                  5.2274148898295313E+006                  5.0256912548850454E+002                  3.3239712428849671E+003                  1.8121114998927149E-001                  0.0000000000000000E+000                  2.5538117850493887E+004                  4.1267925611512928E+003                  3.2518343454535464E-025                  3.2518343454535464E-025                  0.0000000000000000E+000                  0.0000000000000000E+000                  1.3009489240408596E-026                  0.0000000000000000E+000                  2.7554963166544934E+002                  7.0000000000000007E-001                  2.9797635251138608E-005                  2.7997020236474884E-001                  4.1193902129486454E-003                  1.2067031330276049E-003                  1.1203876416666531E-002                  2.5129237964844941E-003                  9.5710644087274597E-004                  0.0000000000000000E+000                  0.0000000000000000E+000                  0.0000000000000000E+000                  0.0000000000000000E+000                  0.0000000000000000E+000                  0.0000000000000000E+000                  0.0000000000000000E+000                  0.0000000000000000E+000                  0.0000000000000000E+000                  0.0000000000000000E+000                 -9.8421388923467585E+000                 -9.8999999999999986E+001                  0.0000000000000000E+000                  0.0000000000000000E+000                 -9.8999999999999986E+001                 -9.8999999999999986E+001                  1.4982947219152917E+001                 -9.9000000000000000E+001                 -9.9000000000000000E+001                 -9.9000000000000000E+001 
                 9.9708487201941287E-001                  2.5602282563135688E+001                  4.1081091094750892E+000                  5.6277274365483029E+006                 -5.6308216045503139E+000                  4.3307677067041679E+000                  1.3042226467202012E+013                  2.5522012735403756E+001                  9.7167326414477265E+008                  1.3062051308692135E+000                  1.8555826672501982E-001                  7.2638635418542363E-001                  5.9737035618389600E-001                  8.5000496627254174E-001                  5.6271967934056167E+006                  5.3064314268633041E+002                  3.4891324440104427E+003                  1.8430497157040968E-001                  0.0000000000000000E+000                  2.5190080553972890E+004                  4.2729996513993792E+003                  3.4409364301413109E-025                  3.4409364301413109E-025                  0.0000000000000000E+000                  0.0000000000000000E+000                  1.3766022716614560E-026                  0.0000000000000000E+000                  3.9735900823896441E+002                  6.9999999999999996E-001                  2.9797635251138625E-005                  2.7997020236474901E-001                  4.1193902129486454E-003                  1.2067031330276047E-003                  1.1203876416666533E-002                  2.5129237964844945E-003                  9.5710644087274640E-004                  0.0000000000000000E+000                  0.0000000000000000E+000                  0.0000000000000000E+000                  0.0000000000000000E+000                  0.0000000000000000E+000                  0.0000000000000000E+000                  0.0000000000000000E+000                  0.0000000000000000E+000                  0.0000000000000000E+000                  0.0000000000000000E+000                 -9.7972096010548473E+000                 -9.8999999999999986E+001                  0.0000000000000000E+000                  0.0000000000000000E+000                 -9.8999999999999986E+001                 -9.8999999999999986E+001                  1.4982484371248773E+001                 -9.9000000000000000E+001                 -9.9000000000000000E+001                 -9.9000000000000000E+001 
                 9.9688633942616456E-001                  2.5541355776617820E+001                  4.0672622585540790E+000                  6.0581022845331952E+006                 -5.6063846077777200E+000                  4.3367660836709279E+000                  1.3179409972149393E+013                  2.5521501835890813E+001                  9.4633215496959257E+008                  1.3102420291730263E+000                  1.8856078252176550E-001                  7.2359178448052575E-001                  6.0282955541546335E-001                  8.5000496627254174E-001                  6.0575414999519167E+006                  5.6078458127835313E+002                  3.6455950698415131E+003                  1.8733004766907460E-001                  0.0000000000000000E+000                  2.4813287814507865E+004                  4.4238613313704354E+003                  3.6404041728961506E-025                  3.6404041728961502E-025                  0.0000000000000000E+000                  0.0000000000000000E+000                  1.4564025684711411E-026                  0.0000000000000000E+000                  5.5001765832145406E+002                  7.0000000000000007E-001                  2.9797635251138611E-005                  2.7997020236474879E-001                  4.1193902129486436E-003                  1.2067031330276047E-003                  1.1203876416666533E-002                  2.5129237964844936E-003                  9.5710644087274618E-004                  0.0000000000000000E+000                  0.0000000000000000E+000                  0.0000000000000000E+000                  0.0000000000000000E+000                  0.0000000000000000E+000                  0.0000000000000000E+000                  0.0000000000000000E+000                  0.0000000000000000E+000                  0.0000000000000000E+000                  0.0000000000000000E+000                 -9.7525275540444643E+000                 -9.8999999999999986E+001                  0.0000000000000000E+000                  0.0000000000000000E+000                 -9.8999999999999986E+001                 -9.8999999999999986E+001                  1.4981485100857462E+001                 -9.9000000000000000E+001                 -9.9000000000000000E+001                 -9.9000000000000000E+001 
                 9.9667462767840787E-001                  2.5479643761605967E+001                  4.0069694814867773E+000                  6.5213785496421074E+006                 -5.5820259874169400E+000                  4.3428589210683368E+000                  1.3318593317715270E+013                  2.5521372617074913E+001                  9.2244401751836181E+008                  1.3141519967780568E+000                  1.9148975522157990E-001                  7.2085104423329560E-001                  6.0779745435433685E-001                  8.5000496627254174E-001                  6.5207853957099002E+006                  5.9315393220747137E+002                  3.7867800664459983E+003                  1.9028539334594147E-001                  0.0000000000000000E+000                  2.4394456110174346E+004                  4.5800630281189906E+003                  3.8507477732281846E-025                  3.8507477732281841E-025                  0.0000000000000000E+000                  0.0000000000000000E+000                  1.5405539280394311E-026                  0.0000000000000000E+000                  5.5660988113275198E+002                  7.0000000000000007E-001                  2.9797635251138611E-005                  2.7997020236474884E-001                  4.1193902129486454E-003                  1.2067031330276047E-003                  1.1203876416666531E-002                  2.5129237964844945E-003                  9.5710644087274629E-004                  0.0000000000000000E+000                  0.0000000000000000E+000                  0.0000000000000000E+000                  0.0000000000000000E+000                  0.0000000000000000E+000                  0.0000000000000000E+000                  0.0000000000000000E+000                  0.0000000000000000E+000                  0.0000000000000000E+000                  0.0000000000000000E+000                 -9.7092404871054256E+000                 -9.8999999999999986E+001                  0.0000000000000000E+000                  0.0000000000000000E+000                 -9.8999999999999986E+001                 -9.8999999999999986E+001                  1.4979688455439051E+001                 -9.9000000000000000E+001                 -9.9000000000000000E+001                 -9.9000000000000000E+001 
                 9.9644889223723132E-001                  2.5417128892195418E+001                  3.9419124308052438E+000                  7.0200714120624578E+006                 -5.5577397382979701E+000                  4.3490434029700911E+000                  1.3459689070275039E+013                  2.5522034769482527E+001                  9.0012044369733977E+008                  1.3179029893406349E+000                  1.9431535220698509E-001                  7.1817194958157005E-001                  6.1214451146153859E-001                  8.5000496627254152E-001                  7.0194434905799553E+006                  6.2792148250230321E+002                  3.9247094093632491E+003                  1.9315265720565342E-001                  0.0000000000000000E+000                  2.3969204649739138E+004                  4.7423338985901337E+003                  4.0725749940011735E-025                  4.0725749940011735E-025                  0.0000000000000000E+000                  0.0000000000000000E+000                  1.6292994957339349E-026                  0.0000000000000000E+000                  4.4737399716058690E+002                  6.9999999999999984E-001                  2.9797635251138628E-005                  2.7997020236474907E-001                  4.1193902129486471E-003                  1.2067031330276054E-003                  1.1203876416666531E-002                  2.5129237964844954E-003                  9.5710644087274672E-004                  0.0000000000000000E+000                  0.0000000000000000E+000                  0.0000000000000000E+000                  0.0000000000000000E+000                  0.0000000000000000E+000                  0.0000000000000000E+000                  0.0000000000000000E+000                  0.0000000000000000E+000                  0.0000000000000000E+000                  0.0000000000000000E+000                 -9.6675480950656105E+000                 -9.8999999999999986E+001                  0.0000000000000000E+000                  0.0000000000000000E+000                 -9.8999999999999986E+001                 -9.8999999999999986E+001                  1.4977695742405281E+001                 -9.9000000000000000E+001                 -9.9000000000000000E+001                 -9.9000000000000000E+001 
                 9.9620823721244467E-001                  2.5353794059307635E+001                  3.8861669883486876E+000                  7.5568883156555835E+006                 -5.5335184773745301E+000                  4.3553157337543684E+000                  1.3602367467952498E+013                  2.5522447650303338E+001                  8.7953337616674542E+008                  1.3214480345989386E+000                  1.9700479479767730E-001                  7.1556383434390736E-001                  6.1628630505159665E-001                  8.5000496627254185E-001                  7.5562230506724017E+006                  6.6526498318202482E+002                  4.0736552640986379E+003                  1.9590123715928040E-001                  0.0000000000000000E+000                  2.3572307764441935E+004                  4.9113500086321646E+003                  4.3065457949444470E-025                  4.3065457949444470E-025                  0.0000000000000000E+000                  0.0000000000000000E+000                  1.7229032991230797E-026                  0.0000000000000000E+000                  4.8256301838129309E+002                  7.0000000000000007E-001                  2.9797635251138608E-005                  2.7997020236474890E-001                  4.1193902129486454E-003                  1.2067031330276049E-003                  1.1203876416666533E-002                  2.5129237964844932E-003                  9.5710644087274640E-004                  0.0000000000000000E+000                  0.0000000000000000E+000                  0.0000000000000000E+000                  0.0000000000000000E+000                  0.0000000000000000E+000                  0.0000000000000000E+000                  0.0000000000000000E+000                  0.0000000000000000E+000                  0.0000000000000000E+000                  0.0000000000000000E+000                 -9.6267628809683199E+000                 -9.8999999999999986E+001                  0.0000000000000000E+000                  0.0000000000000000E+000                 -9.8999999999999986E+001                 -9.8999999999999986E+001                  1.4976130241126841E+001                 -9.9000000000000000E+001                 -9.9000000000000000E+001                 -9.9000000000000000E+001 
                 9.9595171245143987E-001                  2.5289622907469745E+001                  3.8220715629243585E+000                  8.1347436708103605E+006                 -5.5093494334515816E+000                  4.3616711976495530E+000                  1.3746384019359768E+013                  2.5521519620615813E+001                  8.6077193114893401E+008                  1.3247579303313266E+000                  1.9953552168688654E-001                  7.1302661697457426E-001                  6.2079955247235241E-001                  8.5000496627254174E-001                  8.1340383015650371E+006                  7.0536924532378532E+002                  4.2158054168322496E+003                  1.9850238592745356E-001                  0.0000000000000000E+000                  2.3165200770000851E+004                  5.0875274575999765E+003                  4.5534211891988740E-025                  4.5534211891988740E-025                  0.0000000000000000E+000                  0.0000000000000000E+000                  1.8216697938276579E-026                  0.0000000000000000E+000                  8.4895852357579065E+002                  7.0000000000000007E-001                  2.9797635251138611E-005                  2.7997020236474879E-001                  4.1193902129486428E-003                  1.2067031330276045E-003                  1.1203876416666527E-002                  2.5129237964844932E-003                  9.5710644087274618E-004                  0.0000000000000000E+000                  0.0000000000000000E+000                  0.0000000000000000E+000                  0.0000000000000000E+000                  0.0000000000000000E+000                  0.0000000000000000E+000                  0.0000000000000000E+000                  0.0000000000000000E+000                  0.0000000000000000E+000                  0.0000000000000000E+000                 -9.5858275556433945E+000                 -9.8999999999999986E+001                  0.0000000000000000E+000                  0.0000000000000000E+000                 -9.8999999999999986E+001                 -9.8999999999999986E+001                  1.4974281047375642E+001                 -9.9000000000000000E+001                 -9.9000000000000000E+001                 -9.9000000000000000E+001 
                 9.9567831045425004E-001                  2.5224600684857734E+001                  3.7018916571324039E+000                  8.7567746495252959E+006                 -5.4852235345971128E+000                  4.3681045686684072E+000                  1.3891916059121229E+013                  2.5519931832893118E+001                  8.4382678923157704E+008                  1.3278319145973541E+000                  2.0190319960971986E-001                  7.1054766976245431E-001                  6.2580210125492397E-001                  8.5000496627254174E-001                  8.7560262215642817E+006                  7.4842796101362967E+002                  4.2944432747215897E+003                  2.0094016838020187E-001                  0.0000000000000000E+000                  2.2638897611130211E+004                  5.2712259391606203E+003                  4.8139820163192988E-025                  4.8139820163192988E-025                  0.0000000000000000E+000                  0.0000000000000000E+000                  1.9259113673466888E-026                  0.0000000000000000E+000                  1.3687084268737997E+003                  7.0000000000000007E-001                  2.9797635251138635E-005                  2.7997020236474884E-001                  4.1193902129486462E-003                  1.2067031330276054E-003                  1.1203876416666531E-002                  2.5129237964844945E-003                  9.5710644087274640E-004                  0.0000000000000000E+000                  0.0000000000000000E+000                  0.0000000000000000E+000                  0.0000000000000000E+000                  0.0000000000000000E+000                  0.0000000000000000E+000                  0.0000000000000000E+000                  0.0000000000000000E+000                  0.0000000000000000E+000                  0.0000000000000000E+000                 -9.5444469102364859E+000                 -9.8999999999999986E+001                  0.0000000000000000E+000                  0.0000000000000000E+000                 -9.8999999999999986E+001                 -9.8999999999999986E+001                  1.4970036715058418E+001                 -9.9000000000000000E+001                 -9.9000000000000000E+001                 -9.9000000000000000E+001 
                 9.9538696309814156E-001                  2.5158713765933129E+001                  3.4954174913889484E+000                  9.4263581786044203E+006                 -5.4611492613613564E+000                  4.3746106322970135E+000                  1.4039685630702137E+013                  2.5519741444263616E+001                  8.2858936980020833E+008                  1.3306921635386151E+000                  2.0411566684548757E-001                  7.0811776271962690E-001                  6.3061144024521554E-001                  8.5000496627254174E-001                  9.4255635315850545E+006                  7.9464701936521249E+002                  4.2627119878413878E+003                  2.0321495576458948E-001                  0.0000000000000000E+000                  2.1917271929042374E+004                  5.4627388612929853E+003                  5.0888601576789258E-025                  5.0888601576789249E-025                  0.0000000000000000E+000                  0.0000000000000000E+000                  2.0358808140498429E-026                  0.0000000000000000E+000                  1.5884754386762565E+003                  7.0000000000000007E-001                  2.9797635251138625E-005                  2.7997020236474884E-001                  4.1193902129486428E-003                  1.2067031330276054E-003                  1.1203876416666536E-002                  2.5129237964844927E-003                  9.5710644087274618E-004                  0.0000000000000000E+000                  0.0000000000000000E+000                  0.0000000000000000E+000                  0.0000000000000000E+000                  0.0000000000000000E+000                  0.0000000000000000E+000                  0.0000000000000000E+000                  0.0000000000000000E+000                  0.0000000000000000E+000                  0.0000000000000000E+000                 -9.5038255826544251E+000                 -9.8999999999999986E+001                  0.0000000000000000E+000                  0.0000000000000000E+000                 -9.8999999999999986E+001                 -9.8999999999999986E+001                  1.4961723454323858E+001                 -9.9000000000000000E+001                 -9.9000000000000000E+001                 -9.9000000000000000E+001 
                 9.9507653824806086E-001                  2.5091947016855823E+001                  3.2400999332110239E+000                  1.0147129350772690E+007                 -5.4371303431651805E+000                  4.3811844139819085E+000                  1.4190288739544904E+013                  2.5520816412551632E+001                  8.1494940738377130E+008                  1.3333599404348258E+000                  2.0617606414759990E-001                  7.0573621920601448E-001                  6.3482640603801443E-001                  8.5000496627254174E-001                  1.0146285104045974E+007                  8.4424672671535234E+002                  4.1521358157226277E+003                  2.0533423193016398E-001                  0.0000000000000000E+000                  2.1072930176808317E+004                  5.6624801129475700E+003                  5.3787612897824913E-025                  5.3787612897824904E-025                  0.0000000000000000E+000                  0.0000000000000000E+000                  2.1518604512434879E-026                  0.0000000000000000E+000                  1.2614343163733029E+003                  7.0000000000000007E-001                  2.9797635251138608E-005                  2.7997020236474879E-001                  4.1193902129486471E-003                  1.2067031330276049E-003                  1.1203876416666533E-002                  2.5129237964844941E-003                  9.5710644087274651E-004                  0.0000000000000000E+000                  0.0000000000000000E+000                  0.0000000000000000E+000                  0.0000000000000000E+000                  0.0000000000000000E+000                  0.0000000000000000E+000                  0.0000000000000000E+000                  0.0000000000000000E+000                  0.0000000000000000E+000                  0.0000000000000000E+000                 -9.4645968819391353E+000                 -9.8999999999999986E+001                  0.0000000000000000E+000                  0.0000000000000000E+000                 -9.8999999999999986E+001                 -9.8999999999999986E+001                  1.4950442308503122E+001                 -9.9000000000000000E+001                 -9.9000000000000000E+001                 -9.9000000000000000E+001 
                 9.9474583627928936E-001                  2.5024284469304273E+001                  3.0241042251654449E+000                  1.0923001187663654E+007                 -5.4131560649080193E+000                  4.3878215602669739E+000                  1.4343561831391352E+013                  2.5520194679411961E+001                  8.0269776730989039E+008                  1.3358913639743224E+000                  2.0811265124970946E-001                  7.0340952103303489E-001                  6.3886856352972776E-001                  8.5000496627254174E-001                  1.0922103721733786E+007                  8.9746592986735311E+002                  4.0708220749291577E+003                  2.0731738349672671E-001                  0.0000000000000000E+000                  2.0312735417321204E+004                  5.8709115109270479E+003                  5.6846075053596253E-025                  5.6846075053596253E-025                  0.0000000000000000E+000                  0.0000000000000000E+000                  2.2742191770461868E-026                  0.0000000000000000E+000                  7.0962511757359812E+002                  7.0000000000000007E-001                  2.9797635251138625E-005                  2.7997020236474884E-001                  4.1193902129486436E-003                  1.2067031330276047E-003                  1.1203876416666533E-002                  2.5129237964844936E-003                  9.5710644087274640E-004                  0.0000000000000000E+000                  0.0000000000000000E+000                  0.0000000000000000E+000                  0.0000000000000000E+000                  0.0000000000000000E+000                  0.0000000000000000E+000                  0.0000000000000000E+000                  0.0000000000000000E+000                  0.0000000000000000E+000                  0.0000000000000000E+000                 -9.4259425159725083E+000                 -9.8999999999999986E+001                  0.0000000000000000E+000                  0.0000000000000000E+000                 -9.8999999999999986E+001                 -9.8999999999999986E+001                  1.4940287388549851E+001                 -9.9000000000000000E+001                 -9.9000000000000000E+001                 -9.9000000000000000E+001 
                 9.9439358636569253E-001                  2.4955711563735409E+001                  2.8946776161462222E+000                  1.1758185816576730E+007                 -5.3892181037825466E+000                  4.3945192410547884E+000                  1.4498894120933646E+013                  2.5516493219573913E+001                  7.9147892575793481E+008                  1.3383886258565001E+000                  2.0998933734451003E-001                  7.0113661147848583E-001                  6.4326561838671525E-001                  8.5000496627254152E-001                  1.1757231244571228E+007                  9.5457200550363530E+002                  4.0918334193451738E+003                  2.0921200805747989E-001                  0.0000000000000000E+000                  1.9764575484179361E+004                  6.0883537127329264E+003                  6.0073581001234806E-025                  6.0073581001234806E-025                  0.0000000000000000E+000                  0.0000000000000000E+000                  2.4033407732327849E-026                  0.0000000000000000E+000                  4.9736457542925001E+002                  6.9999999999999996E-001                  2.9797635251138618E-005                  2.7997020236474890E-001                  4.1193902129486445E-003                  1.2067031330276047E-003                  1.1203876416666529E-002                  2.5129237964844936E-003                  9.5710644087274629E-004                  0.0000000000000000E+000                  0.0000000000000000E+000                  0.0000000000000000E+000                  0.0000000000000000E+000                  0.0000000000000000E+000                  0.0000000000000000E+000                  0.0000000000000000E+000                  0.0000000000000000E+000                  0.0000000000000000E+000                  0.0000000000000000E+000                 -9.3870370487330259E+000                 -9.8999999999999986E+001                  0.0000000000000000E+000                  0.0000000000000000E+000                 -9.8999999999999986E+001                 -9.8999999999999986E+001                  1.4934219531708864E+001                 -9.9000000000000000E+001                 -9.9000000000000000E+001                 -9.9000000000000000E+001 
                 9.9401844249910398E-001                  2.4886214839833293E+001                  2.7980688805154958E+000                  1.2657217303187359E+007                 -5.3653200318457603E+000                  4.4012763827865813E+000                  1.4656379701049047E+013                  2.5512101667560110E+001                  7.8096136246415782E+008                  1.3409432573179465E+000                  2.1185652622804352E-001                  6.9890070227339207E-001                  6.4796148362840300E-001                  8.5000496627254152E-001                  1.2656201435232969E+007                  1.0158679543909180E+003                  4.1520389600859507E+003                  2.1107299861472148E-001                  0.0000000000000000E+000                  1.9295129055588117E+004                  6.3148790918715276E+003                  6.3478671600718761E-025                  6.3478671600718752E-025                  0.0000000000000000E+000                  0.0000000000000000E+000                  2.5395669307306652E-026                  0.0000000000000000E+000                  6.3972060540775385E+002                  6.9999999999999996E-001                  2.9797635251138625E-005                  2.7997020236474890E-001                  4.1193902129486454E-003                  1.2067031330276049E-003                  1.1203876416666531E-002                  2.5129237964844941E-003                  9.5710644087274651E-004                  0.0000000000000000E+000                  0.0000000000000000E+000                  0.0000000000000000E+000                  0.0000000000000000E+000                  0.0000000000000000E+000                  0.0000000000000000E+000                  0.0000000000000000E+000                  0.0000000000000000E+000                  0.0000000000000000E+000                  0.0000000000000000E+000                 -9.3480672726032559E+000                 -9.8999999999999986E+001                  0.0000000000000000E+000                  0.0000000000000000E+000                 -9.8999999999999986E+001                 -9.8999999999999986E+001                  1.4929601730083892E+001                 -9.9000000000000000E+001                 -9.9000000000000000E+001                 -9.9000000000000000E+001 
                 9.9361897936221921E-001                  2.4815780068842098E+001                  2.6657533732807015E+000                  1.3624976301088346E+007                 -5.3414706248182835E+000                  4.4080933925146475E+000                  1.4816738952788576E+013                  2.5510937856497943E+001                  7.7083353779598284E+008                  1.3436410262386924E+000                  2.1376207760739060E-001                  6.9668117033840071E-001                  6.5243512913452684E-001                  8.5000496627254152E-001                  1.3623894604899364E+007                  1.0816961889826298E+003                  4.1508777639694599E+003                  2.1294662058751301E-001                  0.0000000000000000E+000                  1.8725887860550130E+004                  6.5505714396356216E+003                  6.7069434424607653E-025                  6.7069434424607653E-025                  0.0000000000000000E+000                  0.0000000000000000E+000                  2.6832212059718190E-026                  0.0000000000000000E+000                  6.2006735042013236E+002                  6.9999999999999996E-001                  2.9797635251138618E-005                  2.7997020236474884E-001                  4.1193902129486454E-003                  1.2067031330276049E-003                  1.1203876416666531E-002                  2.5129237964844941E-003                  9.5710644087274640E-004                  0.0000000000000000E+000                  0.0000000000000000E+000                  0.0000000000000000E+000                  0.0000000000000000E+000                  0.0000000000000000E+000                  0.0000000000000000E+000                  0.0000000000000000E+000                  0.0000000000000000E+000                  0.0000000000000000E+000                  0.0000000000000000E+000                 -9.3098653185662350E+000                 -9.8999999999999986E+001                  0.0000000000000000E+000                  0.0000000000000000E+000                 -9.8999999999999986E+001                 -9.8999999999999986E+001                  1.4922433407937595E+001                 -9.9000000000000000E+001                 -9.9000000000000000E+001                 -9.9000000000000000E+001 
                 9.9319368809997011E-001                  2.4744391367226008E+001                  2.5292105046678008E+000                  1.4666716598820431E+007                 -5.3176759008928105E+000                  4.4149726202788511E+000                  1.4980428972930951E+013                  2.5513468128872301E+001                  7.6072444656516445E+008                  1.3465882538237632E+000                  2.1577740021729425E-001                  6.9448049859545558E-001                  6.5634797577580861E-001                  8.5000496627254152E-001                  1.4665564148506183E+007                  1.1524503142488331E+003                  4.1308902190229828E+003                  2.1489357837400294E-001                  0.0000000000000000E+000                  1.8133915265473472E+004                  6.7960125816094605E+003                  7.0854585151751819E-025                  7.0854585151751819E-025                  0.0000000000000000E+000                  0.0000000000000000E+000                  2.8346522837975372E-026                  0.0000000000000000E+000                  8.5240698577759247E+001                  6.9999999999999996E-001                  2.9797635251138621E-005                  2.7997020236474890E-001                  4.1193902129486454E-003                  1.2067031330276051E-003                  1.1203876416666531E-002                  2.5129237964844941E-003                  9.5710644087274662E-004                  0.0000000000000000E+000                  0.0000000000000000E+000                  0.0000000000000000E+000                  0.0000000000000000E+000                  0.0000000000000000E+000                  0.0000000000000000E+000                  0.0000000000000000E+000                  0.0000000000000000E+000                  0.0000000000000000E+000                  0.0000000000000000E+000                 -9.2728777980676664E+000                 -9.8999999999999986E+001                  0.0000000000000000E+000                  0.0000000000000000E+000                 -9.8999999999999986E+001                 -9.8999999999999986E+001                  1.4914341672695896E+001                 -9.9000000000000000E+001                 -9.9000000000000000E+001                 -9.9000000000000000E+001 
                 9.9274097192896749E-001                  2.4672031579155835E+001                  2.5092295282904367E+000                  1.5788093646299191E+007                 -5.2939400430910570E+000                  4.4219188969329775E+000                  1.5147440077373176E+013                  2.5517345628891114E+001                  7.5022444545983970E+008                  1.3499055335967176E+000                  2.1797646262747239E-001                  6.9231371012227716E-001                  6.5987370354541819E-001                  8.5000496627254152E-001                  1.5786865055333996E+007                  1.2285909651953782E+003                  4.2969871830667753E+003                  2.1699138588271730E-001                  0.0000000000000000E+000                  1.7837284649546738E+004                  7.0520344473230516E+003                  7.4843417552862176E-025                  7.4843417552862166E-025                  0.0000000000000000E+000                  0.0000000000000000E+000                  2.9942319765503605E-026                  0.0000000000000000E+000                 -7.3627899423184238E+002                  6.9999999999999996E-001                  2.9797635251138618E-005                  2.7997020236474884E-001                  4.1193902129486445E-003                  1.2067031330276047E-003                  1.1203876416666529E-002                  2.5129237964844941E-003                  9.5710644087274640E-004                  0.0000000000000000E+000                  0.0000000000000000E+000                  0.0000000000000000E+000                  0.0000000000000000E+000                  0.0000000000000000E+000                  0.0000000000000000E+000                  0.0000000000000000E+000                  0.0000000000000000E+000                  0.0000000000000000E+000                  0.0000000000000000E+000                 -9.2367919220524612E+000                 -9.8999999999999986E+001                  0.0000000000000000E+000                  0.0000000000000000E+000                 -9.8999999999999986E+001                 -9.8999999999999986E+001                  1.4913064993069653E+001                 -9.9000000000000000E+001                 -9.9000000000000000E+001                 -9.9000000000000000E+001 
                 9.9225914154576844E-001                  2.4598682529782721E+001                  2.6929173190897688E+000                  1.6995195265752032E+007                 -5.2702637853359704E+000                  4.4289389924838085E+000                  1.5317225805295588E+013                  2.5519089214268153E+001                  7.3909673462918079E+008                  1.3536634462302515E+000                  2.2039984400594059E-001                  6.9019480930774568E-001                  6.6362499103849049E-001                  8.5000496627254152E-001                  1.6993884612831786E+007                  1.3106529202453432E+003                  4.8332962363737806E+003                  2.1930063788081902E-001                  0.0000000000000000E+000                  1.8051201392849482E+004                  7.3196639948134862E+003                  7.9046179876357370E-025                  7.9046179876357370E-025                  0.0000000000000000E+000                  0.0000000000000000E+000                  3.1623702819989188E-026                  0.0000000000000000E+000                 -1.1511072137815459E+003                  6.9999999999999996E-001                  2.9797635251138614E-005                  2.7997020236474884E-001                  4.1193902129486445E-003                  1.2067031330276045E-003                  1.1203876416666531E-002                  2.5129237964844932E-003                  9.5710644087274629E-004                  0.0000000000000000E+000                  0.0000000000000000E+000                  0.0000000000000000E+000                  0.0000000000000000E+000                  0.0000000000000000E+000                  0.0000000000000000E+000                  0.0000000000000000E+000                  0.0000000000000000E+000                  0.0000000000000000E+000                  0.0000000000000000E+000                 -9.2007785542107445E+000                 -9.8999999999999986E+001                  0.0000000000000000E+000                  0.0000000000000000E+000                 -9.8999999999999986E+001                 -9.8999999999999986E+001                  1.4924157855152652E+001                 -9.9000000000000000E+001                 -9.9000000000000000E+001                 -9.9000000000000000E+001 
                 9.9174641032432709E-001                  2.4524325572669181E+001                  2.9985144252641547E+000                  1.8294574659247719E+007                 -5.2466500884212106E+000                  4.4360405408421384E+000                  1.5489367968557262E+013                  2.5517489655023518E+001                  7.2727430378626990E+008                  1.3578870805061272E+000                  2.2306861796987951E-001                  6.8811452194771616E-001                  6.6790586639350713E-001                  8.5000496627254174E-001                  1.8293175413831364E+007                  1.3992454163538914E+003                  5.6380819666352472E+003                  2.2184834398331391E-001                  0.0000000000000000E+000                  1.8509156259044114E+004                  7.5990818830787694E+003                  8.3473158319255263E-025                  8.3473158319255263E-025                  0.0000000000000000E+000                  0.0000000000000000E+000                  3.3394787161084667E-026                  0.0000000000000000E+000                 -9.5540348074106214E+002                  7.0000000000000007E-001                  2.9797635251138614E-005                  2.7997020236474884E-001                  4.1193902129486454E-003                  1.2067031330276049E-003                  1.1203876416666529E-002                  2.5129237964844936E-003                  9.5710644087274629E-004                  0.0000000000000000E+000                  0.0000000000000000E+000                  0.0000000000000000E+000                  0.0000000000000000E+000                  0.0000000000000000E+000                  0.0000000000000000E+000                  0.0000000000000000E+000                  0.0000000000000000E+000                  0.0000000000000000E+000                  0.0000000000000000E+000                 -9.1645293921651518E+000                 -9.8999999999999986E+001                  0.0000000000000000E+000                  0.0000000000000000E+000                 -9.8999999999999986E+001                 -9.8999999999999986E+001                  1.4940984856688587E+001                 -9.9000000000000000E+001                 -9.9000000000000000E+001                 -9.9000000000000000E+001 
                 9.9120088928503014E-001                  2.4448941187025543E+001                  3.2683766040257307E+000                  1.9693285936650697E+007                 -5.2231139253963104E+000                  4.4432323460989096E+000                  1.5664391358392348E+013                  2.5514484085674525E+001                  7.1447738609054971E+008                  1.3626739695989922E+000                  2.2604789440295023E-001                  6.8604348813749860E-001                  6.7223100787194057E-001                  8.5000496627254174E-001                  1.9691790868072789E+007                  1.4950685779065388E+003                  6.4340334060157938E+003                  2.2467109264717905E-001                  0.0000000000000000E+000                  1.8819929200970189E+004                  7.8892685351380451E+003                  8.8132584778328626E-025                  8.8132584778328626E-025                  0.0000000000000000E+000                  0.0000000000000000E+000                  3.5258866092412961E-026                  0.0000000000000000E+000                 -8.3028872330941795E+002                  7.0000000000000007E-001                  2.9797635251138625E-005                  2.7997020236474884E-001                  4.1193902129486454E-003                  1.2067031330276049E-003                  1.1203876416666531E-002                  2.5129237964844936E-003                  9.5710644087274629E-004                  0.0000000000000000E+000                  0.0000000000000000E+000                  0.0000000000000000E+000                  0.0000000000000000E+000                  0.0000000000000000E+000                  0.0000000000000000E+000                  0.0000000000000000E+000                  0.0000000000000000E+000                  0.0000000000000000E+000                  0.0000000000000000E+000                 -9.1287801890735611E+000                 -9.8999999999999986E+001                  0.0000000000000000E+000                  0.0000000000000000E+000                 -9.8999999999999986E+001                 -9.8999999999999986E+001                  1.4954202448792094E+001                 -9.9000000000000000E+001                 -9.9000000000000000E+001                 -9.9000000000000000E+001 
                 9.9062058194508273E-001                  2.4372506829287641E+001                  3.5178538272824378E+000                  2.1198922515061032E+007                 -5.1996750365809659E+000                  4.4505255542013895E+000                  1.5842996680761627E+013                  2.5512718415128479E+001                  7.0042127875330853E+008                  1.3681608634182512E+000                  2.2941765244657950E-001                  6.8396889271459438E-001                  6.7603080813007199E-001                  8.5000496627254174E-001                  2.1197323568510748E+007                  1.5989465502819148E+003                  7.2433939108763725E+003                  2.2784206844686897E-001                  0.0000000000000000E+000                  1.9039547927941745E+004                  8.1887046473606388E+003                  9.3031517940635908E-025                  9.3031517940635908E-025                  0.0000000000000000E+000                  0.0000000000000000E+000                  3.7218763556086684E-026                  0.0000000000000000E+000                 -1.3695126374888521E+003                  7.0000000000000007E-001                  2.9797635251138614E-005                  2.7997020236474884E-001                  4.1193902129486445E-003                  1.2067031330276047E-003                  1.1203876416666529E-002                  2.5129237964844936E-003                  9.5710644087274629E-004                  0.0000000000000000E+000                  0.0000000000000000E+000                  0.0000000000000000E+000                  0.0000000000000000E+000                  0.0000000000000000E+000                  0.0000000000000000E+000                  0.0000000000000000E+000                  0.0000000000000000E+000                  0.0000000000000000E+000                  0.0000000000000000E+000                 -9.0943623929349791E+000                 -9.8999999999999986E+001                  0.0000000000000000E+000                  0.0000000000000000E+000                 -9.8999999999999986E+001                 -9.8999999999999986E+001                  1.4965284116441252E+001                 -9.9000000000000000E+001                 -9.9000000000000000E+001                 -9.9000000000000000E+001 
                 9.9000337917614345E-001                  2.4294995941834788E+001                  3.9555145853639950E+000                  2.2819658489402395E+007                 -5.1763441540989383E+000                  4.4579334324315107E+000                  1.6024992395203311E+013                  2.5512345496096504E+001                  6.8508857445384264E+008                  1.3744240727743964E+000                  2.3321676758891813E-001                  6.8192064645708639E-001                  6.7954393516312195E-001                  8.5000496627254174E-001                  2.2817946640379515E+007                  1.7118490228805749E+003                  8.5078459011034447E+003                  2.3142755149772057E-001                  0.0000000000000000E+000                  1.9577735674182488E+004                  8.4956987859750207E+003                  9.8178616252241542E-025                  9.8178616252241542E-025                  0.0000000000000000E+000                  0.0000000000000000E+000                  3.9277943503704692E-026                  0.0000000000000000E+000                 -2.1730035104741237E+003                  7.0000000000000007E-001                  2.9797635251138618E-005                  2.7997020236474884E-001                  4.1193902129486445E-003                  1.2067031330276047E-003                  1.1203876416666531E-002                  2.5129237964844936E-003                  9.5710644087274629E-004                  0.0000000000000000E+000                  0.0000000000000000E+000                  0.0000000000000000E+000                  0.0000000000000000E+000                  0.0000000000000000E+000                  0.0000000000000000E+000                  0.0000000000000000E+000                  0.0000000000000000E+000                  0.0000000000000000E+000                  0.0000000000000000E+000                 -9.0610404539090954E+000                 -9.8999999999999986E+001                  0.0000000000000000E+000                  0.0000000000000000E+000                 -9.8999999999999986E+001                 -9.8999999999999986E+001                  1.4983504627479128E+001                 -9.9000000000000000E+001                 -9.9000000000000000E+001                 -9.9000000000000000E+001 
                 9.8934705395783684E-001                  2.4216379390340411E+001                  4.6939681954292665E+000                  2.4564292981616218E+007                 -5.1531255688521256E+000                  4.4654701228388909E+000                  1.6209793187679875E+013                  2.5512011811532236E+001                  6.6856565127531815E+008                  1.3814842472964919E+000                  2.3745623850508679E-001                  6.7994215819892201E-001                  6.8336514006373528E-001                  8.5000496627254152E-001                  2.4562458082375716E+007                  1.8348992405028421E+003                  1.0529467926200692E+004                  2.3545488331681769E-001                  0.0000000000000000E+000                  2.0541936660176882E+004                  8.8086602020647406E+003                  1.0358398686228147E-024                  1.0358398686228147E-024                  0.0000000000000000E+000                  0.0000000000000000E+000                  4.1440449463984725E-026                  0.0000000000000000E+000                 -2.5678296388683889E+003                  6.9999999999999996E-001                  2.9797635251138618E-005                  2.7997020236474884E-001                  4.1193902129486436E-003                  1.2067031330276047E-003                  1.1203876416666529E-002                  2.5129237964844941E-003                  9.5710644087274629E-004                  0.0000000000000000E+000                  0.0000000000000000E+000                  0.0000000000000000E+000                  0.0000000000000000E+000                  0.0000000000000000E+000                  0.0000000000000000E+000                  0.0000000000000000E+000                  0.0000000000000000E+000                  0.0000000000000000E+000                  0.0000000000000000E+000                 -9.0280321414828943E+000                 -9.8999999999999986E+001                  0.0000000000000000E+000                  0.0000000000000000E+000                 -9.8999999999999986E+001                 -9.8999999999999986E+001                  1.5010577001884668E+001                 -9.9000000000000000E+001                 -9.9000000000000000E+001                 -9.9000000000000000E+001 
                 9.8864925587129537E-001                  2.4136626525460148E+001                  5.6217368168465924E+000                  2.6442297808770295E+007                 -5.1300278358558522E+000                  4.4731497908513322E+000                  1.6397196772992473E+013                  2.5511031053002043E+001                  6.5101031866669822E+008                  1.3893332037839679E+000                  2.4213479046884584E-001                  6.7803449451198816E-001                  6.8763324289482008E-001                  8.5000496627254152E-001                  2.6440328422558609E+007                  1.9693862116841401E+003                  1.3126415439704637E+004                  2.3992481958636902E-001                  0.0000000000000000E+000                  2.1630694519394583E+004                  9.1256052924298583E+003                  1.0925685496226321E-024                  1.0925685496226321E-024                  0.0000000000000000E+000                  0.0000000000000000E+000                  4.3709972124247293E-026                  0.0000000000000000E+000                 -2.5527851208691513E+003                  6.9999999999999996E-001                  2.9797635251138621E-005                  2.7997020236474884E-001                  4.1193902129486445E-003                  1.2067031330276049E-003                  1.1203876416666531E-002                  2.5129237964844936E-003                  9.5710644087274629E-004                  0.0000000000000000E+000                  0.0000000000000000E+000                  0.0000000000000000E+000                  0.0000000000000000E+000                  0.0000000000000000E+000                  0.0000000000000000E+000                  0.0000000000000000E+000                  0.0000000000000000E+000                  0.0000000000000000E+000                  0.0000000000000000E+000                 -8.9951462126492796E+000                 -9.8999999999999986E+001                  0.0000000000000000E+000                  0.0000000000000000E+000                 -9.8999999999999986E+001                 -9.8999999999999986E+001                  1.5039284263753164E+001                 -9.9000000000000000E+001                 -9.9000000000000000E+001                 -9.9000000000000000E+001 
                 9.8790750540420169E-001                  2.4055704323550920E+001                  6.6021649995699558E+000                  2.8463868917440653E+007                 -5.1070672888312014E+000                  4.4809870241793481E+000                  1.6587414117375521E+013                  2.5509901987243559E+001                  6.3248827510808551E+008                  1.3980341506080420E+000                  2.4728860176665535E-001                  6.7616336048136416E-001                  6.9183546058010137E-001                  8.5000496627254152E-001                  2.8461752117443454E+007                  2.1167999971987206E+003                  1.6009693178997508E+004                  2.4485058009665780E-001                  0.0000000000000000E+000                  2.2624274324143196E+004                  9.4440167697244633E+003                  1.1520431929452847E-024                  1.1520431929452847E-024                  0.0000000000000000E+000                  0.0000000000000000E+000                  4.6089351451441952E-026                  0.0000000000000000E+000                 -2.5270363142080328E+003                  6.9999999999999996E-001                  2.9797635251138618E-005                  2.7997020236474884E-001                  4.1193902129486445E-003                  1.2067031330276049E-003                  1.1203876416666529E-002                  2.5129237964844941E-003                  9.5710644087274640E-004                  0.0000000000000000E+000                  0.0000000000000000E+000                  0.0000000000000000E+000                  0.0000000000000000E+000                  0.0000000000000000E+000                  0.0000000000000000E+000                  0.0000000000000000E+000                  0.0000000000000000E+000                  0.0000000000000000E+000                  0.0000000000000000E+000                 -8.9631912777027090E+000                 -9.8999999999999986E+001                  0.0000000000000000E+000                  0.0000000000000000E+000                 -9.8999999999999986E+001                 -9.8999999999999986E+001                  1.5065163288825920E+001                 -9.9000000000000000E+001                 -9.9000000000000000E+001                 -9.9000000000000000E+001 
                 9.8711918826458211E-001                  2.3973575806977202E+001                  7.6336339288848114E+000                  3.0639981911997195E+007                 -5.0842609430686405E+000                  4.4889979054452933E+000                  1.6780660948183494E+013                  2.5509390646468184E+001                  6.1300644925617850E+008                  1.4077079224212077E+000                  2.5297520898704512E-001                  6.7430411456720063E-001                  6.9534637799180199E-001                  8.5000496627254152E-001                  3.0637703022056721E+007                  2.2788899404732324E+003                  1.9173926001263269E+004                  2.5027888605291931E-001                  0.0000000000000000E+000                  2.3547931383291754E+004                  9.7614435278537148E+003                  1.2143273459084692E-024                  1.2143273459084692E-024                  0.0000000000000000E+000                  0.0000000000000000E+000                  4.8581129759071020E-026                  0.0000000000000000E+000                 -2.7219861969047306E+003                  6.9999999999999996E-001                  2.9797635251138618E-005                  2.7997020236474884E-001                  4.1193902129486454E-003                  1.2067031330276049E-003                  1.1203876416666531E-002                  2.5129237964844936E-003                  9.5710644087274629E-004                  0.0000000000000000E+000                  0.0000000000000000E+000                  0.0000000000000000E+000                  0.0000000000000000E+000                  0.0000000000000000E+000                  0.0000000000000000E+000                  0.0000000000000000E+000                  0.0000000000000000E+000                  0.0000000000000000E+000                  0.0000000000000000E+000                 -8.9332225639319169E+000                 -9.8999999999999986E+001                  0.0000000000000000E+000                  0.0000000000000000E+000                 -9.8999999999999986E+001                 -9.8999999999999986E+001                  1.5089028917688809E+001                 -9.9000000000000000E+001                 -9.9000000000000000E+001                 -9.9000000000000000E+001 
                 9.8628154977606675E-001                  2.3890199717690262E+001                  8.8141889736841676E+000                  3.2982451759913560E+007                 -5.0616225574130445E+000                  4.4971995895477939E+000                  1.6976960694658096E+013                  2.5510260619962978E+001                  5.9276353006779301E+008                  1.4183984698487027E+000                  2.5919838157457942E-001                  6.7247897446684834E-001                  6.9824054829876692E-001                  8.5000496627254152E-001                  3.2979994053019322E+007                  2.4577068942365026E+003                  2.2864740671956049E+004                  2.5624324785967961E-001                  0.0000000000000000E+000                  2.4520429355220491E+004                  1.0075417522860584E+004                  1.2794871983406643E-024                  1.2794871983406643E-024                  0.0000000000000000E+000                  0.0000000000000000E+000                  5.1187955078575649E-026                  0.0000000000000000E+000                 -3.0503353217943377E+003                  6.9999999999999996E-001                  2.9797635251138611E-005                  2.7997020236474884E-001                  4.1193902129486445E-003                  1.2067031330276049E-003                  1.1203876416666529E-002                  2.5129237964844936E-003                  9.5710644087274640E-004                  0.0000000000000000E+000                  0.0000000000000000E+000                  0.0000000000000000E+000                  0.0000000000000000E+000                  0.0000000000000000E+000                  0.0000000000000000E+000                  0.0000000000000000E+000                  0.0000000000000000E+000                  0.0000000000000000E+000                  0.0000000000000000E+000                 -8.9052640468372264E+000                 -9.8999999999999986E+001                  0.0000000000000000E+000                  0.0000000000000000E+000                 -9.8999999999999986E+001                 -9.8999999999999986E+001                  1.5113219104417047E+001                 -9.9000000000000000E+001                 -9.9000000000000000E+001                 -9.9000000000000000E+001 
                 9.8539168929441023E-001                  2.3805530936525503E+001                  1.0219631862553499E+001                  3.5503996961996965E+007                 -5.0391635463975302E+000                  4.5056087555283089E+000                  1.7176105037168504E+013                  2.5513029332306299E+001                  5.7212935456919074E+008                  1.4300638711783491E+000                  2.6592127045637964E-001                  6.7071868380043309E-001                  7.0109485545914652E-001                  8.5000496627254152E-001                  3.5501341336977206E+007                  2.6556250197566401E+003                  2.7290071888897870E+004                  2.6272880119113268E-001                  0.0000000000000000E+000                  2.5595812548739312E+004                  1.0383102955706163E+004                  1.3475901545140642E-024                  1.3475901545140642E-024                  0.0000000000000000E+000                  0.0000000000000000E+000                  5.3912524027203377E-026                  0.0000000000000000E+000                 -3.2685619812142604E+003                  6.9999999999999996E-001                  2.9797635251138625E-005                  2.7997020236474884E-001                  4.1193902129486454E-003                  1.2067031330276051E-003                  1.1203876416666531E-002                  2.5129237964844945E-003                  9.5710644087274651E-004                  0.0000000000000000E+000                  0.0000000000000000E+000                  0.0000000000000000E+000                  0.0000000000000000E+000                  0.0000000000000000E+000                  0.0000000000000000E+000                  0.0000000000000000E+000                  0.0000000000000000E+000                  0.0000000000000000E+000                  0.0000000000000000E+000                 -8.8785058697866450E+000                 -9.8999999999999986E+001                  0.0000000000000000E+000                  0.0000000000000000E+000                 -9.8999999999999986E+001                 -9.8999999999999986E+001                  1.5138613947054411E+001                 -9.9000000000000000E+001                 -9.9000000000000000E+001                 -9.9000000000000000E+001 
                 9.8444655460407837E-001                  2.3719520752061001E+001                  1.1819168260512358E+001                  3.8218308623136967E+007                 -5.0168944534565894E+000                  4.5142404532474574E+000                  1.7377928463556996E+013                  2.5515967925724699E+001                  5.5146335119726253E+008                  1.4425851163384968E+000                  2.7308021101095953E-001                  6.6904053411729258E-001                  7.0435808187987448E-001                  8.5000496627254152E-001                  3.8215433254426032E+007                  2.8753687109343796E+003                  3.2371148519996659E+004                  2.6968464496365646E-001                  0.0000000000000000E+000                  2.6716751712141238E+004                  1.0680120499957016E+004                  1.4187009378079966E-024                  1.4187009378079964E-024                  0.0000000000000000E+000                  0.0000000000000000E+000                  5.6757425968766860E-026                  0.0000000000000000E+000                 -3.2126362296891534E+003                  6.9999999999999996E-001                  2.9797635251138621E-005                  2.7997020236474890E-001                  4.1193902129486445E-003                  1.2067031330276047E-003                  1.1203876416666531E-002                  2.5129237964844932E-003                  9.5710644087274640E-004                  0.0000000000000000E+000                  0.0000000000000000E+000                  0.0000000000000000E+000                  0.0000000000000000E+000                  0.0000000000000000E+000                  0.0000000000000000E+000                  0.0000000000000000E+000                  0.0000000000000000E+000                  0.0000000000000000E+000                  0.0000000000000000E+000                 -8.8523482362659447E+000                 -9.8999999999999986E+001                  0.0000000000000000E+000                  0.0000000000000000E+000                 -9.8999999999999986E+001                 -9.8999999999999986E+001                  1.5164131844924023E+001                 -9.9000000000000000E+001                 -9.9000000000000000E+001                 -9.9000000000000000E+001 
                 9.8344293635139435E-001                  2.3632116853619497E+001                  1.3488619743364099E+001                  4.1140124864309169E+007                 -4.9948238368644091E+000                  4.5231076711893579E+000                  1.7582365176422330E+013                  2.5515923323513007E+001                  5.3105909197465551E+008                  1.4558578111586793E+000                  2.8061470055786919E-001                  6.6745797397554030E-001                  7.0793039248639988E-001                  8.5000496627254152E-001                  4.1137004808127187E+007                  3.1200561819834679E+003                  3.7735363215929123E+004                  2.7704636420950618E-001                  0.0000000000000000E+000                  2.7775214701975321E+004                  1.0960543889528442E+004                  1.4928852915341055E-024                  1.4928852915341054E-024                  0.0000000000000000E+000                  0.0000000000000000E+000                  5.9725291071143801E-026                  0.0000000000000000E+000                 -2.8841381871727144E+003                  6.9999999999999996E-001                  2.9797635251138611E-005                  2.7997020236474884E-001                  4.1193902129486436E-003                  1.2067031330276049E-003                  1.1203876416666529E-002                  2.5129237964844936E-003                  9.5710644087274618E-004                  0.0000000000000000E+000                  0.0000000000000000E+000                  0.0000000000000000E+000                  0.0000000000000000E+000                  0.0000000000000000E+000                  0.0000000000000000E+000                  0.0000000000000000E+000                  0.0000000000000000E+000                  0.0000000000000000E+000                  0.0000000000000000E+000                 -8.8270956201982553E+000                 -9.8999999999999986E+001                  0.0000000000000000E+000                  0.0000000000000000E+000                 -9.8999999999999986E+001                 -9.8999999999999986E+001                  1.5188066484821475E+001                 -9.9000000000000000E+001                 -9.9000000000000000E+001                 -9.9000000000000000E+001 
                 9.8237746256226699E-001                  2.3543263551830542E+001                  1.5079738273731703E+001                  4.4285310906030409E+007                 -4.9729594582023360E+000                  4.5322214407402290E+000                  1.7789548762558516E+013                  2.5512720790232486E+001                  5.1115344058832824E+008                  1.4698161276320987E+000                  2.8846727198756572E-001                  6.6597106097796854E-001                  7.1132816279941258E-001                  8.5000496627254152E-001                  4.4281917643257700E+007                  3.3932627727076579E+003                  4.2890095015226383E+004                  2.8475280056474811E-001                  0.0000000000000000E+000                  2.8682256125283671E+004                  1.1217437721554443E+004                  1.5702065704982252E-024                  1.5702065704982252E-024                  0.0000000000000000E+000                  0.0000000000000000E+000                  6.2818653946195746E-026                  0.0000000000000000E+000                 -2.4297424421649584E+003                  6.9999999999999996E-001                  2.9797635251138614E-005                  2.7997020236474884E-001                  4.1193902129486436E-003                  1.2067031330276047E-003                  1.1203876416666531E-002                  2.5129237964844936E-003                  9.5710644087274618E-004                  0.0000000000000000E+000                  0.0000000000000000E+000                  0.0000000000000000E+000                  0.0000000000000000E+000                  0.0000000000000000E+000                  0.0000000000000000E+000                  0.0000000000000000E+000                  0.0000000000000000E+000                  0.0000000000000000E+000                  0.0000000000000000E+000                 -8.8035417699153413E+000                 -9.8999999999999986E+001                  0.0000000000000000E+000                  0.0000000000000000E+000                 -9.8999999999999986E+001                 -9.8999999999999986E+001                  1.5209247990854649E+001                 -9.9000000000000000E+001                 -9.9000000000000000E+001                 -9.9000000000000000E+001 
                 9.8124659326439123E-001                  2.3452901769292243E+001                  1.6502448167786810E+001                  4.7670945311733171E+007                 -4.9513083214283258E+000                  4.5415903800138446E+000                  1.7999776273294621E+013                  2.5510566784257488E+001                  4.9197769989005029E+008                  1.4843326207694643E+000                  2.9654535917929942E-001                  6.6454920848817067E-001                  7.1419595862714558E-001                  8.5000496627254152E-001                  4.7667246235772967E+007                  3.6990759602057783E+003                  4.7471506499666095E+004                  2.9272853309244434E-001                  0.0000000000000000E+000                  2.9410948890420332E+004                  1.1443818415405040E+004                  1.6507255626196369E-024                  1.6507255626196369E-024                  0.0000000000000000E+000                  0.0000000000000000E+000                  6.6039946513358410E-026                  0.0000000000000000E+000                 -2.0107453600705753E+003                  6.9999999999999996E-001                  2.9797635251138618E-005                  2.7997020236474884E-001                  4.1193902129486445E-003                  1.2067031330276047E-003                  1.1203876416666529E-002                  2.5129237964844936E-003                  9.5710644087274618E-004                  0.0000000000000000E+000                  0.0000000000000000E+000                  0.0000000000000000E+000                  0.0000000000000000E+000                  0.0000000000000000E+000                  0.0000000000000000E+000                  0.0000000000000000E+000                  0.0000000000000000E+000                  0.0000000000000000E+000                  0.0000000000000000E+000                 -8.7821103212633034E+000                 -9.8999999999999986E+001                  0.0000000000000000E+000                  0.0000000000000000E+000                 -9.8999999999999986E+001                 -9.8999999999999986E+001                  1.5227540267443468E+001                 -9.9000000000000000E+001                 -9.9000000000000000E+001                 -9.9000000000000000E+001 
                 9.8004661532575399E-001                  2.3360969026100772E+001                  1.7751769153736838E+001                  5.1315412874378204E+007                 -4.9298733976400015E+000                  4.5512195023450479E+000                  1.8213188350174336E+013                  2.5512173568453100E+001                  4.7382624763156426E+008                  1.4991741415838802E+000                  3.0471441173920710E-001                  6.6317683988004539E-001                  7.1652030653931154E-001                  8.5000496627254174E-001                  5.1311370749384910E+007                  4.0421249932937694E+003                  5.1355199346679932E+004                  3.0086089209312655E-001                  0.0000000000000000E+000                  2.9989791000094927E+004                  1.1633216609196848E+004                  1.7345135970329839E-024                  1.7345135970329839E-024                  0.0000000000000000E+000                  0.0000000000000000E+000                  6.9392022410470051E-026                  0.0000000000000000E+000                 -1.6531508481301628E+003                  7.0000000000000007E-001                  2.9797635251138618E-005                  2.7997020236474884E-001                  4.1193902129486445E-003                  1.2067031330276049E-003                  1.1203876416666529E-002                  2.5129237964844936E-003                  9.5710644087274629E-004                  0.0000000000000000E+000                  0.0000000000000000E+000                  0.0000000000000000E+000                  0.0000000000000000E+000                  0.0000000000000000E+000                  0.0000000000000000E+000                  0.0000000000000000E+000                  0.0000000000000000E+000                  0.0000000000000000E+000                  0.0000000000000000E+000                 -8.7627402886335428E+000                 -9.8999999999999986E+001                  0.0000000000000000E+000                  0.0000000000000000E+000                 -9.8999999999999986E+001                 -9.8999999999999986E+001                  1.5243575849738665E+001                 -9.9000000000000000E+001                 -9.9000000000000000E+001                 -9.9000000000000000E+001 
                 9.7877363751341151E-001                  2.3267400132275597E+001                  1.8841394047606379E+001                  5.5238504547876924E+007                 -4.9086514158338721E+000                  4.5611092488058365E+000                  1.8429831841440324E+013                  2.5515526880638468E+001                  4.5692225316478491E+008                  1.5140362718797640E+000                  3.1282189572239316E-001                  6.6190203639867151E-001                  7.1860279221261947E-001                  8.5000496627254152E-001                  5.5234076944349475E+007                  4.4276035274515443E+003                  5.4488590103354312E+004                  3.0900696810109712E-001                  0.0000000000000000E+000                  3.0447478176412737E+004                  1.1780757458554617E+004                  1.8216651810263820E-024                  1.8216651810263820E-024                  0.0000000000000000E+000                  0.0000000000000000E+000                  7.2878662554933146E-026                  0.0000000000000000E+000                 -1.2600328180681458E+003                  6.9999999999999996E-001                  2.9797635251138618E-005                  2.7997020236474884E-001                  4.1193902129486445E-003                  1.2067031330276047E-003                  1.1203876416666531E-002                  2.5129237964844932E-003                  9.5710644087274607E-004                  0.0000000000000000E+000                  0.0000000000000000E+000                  0.0000000000000000E+000                  0.0000000000000000E+000                  0.0000000000000000E+000                  0.0000000000000000E+000                  0.0000000000000000E+000                  0.0000000000000000E+000                  0.0000000000000000E+000                  0.0000000000000000E+000                 -8.7450687723703169E+000                 -9.8999999999999986E+001                  0.0000000000000000E+000                  0.0000000000000000E+000                 -9.8999999999999986E+001                 -9.8999999999999986E+001                  1.5257898055767450E+001                 -9.9000000000000000E+001                 -9.9000000000000000E+001                 -9.9000000000000000E+001 
                 9.7742358565956533E-001                  2.3172128424450332E+001                  1.9722191408152835E+001                  5.9461524912800416E+007                 -4.8876337747322793E+000                  4.5712550754087840E+000                  1.8649779259049906E+013                  2.5517864347586457E+001                  4.4144286167783773E+008                  1.5286050344414319E+000                  3.2070954411482655E-001                  6.6076447868243060E-001                  7.2074769862413235E-001                  8.5000496627254174E-001                  5.9456663617186584E+007                  4.8612956138354502E+003                  5.6667716656817240E+004                  3.1701094836420651E-001                  0.0000000000000000E+000                  3.0768876715430037E+004                  1.1884287353153921E+004                  1.9123000755322171E-024                  1.9123000755322171E-024                  0.0000000000000000E+000                  0.0000000000000000E+000                  7.6504658177088591E-026                  0.0000000000000000E+000                 -7.2346347909853023E+002                  7.0000000000000007E-001                  2.9797635251138618E-005                  2.7997020236474884E-001                  4.1193902129486436E-003                  1.2067031330276047E-003                  1.1203876416666531E-002                  2.5129237964844936E-003                  9.5710644087274629E-004                  0.0000000000000000E+000                  0.0000000000000000E+000                  0.0000000000000000E+000                  0.0000000000000000E+000                  0.0000000000000000E+000                  0.0000000000000000E+000                  0.0000000000000000E+000                  0.0000000000000000E+000                  0.0000000000000000E+000                  0.0000000000000000E+000                 -8.7287136441646531E+000                 -9.8999999999999986E+001                  0.0000000000000000E+000                  0.0000000000000000E+000                 -9.8999999999999986E+001                 -9.8999999999999986E+001                  1.5270368525495003E+001                 -9.9000000000000000E+001                 -9.9000000000000000E+001                 -9.9000000000000000E+001 
                 9.7599219784973623E-001                  2.3075086907964344E+001                  2.0258380068724456E+001                  6.4007407827045597E+007                 -4.8668089610803484E+000                  4.5816478048189877E+000                  1.8873070844869699E+013                  2.5517113787529841E+001                  4.2745688375245225E+008                  1.5426363018581095E+000                  3.2824977501687946E-001                  6.5972458784088961E-001                  7.2301923509756560E-001                  8.5000496627254152E-001                  6.4002058206860997E+007                  5.3496201846003814E+003                  5.7479517712946006E+004                  3.2472801876997137E-001                  0.0000000000000000E+000                  3.0889358692822014E+004                  1.1941572565897970E+004                  2.0065579474193154E-024                  2.0065579474193150E-024                  0.0000000000000000E+000                  0.0000000000000000E+000                  8.0275596876517417E-026                  0.0000000000000000E+000                 -5.7402687153134700E+001                  6.9999999999999996E-001                  2.9797635251138618E-005                  2.7997020236474890E-001                  4.1193902129486445E-003                  1.2067031330276047E-003                  1.1203876416666531E-002                  2.5129237964844936E-003                  9.5710644087274640E-004                  0.0000000000000000E+000                  0.0000000000000000E+000                  0.0000000000000000E+000                  0.0000000000000000E+000                  0.0000000000000000E+000                  0.0000000000000000E+000                  0.0000000000000000E+000                  0.0000000000000000E+000                  0.0000000000000000E+000                  0.0000000000000000E+000                 -8.7135187748821412E+000                 -9.8999999999999986E+001                  0.0000000000000000E+000                  0.0000000000000000E+000                 -9.8999999999999986E+001                 -9.8999999999999986E+001                  1.5280130362080957E+001                 -9.9000000000000000E+001                 -9.9000000000000000E+001                 -9.9000000000000000E+001 
                 9.7447501963874827E-001                  2.2976208952375931E+001                  2.0303473420605037E+001                  6.8900840944576636E+007                 -4.8461645865575109E+000                  4.5922743042582690E+000                  1.9100024911363297E+013                  2.5513369302170332E+001                  4.1498262046628076E+008                  1.5558866603357655E+000                  3.3532593910477071E-001                  6.5874410594417099E-001                  7.2530823097274066E-001                  8.5000496627254174E-001                  6.8894941257912934E+007                  5.8996866636974300E+003                  5.6517362176400115E+004                  3.3203455479594757E-001                  0.0000000000000000E+000                  3.0732993307067332E+004                  1.1941077527493879E+004                  2.1045922832906625E-024                  2.1045922832906625E-024                  0.0000000000000000E+000                  0.0000000000000000E+000                  8.4197619133676009E-026                  0.0000000000000000E+000                  4.3321643346827881E+002                  7.0000000000000007E-001                  2.9797635251138621E-005                  2.7997020236474884E-001                  4.1193902129486445E-003                  1.2067031330276049E-003                  1.1203876416666531E-002                  2.5129237964844936E-003                  9.5710644087274629E-004                  0.0000000000000000E+000                  0.0000000000000000E+000                  0.0000000000000000E+000                  0.0000000000000000E+000                  0.0000000000000000E+000                  0.0000000000000000E+000                  0.0000000000000000E+000                  0.0000000000000000E+000                  0.0000000000000000E+000                  0.0000000000000000E+000                 -8.6995335548737902E+000                 -9.8999999999999986E+001                  0.0000000000000000E+000                  0.0000000000000000E+000                 -9.8999999999999986E+001                 -9.8999999999999986E+001                  1.5286132080642819E+001                 -9.9000000000000000E+001                 -9.9000000000000000E+001                 -9.9000000000000000E+001 
                 9.7286739940276334E-001                  2.2875428582241760E+001                  1.9942868137416024E+001                  7.4168399764130086E+007                 -4.8256894205377501E+000                  4.6031183781842433E+000                  1.9331698161385703E+013                  2.5512398537498889E+001                  4.0397219470897806E+008                  1.5681331973371979E+000                  3.4186160439761509E-001                  6.5784557315209169E-001                  7.2719273572485787E-001                  8.5000496627254174E-001                  7.4161880399945185E+007                  6.5193641849037040E+003                  5.4051797515275932E+004                  3.3883483385924806E-001                  0.0000000000000000E+000                  3.0348285294503596E+004                  1.1864401392626634E+004                  2.2065618738784753E-024                  2.2065618738784753E-024                  0.0000000000000000E+000                  0.0000000000000000E+000                  8.8277077629345314E-026                  0.0000000000000000E+000                  5.0563972831915805E+002                  7.0000000000000007E-001                  2.9797635251138618E-005                  2.7997020236474884E-001                  4.1193902129486445E-003                  1.2067031330276047E-003                  1.1203876416666527E-002                  2.5129237964844936E-003                  9.5710644087274629E-004                  0.0000000000000000E+000                  0.0000000000000000E+000                  0.0000000000000000E+000                  0.0000000000000000E+000                  0.0000000000000000E+000                  0.0000000000000000E+000                  0.0000000000000000E+000                  0.0000000000000000E+000                  0.0000000000000000E+000                  0.0000000000000000E+000                 -8.6872450864944888E+000                 -9.8999999999999986E+001                  0.0000000000000000E+000                  0.0000000000000000E+000                 -9.8999999999999986E+001                 -9.8999999999999986E+001                  1.5288995210644241E+001                 -9.9000000000000000E+001                 -9.9000000000000000E+001                 -9.9000000000000000E+001 
                 9.7116448393131660E-001                  2.2772680317449328E+001                  1.9497029216564041E+001                  7.9838692276078701E+007                 -4.8053682270862064E+000                  4.6141615794723947E+000                  1.9568340770522289E+013                  2.5516026230646297E+001                  3.9436893470276093E+008                  1.5791830431602065E+000                  3.4778483977897073E-001                  6.5704391624350400E-001                  7.2850788450671022E-001                  8.5000496627254152E-001                  7.9831474921411440E+007                  7.2173546672543916E+003                  5.1017161885389949E+004                  3.4505846833766868E-001                  0.0000000000000000E+000                  2.9949726820199045E+004                  1.1706324116703016E+004                  2.3126579481677056E-024                  2.3126579481677056E-024                  0.0000000000000000E+000                  0.0000000000000000E+000                  9.2521622789161011E-026                  0.0000000000000000E+000                  1.1758925576084885E+003                  6.9999999999999996E-001                  2.9797635251138618E-005                  2.7997020236474890E-001                  4.1193902129486454E-003                  1.2067031330276049E-003                  1.1203876416666531E-002                  2.5129237964844941E-003                  9.5710644087274640E-004                  0.0000000000000000E+000                  0.0000000000000000E+000                  0.0000000000000000E+000                  0.0000000000000000E+000                  0.0000000000000000E+000                  0.0000000000000000E+000                  0.0000000000000000E+000                  0.0000000000000000E+000                  0.0000000000000000E+000                  0.0000000000000000E+000                 -8.6767986258508838E+000                 -9.8999999999999986E+001                  0.0000000000000000E+000                  0.0000000000000000E+000                 -9.8999999999999986E+001                 -9.8999999999999986E+001                  1.5291701422661969E+001                 -9.9000000000000000E+001                 -9.9000000000000000E+001                 -9.9000000000000000E+001 
                 9.6936121426017097E-001                  2.2667900245649562E+001                  1.8399105874287628E+001                  8.5942514455530331E+007                 -4.7851802673224011E+000                  4.6253829325877653E+000                  1.9808300930767336E+013                  2.5516515776967040E+001                  3.8614774896579581E+008                  1.5888992682673675E+000                  3.5302141103023665E-001                  6.5632170586136274E-001                  7.2979091930740236E-001                  8.5000496627254152E-001                  8.5934511259402946E+007                  8.0031961273825727E+003                  4.6116012186697240E+004                  3.5062642144263412E-001                  0.0000000000000000E+000                  2.9270038245598120E+004                  1.1487356431633742E+004                  2.4231185990937325E-024                  2.4231185990937325E-024                  0.0000000000000000E+000                  0.0000000000000000E+000                  9.6940779907009901E-026                  0.0000000000000000E+000                  4.0486622686906949E+003                  6.9999999999999996E-001                  2.9797635251138618E-005                  2.7997020236474890E-001                  4.1193902129486445E-003                  1.2067031330276047E-003                  1.1203876416666531E-002                  2.5129237964844941E-003                  9.5710644087274629E-004                  0.0000000000000000E+000                  0.0000000000000000E+000                  0.0000000000000000E+000                  0.0000000000000000E+000                  0.0000000000000000E+000                  0.0000000000000000E+000                  0.0000000000000000E+000                  0.0000000000000000E+000                  0.0000000000000000E+000                  0.0000000000000000E+000                 -8.6673225523767687E+000                 -9.8999999999999986E+001                  0.0000000000000000E+000                  0.0000000000000000E+000                 -9.8999999999999986E+001                 -9.8999999999999986E+001                  1.5290273985996103E+001                 -9.9000000000000000E+001                 -9.9000000000000000E+001                 -9.9000000000000000E+001 
                 9.6745232142184256E-001                  2.2561027560426872E+001                  1.4397477100013857E+001                  9.2513017062016174E+007                 -4.7651044322224818E+000                  4.6367584375210065E+000                  2.0054399868633047E+013                  2.5513677514413079E+001                  3.7927587434770453E+008                  1.5971292076486470E+000                  3.5750572285351923E-001                  6.5567013300785359E-001                  7.3126495517294254E-001                  8.5000496627254152E-001                  9.2504129851254925E+007                  8.8872107612529562E+003                  3.4350199879760723E+004                  3.5544418113516124E-001                  0.0000000000000000E+000                  2.6807708116208236E+004                  1.1225509624853645E+004                  2.5382074085988096E-024                  2.5382074085988096E-024                  0.0000000000000000E+000                  0.0000000000000000E+000                  1.0154509400583367E-025                  0.0000000000000000E+000                  7.3407753995808444E+003                  6.9999999999999996E-001                  2.9797635251138621E-005                  2.7997020236474890E-001                  4.1193902129486436E-003                  1.2067031330276047E-003                  1.1203876416666529E-002                  2.5129237964844932E-003                  9.5710644087274607E-004                  0.0000000000000000E+000                  0.0000000000000000E+000                  0.0000000000000000E+000                  0.0000000000000000E+000                  0.0000000000000000E+000                  0.0000000000000000E+000                  0.0000000000000000E+000                  0.0000000000000000E+000                  0.0000000000000000E+000                  0.0000000000000000E+000                 -8.6583385262159211E+000                 -9.8999999999999986E+001                  0.0000000000000000E+000                  0.0000000000000000E+000                 -9.8999999999999986E+001                 -9.8999999999999986E+001                  1.5260725275873824E+001                 -9.9000000000000000E+001                 -9.9000000000000000E+001                 -9.9000000000000000E+001 
                 9.6543232217494890E-001                  2.2452004957966732E+001                  6.7196762615711227E+000                  9.9585885490044832E+007                 -4.7451155650097956E+000                  4.6482616112863955E+000                  2.0313689343252883E+013                  2.5514873465985314E+001                  3.7371411965726423E+008                  1.6037047344080935E+000                  3.6118326974344944E-001                  6.5509346710358762E-001                  7.3300290940290358E-001                  8.5000496627254174E-001                  9.9576005007057786E+007                  9.8804829870402555E+003                  1.5170146016526809E+004                  3.5943417308509079E-001                  0.0000000000000000E+000                  2.0400572984345465E+004                  1.0910039458944406E+004                  2.6582387083635171E-024                  2.6582387083635171E-024                  0.0000000000000000E+000                  0.0000000000000000E+000                  1.0634714043409113E-025                  0.0000000000000000E+000                  6.0733485913056584E+003                  7.0000000000000007E-001                  2.9797635251138625E-005                  2.7997020236474884E-001                  4.1193902129486445E-003                  1.2067031330276049E-003                  1.1203876416666531E-002                  2.5129237964844936E-003                  9.5710644087274651E-004                  0.0000000000000000E+000                  0.0000000000000000E+000                  0.0000000000000000E+000                  0.0000000000000000E+000                  0.0000000000000000E+000                  0.0000000000000000E+000                  0.0000000000000000E+000                  0.0000000000000000E+000                  0.0000000000000000E+000                  0.0000000000000000E+000                 -8.6496210967307121E+000                 -9.8999999999999986E+001                  0.0000000000000000E+000                  0.0000000000000000E+000                 -9.8999999999999986E+001                 -9.8999999999999986E+001                  1.5150771591256571E+001                 -9.9000000000000000E+001                 -9.9000000000000000E+001                 -9.9000000000000000E+001 
                 9.6329551464423147E-001                  2.2340780001020807E+001                  1.7077417539064775E-004                  1.0719953229466453E+008                 -4.7251820892548517E+000                  4.6598544319172612E+000                  2.0577448509092941E+013                  2.5516685975294934E+001                  3.6946062670812362E+008                  1.6084399228198185E+000                  3.6398393593309009E-001                  6.5457675819637684E-001                  7.3496254982207687E-001                  8.5000496627254152E-001                  1.0718853845352300E+008                  1.0993841141541265E+004                  3.6223583613472732E-001                  3.6223583613472732E-001                  0.0000000000000000E+000                  6.3150346433443498E-003                  1.0529232254163913E+004                  2.7836011148238840E-024                  2.7836011148238836E-024                  0.0000000000000000E+000                  0.0000000000000000E+000                  1.1136246642223582E-025                  0.0000000000000000E+000                 -1.1544719922473133E-002                  6.9999999999999996E-001                  2.9797635251138621E-005                  2.7997020236474884E-001                  4.1193902129486445E-003                  1.2067031330276047E-003                  1.1203876416666529E-002                  2.5129237964844936E-003                  9.5710644087274618E-004                  0.0000000000000000E+000                  0.0000000000000000E+000                  0.0000000000000000E+000                  0.0000000000000000E+000                  0.0000000000000000E+000                  0.0000000000000000E+000                  0.0000000000000000E+000                  0.0000000000000000E+000                  0.0000000000000000E+000                  0.0000000000000000E+000                 -8.6410593079054809E+000                 -9.8999999999999986E+001                  0.0000000000000000E+000                  0.0000000000000000E+000                 -9.8999999999999986E+001                 -9.8999999999999986E+001                 -9.9000000000000000E+001                 -9.9000000000000000E+001                  8.6501883615372250E+000                 -9.9000000000000000E+001 
                 9.6103597388774842E-001                  2.2227307235925576E+001                  1.8428081397420950E-004                  1.1758978337723203E+008                 -4.7003083522203335E+000                  4.6745911480545805E+000                  2.0900404426476465E+013                  2.5513276712245943E+001                  3.6594774799440849E+008                  1.6115557223136281E+000                  3.6617872003012553E-001                  6.5396493309508463E-001                  7.3708638682969851E-001                  8.5000496627254174E-001                  1.1757719133064546E+008                  1.2592046586573670E+004                  3.6451113182029393E-001                  3.6451113182029393E-001                  0.0000000000000000E+000                  1.6042040114760375E-014                  9.9760412491242223E+003                  2.9483736973521683E-024                  2.9483736973521683E-024                  0.0000000000000000E+000                  0.0000000000000000E+000                  1.1795446030711431E-025                  0.0000000000000000E+000                 -1.2294193609614094E-002                  7.0000000000000007E-001                  2.9797635251138618E-005                  2.7997020236474884E-001                  4.1193902129486445E-003                  1.2067031330276049E-003                  1.1203876416666529E-002                  2.5129237964844936E-003                  9.5710644087274640E-004                  0.0000000000000000E+000                  0.0000000000000000E+000                  0.0000000000000000E+000                  0.0000000000000000E+000                  0.0000000000000000E+000                  0.0000000000000000E+000                  0.0000000000000000E+000                  0.0000000000000000E+000                  0.0000000000000000E+000                  0.0000000000000000E+000                 -8.6318560994184423E+000                 -9.8999999999999986E+001                  0.0000000000000000E+000                  0.0000000000000000E+000                 -9.8999999999999986E+001                 -9.8999999999999986E+001                 -9.9000000000000000E+001                 -9.9000000000000000E+001                 -9.9000000000000000E+001                 -2.9361706656529685E+000 
                 9.5740301746634715E-001                  2.2052770098521137E+001                  2.0740699574484773E-004                  1.3132749194259690E+008                 -4.6705159218147996E+000                  4.6921588551911420E+000                  2.1307209188376707E+013                  2.5515514495865652E+001                  3.6444355390275335E+008                  1.6109055213281032E+000                  3.6676170403487296E-001                  6.5327877206678608E-001                  7.3721483185444181E-001                  8.5000496627254152E-001                  1.3131268834912214E+008                  1.4803593474763846E+004                  3.6589501137040342E-001                  3.6589501137040342E-001                  0.0000000000000000E+000                  3.1487358954586965E+004                  9.2886776310813530E+003                  3.1586439241315632E-024                  3.1586439241315636E-024                  0.0000000000000000E+000                  0.0000000000000000E+000                  1.2636666111788071E-025                  0.0000000000000000E+000                 -8.5591139103154550E+004                  6.9999999999999996E-001                  2.9797635251138618E-005                  2.7997020236474884E-001                  4.1193902129486445E-003                  1.2067031330276047E-003                  1.1203876416666527E-002                  2.5129237964844936E-003                  9.5710644087274629E-004                  0.0000000000000000E+000                  0.0000000000000000E+000                  0.0000000000000000E+000                  0.0000000000000000E+000                  0.0000000000000000E+000                  0.0000000000000000E+000                  0.0000000000000000E+000                  0.0000000000000000E+000                  0.0000000000000000E+000                  0.0000000000000000E+000                 -8.6238832881835403E+000                 -9.8999999999999986E+001                  0.0000000000000000E+000                  0.0000000000000000E+000                 -9.8999999999999986E+001                 -9.8999999999999986E+001                 -9.9000000000000000E+001                 -9.9000000000000000E+001                 -9.9000000000000000E+001                  1.5369793403629169E+001 
                 9.5345826910199316E-001                  2.1872952050448934E+001                  1.7482048657201639E+002                  1.4529437433059165E+008                 -4.6432379595224607E+000                  4.7082282453862447E+000                  2.1704099349421277E+013                  2.5514218190820156E+001                  3.6556282959808648E+008                  1.6061502194895363E+000                  3.6534085362551638E-001                  6.5270627555467930E-001                  7.3819086335350781E-001                  8.5000496627254174E-001                  1.4527720929488835E+008                  1.7165035703316022E+004                  2.7274813581714511E+005                  3.6700216931502766E-001                  0.0000000000000000E+000                  5.9071930263502858E+004                  8.6374287540791611E+003                  3.3643213497897760E-024                  3.3643213497897760E-024                  0.0000000000000000E+000                  0.0000000000000000E+000                  1.3459511950618853E-025                  0.0000000000000000E+000                 -4.9108200957377385E+003                  7.0000000000000007E-001                  2.9797635251138614E-005                  2.7997020236474884E-001                  4.1193902129486445E-003                  1.2067031330276049E-003                  1.1203876416666529E-002                  2.5129237964844936E-003                  9.5710644087274618E-004                  0.0000000000000000E+000                  0.0000000000000000E+000                  0.0000000000000000E+000                  0.0000000000000000E+000                  0.0000000000000000E+000                  0.0000000000000000E+000                  0.0000000000000000E+000                  0.0000000000000000E+000                  0.0000000000000000E+000                  0.0000000000000000E+000                 -8.6152173610524017E+000                 -9.8999999999999986E+001                  0.0000000000000000E+000                  0.0000000000000000E+000                 -9.8999999999999986E+001                 -9.8999999999999986E+001                  1.5655876950901742E+001                 -9.9000000000000000E+001                 -9.9000000000000000E+001                 -9.9000000000000000E+001 
                 9.4991627377744781E-001                  2.1718991315806271E+001                  1.8382677199497689E+002                  1.5490537802366766E+008                 -4.6258218253250964E+000                  4.7182940426582576E+000                  2.1959752036540441E+013                  2.5510596128878159E+001                  3.6755584423018670E+008                  1.6011046304909486E+000                  3.6345196139413954E-001                  6.5235684026524487E-001                  7.3974995953234524E-001                  8.5000496627254152E-001                  1.5488654552695984E+008                  1.8832496707836028E+004                  2.5738466909027612E+005                  3.6496739038329179E-001                  0.0000000000000000E+000                  6.0364192400819360E+004                  8.2264777380825508E+003                  3.5026069172845260E-024                  3.5026069172845260E-024                  0.0000000000000000E+000                  0.0000000000000000E+000                  1.4012745751861611E-025                  0.0000000000000000E+000                  9.5217443357066441E+004                  6.9999999999999996E-001                  2.9797635251138618E-005                  2.7997020236474890E-001                  4.1193902129486445E-003                  1.2067031330276047E-003                  1.1203876416666533E-002                  2.5129237964844936E-003                  9.5710644087274640E-004                  0.0000000000000000E+000                  0.0000000000000000E+000                  0.0000000000000000E+000                  0.0000000000000000E+000                  0.0000000000000000E+000                  0.0000000000000000E+000                  0.0000000000000000E+000                  0.0000000000000000E+000                  0.0000000000000000E+000                  0.0000000000000000E+000                 -8.6077304103327617E+000                 -9.8999999999999986E+001                  0.0000000000000000E+000                  0.0000000000000000E+000                 -9.8999999999999986E+001                 -9.8999999999999986E+001                  1.5675721765403400E+001                 -9.9000000000000000E+001                 -9.9000000000000000E+001                 -9.9000000000000000E+001 
                 9.4843128400259491E-001                  2.1656359169952914E+001                  1.1061453483942248E+002                  1.6071852263435104E+008                 -4.6158314698491427E+000                  4.7241085289910565E+000                  2.2111371984241363E+013                  2.5511714005516424E+001                  3.6919469929751313E+008                  1.5974401509757850E+000                  3.6199433014530064E-001                  6.5214674922423699E-001                  7.4049263772525598E-001                  8.5000496627254152E-001                  1.6069865409936073E+008                  1.9868534990315016E+004                  1.4815537269911100E+005                  3.6339677931490794E-001                  0.0000000000000000E+000                  5.0751510831853877E+004                  7.9871851815336004E+003                  3.5844875062152092E-024                  3.5844875062152092E-024                  0.0000000000000000E+000                  0.0000000000000000E+000                  1.4340322304821961E-025                  0.0000000000000000E+000                  1.4005661203828009E+005                  6.9999999999999996E-001                  2.9797635251138625E-005                  2.7997020236474884E-001                  4.1193902129486445E-003                  1.2067031330276047E-003                  1.1203876416666533E-002                  2.5129237964844936E-003                  9.5710644087274640E-004                  0.0000000000000000E+000                  0.0000000000000000E+000                  0.0000000000000000E+000                  0.0000000000000000E+000                  0.0000000000000000E+000                  0.0000000000000000E+000                  0.0000000000000000E+000                  0.0000000000000000E+000                  0.0000000000000000E+000                  0.0000000000000000E+000                 -8.6037821024201548E+000                 -9.8999999999999986E+001                  0.0000000000000000E+000                  0.0000000000000000E+000                 -9.8999999999999986E+001                 -9.8999999999999986E+001                  1.5604534112457060E+001                 -9.9000000000000000E+001                 -9.9000000000000000E+001                 -9.9000000000000000E+001 
                 9.4690595412723833E-001                  2.1593122145162752E+001                  2.8167869088491047E-004                  1.6988810378696224E+008                 -4.6007766940857735E+000                  4.7328559036253459E+000                  2.2345747674937672E+013                  2.5516128808812930E+001                  3.7238193277167177E+008                  1.5909136306936871E+000                  3.5928529398436232E-001                  6.5181576918479278E-001                  7.4136115835061500E-001                  8.5000496627254174E-001                  1.6986656826789024E+008                  2.1535519072005613E+004                  3.6082757754123901E-001                  3.6082757754123901E-001                  0.0000000000000000E+000                  4.1745688127571299E-003                  7.6305560708538196E+003                  3.7115139424121416E-024                  3.7115139424121416E-024                  0.0000000000000000E+000                  0.0000000000000000E+000                  1.4848512129805539E-025                  0.0000000000000000E+000                 -1.3877826853143857E-002                  7.0000000000000007E-001                  2.9797635251138618E-005                  2.7997020236474884E-001                  4.1193902129486445E-003                  1.2067031330276047E-003                  1.1203876416666529E-002                  2.5129237964844936E-003                  9.5710644087274640E-004                  0.0000000000000000E+000                  0.0000000000000000E+000                  0.0000000000000000E+000                  0.0000000000000000E+000                  0.0000000000000000E+000                  0.0000000000000000E+000                  0.0000000000000000E+000                  0.0000000000000000E+000                  0.0000000000000000E+000                  0.0000000000000000E+000                 -8.5981229130548318E+000                 -9.8999999999999986E+001                  0.0000000000000000E+000                  0.0000000000000000E+000                 -9.8999999999999986E+001                 -9.8999999999999986E+001                 -9.9000000000000000E+001                 -9.9000000000000000E+001                  8.5238790625511101E+000                 -9.9000000000000000E+001 
                 9.4373050329336572E-001                  2.1464826347085438E+001                  3.0449632206009714E-004                  1.8287693170379421E+008                 -4.5805994802001537E+000                  4.7442795269478202E+000                  2.2663851015223426E+013                  2.5517192273038336E+001                  3.7795565384417415E+008                  1.5806457237845541E+000                  3.5480109646539149E-001                  6.5135754187402095E-001                  7.4230380834739296E-001                  8.5000496627254185E-001                  1.8285300681998321E+008                  2.3924883810990930E+004                  3.5695015254035622E-001                  3.5695015254035622E-001                  0.0000000000000000E+000                  0.0000000000000000E+000                  7.1847929097752522E+003                  3.8888659182801815E-024                  3.8888659182801815E-024                  0.0000000000000000E+000                  0.0000000000000000E+000                  1.5558037425843342E-025                  0.0000000000000000E+000                 -1.3328087493725849E-002                  7.0000000000000007E-001                  2.9797635251138618E-005                  2.7997020236474890E-001                  4.1193902129486445E-003                  1.2067031330276047E-003                  1.1203876416666529E-002                  2.5129237964844936E-003                  9.5710644087274640E-004                  0.0000000000000000E+000                  0.0000000000000000E+000                  0.0000000000000000E+000                  0.0000000000000000E+000                  0.0000000000000000E+000                  0.0000000000000000E+000                  0.0000000000000000E+000                  0.0000000000000000E+000                  0.0000000000000000E+000                  0.0000000000000000E+000                 -8.5898512519070174E+000                 -9.8999999999999986E+001                  0.0000000000000000E+000                  0.0000000000000000E+000                 -9.8999999999999986E+001                 -9.8999999999999986E+001                 -9.9000000000000000E+001                 -9.9000000000000000E+001                 -9.9000000000000000E+001                 -9.9000000000000000E+001 
                 9.4038220783581528E-001                  2.1334120796304457E+001                  3.2760288272878636E-004                  1.9685882934986448E+008                 -4.5602812858628949E+000                  4.7555435373890234E+000                  2.2992671142784133E+013                  2.5513111115993446E+001                  3.8508246151205528E+008                  1.5688399920803637E+000                  3.4939379667585135E-001                  6.5086870193094692E-001                  7.4316543526927092E-001                  8.5000496627254174E-001                  1.9683228904671875E+008                  2.6540303145730970E+004                  3.5196315667860067E-001                  3.5196315667860067E-001                  0.0000000000000000E+000                  0.0000000000000000E+000                  6.7686965273658998E+003                  4.0760421555414761E-024                  4.0760421555414761E-024                  0.0000000000000000E+000                  0.0000000000000000E+000                  1.6306866272009961E-025                  0.0000000000000000E+000                 -1.2639407206284821E-002                  7.0000000000000007E-001                  2.9797635251138611E-005                  2.7997020236474884E-001                  4.1193902129486436E-003                  1.2067031330276045E-003                  1.1203876416666527E-002                  2.5129237964844936E-003                  9.5710644087274618E-004                  0.0000000000000000E+000                  0.0000000000000000E+000                  0.0000000000000000E+000                  0.0000000000000000E+000                  0.0000000000000000E+000                  0.0000000000000000E+000                  0.0000000000000000E+000                  0.0000000000000000E+000                  0.0000000000000000E+000                  0.0000000000000000E+000                 -8.5808741894148071E+000                 -9.8999999999999986E+001                  0.0000000000000000E+000                  0.0000000000000000E+000                 -9.8999999999999986E+001                 -9.8999999999999986E+001                 -9.9000000000000000E+001                 -9.9000000000000000E+001                 -9.9000000000000000E+001                 -9.9000000000000000E+001 
                 9.3685307154370789E-001                  2.1201016855880024E+001                  3.5069899249720338E-004                  2.1190970368859738E+008                 -4.5397971616955770E+000                  4.7666224592908089E+000                  2.3332713206754727E+013                  2.5514391022856241E+001                  3.9362030434866619E+008                  1.5561415729878352E+000                  3.4332247431318175E-001                  6.5033957015611443E-001                  7.4403713007012318E-001                  8.5000496627254174E-001                  2.1188031220106429E+008                  2.9391487533094798E+004                  3.4618037274959124E-001                  3.4618037274959124E-001                  0.0000000000000000E+000                  0.0000000000000000E+000                  6.3827142469962173E+003                  4.2738901640480318E-024                  4.2738901640480318E-024                  0.0000000000000000E+000                  0.0000000000000000E+000                  1.7098389268989110E-025                  0.0000000000000000E+000                 -1.1910051328320593E-002                  7.0000000000000007E-001                  2.9797635251138621E-005                  2.7997020236474884E-001                  4.1193902129486445E-003                  1.2067031330276047E-003                  1.1203876416666529E-002                  2.5129237964844936E-003                  9.5710644087274640E-004                  0.0000000000000000E+000                  0.0000000000000000E+000                  0.0000000000000000E+000                  0.0000000000000000E+000                  0.0000000000000000E+000                  0.0000000000000000E+000                  0.0000000000000000E+000                  0.0000000000000000E+000                  0.0000000000000000E+000                  0.0000000000000000E+000                 -8.5708049417033116E+000                 -9.8999999999999986E+001                  0.0000000000000000E+000                  0.0000000000000000E+000                 -9.8999999999999986E+001                 -9.8999999999999986E+001                 -9.9000000000000000E+001                 -9.9000000000000000E+001                 -9.9000000000000000E+001                 -9.9000000000000000E+001 
                 9.3313480193581377E-001                  2.1065534976622459E+001                  3.7362868382115626E-004                  2.2811125896746445E+008                 -4.5191341450276621E+000                  4.7774998773992765E+000                  2.3684133018502004E+013                  2.5518626712382879E+001                  4.0330189141061497E+008                  1.5431906305779721E+000                  3.3689363423972563E-001                  6.4976651785410611E-001                  7.4508639754898243E-001                  8.5000496627254174E-001                  2.2807877034935838E+008                  3.2488618106082049E+004                  3.3988498662655520E-001                  3.3988498662655520E-001                  0.0000000000000000E+000                  0.0000000000000000E+000                  6.0252628305393673E+003                  4.4832212860994642E-024                  4.4832212860994642E-024                  0.0000000000000000E+000                  0.0000000000000000E+000                  1.7935852323362933E-025                  0.0000000000000000E+000                 -1.1228114143905924E-002                  7.0000000000000007E-001                  2.9797635251138618E-005                  2.7997020236474884E-001                  4.1193902129486445E-003                  1.2067031330276045E-003                  1.1203876416666529E-002                  2.5129237964844936E-003                  9.5710644087274640E-004                  0.0000000000000000E+000                  0.0000000000000000E+000                  0.0000000000000000E+000                  0.0000000000000000E+000                  0.0000000000000000E+000                  0.0000000000000000E+000                  0.0000000000000000E+000                  0.0000000000000000E+000                  0.0000000000000000E+000                  0.0000000000000000E+000                 -8.5593251664762686E+000                 -9.8999999999999986E+001                  0.0000000000000000E+000                  0.0000000000000000E+000                 -9.8999999999999986E+001                 -9.8999999999999986E+001                 -9.9000000000000000E+001                 -9.9000000000000000E+001                 -9.9000000000000000E+001                 -9.9000000000000000E+001 
                 9.2921879537432217E-001                  2.0927701215948080E+001                  3.9639506107746168E-004                  2.4555144026778957E+008                 -4.4982927659832086E+000                  4.7881707571191106E+000                  2.4046910761199609E+013                  2.5515516166776383E+001                  4.1377144395472586E+008                  1.5305840989449391E+000                  3.3043159751813600E-001                  6.4915024979327529E-001                  7.4667922124678487E-001                  8.5000496627254152E-001                  2.4551559640897369E+008                  3.5843858815876090E+004                  3.3343266636103974E-001                  3.3343266636103974E-001                  0.0000000000000000E+000                  0.0000000000000000E+000                  5.6961691163792902E+003                  4.7047733520817084E-024                  4.7047733520817084E-024                  0.0000000000000000E+000                  0.0000000000000000E+000                  1.8822207245448820E-025                  0.0000000000000000E+000                 -1.0527449154735984E-002                  6.9999999999999996E-001                  2.9797635251138618E-005                  2.7997020236474884E-001                  4.1193902129486445E-003                  1.2067031330276045E-003                  1.1203876416666529E-002                  2.5129237964844932E-003                  9.5710644087274640E-004                  0.0000000000000000E+000                  0.0000000000000000E+000                  0.0000000000000000E+000                  0.0000000000000000E+000                  0.0000000000000000E+000                  0.0000000000000000E+000                  0.0000000000000000E+000                  0.0000000000000000E+000                  0.0000000000000000E+000                  0.0000000000000000E+000                 -8.5460254584142987E+000                 -9.8999999999999986E+001                  0.0000000000000000E+000                  0.0000000000000000E+000                 -9.8999999999999986E+001                 -9.8999999999999986E+001                 -9.9000000000000000E+001                 -9.9000000000000000E+001                 -9.9000000000000000E+001                 -9.9000000000000000E+001 
                 9.2509612287867726E-001                  2.0787542959472109E+001                  4.1886726601546629E-004                  2.6432491245872843E+008                 -4.4772818238037164E+000                  4.7986374906575726E+000                  2.4421784843985840E+013                  2.5509047899380107E+001                  4.2476523905252677E+008                  1.5187323627627061E+000                  3.2415457709368140E-001                  6.4848385037660183E-001                  7.4875113243183822E-001                  8.5000496627254185E-001                  2.6428544113492340E+008                  3.9471323805025757E+004                  3.2705546048634626E-001                  3.2705546048634626E-001                  0.0000000000000000E+000                  0.0000000000000000E+000                  5.3959390888671069E+003                  4.9392410821777205E-024                  4.9392410821777212E-024                  0.0000000000000000E+000                  0.0000000000000000E+000                  1.9760233376267849E-025                  0.0000000000000000E+000                 -9.8004180573997256E-003                  7.0000000000000007E-001                  2.9797635251138618E-005                  2.7997020236474890E-001                  4.1193902129486445E-003                  1.2067031330276045E-003                  1.1203876416666529E-002                  2.5129237964844936E-003                  9.5710644087274640E-004                  0.0000000000000000E+000                  0.0000000000000000E+000                  0.0000000000000000E+000                  0.0000000000000000E+000                  0.0000000000000000E+000                  0.0000000000000000E+000                  0.0000000000000000E+000                  0.0000000000000000E+000                  0.0000000000000000E+000                  0.0000000000000000E+000                 -8.5310402822986600E+000                 -9.8999999999999986E+001                  0.0000000000000000E+000                  0.0000000000000000E+000                 -9.8999999999999986E+001                 -9.8999999999999986E+001                 -9.9000000000000000E+001                 -9.9000000000000000E+001                 -9.9000000000000000E+001                 -9.9000000000000000E+001 
                 9.2075751751701440E-001                  2.0645086030552292E+001                  4.4088326765106162E-004                  2.8453357440042734E+008                 -4.4561146147780546E+000                  4.8089075742913288E+000                  2.4809774980126688E+013                  2.5507756921168390E+001                  4.3604705706014770E+008                  1.5079302830497792E+000                  3.1822215084655714E-001                  6.4775660065580787E-001                  7.5095217266534209E-001                  8.5000496627254185E-001                  2.8449018716017175E+008                  4.3387240255621618E+004                  3.2091281877902117E-001                  3.2091281877902117E-001                  0.0000000000000000E+000                  0.0000000000000000E+000                  5.1234433404988813E+003                  5.1873013989220011E-024                  5.1873013989220011E-024                  0.0000000000000000E+000                  0.0000000000000000E+000                  2.0752638854521331E-025                  0.0000000000000000E+000                 -9.1969450459151170E-003                  7.0000000000000007E-001                  2.9797635251138618E-005                  2.7997020236474890E-001                  4.1193902129486445E-003                  1.2067031330276045E-003                  1.1203876416666529E-002                  2.5129237964844936E-003                  9.5710644087274640E-004                  0.0000000000000000E+000                  0.0000000000000000E+000                  0.0000000000000000E+000                  0.0000000000000000E+000                  0.0000000000000000E+000                  0.0000000000000000E+000                  0.0000000000000000E+000                  0.0000000000000000E+000                  0.0000000000000000E+000                  0.0000000000000000E+000                 -8.5148686709279193E+000                 -9.8999999999999986E+001                  0.0000000000000000E+000                  0.0000000000000000E+000                 -9.8999999999999986E+001                 -9.8999999999999986E+001                 -9.9000000000000000E+001                 -9.9000000000000000E+001                 -9.9000000000000000E+001                 -9.9000000000000000E+001 
                 9.1619336323267853E-001                  2.0500352871895643E+001                  4.6261766519437519E-004                  3.0628711235786158E+008                 -4.4348067717987769E+000                  4.8189965595486468E+000                  2.5211064389048500E+013                  2.5510224948671471E+001                  4.4714708151422238E+008                  1.4984860361859860E+000                  3.1284469969565554E-001                  6.4695295657910457E-001                  7.5289254909972492E-001                  8.5000496627254185E-001                  3.0623950018872088E+008                  4.7612169140708342E+004                  3.1525642916400543E-001                  3.1525642916400543E-001                  0.0000000000000000E+000                  0.0000000000000000E+000                  4.8754751891435380E+003                  5.4496283163812165E-024                  5.4496283163812173E-024                  0.0000000000000000E+000                  0.0000000000000000E+000                  2.1802120183173323E-025                  0.0000000000000000E+000                 -8.7452992631433073E-003                  7.0000000000000007E-001                  2.9797635251138618E-005                  2.7997020236474890E-001                  4.1193902129486445E-003                  1.2067031330276045E-003                  1.1203876416666529E-002                  2.5129237964844936E-003                  9.5710644087274629E-004                  0.0000000000000000E+000                  0.0000000000000000E+000                  0.0000000000000000E+000                  0.0000000000000000E+000                  0.0000000000000000E+000                  0.0000000000000000E+000                  0.0000000000000000E+000                  0.0000000000000000E+000                  0.0000000000000000E+000                  0.0000000000000000E+000                 -8.4980944355766646E+000                 -9.8999999999999986E+001                  0.0000000000000000E+000                  0.0000000000000000E+000                 -9.8999999999999986E+001                 -9.8999999999999986E+001                 -9.9000000000000000E+001                 -9.9000000000000000E+001                 -9.9000000000000000E+001                 -9.9000000000000000E+001 
                 9.1139368407722698E-001                  2.0353361341873047E+001                  4.8435121070825862E-004                  3.2970359647195077E+008                 -4.4133755827191203E+000                  4.8289250581737884E+000                  2.5625361990506234E+013                  2.5512223954109274E+001                  4.5756332648866844E+008                  1.4906564351445872E+000                  3.0821924402451706E-001                  6.4606439850005504E-001                  7.5447159510738571E-001                  8.5000496627254185E-001                  3.2965142513547045E+008                  5.2171336480315113E+004                  3.1024437180993569E-001                  3.1024437180993569E-001                  0.0000000000000000E+000                  0.0000000000000000E+000                  4.6487880093852918E+003                  5.7268941826585340E-024                  5.7268941826585340E-024                  0.0000000000000000E+000                  0.0000000000000000E+000                  2.2911367200294820E-025                  0.0000000000000000E+000                 -8.6665007729468130E-003                  7.0000000000000007E-001                  2.9797635251138621E-005                  2.7997020236474890E-001                  4.1193902129486445E-003                  1.2067031330276045E-003                  1.1203876416666529E-002                  2.5129237964844936E-003                  9.5710644087274629E-004                  0.0000000000000000E+000                  0.0000000000000000E+000                  0.0000000000000000E+000                  0.0000000000000000E+000                  0.0000000000000000E+000                  0.0000000000000000E+000                  0.0000000000000000E+000                  0.0000000000000000E+000                  0.0000000000000000E+000                  0.0000000000000000E+000                 -8.4809545592638145E+000                 -9.8999999999999986E+001                  0.0000000000000000E+000                  0.0000000000000000E+000                 -9.8999999999999986E+001                 -9.8999999999999986E+001                 -9.9000000000000000E+001                 -9.9000000000000000E+001                 -9.9000000000000000E+001                 -9.9000000000000000E+001 
                 9.0634813428003502E-001                  2.0204123697661601E+001                  5.0699223002507803E-004                  3.5491012167808521E+008                 -4.3918494700385997E+000                  4.8387278973562893E+000                  2.6052019700789098E+013                  2.5512413662853245E+001                  4.6692144884474343E+008                  1.4844853216016340E+000                  3.0442674231560246E-001                  6.4511556805448922E-001                  7.5650374486815808E-001                  8.5000496627254185E-001                  3.5485302073002774E+008                  5.7100948057489964E+004                  3.0632088631090754E-001                  3.0632088631090754E-001                  0.0000000000000000E+000                  1.9624048247863920E-003                  4.4406200910447787E+003                  6.0196305590417634E-024                  6.0196305590417641E-024                  0.0000000000000000E+000                  0.0000000000000000E+000                  2.4082506503559077E-025                  0.0000000000000000E+000                 -3.1458016879511815E+004                  7.0000000000000007E-001                  2.9797635251138621E-005                  2.7997020236474890E-001                  4.1193902129486445E-003                  1.2067031330276045E-003                  1.1203876416666529E-002                  2.5129237964844936E-003                  9.5710644087274629E-004                  0.0000000000000000E+000                  0.0000000000000000E+000                  0.0000000000000000E+000                  0.0000000000000000E+000                  0.0000000000000000E+000                  0.0000000000000000E+000                  0.0000000000000000E+000                  0.0000000000000000E+000                  0.0000000000000000E+000                  0.0000000000000000E+000                 -8.4625861934616822E+000                 -9.8999999999999986E+001                  0.0000000000000000E+000                  0.0000000000000000E+000                 -9.8999999999999986E+001                 -9.8999999999999986E+001                 -9.9000000000000000E+001                 -9.9000000000000000E+001                  8.2691577073005629E+000                 -9.9000000000000000E+001 
                 9.0104598986794571E-001                  2.0052642229227036E+001                  8.6363282613909533E+001                  3.8204351503421694E+008                 -4.3702517139799353E+000                  4.8484330938258804E+000                  2.6490407834924125E+013                  2.5510775724191184E+001                  4.7492258598720342E+008                  1.4799641467806406E+000                  3.0150596562385468E-001                  6.4413210985317471E-001                  7.5963274140595460E-001                  8.5000496627254185E-001                  3.8198107486018407E+008                  6.2440174032847899E+004                  4.9375824194795292E+004                  3.0327289803437818E-001                  0.0000000000000000E+000                  3.7164470252810774E+004                  4.2496609508151441E+003                  6.3284246190406539E-024                  6.3284246190406532E-024                  0.0000000000000000E+000                  0.0000000000000000E+000                  2.5317887176409747E-025                  0.0000000000000000E+000                 -1.7191420813465549E+004                  7.0000000000000007E-001                  2.9797635251138614E-005                  2.7997020236474890E-001                  4.1193902129486445E-003                  1.2067031330276049E-003                  1.1203876416666531E-002                  2.5129237964844932E-003                  9.5710644087274618E-004                  0.0000000000000000E+000                  0.0000000000000000E+000                  0.0000000000000000E+000                  0.0000000000000000E+000                  0.0000000000000000E+000                  0.0000000000000000E+000                  0.0000000000000000E+000                  0.0000000000000000E+000                  0.0000000000000000E+000                  0.0000000000000000E+000                 -8.4423024735120684E+000                 -9.8999999999999986E+001                  0.0000000000000000E+000                  0.0000000000000000E+000                 -9.8999999999999986E+001                 -9.8999999999999986E+001                  1.5552941719774175E+001                 -9.9000000000000000E+001                 -9.9000000000000000E+001                 -9.9000000000000000E+001 
                 8.9547614164857858E-001                  1.9898910360292444E+001                  1.3594240445335814E+002                  4.0367951096500093E+008                 -4.3540060128899789E+000                  4.8555842092437880E+000                  2.6823032017700090E+013                  2.5508565205038749E+001                  4.7982426749229169E+008                  1.4776820365861929E+000                  2.9991588655554818E-001                  6.4338125363325638E-001                  7.6217159485282504E-001                  8.5000496627254152E-001                  4.0361281975968575E+008                  6.6691205315176136E+004                  7.3769160192797848E+004                  3.0080453509474264E-001                  0.0000000000000000E+000                  4.2788325632838852E+004                  4.1201637700023393E+003                  6.5711238610009269E-024                  6.5711238610009276E-024                  0.0000000000000000E+000                  0.0000000000000000E+000                  2.6288844823250813E-025                  0.0000000000000000E+000                  2.1219248261799148E+003                  6.9999999999999996E-001                  2.9797635251138618E-005                  2.7997020236474890E-001                  4.1193902129486445E-003                  1.2067031330276047E-003                  1.1203876416666531E-002                  2.5129237964844936E-003                  9.5710644087274640E-004                  0.0000000000000000E+000                  0.0000000000000000E+000                  0.0000000000000000E+000                  0.0000000000000000E+000                  0.0000000000000000E+000                  0.0000000000000000E+000                  0.0000000000000000E+000                  0.0000000000000000E+000                  0.0000000000000000E+000                  0.0000000000000000E+000                 -8.4262814532990937E+000                 -9.8999999999999986E+001                  0.0000000000000000E+000                  0.0000000000000000E+000                 -9.8999999999999986E+001                 -9.8999999999999986E+001                  1.5620448851105158E+001                 -9.9000000000000000E+001                 -9.9000000000000000E+001                 -9.9000000000000000E+001 
                 8.9258725077688572E-001                  1.9821204476670573E+001                  1.3276841975308136E+002                  4.1882733464349455E+008                 -4.3431705994223444E+000                  4.8603815565283295E+000                  2.7051275576081809E+013                  2.5507895170987993E+001                  4.8260399146418476E+008                  1.4766361785133129E+000                  2.9911175958431901E-001                  6.4285993653544149E-001                  7.6369606272943680E-001                  8.5000496627254152E-001                  4.1875763060262519E+008                  6.9704040869353470E+004                  7.0270822111203932E+004                  2.9984960198118643E-001                  0.0000000000000000E+000                  4.2151191336662232E+004                  4.0363774672729683E+003                  6.7381651622027985E-024                  6.7381651622027999E-024                  0.0000000000000000E+000                  0.0000000000000000E+000                  2.6957120619420297E-025                  0.0000000000000000E+000                  1.4790871239347980E+004                  6.9999999999999996E-001                  2.9797635251138614E-005                  2.7997020236474884E-001                  4.1193902129486445E-003                  1.2067031330276047E-003                  1.1203876416666533E-002                  2.5129237964844936E-003                  9.5710644087274629E-004                  0.0000000000000000E+000                  0.0000000000000000E+000                  0.0000000000000000E+000                  0.0000000000000000E+000                  0.0000000000000000E+000                  0.0000000000000000E+000                  0.0000000000000000E+000                  0.0000000000000000E+000                  0.0000000000000000E+000                  0.0000000000000000E+000                 -8.4159033961544623E+000                 -9.8999999999999986E+001                  0.0000000000000000E+000                  0.0000000000000000E+000                 -9.8999999999999986E+001                 -9.8999999999999986E+001                  1.5617071373201584E+001                 -9.9000000000000000E+001                 -9.9000000000000000E+001                 -9.9000000000000000E+001 
                 8.8962709205003299E-001                  1.9742930032716423E+001                  1.1009837101894780E+002                  4.3454348910388696E+008                 -4.3323302641916266E+000                  4.8651670251237285E+000                  2.7282787290519191E+013                  2.5507686267803390E+001                  4.8491958430469191E+008                  1.4759953305120022E+000                  2.9853016871844529E-001                  6.4232699909738100E-001                  7.6494625775510405E-001                  8.5000496627254174E-001                  4.3447064409006441E+008                  7.2845013822566762E+004                  5.6870898666263631E+004                  2.9910880767079734E-001                  0.0000000000000000E+000                  3.9234239918139072E+004                  3.9557249153157550E+003                  6.9095443681199537E-024                  6.9095443681199537E-024                  0.0000000000000000E+000                  0.0000000000000000E+000                  2.7642750907836850E-025                  0.0000000000000000E+000                  2.4105419538587761E+004                  7.0000000000000007E-001                  2.9797635251138614E-005                  2.7997020236474884E-001                  4.1193902129486445E-003                  1.2067031330276047E-003                  1.1203876416666531E-002                  2.5129237964844936E-003                  9.5710644087274629E-004                  0.0000000000000000E+000                  0.0000000000000000E+000                  0.0000000000000000E+000                  0.0000000000000000E+000                  0.0000000000000000E+000                  0.0000000000000000E+000                  0.0000000000000000E+000                  0.0000000000000000E+000                  0.0000000000000000E+000                  0.0000000000000000E+000                 -8.4058255726764468E+000                 -9.8999999999999986E+001                  0.0000000000000000E+000                  0.0000000000000000E+000                 -9.8999999999999986E+001                 -9.8999999999999986E+001                  1.5589093246948210E+001                 -9.9000000000000000E+001                 -9.9000000000000000E+001                 -9.9000000000000000E+001 
                 8.8659416782207812E-001                  1.9664083518629738E+001                  7.2243658423549320E+001                  4.4669861348878586E+008                 -4.3241955154391807E+000                  4.8687326131999287E+000                  2.7457525048348383E+013                  2.5507541122524430E+001                  4.8633387546995723E+008                  1.4757798530487123E+000                  2.9824204424584311E-001                  6.4192368954017487E-001                  7.6572886515044780E-001                  8.5000496627254152E-001                  4.4662333650968230E+008                  7.5276979103574617E+004                  3.6438948562498779E+004                  2.9854840917516851E-001                  0.0000000000000000E+000                  3.3540437532031086E+004                  3.8976961697446959E+003                  7.0410153284233150E-024                  7.0410153284233150E-024                  0.0000000000000000E+000                  0.0000000000000000E+000                  2.8168721792795288E-025                  0.0000000000000000E+000                  2.5644981473252923E+004                  6.9999999999999996E-001                  2.9797635251138618E-005                  2.7997020236474884E-001                  4.1193902129486445E-003                  1.2067031330276047E-003                  1.1203876416666531E-002                  2.5129237964844936E-003                  9.5710644087274629E-004                  0.0000000000000000E+000                  0.0000000000000000E+000                  0.0000000000000000E+000                  0.0000000000000000E+000                  0.0000000000000000E+000                  0.0000000000000000E+000                  0.0000000000000000E+000                  0.0000000000000000E+000                  0.0000000000000000E+000                  0.0000000000000000E+000                 -8.3983793377171043E+000                 -9.8999999999999986E+001                  0.0000000000000000E+000                  0.0000000000000000E+000                 -9.8999999999999986E+001                 -9.8999999999999986E+001                  1.5524143254662988E+001                 -9.9000000000000000E+001                 -9.9000000000000000E+001                 -9.9000000000000000E+001 
                 8.8504994407653659E-001                  1.9624445461784152E+001                  5.1738821751932647E+001                  4.5500253857588470E+008                 -4.3187730556423842E+000                  4.8711191690524025E+000                  2.7575604592061359E+013                  2.5507571802751357E+001                  4.8713462917916673E+008                  1.4757552653745076E+000                  2.9811616501685856E-001                  6.4165073794762617E-001                  7.6620632122208754E-001                  8.5000496627254152E-001                  4.5492558861458284E+008                  7.6949961301875053E+004                  2.5792025922302666E+004                  2.9834478977030365E-001                  0.0000000000000000E+000                  2.9597505384337161E+004                  3.8593605362032113E+003                  7.1300420338643909E-024                  7.1300420338643894E-024                  0.0000000000000000E+000                  0.0000000000000000E+000                  2.8524887557474082E-025                  0.0000000000000000E+000                  2.4412603525186485E+004                  6.9999999999999996E-001                  2.9797635251138621E-005                  2.7997020236474890E-001                  4.1193902129486454E-003                  1.2067031330276049E-003                  1.1203876416666529E-002                  2.5129237964844941E-003                  9.5710644087274640E-004                  0.0000000000000000E+000                  0.0000000000000000E+000                  0.0000000000000000E+000                  0.0000000000000000E+000                  0.0000000000000000E+000                  0.0000000000000000E+000                  0.0000000000000000E+000                  0.0000000000000000E+000                  0.0000000000000000E+000                  0.0000000000000000E+000                 -8.3935093460893153E+000                 -9.8999999999999986E+001                  0.0000000000000000E+000                  0.0000000000000000E+000                 -9.8999999999999986E+001                 -9.8999999999999986E+001                  1.5471402560859572E+001                 -9.9000000000000000E+001                 -9.9000000000000000E+001                 -9.9000000000000000E+001 
                 8.8348695648544862E-001                  1.9584662894776827E+001                  3.1982170830184089E+001                  4.6776694967349458E+008                 -4.3106413585601189E+000                  4.8747140258027457E+000                  2.7755070327535633E+013                  2.5507719687096461E+001                  4.8811592504697591E+008                  1.4758977308271914E+000                  2.9802785906125245E-001                  6.4123590370766270E-001                  7.6688575158884165E-001                  8.5000496627254185E-001                  4.6768740926212341E+008                  7.9540411371187263E+004                  1.5758518798506177E+004                  2.9820554980258474E-001                  0.0000000000000000E+000                  2.4689270560117977E+004                  3.8023011330138202E+003                  7.2656701008508752E-024                  7.2656701008508752E-024                  0.0000000000000000E+000                  0.0000000000000000E+000                  2.9067489622975514E-025                  0.0000000000000000E+000                  1.9404980875293808E+004                  7.0000000000000007E-001                  2.9797635251138618E-005                  2.7997020236474890E-001                  4.1193902129486445E-003                  1.2067031330276047E-003                  1.1203876416666529E-002                  2.5129237964844941E-003                  9.5710644087274640E-004                  0.0000000000000000E+000                  0.0000000000000000E+000                  0.0000000000000000E+000                  0.0000000000000000E+000                  0.0000000000000000E+000                  0.0000000000000000E+000                  0.0000000000000000E+000                  0.0000000000000000E+000                  0.0000000000000000E+000                  0.0000000000000000E+000                 -8.3863121915956498E+000                 -9.8999999999999986E+001                  0.0000000000000000E+000                  0.0000000000000000E+000                 -9.8999999999999986E+001                 -9.8999999999999986E+001                  1.5394246009607265E+001                 -9.9000000000000000E+001                 -9.9000000000000000E+001                 -9.9000000000000000E+001 
                 8.8030391255715001E-001                  1.9504660058019951E+001                  6.1777772884069799E-004                  4.8984048804271322E+008                 -4.2970765044080395E+000                  4.8806907918492417E+000                  2.8056976858848000E+013                  2.5507336192711588E+001                  4.8912443148904938E+008                  1.4766145399179682E+000                  2.9815436009404411E-001                  6.4054145535943641E-001                  7.6800080980950525E-001                  8.5000496627254185E-001                  4.8975644632951689E+008                  8.4041713196343524E+004                  2.9747491426002909E-001                  2.9747491426002909E-001                  0.0000000000000000E+000                  2.4394710296521548E-003                  3.7103524955305934E+003                  7.4977012971292391E-024                  7.4977012971292391E-024                  0.0000000000000000E+000                  0.0000000000000000E+000                  2.9995768034991246E-025                  0.0000000000000000E+000                 -7.8848952474949302E-003                  7.0000000000000007E-001                  2.9797635251138621E-005                  2.7997020236474890E-001                  4.1193902129486445E-003                  1.2067031330276047E-003                  1.1203876416666531E-002                  2.5129237964844936E-003                  9.5710644087274629E-004                  0.0000000000000000E+000                  0.0000000000000000E+000                  0.0000000000000000E+000                  0.0000000000000000E+000                  0.0000000000000000E+000                  0.0000000000000000E+000                  0.0000000000000000E+000                  0.0000000000000000E+000                  0.0000000000000000E+000                  0.0000000000000000E+000                 -8.3742686037085008E+000                 -9.8999999999999986E+001                  0.0000000000000000E+000                  0.0000000000000000E+000                 -9.8999999999999986E+001                 -9.8999999999999986E+001                 -9.9000000000000000E+001                 -9.9000000000000000E+001                  8.3922277631715581E+000                 -9.9000000000000000E+001 
                 8.7538372135796072E-001                  1.9383555820084045E+001                  6.3786503071250778E-004                  5.2250170842172599E+008                 -4.2780745421706241E+000                  4.8890445939594480E+000                  2.8485342248422555E+013                  2.5505275264956033E+001                  4.8925251029768479E+008                  1.4785714559648799E+000                  2.9887962806101398E-001                  6.3956687574678950E-001                  7.6981159142643152E-001                  8.5000496627254152E-001                  5.2241094515773988E+008                  9.0763263986119549E+004                  2.9698877728169171E-001                  2.9698877728169171E-001                  0.0000000000000000E+000                  8.5432343541982422E-003                  3.5883151512898121E+003                  7.8352896597316282E-024                  7.8352896597316282E-024                  0.0000000000000000E+000                  0.0000000000000000E+000                  3.1346345006013830E-025                  0.0000000000000000E+000                 -4.1151817351726881E+004                  6.9999999999999996E-001                  2.9797635251138618E-005                  2.7997020236474884E-001                  4.1193902129486454E-003                  1.2067031330276047E-003                  1.1203876416666531E-002                  2.5129237964844941E-003                  9.5710644087274640E-004                  0.0000000000000000E+000                  0.0000000000000000E+000                  0.0000000000000000E+000                  0.0000000000000000E+000                  0.0000000000000000E+000                  0.0000000000000000E+000                  0.0000000000000000E+000                  0.0000000000000000E+000                  0.0000000000000000E+000                  0.0000000000000000E+000                 -8.3570053244478775E+000                 -9.8999999999999986E+001                  0.0000000000000000E+000                  0.0000000000000000E+000                 -9.8999999999999986E+001                 -9.8999999999999986E+001                 -9.9000000000000000E+001                 -9.9000000000000000E+001                  8.9413387890276983E+000                 -9.9000000000000000E+001 
                 8.6854320870838153E-001                  1.9220008253215148E+001                  1.4575493517413767E+002                  5.6244592300803173E+008                 -4.2564578316525239E+000                  4.8986420312180750E+000                  2.8985661013182688E+013                  2.5503421741033673E+001                  4.8772866595981324E+008                  1.4820514097536788E+000                  3.0041926536613117E-001                  6.3844469083997324E-001                  7.7252803028778749E-001                  8.5000496627254152E-001                  5.6234677137888706E+008                  9.9151629144672464E+004                  6.4938557533681276E+004                  2.9992498355627972E-001                  0.0000000000000000E+000                  4.1908064715111614E+004                  3.4570576179321142E+003                  8.2379122634450700E-024                  8.2379122634450700E-024                  0.0000000000000000E+000                  0.0000000000000000E+000                  3.2957102008647824E-025                  0.0000000000000000E+000                 -9.5393207611776252E+003                  6.9999999999999996E-001                  2.9797635251138621E-005                  2.7997020236474884E-001                  4.1193902129486454E-003                  1.2067031330276045E-003                  1.1203876416666529E-002                  2.5129237964844936E-003                  9.5710644087274629E-004                  0.0000000000000000E+000                  0.0000000000000000E+000                  0.0000000000000000E+000                  0.0000000000000000E+000                  0.0000000000000000E+000                  0.0000000000000000E+000                  0.0000000000000000E+000                  0.0000000000000000E+000                  0.0000000000000000E+000                  0.0000000000000000E+000                 -8.3368224267850550E+000                 -9.8999999999999986E+001                  0.0000000000000000E+000                  0.0000000000000000E+000                 -9.8999999999999986E+001                 -9.8999999999999986E+001                  1.5638419810103462E+001                 -9.9000000000000000E+001                 -9.9000000000000000E+001                 -9.9000000000000000E+001 
                 8.6137036030383984E-001                  1.9054020247113186E+001                  1.8118343824719241E+002                  5.9431208366568911E+008                 -4.2402788504808928E+000                  4.9058197104816230E+000                  2.9364002115285098E+013                  2.5503168939241753E+001                  4.8551480735954297E+008                  1.4854365202378927E+000                  3.0201824056529630E-001                  6.3761209151986098E-001                  7.7501138007671122E-001                  8.5000496627254174E-001                  5.9420615571473348E+008                  1.0592795095563137E+005                  7.7310225121853175E+004                  3.0179857366071045E-001                  0.0000000000000000E+000                  4.7107233590379881E+004                  3.3673578185774027E+003                  8.5527793497786689E-024                  8.5527793497786689E-024                  0.0000000000000000E+000                  0.0000000000000000E+000                  3.4216778841927598E-025                  0.0000000000000000E+000                  9.0473995629191108E+004                  7.0000000000000007E-001                  2.9797635251138618E-005                  2.7997020236474884E-001                  4.1193902129486445E-003                  1.2067031330276045E-003                  1.1203876416666527E-002                  2.5129237964844936E-003                  9.5710644087274618E-004                  0.0000000000000000E+000                  0.0000000000000000E+000                  0.0000000000000000E+000                  0.0000000000000000E+000                  0.0000000000000000E+000                  0.0000000000000000E+000                  0.0000000000000000E+000                  0.0000000000000000E+000                  0.0000000000000000E+000                  0.0000000000000000E+000                 -8.3211325570503902E+000                 -9.8999999999999986E+001                  0.0000000000000000E+000                  0.0000000000000000E+000                 -9.8999999999999986E+001                 -9.8999999999999986E+001                  1.5695618340074256E+001                 -9.9000000000000000E+001                 -9.9000000000000000E+001                 -9.9000000000000000E+001 
                 8.5765511418870255E-001                  1.8970096325918639E+001                  7.1410405616780999E+000                  6.2815979341055214E+008                 -4.2241421385186664E+000                  4.9131492269014103E+000                  2.9754701599939586E+013                  2.5505101610225964E+001                  4.8237505608855653E+008                  1.4895465344063885E+000                  3.0402578354262666E-001                  6.3676568319730920E-001                  7.7766644522397887E-001                  8.5000496627254174E-001                  6.2804646765136254E+008                  1.1332575918954756E+005                  2.9838569431164042E+003                  3.0270882922003989E-001                  0.0000000000000000E+000                  5.0257329023914011E+004                  3.2794944568797305E+003                  8.8788520060739415E-024                  8.8788520060739415E-024                  0.0000000000000000E+000                  0.0000000000000000E+000                  3.5521285379924395E-025                  0.0000000000000000E+000                 -8.3539133199674558E+004                  7.0000000000000007E-001                  2.9797635251138618E-005                  2.7997020236474879E-001                  4.1193902129486436E-003                  1.2067031330276049E-003                  1.1203876416666533E-002                  2.5129237964844936E-003                  9.5710644087274640E-004                  0.0000000000000000E+000                  0.0000000000000000E+000                  0.0000000000000000E+000                  0.0000000000000000E+000                  0.0000000000000000E+000                  0.0000000000000000E+000                  0.0000000000000000E+000                  0.0000000000000000E+000                  0.0000000000000000E+000                  0.0000000000000000E+000                 -8.3058740473615256E+000                 -9.8999999999999986E+001                  0.0000000000000000E+000                  0.0000000000000000E+000                 -9.8999999999999986E+001                 -9.8999999999999986E+001                  1.5726998205542115E+001                 -9.9000000000000000E+001                 -9.9000000000000000E+001                 -9.9000000000000000E+001 
                 8.4995839805907958E-001                  1.8800319090007733E+001                  3.4006046280401546E+002                  6.6375376891286612E+008                 -4.2080599934164926E+000                  4.9204291575151951E+000                  3.0145514005396961E+013                  2.5505979857009169E+001                  4.7842910652110094E+008                  1.4942638518959432E+000                  3.0638405573010297E-001                  6.3593925513963079E-001                  7.8004766800468128E-001                  8.5000496627254152E-001                  6.6363258405449903E+008                  1.2118485836704251E+005                  1.3632009223555546E+005                  3.0604837697537801E-001                  0.0000000000000000E+000                  5.5824498195973851E+004                  3.1978120313683721E+003                  9.2162329450378325E-024                  9.2162329450378325E-024                  0.0000000000000000E+000                  0.0000000000000000E+000                  3.6871032542018362E-025                  0.0000000000000000E+000                  2.9139741458772260E+003                  6.9999999999999996E-001                  2.9797635251138618E-005                  2.7997020236474884E-001                  4.1193902129486445E-003                  1.2067031330276047E-003                  1.1203876416666529E-002                  2.5129237964844936E-003                  9.5710644087274629E-004                  0.0000000000000000E+000                  0.0000000000000000E+000                  0.0000000000000000E+000                  0.0000000000000000E+000                  0.0000000000000000E+000                  0.0000000000000000E+000                  0.0000000000000000E+000                  0.0000000000000000E+000                  0.0000000000000000E+000                  0.0000000000000000E+000                 -8.2909360748747751E+000                 -9.8999999999999986E+001                  0.0000000000000000E+000                  0.0000000000000000E+000                 -9.8999999999999986E+001                 -9.8999999999999986E+001                  1.5779244881700896E+001                 -9.9000000000000000E+001                 -9.9000000000000000E+001                 -9.9000000000000000E+001 
                 8.4597343474258124E-001                  1.8714453883955638E+001                  3.3404798175652110E+002                  6.8865945163859141E+008                 -4.1973705700753809E+000                  4.9253522104710088E+000                  3.0411763471354969E+013                  2.5506200436403063E+001                  4.7533118686563420E+008                  1.4977964485307043E+000                  3.0817564738780678E-001                  6.3538687440906660E-001                  7.8139877198275409E-001                  8.5000496627254152E-001                  6.8853264541430151E+008                  1.2680622428988019E+005                  1.3115595128297713E+005                  3.0772469272685243E-001                  0.0000000000000000E+000                  5.4474081147283359E+004                  3.1435572681155418E+003                  9.4475694976909966E-024                  9.4475694976909966E-024                  0.0000000000000000E+000                  0.0000000000000000E+000                  3.7796531941846876E-025                  0.0000000000000000E+000                  4.0785908626769480E+004                  6.9999999999999996E-001                  2.9797635251138621E-005                  2.7997020236474890E-001                  4.1193902129486445E-003                  1.2067031330276047E-003                  1.1203876416666531E-002                  2.5129237964844936E-003                  9.5710644087274618E-004                  0.0000000000000000E+000                  0.0000000000000000E+000                  0.0000000000000000E+000                  0.0000000000000000E+000                  0.0000000000000000E+000                  0.0000000000000000E+000                  0.0000000000000000E+000                  0.0000000000000000E+000                  0.0000000000000000E+000                  0.0000000000000000E+000                 -8.2815935812525474E+000                 -9.8999999999999986E+001                  0.0000000000000000E+000                  0.0000000000000000E+000                 -9.8999999999999986E+001                 -9.8999999999999986E+001                  1.5771938269039815E+001                 -9.9000000000000000E+001                 -9.9000000000000000E+001                 -9.9000000000000000E+001 
                 8.4189504021210870E-001                  1.8627918541803449E+001                  2.4792023688704191E+002                  7.1449959986530793E+008                 -4.1867065727213548E+000                  4.9303036848598918E+000                  3.0680730056065809E+013                  2.5506027024251292E+001                  4.7192169763474405E+008                  1.5015945236871253E+000                  3.1011719117567382E-001                  6.3484145302584960E-001                  7.8255813845187350E-001                  8.5000496627254152E-001                  7.1436687677995133E+008                  1.3272308535653914E+005                  9.5321217613844172E+004                  3.0950216762331934E-001                  0.0000000000000000E+000                  4.7924269102639992E+004                  3.0899721433088007E+003                  9.6841621792027847E-024                  9.6841621792027847E-024                  0.0000000000000000E+000                  0.0000000000000000E+000                  3.8743059340400081E-025                  0.0000000000000000E+000                  4.6252917849753496E+004                  6.9999999999999996E-001                  2.9797635251138614E-005                  2.7997020236474890E-001                  4.1193902129486445E-003                  1.2067031330276047E-003                  1.1203876416666529E-002                  2.5129237964844936E-003                  9.5710644087274618E-004                  0.0000000000000000E+000                  0.0000000000000000E+000                  0.0000000000000000E+000                  0.0000000000000000E+000                  0.0000000000000000E+000                  0.0000000000000000E+000                  0.0000000000000000E+000                  0.0000000000000000E+000                  0.0000000000000000E+000                  0.0000000000000000E+000                 -8.2726535958557434E+000                 -9.8999999999999986E+001                  0.0000000000000000E+000                  0.0000000000000000E+000                 -9.8999999999999986E+001                 -9.8999999999999986E+001                  1.5719698186654851E+001                 -9.9000000000000000E+001                 -9.9000000000000000E+001                 -9.9000000000000000E+001 
                 8.3772142094927649E-001                  1.8540700960166596E+001                  1.4796727643732066E+002                  7.4130928738075864E+008                 -4.1760690495886301E+000                  4.9352854741548100E+000                  3.0952322497874082E+013                  2.5505816137667001E+001                  4.6825098532951951E+008                  1.5056286181351117E+000                  3.1219045355078268E-001                  6.3430708489811216E-001                  7.8356453918346203E-001                  8.5000496627254152E-001                  7.4117033255749786E+008                  1.3895482326079332E+005                  5.5699733110746209E+004                  3.1139784992365671E-001                  0.0000000000000000E+000                  3.8955475156996763E+004                  3.0371191350558033E+003                  9.9260913313091478E-024                  9.9260913313091478E-024                  0.0000000000000000E+000                  0.0000000000000000E+000                  3.9710936158008418E-025                  0.0000000000000000E+000                  2.8946951598955959E+004                  6.9999999999999996E-001                  2.9797635251138614E-005                  2.7997020236474884E-001                  4.1193902129486445E-003                  1.2067031330276047E-003                  1.1203876416666529E-002                  2.5129237964844936E-003                  9.5710644087274629E-004                  0.0000000000000000E+000                  0.0000000000000000E+000                  0.0000000000000000E+000                  0.0000000000000000E+000                  0.0000000000000000E+000                  0.0000000000000000E+000                  0.0000000000000000E+000                  0.0000000000000000E+000                  0.0000000000000000E+000                  0.0000000000000000E+000                 -8.2640800670861267E+000                 -9.8999999999999986E+001                  0.0000000000000000E+000                  0.0000000000000000E+000                 -9.8999999999999986E+001                 -9.8999999999999986E+001                  1.5633139915259063E+001                 -9.9000000000000000E+001                 -9.9000000000000000E+001                 -9.9000000000000000E+001 
                 8.3345076646920135E-001                  1.8452788513051278E+001                  8.3958287204910164E+001                  7.6912490283123755E+008                 -4.1654595823172169E+000                  4.9402999846054385E+000                  3.1226463663245414E+013                  2.5505960405260183E+001                  4.6437072121573156E+008                  1.5098686795467526E+000                  3.1437684031112667E-001                  6.3378813253934474E-001                  7.8445816024349702E-001                  8.5000496627254152E-001                  7.6897937982161570E+008                  1.4552300962186919E+005                  3.0936985922983720E+004                  3.1344381927911230E-001                  0.0000000000000000E+000                  3.1677496826495480E+004                  2.9851018061710688E+003                  1.0173423985715688E-023                  1.0173423985715688E-023                  0.0000000000000000E+000                  0.0000000000000000E+000                  4.0700430566074491E-025                  0.0000000000000000E+000                  1.0708389676846422E+004                  6.9999999999999996E-001                  2.9797635251138621E-005                  2.7997020236474890E-001                  4.1193902129486445E-003                  1.2067031330276049E-003                  1.1203876416666529E-002                  2.5129237964844936E-003                  9.5710644087274651E-004                  0.0000000000000000E+000                  0.0000000000000000E+000                  0.0000000000000000E+000                  0.0000000000000000E+000                  0.0000000000000000E+000                  0.0000000000000000E+000                  0.0000000000000000E+000                  0.0000000000000000E+000                  0.0000000000000000E+000                  0.0000000000000000E+000                 -8.2558383161833380E+000                 -9.8999999999999986E+001                  0.0000000000000000E+000                  0.0000000000000000E+000                 -9.8999999999999986E+001                 -9.8999999999999986E+001                  1.5546787484163469E+001                 -9.9000000000000000E+001                 -9.9000000000000000E+001                 -9.9000000000000000E+001 
                 8.2908125038791125E-001                  1.8364167927148628E+001                  5.9731199745463350E+001                  7.9798419929915547E+008                 -4.1548798372503208E+000                  4.9453496316406369E+000                  3.1503095905567750E+013                  2.5506692032608310E+001                  4.6032799004116106E+008                  1.5142868950750927E+000                  3.1665945277915913E-001                  6.3328737005715319E-001                  7.8529568010852724E-001                  8.5000496627254185E-001                  7.9783174830664825E+008                  1.5245099250727284E+005                  2.1541115778872641E+004                  3.1564067153491815E-001                  0.0000000000000000E+000                  2.8666268172232554E+004                  2.9340186397953357E+003                  1.0426223030627848E-023                  1.0426223030627848E-023                  0.0000000000000000E+000                  0.0000000000000000E+000                  4.1711794159263589E-025                  0.0000000000000000E+000                  1.6351569591583041E+003                  7.0000000000000007E-001                  2.9797635251138614E-005                  2.7997020236474890E-001                  4.1193902129486445E-003                  1.2067031330276045E-003                  1.1203876416666531E-002                  2.5129237964844936E-003                  9.5710644087274640E-004                  0.0000000000000000E+000                  0.0000000000000000E+000                  0.0000000000000000E+000                  0.0000000000000000E+000                  0.0000000000000000E+000                  0.0000000000000000E+000                  0.0000000000000000E+000                  0.0000000000000000E+000                  0.0000000000000000E+000                  0.0000000000000000E+000                 -8.2478695343313237E+000                 -9.8999999999999986E+001                  0.0000000000000000E+000                  0.0000000000000000E+000                 -9.8999999999999986E+001                 -9.8999999999999986E+001                  1.5506911922625958E+001                 -9.9000000000000000E+001                 -9.9000000000000000E+001                 -9.9000000000000000E+001 
                 8.2461103153141557E-001                  1.8274825242233160E+001                  5.5946495637487757E+001                  8.2792634633413863E+008                 -4.1443313214383206E+000                  4.9504363494835735E+000                  3.1782245757226340E+013                  2.5507612347140146E+001                  4.5615016318331140E+008                  1.5188652539048086E+000                  3.1902845467110791E-001                  6.3280129692832721E-001                  7.8618719545985138E-001                  8.5000496627254152E-001                  8.2776658299553609E+008                  1.5976333860256939E+005                  1.9743701617251660E+004                  3.1795833729472261E-001                  0.0000000000000000E+000                  2.8469985745330781E+004                  2.8839758298326037E+003                  1.0684552813267729E-023                  1.0684552813267729E-023                  0.0000000000000000E+000                  0.0000000000000000E+000                  4.2745284369281344E-025                  0.0000000000000000E+000                 -1.3463882676227515E+003                  6.9999999999999996E-001                  2.9797635251138614E-005                  2.7997020236474890E-001                  4.1193902129486445E-003                  1.2067031330276047E-003                  1.1203876416666527E-002                  2.5129237964844932E-003                  9.5710644087274629E-004                  0.0000000000000000E+000                  0.0000000000000000E+000                  0.0000000000000000E+000                  0.0000000000000000E+000                  0.0000000000000000E+000                  0.0000000000000000E+000                  0.0000000000000000E+000                  0.0000000000000000E+000                  0.0000000000000000E+000                  0.0000000000000000E+000                 -8.2400342426869155E+000                 -9.8999999999999986E+001                  0.0000000000000000E+000                  0.0000000000000000E+000                 -9.8999999999999986E+001                 -9.8999999999999986E+001                  1.5507473273164381E+001                 -9.9000000000000000E+001                 -9.9000000000000000E+001                 -9.9000000000000000E+001 
                 8.2003825511618977E-001                  1.8184745819631459E+001                  5.9134317054706642E+001                  8.5899198397926784E+008                 -4.1338151075200207E+000                  4.9555616233203059E+000                  3.2063935541651727E+013                  2.5508166101004988E+001                  4.5186133273525214E+008                  1.5235874142790891E+000                  3.2147525325213222E-001                  6.3232491028728333E-001                  7.8725189925867833E-001                  8.5000496627254152E-001                  8.5882449809025156E+008                  1.6748588901630815E+005                  2.0418735095668388E+004                  3.2036874862561793E-001                  0.0000000000000000E+000                  2.9138732828030836E+004                  2.8350029609096737E+003                  1.0948486409834478E-023                  1.0948486409834478E-023                  0.0000000000000000E+000                  0.0000000000000000E+000                  4.3801193549530089E-025                  0.0000000000000000E+000                 -2.0231892122003815E+003                  6.9999999999999996E-001                  2.9797635251138618E-005                  2.7997020236474884E-001                  4.1193902129486436E-003                  1.2067031330276047E-003                  1.1203876416666529E-002                  2.5129237964844936E-003                  9.5710644087274629E-004                  0.0000000000000000E+000                  0.0000000000000000E+000                  0.0000000000000000E+000                  0.0000000000000000E+000                  0.0000000000000000E+000                  0.0000000000000000E+000                  0.0000000000000000E+000                  0.0000000000000000E+000                  0.0000000000000000E+000                  0.0000000000000000E+000                 -8.2321776923946359E+000                 -9.8999999999999986E+001                  0.0000000000000000E+000                  0.0000000000000000E+000                 -9.8999999999999986E+001                 -9.8999999999999986E+001                  1.5521144892316807E+001                 -9.9000000000000000E+001                 -9.9000000000000000E+001                 -9.9000000000000000E+001 
                 8.1536105406984705E-001                  1.8093914409489201E+001                  6.4033980359236708E+001                  8.9122327835650313E+008                 -4.1233319295025863E+000                  4.9607266635267422E+000                  3.2348165900301961E+013                  2.5507769210160166E+001                  4.4748718146300083E+008                  1.5284360821208913E+000                  3.2399071307244198E-001                  6.3185298815764590E-001                  7.8861063143979193E-001                  8.5000496627254174E-001                  8.9104763230811608E+008                  1.7564604838702359E+005                  2.1630364757698353E+004                  3.2285472336565174E-001                  0.0000000000000000E+000                  2.9918971652399490E+004                  2.7868768602710225E+003                  1.1218104300959829E-023                  1.1218104300959829E-023                  0.0000000000000000E+000                  0.0000000000000000E+000                  4.4879843676054602E-025                  0.0000000000000000E+000                 -2.0050873316697389E+003                  7.0000000000000007E-001                  2.9797635251138621E-005                  2.7997020236474884E-001                  4.1193902129486436E-003                  1.2067031330276049E-003                  1.1203876416666529E-002                  2.5129237964844936E-003                  9.5710644087274629E-004                  0.0000000000000000E+000                  0.0000000000000000E+000                  0.0000000000000000E+000                  0.0000000000000000E+000                  0.0000000000000000E+000                  0.0000000000000000E+000                  0.0000000000000000E+000                  0.0000000000000000E+000                  0.0000000000000000E+000                  0.0000000000000000E+000                 -8.2241424484954244E+000                 -9.8999999999999986E+001                  0.0000000000000000E+000                  0.0000000000000000E+000                 -9.8999999999999986E+001                 -9.8999999999999986E+001                  1.5536253504321412E+001                 -9.9000000000000000E+001                 -9.9000000000000000E+001                 -9.9000000000000000E+001 
                 8.1057755046050428E-001                  1.8002315201004709E+001                  6.9000167687392121E+001                  9.2466397908557427E+008                 -4.1128823856405674E+000                  4.9659324882481899E+000                  3.2634961054305340E+013                  2.5506138648091021E+001                  4.4305389052009398E+008                  1.5333931517306794E+000                  3.2656492096871337E-001                  6.3138290247321227E-001                  7.9029856834758283E-001                  8.5000496627254152E-001                  9.2447970609565341E+008                  1.8427298992080372E+005                  2.2796117518075054E+004                  3.2540424290592773E-001                  0.0000000000000000E+000                  3.0626257028259759E+004                  2.7393355425677264E+003                  1.1493489903114993E-023                  1.1493489903114993E-023                  0.0000000000000000E+000                  0.0000000000000000E+000                  4.5981568470210823E-025                  0.0000000000000000E+000                 -1.8057556987393057E+003                  6.9999999999999996E-001                  2.9797635251138614E-005                  2.7997020236474884E-001                  4.1193902129486445E-003                  1.2067031330276047E-003                  1.1203876416666529E-002                  2.5129237964844936E-003                  9.5710644087274629E-004                  0.0000000000000000E+000                  0.0000000000000000E+000                  0.0000000000000000E+000                  0.0000000000000000E+000                  0.0000000000000000E+000                  0.0000000000000000E+000                  0.0000000000000000E+000                  0.0000000000000000E+000                  0.0000000000000000E+000                  0.0000000000000000E+000                 -8.2158857273115373E+000                 -9.8999999999999986E+001                  0.0000000000000000E+000                  0.0000000000000000E+000                 -9.8999999999999986E+001                 -9.8999999999999986E+001                  1.5550079035524309E+001                 -9.9000000000000000E+001                 -9.9000000000000000E+001                 -9.9000000000000000E+001 
                 8.0568585702274487E-001                  1.7909931831393116E+001                  7.3573807129263372E+001                  9.5935947876500571E+008                 -4.1024671672378039E+000                  4.9711799401428278E+000                  3.2924445323482637E+013                  2.5503864810767123E+001                  4.3858577615659553E+008                  1.5384403869006296E+000                  3.2918700655053956E-001                  6.3091950774410632E-001                  7.9210841738816029E-001                  8.5000496627254152E-001                  9.5916608098251915E+008                  1.9339778248660502E+005                  2.3765312890804817E+004                  3.2800633290409881E-001                  0.0000000000000000E+000                  3.1230311756025225E+004                  2.6921286737541841E+003                  1.1774723658654911E-023                  1.1774723658654911E-023                  0.0000000000000000E+000                  0.0000000000000000E+000                  4.7106689754929008E-025                  0.0000000000000000E+000                 -1.5813877810682441E+003                  6.9999999999999996E-001                  2.9797635251138614E-005                  2.7997020236474890E-001                  4.1193902129486445E-003                  1.2067031330276047E-003                  1.1203876416666529E-002                  2.5129237964844932E-003                  9.5710644087274640E-004                  0.0000000000000000E+000                  0.0000000000000000E+000                  0.0000000000000000E+000                  0.0000000000000000E+000                  0.0000000000000000E+000                  0.0000000000000000E+000                  0.0000000000000000E+000                  0.0000000000000000E+000                  0.0000000000000000E+000                  0.0000000000000000E+000                 -8.2076873746390877E+000                 -9.8999999999999986E+001                  0.0000000000000000E+000                  0.0000000000000000E+000                 -9.8999999999999986E+001                 -9.8999999999999986E+001                  1.5562286621251950E+001                 -9.9000000000000000E+001                 -9.9000000000000000E+001                 -9.9000000000000000E+001 
                 8.0068407882720394E-001                  1.7816747346256424E+001                  7.7669303129608522E+001                  9.9535687478991163E+008                 -4.0920867894854034E+000                  4.9764696787446763E+000                  3.3216754361389020E+013                  2.5501706099804640E+001                  4.3410883098467708E+008                  1.5435578697946706E+000                  3.3184500067308687E-001                  6.3046924017041561E-001                  7.9378380807683158E-001                  8.5000496627254152E-001                  9.9515382130638039E+008                  2.0305348353128764E+005                  2.4518316405521902E+004                  3.3064954323963419E-001                  0.0000000000000000E+000                  3.1738902059529490E+004                  2.6450227965126692E+003                  1.2061890175084014E-023                  1.2061890175084014E-023                  0.0000000000000000E+000                  0.0000000000000000E+000                  4.8255546016505384E-025                  0.0000000000000000E+000                 -1.3868350404277019E+003                  6.9999999999999996E-001                  2.9797635251138611E-005                  2.7997020236474884E-001                  4.1193902129486445E-003                  1.2067031330276049E-003                  1.1203876416666529E-002                  2.5129237964844936E-003                  9.5710644087274629E-004                  0.0000000000000000E+000                  0.0000000000000000E+000                  0.0000000000000000E+000                  0.0000000000000000E+000                  0.0000000000000000E+000                  0.0000000000000000E+000                  0.0000000000000000E+000                  0.0000000000000000E+000                  0.0000000000000000E+000                  0.0000000000000000E+000                 -8.1998888285982723E+000                 -9.8999999999999986E+001                  0.0000000000000000E+000                  0.0000000000000000E+000                 -9.8999999999999986E+001                 -9.8999999999999986E+001                  1.5573075543753225E+001                 -9.9000000000000000E+001                 -9.9000000000000000E+001                 -9.9000000000000000E+001 
                 7.9557031510748211E-001                  1.7722744216711341E+001                  8.1341358001136086E+001                  1.0327050333167627E+009                 -4.0817415615137316E+000                  4.9818021667598407E+000                  3.3512021264037738E+013                  2.5500443047756125E+001                  4.2965095127130812E+008                  1.5487239868660698E+000                  3.3452597864445544E-001                  6.3003895984775604E-001                  7.9505743875004187E-001                  8.5000496627254185E-001                  1.0324917580977576E+009                  2.1327521900507910E+005                  2.5081758607424577E+004                  3.3332156644184918E-001                  0.0000000000000000E+000                  3.2171197989192930E+004                  2.5979603036665758E+003                  1.2355079583442956E-023                  1.2355079583442957E-023                  0.0000000000000000E+000                  0.0000000000000000E+000                  4.9428497839049253E-025                  0.0000000000000000E+000                 -1.2454681521948592E+003                  7.0000000000000007E-001                  2.9797635251138614E-005                  2.7997020236474890E-001                  4.1193902129486445E-003                  1.2067031330276047E-003                  1.1203876416666529E-002                  2.5129237964844936E-003                  9.5710644087274640E-004                  0.0000000000000000E+000                  0.0000000000000000E+000                  0.0000000000000000E+000                  0.0000000000000000E+000                  0.0000000000000000E+000                  0.0000000000000000E+000                  0.0000000000000000E+000                  0.0000000000000000E+000                  0.0000000000000000E+000                  0.0000000000000000E+000                 -8.1928424444655477E+000                 -9.8999999999999986E+001                  0.0000000000000000E+000                  0.0000000000000000E+000                 -9.8999999999999986E+001                 -9.8999999999999986E+001                  1.5582773436256121E+001                 -9.9000000000000000E+001                 -9.9000000000000000E+001                 -9.9000000000000000E+001 
                 7.9034266120212249E-001                  1.7627904363434272E+001                  8.4712547400372642E+001                  1.0714546555910140E+009                 -4.0714315443677682E+000                  4.9871776545827835E+000                  3.3810324519133469E+013                  2.5500443293861810E+001                  4.2523870546107692E+008                  1.5539138407688342E+000                  3.3721591445819488E-001                  6.2963249138802513E-001                  7.9583602450746171E-001                  8.5000496627254152E-001                  1.0712305553374741E+009                  2.2410025353997134E+005                  2.5503252928302361E+004                  3.3600913000436344E-001                  0.0000000000000000E+000                  3.2550317042880881E+004                  2.5511773563303195E+003                  1.2654389411183870E-023                  1.2654389411183868E-023                  0.0000000000000000E+000                  0.0000000000000000E+000                  5.0625935397225183E-025                  0.0000000000000000E+000                 -1.1685061021916208E+003                  6.9999999999999996E-001                  2.9797635251138621E-005                  2.7997020236474884E-001                  4.1193902129486436E-003                  1.2067031330276047E-003                  1.1203876416666529E-002                  2.5129237964844936E-003                  9.5710644087274629E-004                  0.0000000000000000E+000                  0.0000000000000000E+000                  0.0000000000000000E+000                  0.0000000000000000E+000                  0.0000000000000000E+000                  0.0000000000000000E+000                  0.0000000000000000E+000                  0.0000000000000000E+000                  0.0000000000000000E+000                  0.0000000000000000E+000                 -8.1866723866589339E+000                 -9.8999999999999986E+001                  0.0000000000000000E+000                  0.0000000000000000E+000                 -9.8999999999999986E+001                 -9.8999999999999986E+001                  1.5591734053288739E+001                 -9.9000000000000000E+001                 -9.9000000000000000E+001                 -9.9000000000000000E+001 
                 7.8499921060225286E-001                  1.7532209190538101E+001                  8.7945478743852433E+001                  1.1116583467658064E+009                 -4.0611564759066212E+000                  4.9925961610147880E+000                  3.4111647601360824E+013                  2.5501406782346457E+001                  4.2089571746696663E+008                  1.5590980215506791E+000                  3.3989942403404139E-001                  6.2924824559693637E-001                  7.9631401566239379E-001                  8.5000496627254152E-001                  1.1114227787230275E+009                  2.3556804277903176E+005                  2.5840416695333843E+004                  3.3869775627113657E-001                  0.0000000000000000E+000                  3.2900115771274293E+004                  2.5049341200445087E+003                  1.2959927672149604E-023                  1.2959927672149604E-023                  0.0000000000000000E+000                  0.0000000000000000E+000                  5.1848290818217474E-025                  0.0000000000000000E+000                 -1.1719443059300856E+003                  6.9999999999999996E-001                  2.9797635251138618E-005                  2.7997020236474884E-001                  4.1193902129486454E-003                  1.2067031330276047E-003                  1.1203876416666531E-002                  2.5129237964844936E-003                  9.5710644087274640E-004                  0.0000000000000000E+000                  0.0000000000000000E+000                  0.0000000000000000E+000                  0.0000000000000000E+000                  0.0000000000000000E+000                  0.0000000000000000E+000                  0.0000000000000000E+000                  0.0000000000000000E+000                  0.0000000000000000E+000                  0.0000000000000000E+000                 -8.1811285414370758E+000                 -9.8999999999999986E+001                  0.0000000000000000E+000                  0.0000000000000000E+000                 -9.8999999999999986E+001                 -9.8999999999999986E+001                  1.5600299543902185E+001                 -9.9000000000000000E+001                 -9.9000000000000000E+001                 -9.9000000000000000E+001 
                 7.7953805707990775E-001                  1.7435639636874917E+001                  9.1259345612685394E+001                  1.1533706872736025E+009                 -4.0509158056671994E+000                  4.9980574546860916E+000                  3.4415949312405609E+013                  2.5502982116988470E+001                  4.1664670761437953E+008                  1.5642450701731949E+000                  3.4256008148857919E-001                  6.2888369546527700E-001                  7.9671354545223194E-001                  8.5000496627254185E-001                  1.1531229670015471E+009                  2.4772027205534687E+005                  2.6162810169674231E+004                  3.4137180739711193E-001                  0.0000000000000000E+000                  3.3246722767467763E+004                  2.4594778142471555E+003                  1.3271812948205000E-023                  1.3271812948205000E-023                  0.0000000000000000E+000                  0.0000000000000000E+000                  5.3096038508310442E-025                  0.0000000000000000E+000                 -1.3010211080077809E+003                  7.0000000000000007E-001                  2.9797635251138618E-005                  2.7997020236474890E-001                  4.1193902129486445E-003                  1.2067031330276049E-003                  1.1203876416666531E-002                  2.5129237964844936E-003                  9.5710644087274640E-004                  0.0000000000000000E+000                  0.0000000000000000E+000                  0.0000000000000000E+000                  0.0000000000000000E+000                  0.0000000000000000E+000                  0.0000000000000000E+000                  0.0000000000000000E+000                  0.0000000000000000E+000                  0.0000000000000000E+000                  0.0000000000000000E+000                 -8.1759245919813068E+000                 -9.8999999999999986E+001                  0.0000000000000000E+000                  0.0000000000000000E+000                 -9.8999999999999986E+001                 -9.8999999999999986E+001                  1.5608825218604144E+001                 -9.9000000000000000E+001                 -9.9000000000000000E+001                 -9.9000000000000000E+001 
                 7.7395729688167803E-001                  1.7338176220917973E+001                  9.5018770417629227E+001                  1.1966483069123983E+009                 -4.0407086882484231E+000                  5.0035610441796567E+000                  3.4723179002859504E+013                  2.5504840960137543E+001                  4.1251690745670837E+008                  1.5693226979790875E+000                  3.4518100972228583E-001                  6.2853564214680580E-001                  7.9724451490860537E-001                  8.5000496627254185E-001                  1.1963877060153806E+009                  2.6060089701780511E+005                  2.6574559861166861E+004                  3.4401503078080908E-001                  0.0000000000000000E+000                  3.3629061239194845E+004                  2.4150158741023129E+003                  1.3590175697270997E-023                  1.3590175697270997E-023                  0.0000000000000000E+000                  0.0000000000000000E+000                  5.4369700385892412E-025                  0.0000000000000000E+000                 -1.6489714097767126E+003                  7.0000000000000007E-001                  2.9797635251138614E-005                  2.7997020236474890E-001                  4.1193902129486445E-003                  1.2067031330276047E-003                  1.1203876416666529E-002                  2.5129237964844936E-003                  9.5710644087274629E-004                  0.0000000000000000E+000                  0.0000000000000000E+000                  0.0000000000000000E+000                  0.0000000000000000E+000                  0.0000000000000000E+000                  0.0000000000000000E+000                  0.0000000000000000E+000                  0.0000000000000000E+000                  0.0000000000000000E+000                  0.0000000000000000E+000                 -8.1707883319322061E+000                 -9.8999999999999986E+001                  0.0000000000000000E+000                  0.0000000000000000E+000                 -9.8999999999999986E+001                 -9.8999999999999986E+001                  1.5617816401477763E+001                 -9.9000000000000000E+001                 -9.9000000000000000E+001                 -9.9000000000000000E+001 
                 7.6825503098864456E-001                  1.7239799088363061E+001                  9.9887372589550168E+001                  1.2415499617925472E+009                 -4.0305340574725541E+000                  5.0091062267569635E+000                  3.5033391835197176E+013                  2.5506716750266850E+001                  4.0852112576268315E+008                  1.5743086157063191E+000                  3.4775138231165048E-001                  6.2820117924856544E-001                  7.9797065465477757E-001                  8.5000496627254152E-001                  1.2412757054774251E+009                  2.7425631512223929E+005                  2.7250010316075164E+004                  3.4661421766177758E-001                  0.0000000000000000E+000                  3.4117337669341628E+004                  2.3714772358769924E+003                  1.3915157048305570E-023                  1.3915157048305570E-023                  0.0000000000000000E+000                  0.0000000000000000E+000                  5.5669841060582552E-025                  0.0000000000000000E+000                 -2.3339694493037860E+003                  6.9999999999999996E-001                  2.9797635251138614E-005                  2.7997020236474884E-001                  4.1193902129486445E-003                  1.2067031330276049E-003                  1.1203876416666529E-002                  2.5129237964844936E-003                  9.5710644087274629E-004                  0.0000000000000000E+000                  0.0000000000000000E+000                  0.0000000000000000E+000                  0.0000000000000000E+000                  0.0000000000000000E+000                  0.0000000000000000E+000                  0.0000000000000000E+000                  0.0000000000000000E+000                  0.0000000000000000E+000                  0.0000000000000000E+000                 -8.1656282513988572E+000                 -9.8999999999999986E+001                  0.0000000000000000E+000                  0.0000000000000000E+000                 -9.8999999999999986E+001                 -9.8999999999999986E+001                  1.5628152921882942E+001                 -9.9000000000000000E+001                 -9.9000000000000000E+001                 -9.9000000000000000E+001 
                 7.6242936741021450E-001                  1.7140488043605494E+001                  1.0692756075217282E+002                  1.2881366143362336E+009                 -4.0203907116260575E+000                  5.0146921745273891E+000                  3.5346728248577375E+013                  2.5508333834640034E+001                  4.0466702691818106E+008                  1.5791869306258057E+000                  3.5026441452246065E-001                  6.2787825495873528E-001                  7.9886966444157659E-001                  8.5000496627254152E-001                  1.2878478786739895E+009                  2.8873566224412649E+005                  2.8449613791877735E+004                  3.4916154628018309E-001                  0.0000000000000000E+000                  3.4823452594163478E+004                  2.3286201577346487E+003                  1.4246906957795854E-023                  1.4246906957795851E-023                  0.0000000000000000E+000                  0.0000000000000000E+000                  5.6997060457979410E-025                  0.0000000000000000E+000                 -3.3823073028369859E+003                  6.9999999999999996E-001                  2.9797635251138621E-005                  2.7997020236474890E-001                  4.1193902129486454E-003                  1.2067031330276049E-003                  1.1203876416666529E-002                  2.5129237964844941E-003                  9.5710644087274651E-004                  0.0000000000000000E+000                  0.0000000000000000E+000                  0.0000000000000000E+000                  0.0000000000000000E+000                  0.0000000000000000E+000                  0.0000000000000000E+000                  0.0000000000000000E+000                  0.0000000000000000E+000                  0.0000000000000000E+000                  0.0000000000000000E+000                 -8.1604572190187952E+000                 -9.8999999999999986E+001                  0.0000000000000000E+000                  0.0000000000000000E+000                 -9.8999999999999986E+001                 -9.8999999999999986E+001                  1.5641176286217574E+001                 -9.9000000000000000E+001                 -9.9000000000000000E+001                 -9.9000000000000000E+001 
                 7.5647842355083961E-001                  1.7040222562217227E+001                  1.1734935787936078E+002                  1.3364715162909329E+009                 -4.0102773235695635E+000                  5.0203179620116911E+000                  3.5663340097181023E+013                  2.5509347947663198E+001                  4.0096283150760627E+008                  1.5839402657720112E+000                  3.5271272892560740E-001                  6.2756553039090779E-001                  7.9993964177502297E-001                  8.5000496627254152E-001                  1.3361674252833579E+009                  3.0409100757509976E+005                  3.0443509085801852E+004                  3.5165091750146293E-001                  0.0000000000000000E+000                  3.5866434436844916E+004                  2.2862195062679143E+003                  1.4585584566091204E-023                  1.4585584566091204E-023                  0.0000000000000000E+000                  0.0000000000000000E+000                  5.8351995245230444E-025                  0.0000000000000000E+000                 -4.5000128227072610E+003                  6.9999999999999996E-001                  2.9797635251138618E-005                  2.7997020236474884E-001                  4.1193902129486454E-003                  1.2067031330276049E-003                  1.1203876416666531E-002                  2.5129237964844936E-003                  9.5710644087274651E-004                  0.0000000000000000E+000                  0.0000000000000000E+000                  0.0000000000000000E+000                  0.0000000000000000E+000                  0.0000000000000000E+000                  0.0000000000000000E+000                  0.0000000000000000E+000                  0.0000000000000000E+000                  0.0000000000000000E+000                  0.0000000000000000E+000                 -8.1552589076888413E+000                 -9.8999999999999986E+001                  0.0000000000000000E+000                  0.0000000000000000E+000                 -9.8999999999999986E+001                 -9.8999999999999986E+001                  1.5658169480822405E+001                 -9.9000000000000000E+001                 -9.9000000000000000E+001                 -9.9000000000000000E+001 
                 7.5040032869230455E-001                  1.6938981801466898E+001                  1.3151136874672159E+002                  1.3866202947409317E+009                 -4.0001926565421906E+000                  5.0259825443091088E+000                  3.5983373387002781E+013                  2.5509492314630624E+001                  3.9741592028384948E+008                  1.5885517264104814E+000                  3.5508890371097479E-001                  6.2726249986690674E-001                  8.0116950970225376E-001                  8.5000496627254152E-001                  1.3862999173156941E+009                  3.2037742523776059E+005                  3.3255846509546645E+004                  3.5407486613523476E-001                  0.0000000000000000E+000                  3.7264724068806900E+004                  2.2440745858096802E+003                  1.4931351408903279E-023                  1.4931351408903279E-023                  0.0000000000000000E+000                  0.0000000000000000E+000                  5.9735291672536395E-025                  0.0000000000000000E+000                 -4.8056185709748306E+003                  6.9999999999999996E-001                  2.9797635251138618E-005                  2.7997020236474890E-001                  4.1193902129486454E-003                  1.2067031330276049E-003                  1.1203876416666531E-002                  2.5129237964844936E-003                  9.5710644087274651E-004                  0.0000000000000000E+000                  0.0000000000000000E+000                  0.0000000000000000E+000                  0.0000000000000000E+000                  0.0000000000000000E+000                  0.0000000000000000E+000                  0.0000000000000000E+000                  0.0000000000000000E+000                  0.0000000000000000E+000                  0.0000000000000000E+000                 -8.1500325516689802E+000                 -9.8999999999999986E+001                  0.0000000000000000E+000                  0.0000000000000000E+000                 -9.8999999999999986E+001                 -9.8999999999999986E+001                  1.5679005791675690E+001                 -9.9000000000000000E+001                 -9.9000000000000000E+001                 -9.9000000000000000E+001 
                 7.4419322658095099E-001                  1.6836744559794692E+001                  1.4695615440255733E+002                  1.4386510412590454E+009                 -3.9901361740325179E+000                  5.0316847309302020E+000                  3.6306936305770047E+013                  2.5508975872911829E+001                  3.9402846224635339E+008                  1.5930111669938136E+000                  3.5738750626779225E-001                  6.2696859338511524E-001                  8.0244408013311286E-001                  8.5000496627254152E-001                  1.4383133882275167E+009                  3.3765303152864875E+005                  3.6209068660269564E+004                  3.5642429297274331E-001                  0.0000000000000000E+000                  3.8792097179125391E+004                  2.2020246101050639E+003                  1.5284349606362401E-023                  1.5284349606362401E-023                  0.0000000000000000E+000                  0.0000000000000000E+000                  6.1147518314928110E-025                  0.0000000000000000E+000                 -2.5715197204956789E+003                  6.9999999999999996E-001                  2.9797635251138618E-005                  2.7997020236474884E-001                  4.1193902129486445E-003                  1.2067031330276047E-003                  1.1203876416666529E-002                  2.5129237964844932E-003                  9.5710644087274629E-004                  0.0000000000000000E+000                  0.0000000000000000E+000                  0.0000000000000000E+000                  0.0000000000000000E+000                  0.0000000000000000E+000                  0.0000000000000000E+000                  0.0000000000000000E+000                  0.0000000000000000E+000                  0.0000000000000000E+000                  0.0000000000000000E+000                 -8.1449346897151713E+000                 -9.8999999999999986E+001                  0.0000000000000000E+000                  0.0000000000000000E+000                 -9.8999999999999986E+001                 -9.8999999999999986E+001                  1.5700727630173386E+001                 -9.9000000000000000E+001                 -9.9000000000000000E+001                 -9.9000000000000000E+001 
                 7.3785527826742392E-001                  1.6733489089648231E+001                  1.5539498464708240E+002                  1.4926344051693549E+009                 -3.9801074054663088E+000                  5.0374231348835892E+000                  3.6634131062533289E+013                  2.5508128310908198E+001                  3.9080077836849964E+008                  1.5973105029322650E+000                  3.5960385697809855E-001                  6.2668239797495673E-001                  8.0361597281890007E-001                  8.5000496627254152E-001                  1.4922784262592211E+009                  3.5597891013375466E+005                  3.7291017962199010E+004                  3.5868691179096707E-001                  0.0000000000000000E+000                  3.9830224337698179E+004                  2.1599684197792199E+003                  1.5644722193090334E-023                  1.5644722193090334E-023                  0.0000000000000000E+000                  0.0000000000000000E+000                  6.2589247406025171E-025                  0.0000000000000000E+000                  5.0973225902281711E+003                  6.9999999999999996E-001                  2.9797635251138618E-005                  2.7997020236474890E-001                  4.1193902129486454E-003                  1.2067031330276045E-003                  1.1203876416666531E-002                  2.5129237964844936E-003                  9.5710644087274640E-004                  0.0000000000000000E+000                  0.0000000000000000E+000                  0.0000000000000000E+000                  0.0000000000000000E+000                  0.0000000000000000E+000                  0.0000000000000000E+000                  0.0000000000000000E+000                  0.0000000000000000E+000                  0.0000000000000000E+000                  0.0000000000000000E+000                 -8.1401716358947755E+000                 -9.8999999999999986E+001                  0.0000000000000000E+000                  0.0000000000000000E+000                 -9.8999999999999986E+001                 -9.8999999999999986E+001                  1.5716524029017934E+001                 -9.9000000000000000E+001                 -9.9000000000000000E+001                 -9.9000000000000000E+001 
                 7.3138466531580371E-001                  1.6629193055076339E+001                  1.3831721149781154E+002                  1.5486436895697508E+009                 -3.9701056080833710E+000                  5.0431960488872667E+000                  3.6965052079363492E+013                  2.5507260533460052E+001                  3.8773244954283881E+008                  1.6014421788414963E+000                  3.6173361588303915E-001                  6.2640174770420709E-001                  8.0454308928977769E-001                  8.5000496627254174E-001                  1.5482682708493400E+009                  3.7541872041073162E+005                  3.2313222259388931E+004                  3.6084270129569473E-001                  0.0000000000000000E+000                  3.8921572015658181E+004                  2.1178311358564852E+003                  1.6012625515954451E-023                  1.6012625515954451E-023                  0.0000000000000000E+000                  0.0000000000000000E+000                  6.4061104437266885E-025                  0.0000000000000000E+000                  2.1557812098592578E+004                  7.0000000000000007E-001                  2.9797635251138618E-005                  2.7997020236474884E-001                  4.1193902129486445E-003                  1.2067031330276045E-003                  1.1203876416666529E-002                  2.5129237964844941E-003                  9.5710644087274629E-004                  0.0000000000000000E+000                  0.0000000000000000E+000                  0.0000000000000000E+000                  0.0000000000000000E+000                  0.0000000000000000E+000                  0.0000000000000000E+000                  0.0000000000000000E+000                  0.0000000000000000E+000                  0.0000000000000000E+000                  0.0000000000000000E+000                 -8.1359442528325427E+000                 -9.8999999999999986E+001                  0.0000000000000000E+000                  0.0000000000000000E+000                 -9.8999999999999986E+001                 -9.8999999999999986E+001                  1.5710879453298672E+001                 -9.9000000000000000E+001                 -9.9000000000000000E+001                 -9.9000000000000000E+001 
                 7.2477959326731978E-001                  1.6523833570045564E+001                  6.4590317204801565E+001                  1.5920042318690860E+009                 -3.9626140318165950E+000                  5.0475350240288952E+000                  3.7214960385888977E+013                  2.5506538908418584E+001                  3.8554315714127076E+008                  1.6044166600008309E+000                  3.6326679917721705E-001                  6.2619669478916673E-001                  8.0506447419492055E-001                  8.5000496627254152E-001                  1.5916135063060496E+009                  3.9072556303653232E+005                  1.4682785351408325E+004                  3.6286021516792111E-001                  0.0000000000000000E+000                  1.4160926892877530E+000                  2.0863602268909312E+003                  1.6293874808003839E-023                  1.6293874808003842E-023                  0.0000000000000000E+000                  0.0000000000000000E+000                  6.5186287940507940E-025                  0.0000000000000000E+000                  3.7197436393178636E+004                  6.9999999999999996E-001                  2.9797635251138621E-005                  2.7997020236474890E-001                  4.1193902129486454E-003                  1.2067031330276047E-003                  1.1203876416666531E-002                  2.5129237964844941E-003                  9.5710644087274651E-004                  0.0000000000000000E+000                  0.0000000000000000E+000                  0.0000000000000000E+000                  0.0000000000000000E+000                  0.0000000000000000E+000                  0.0000000000000000E+000                  0.0000000000000000E+000                  0.0000000000000000E+000                  0.0000000000000000E+000                  0.0000000000000000E+000                 -8.1330771899149656E+000                 -9.8999999999999986E+001                  0.0000000000000000E+000                  0.0000000000000000E+000                 -9.8999999999999986E+001                 -9.8999999999999986E+001                  1.1276192105227111E+001                 -9.9000000000000000E+001                 -9.9000000000000000E+001                 -9.9000000000000000E+001 
                 7.2142608175968981E-001                  1.6470749223657471E+001                  1.6223058165299490E-003                  1.6366231834102006E+009                 -3.9551483450246741E+000                  5.0519140889972016E+000                  3.7468400791524594E+013                  2.5505988975554168E+001                  3.8342798337457275E+008                  1.6073094617173773E+000                  3.6475874596934649E-001                  6.2599733728292717E-001                  8.0548654246843099E-001                  8.5000496627254152E-001                  1.6362163767209597E+009                  4.0680668924091273E+005                  3.6371503156879081E-001                  3.6371503156879081E-001                  0.0000000000000000E+000                  1.6061041005375990E-003                  2.0543916897793792E+003                  1.6579088461988171E-023                  1.6579088461988171E-023                  0.0000000000000000E+000                  0.0000000000000000E+000                  6.6327331521925180E-025                  0.0000000000000000E+000                 -3.6318604723956916E+004                  6.9999999999999996E-001                  2.9797635251138621E-005                  2.7997020236474884E-001                  4.1193902129486445E-003                  1.2067031330276045E-003                  1.1203876416666529E-002                  2.5129237964844936E-003                  9.5710644087274651E-004                  0.0000000000000000E+000                  0.0000000000000000E+000                  0.0000000000000000E+000                  0.0000000000000000E+000                  0.0000000000000000E+000                  0.0000000000000000E+000                  0.0000000000000000E+000                  0.0000000000000000E+000                  0.0000000000000000E+000                  0.0000000000000000E+000                 -8.1305422961930791E+000                 -9.8999999999999986E+001                  0.0000000000000000E+000                  0.0000000000000000E+000                 -9.8999999999999986E+001                 -9.8999999999999986E+001                 -9.9000000000000000E+001                 -9.9000000000000000E+001                  8.3331065243226057E+000                 -9.9000000000000000E+001 
                 7.1461601780094186E-001                  1.6363751270558698E+001                  1.2806473238385033E+002                  1.6824501601051466E+009                 -3.9476848311402648E+000                  5.0562894920827803E+000                  3.7722712779706859E+013                  2.5505224589722314E+001                  3.8141317601029468E+008                  1.6100833230612048E+000                  3.6619012301415110E-001                  6.2580969716306645E-001                  8.0583270342016633E-001                  8.5000496627254152E-001                  1.6820266247222800E+009                  4.2353538286665879E+005                  2.7916436686636320E+004                  3.6587756825462753E-001                  0.0000000000000000E+000                  4.6374563546835940E+004                  2.0227066985273243E+003                  1.6869231969810062E-023                  1.6869231969810062E-023                  0.0000000000000000E+000                  0.0000000000000000E+000                  6.7488097788990893E-025                  0.0000000000000000E+000                  7.1545598840124221E+004                  6.9999999999999996E-001                  2.9797635251138618E-005                  2.7997020236474884E-001                  4.1193902129486445E-003                  1.2067031330276045E-003                  1.1203876416666529E-002                  2.5129237964844936E-003                  9.5710644087274640E-004                  0.0000000000000000E+000                  0.0000000000000000E+000                  0.0000000000000000E+000                  0.0000000000000000E+000                  0.0000000000000000E+000                  0.0000000000000000E+000                  0.0000000000000000E+000                  0.0000000000000000E+000                  0.0000000000000000E+000                  0.0000000000000000E+000                 -8.1280865808437248E+000                 -9.8999999999999986E+001                  0.0000000000000000E+000                  0.0000000000000000E+000                 -9.8999999999999986E+001                 -9.8999999999999986E+001                  1.5798116985318876E+001                 -9.9000000000000000E+001                 -9.9000000000000000E+001                 -9.9000000000000000E+001 
                 7.1115903561768645E-001                  1.6309834200085888E+001                  1.7054516580338813E-003                  1.7296015492807682E+009                 -3.9402454919319920E+000                  5.0607020125231932E+000                  3.7980502656335930E+013                  2.5504598258312928E+001                  3.7947263621777481E+008                  1.6127691039308081E+000                  3.6757781697956082E-001                  6.2563497122890088E-001                  8.0613214450178761E-001                  8.5000496627254152E-001                  1.7291604465162413E+009                  4.4110276452674600E+005                  3.6651789754513125E-001                  3.6651789754513125E-001                  0.0000000000000000E+000                  5.7734723526897891E+004                  1.9906401934008038E+003                  1.7163511663239843E-023                  1.7163511663239843E-023                  0.0000000000000000E+000                  0.0000000000000000E+000                  6.8665411543129303E-025                  0.0000000000000000E+000                 -1.1191053556612426E+005                  6.9999999999999996E-001                  2.9797635251138618E-005                  2.7997020236474884E-001                  4.1193902129486454E-003                  1.2067031330276045E-003                  1.1203876416666531E-002                  2.5129237964844941E-003                  9.5710644087274640E-004                  0.0000000000000000E+000                  0.0000000000000000E+000                  0.0000000000000000E+000                  0.0000000000000000E+000                  0.0000000000000000E+000                  0.0000000000000000E+000                  0.0000000000000000E+000                  0.0000000000000000E+000                  0.0000000000000000E+000                  0.0000000000000000E+000                 -8.1258477170194148E+000                 -9.8999999999999986E+001                  0.0000000000000000E+000                  0.0000000000000000E+000                 -9.8999999999999986E+001                 -9.8999999999999986E+001                  1.5895544941836313E+001                 -9.9000000000000000E+001                 -9.9000000000000000E+001                 -9.9000000000000000E+001 
                 7.0414011355902761E-001                  1.6201143463214351E+001                  4.0671193165671934E+002                  1.7780353940031755E+009                 -3.9328090812621999E+000                  5.0651129252933647E+000                  3.8239418103982594E+013                  2.5503824380686016E+001                  3.7762706433030730E+008                  1.6153368463556561E+000                  3.6890615497443391E-001                  6.2547749020298438E-001                  8.0639396053911183E-001                  8.5000496627254152E-001                  1.7775760020002732E+009                  4.5939200290221302E+005                  8.4925883530880048E+004                  3.6881690913301574E-001                  0.0000000000000000E+000                  3.1941607817513753E+000                  1.9589014987749847E+003                  1.7462829679521164E-023                  1.7462829679521161E-023                  0.0000000000000000E+000                  0.0000000000000000E+000                  6.9862881931239075E-025                  0.0000000000000000E+000                  1.6105824582493014E+005                  6.9999999999999996E-001                  2.9797635251138618E-005                  2.7997020236474884E-001                  4.1193902129486445E-003                  1.2067031330276045E-003                  1.1203876416666531E-002                  2.5129237964844936E-003                  9.5710644087274629E-004                  0.0000000000000000E+000                  0.0000000000000000E+000                  0.0000000000000000E+000                  0.0000000000000000E+000                  0.0000000000000000E+000                  0.0000000000000000E+000                  0.0000000000000000E+000                  0.0000000000000000E+000                  0.0000000000000000E+000                  0.0000000000000000E+000                 -8.1236228642695263E+000                 -9.8999999999999986E+001                  0.0000000000000000E+000                  0.0000000000000000E+000                 -9.8999999999999986E+001                 -9.8999999999999986E+001                  1.1643046928085866E+001                 -9.9000000000000000E+001                 -9.9000000000000000E+001                 -9.9000000000000000E+001 
                 7.0057775808933809E-001                  1.6146365923407540E+001                  1.0963842931449601E+002                  1.8278628796828241E+009                 -3.9253978529365732E+000                  5.0695607786429262E+000                  3.8501961766711570E+013                  2.5503249867754850E+001                  3.7585418605088598E+008                  1.6178140596473218E+000                  3.7018985298455565E-001                  6.2533277499823270E-001                  8.0665894036221986E-001                  8.5000496627254152E-001                  1.8273842773136513E+009                  4.7860236917273956E+005                  2.2562808151964349E+004                  3.6947808398559806E-001                  0.0000000000000000E+000                  2.2616043507867941E-002                  1.9268641489468037E+003                  1.7766351424711552E-023                  1.7766351424711552E-023                  0.0000000000000000E+000                  0.0000000000000000E+000                  7.1077170024763494E-025                  0.0000000000000000E+000                  1.3258884661285526E+003                  6.9999999999999996E-001                  2.9797635251138618E-005                  2.7997020236474884E-001                  4.1193902129486445E-003                  1.2067031330276047E-003                  1.1203876416666529E-002                  2.5129237964844936E-003                  9.5710644087274629E-004                  0.0000000000000000E+000                  0.0000000000000000E+000                  0.0000000000000000E+000                  0.0000000000000000E+000                  0.0000000000000000E+000                  0.0000000000000000E+000                  0.0000000000000000E+000                  0.0000000000000000E+000                  0.0000000000000000E+000                  0.0000000000000000E+000                 -8.1215591789418813E+000                 -9.8999999999999986E+001                  0.0000000000000000E+000                  0.0000000000000000E+000                 -9.8999999999999986E+001                 -9.8999999999999986E+001                 -9.9000000000000000E+001                 -9.9000000000000000E+001                  9.4954183187932042E+000                 -9.9000000000000000E+001 
                 6.9334623902990034E-001                  1.6035924989789670E+001                  1.0467387545957662E+002                  1.8790520544372025E+009                 -3.9179802410963567E+000                  5.0739998595939353E+000                  3.8765331192135797E+013                  2.5502501249457680E+001                  3.7417700566382259E+008                  1.6201687147281738E+000                  3.7141161087700658E-001                  6.2519942836995812E-001                  8.0695195615580395E-001                  8.5000496627254152E-001                  1.8785534786680329E+009                  4.9857576916967443E+005                  2.0918258809938627E+004                  3.7114194346210971E-001                  0.0000000000000000E+000                  3.6648031612743776E+004                  1.8953436396851155E+003                  1.8075441609805169E-023                  1.8075441609805169E-023                  0.0000000000000000E+000                  0.0000000000000000E+000                  7.2313735572149172E-025                  0.0000000000000000E+000                  2.5040916823663381E+004                  6.9999999999999996E-001                  2.9797635251138618E-005                  2.7997020236474884E-001                  4.1193902129486445E-003                  1.2067031330276047E-003                  1.1203876416666529E-002                  2.5129237964844936E-003                  9.5710644087274640E-004                  0.0000000000000000E+000                  0.0000000000000000E+000                  0.0000000000000000E+000                  0.0000000000000000E+000                  0.0000000000000000E+000                  0.0000000000000000E+000                  0.0000000000000000E+000                  0.0000000000000000E+000                  0.0000000000000000E+000                  0.0000000000000000E+000                 -8.1194104539753909E+000                 -9.8999999999999986E+001                  0.0000000000000000E+000                  0.0000000000000000E+000                 -9.8999999999999986E+001                 -9.8999999999999986E+001                  1.5709709001233550E+001                 -9.9000000000000000E+001                 -9.9000000000000000E+001                 -9.9000000000000000E+001 
                 6.8967667616253547E-001                  1.5980258567194072E+001                  5.7095648190704935E+001                  1.9317074575676193E+009                 -3.9105899151621188E+000                  5.0784764896731591E+000                  3.9032565176817805E+013                  2.5502012164738954E+001                  3.7257078954662699E+008                  1.6224316367197806E+000                  3.7258791019324211E-001                  6.2507134437929945E-001                  8.0731755605069422E-001                  8.5000496627254174E-001                  1.9311878951987402E+009                  5.1956236887907260E+005                  1.1242707462681374E+004                  3.7189370070071120E-001                  0.0000000000000000E+000                  2.2535918684899822E+004                  1.8635534708414600E+003                  1.8388767590397404E-023                  1.8388767590397404E-023                  0.0000000000000000E+000                  0.0000000000000000E+000                  7.3567247112970591E-025                  0.0000000000000000E+000                 -1.0129146455782713E+004                  7.0000000000000007E-001                  2.9797635251138621E-005                  2.7997020236474884E-001                  4.1193902129486462E-003                  1.2067031330276049E-003                  1.1203876416666533E-002                  2.5129237964844941E-003                  9.5710644087274629E-004                  0.0000000000000000E+000                  0.0000000000000000E+000                  0.0000000000000000E+000                  0.0000000000000000E+000                  0.0000000000000000E+000                  0.0000000000000000E+000                  0.0000000000000000E+000                  0.0000000000000000E+000                  0.0000000000000000E+000                  0.0000000000000000E+000                 -8.1173713006414623E+000                 -9.8999999999999986E+001                  0.0000000000000000E+000                  0.0000000000000000E+000                 -9.8999999999999986E+001                 -9.8999999999999986E+001                  1.5500881177166729E+001                 -9.9000000000000000E+001                 -9.9000000000000000E+001                 -9.9000000000000000E+001 
                 6.8222896817860768E-001                  1.5868010886062484E+001                  9.6156273280240853E+001                  1.9858088820824738E+009                 -3.9031912515600418E+000                  5.0829436477011427E+000                  3.9300766215318477E+013                  2.5501402610606672E+001                  3.7105688806882042E+008                  1.6245727186760464E+000                  3.7370226869294265E-001                  6.2494633028319657E-001                  8.0776824400314950E-001                  8.5000496627254152E-001                  1.9852674969557855E+009                  5.4138512668822648E+005                  1.8378584103618181E+004                  3.7345799252017420E-001                  0.0000000000000000E+000                  3.7050776028342596E+004                  1.8322770905399527E+003                  1.8707913370512176E-023                  1.8707913370512176E-023                  0.0000000000000000E+000                  0.0000000000000000E+000                  7.4844041713157390E-025                  0.0000000000000000E+000                  2.6266746815420214E+004                  6.9999999999999996E-001                  2.9797635251138618E-005                  2.7997020236474884E-001                  4.1193902129486454E-003                  1.2067031330276045E-003                  1.1203876416666531E-002                  2.5129237964844936E-003                  9.5710644087274618E-004                  0.0000000000000000E+000                  0.0000000000000000E+000                  0.0000000000000000E+000                  0.0000000000000000E+000                  0.0000000000000000E+000                  0.0000000000000000E+000                  0.0000000000000000E+000                  0.0000000000000000E+000                  0.0000000000000000E+000                  0.0000000000000000E+000                 -8.1151892568442339E+000                 -9.8999999999999986E+001                  0.0000000000000000E+000                  0.0000000000000000E+000                 -9.8999999999999986E+001                 -9.8999999999999986E+001                  1.5721535819141105E+001                 -9.9000000000000000E+001                 -9.9000000000000000E+001                 -9.9000000000000000E+001 
                 6.7845044247207054E-001                  1.5811426507674163E+001                  4.4767012856693455E+001                  2.0414526131050854E+009                 -3.8958205307206399E+000                  5.0874469250972068E+000                  3.9572967245533461E+013                  2.5501144192395145E+001                  3.6961045846581882E+008                  1.6266231529040101E+000                  3.7477145014670665E-001                  6.2482113953637997E-001                  8.0828266930443249E-001                  8.5000496627254152E-001                  2.0408883009174910E+009                  5.6431218759439013E+005                  8.4290476743438703E+003                  3.7413319494127517E-001                  0.0000000000000000E+000                  1.7036296947848165E+004                  1.8007143216509398E+003                  1.9031387585716928E-023                  1.9031387585716925E-023                  0.0000000000000000E+000                  0.0000000000000000E+000                  7.6138152926971720E-025                  0.0000000000000000E+000                 -2.1637788746586361E+004                  6.9999999999999996E-001                  2.9797635251138614E-005                  2.7997020236474890E-001                  4.1193902129486454E-003                  1.2067031330276045E-003                  1.1203876416666531E-002                  2.5129237964844936E-003                  9.5710644087274629E-004                  0.0000000000000000E+000                  0.0000000000000000E+000                  0.0000000000000000E+000                  0.0000000000000000E+000                  0.0000000000000000E+000                  0.0000000000000000E+000                  0.0000000000000000E+000                  0.0000000000000000E+000                  0.0000000000000000E+000                  0.0000000000000000E+000                 -8.1131289651027583E+000                 -9.8999999999999986E+001                  0.0000000000000000E+000                  0.0000000000000000E+000                 -9.8999999999999986E+001                 -9.8999999999999986E+001                  1.5386499154257285E+001                 -9.9000000000000000E+001                 -9.9000000000000000E+001                 -9.9000000000000000E+001 
                 6.7078312206168089E-001                  1.5697312621934667E+001                  1.3066840202438786E+002                  2.0986321559946537E+009                 -3.8884399697399696E+000                  5.0919400903496106E+000                  3.9846284567179914E+013                  2.5500844310669418E+001                  3.6824653404544246E+008                  1.6285615717961375E+000                  3.7578378645813093E-001                  6.2469844374066752E-001                  8.0879892627345584E-001                  8.5000496627254174E-001                  2.0980440005916598E+009                  5.8815540299383609E+005                  2.3870566732254145E+004                  3.7559990496043694E-001                  0.0000000000000000E+000                  3.9033510673878700E+004                  1.7696261067912008E+003                  1.9360924979587507E-023                  1.9360924979587507E-023                  0.0000000000000000E+000                  0.0000000000000000E+000                  7.7456520878504218E-025                  0.0000000000000000E+000                  2.4856105694359703E+003                  7.0000000000000007E-001                  2.9797635251138618E-005                  2.7997020236474884E-001                  4.1193902129486454E-003                  1.2067031330276047E-003                  1.1203876416666531E-002                  2.5129237964844941E-003                  9.5710644087274640E-004                  0.0000000000000000E+000                  0.0000000000000000E+000                  0.0000000000000000E+000                  0.0000000000000000E+000                  0.0000000000000000E+000                  0.0000000000000000E+000                  0.0000000000000000E+000                  0.0000000000000000E+000                  0.0000000000000000E+000                  0.0000000000000000E+000                 -8.1110141870230557E+000                 -9.8999999999999986E+001                  0.0000000000000000E+000                  0.0000000000000000E+000                 -9.8999999999999986E+001                 -9.8999999999999986E+001                  1.5751371033081989E+001                 -9.9000000000000000E+001                 -9.9000000000000000E+001                 -9.9000000000000000E+001 
                 6.6689396816302948E-001                  1.5639779821757076E+001                  1.2566308125930236E+002                  2.1574337100956879E+009                 -3.8810886095982267E+000                  5.0964686049701617E+000                  4.0123763477846719E+013                  2.5500913126938826E+001                  3.6694058160992491E+008                  1.6304189812360963E+000                  3.7675630500176294E-001                  6.2457756552034538E-001                  8.0929808942191572E-001                  8.5000496627254152E-001                  2.1568205044432926E+009                  6.1320565239505027E+005                  2.2609217370828261E+004                  3.7625647752647784E-001                  0.0000000000000000E+000                  3.0773624248717751E+004                  1.7382474233511450E+003                  1.9694858219546894E-023                  1.9694858219546894E-023                  0.0000000000000000E+000                  0.0000000000000000E+000                  7.8792475132797391E-025                  0.0000000000000000E+000                 -4.3773072993075773E+004                  6.9999999999999996E-001                  2.9797635251138618E-005                  2.7997020236474890E-001                  4.1193902129486445E-003                  1.2067031330276045E-003                  1.1203876416666529E-002                  2.5129237964844941E-003                  9.5710644087274629E-004                  0.0000000000000000E+000                  0.0000000000000000E+000                  0.0000000000000000E+000                  0.0000000000000000E+000                  0.0000000000000000E+000                  0.0000000000000000E+000                  0.0000000000000000E+000                  0.0000000000000000E+000                  0.0000000000000000E+000                  0.0000000000000000E+000                 -8.1091139927456215E+000                 -9.8999999999999986E+001                  0.0000000000000000E+000                  0.0000000000000000E+000                 -9.8999999999999986E+001                 -9.8999999999999986E+001                  1.5650536870966940E+001                 -9.9000000000000000E+001                 -9.9000000000000000E+001                 -9.9000000000000000E+001 
                 6.5900380452954488E-001                  1.5523737079125654E+001                  3.0449158582960604E+002                  2.2178667128505960E+009                 -3.8737253290214202E+000                  5.1009865495202922E+000                  4.0402488569339570E+013                  2.5500825729094220E+001                  3.6570560803823757E+008                  1.6321768570411661E+000                  3.7767911822391342E-001                  6.2446166787952884E-001                  8.0977310547781323E-001                  8.5000496627254152E-001                  2.2172274522659745E+009                  6.3926058462143573E+005                  5.3128053354978256E+004                  3.7763787821655209E-001                  0.0000000000000000E+000                  5.1891051603704953E+004                  1.7073435171866079E+003                  2.0035134829346351E-023                  2.0035134829346351E-023                  0.0000000000000000E+000                  0.0000000000000000E+000                  8.0153807075722660E-025                  0.0000000000000000E+000                  1.5811472499001820E+003                  6.9999999999999996E-001                  2.9797635251138618E-005                  2.7997020236474884E-001                  4.1193902129486445E-003                  1.2067031330276047E-003                  1.1203876416666529E-002                  2.5129237964844941E-003                  9.5710644087274640E-004                  0.0000000000000000E+000                  0.0000000000000000E+000                  0.0000000000000000E+000                  0.0000000000000000E+000                  0.0000000000000000E+000                  0.0000000000000000E+000                  0.0000000000000000E+000                  0.0000000000000000E+000                  0.0000000000000000E+000                  0.0000000000000000E+000                 -8.1071865718874765E+000                 -9.8999999999999986E+001                  0.0000000000000000E+000                  0.0000000000000000E+000                 -9.8999999999999986E+001                 -9.8999999999999986E+001                  1.5882340584022852E+001                 -9.9000000000000000E+001                 -9.9000000000000000E+001                 -9.9000000000000000E+001 
                 6.5500245991452832E-001                  1.5465223718350346E+001                  3.0121575118295448E+002                  2.2590983826155906E+009                 -3.8688277206650512E+000                  5.1040123672448319E+000                  4.0590330422701906E+013                  2.5500825640507891E+001                  3.6491181626277590E+008                  1.6333060389793987E+000                  3.7827376124077827E-001                  6.2438698743093068E-001                  8.1008808258667009E-001                  8.5000496627254152E-001                  2.2584410560287232E+009                  6.5732658686742862E+005                  5.1750752228374222E+004                  3.7824031457357415E-001                  0.0000000000000000E+000                  5.0908338559022377E+004                  1.6866808298346609E+003                  2.0264731605521137E-023                  2.0264731605521137E-023                  0.0000000000000000E+000                  0.0000000000000000E+000                  8.1072346339018201E-025                  0.0000000000000000E+000                  2.5094389558247603E+004                  6.9999999999999996E-001                  2.9797635251138618E-005                  2.7997020236474884E-001                  4.1193902129486445E-003                  1.2067031330276047E-003                  1.1203876416666529E-002                  2.5129237964844936E-003                  9.5710644087274640E-004                  0.0000000000000000E+000                  0.0000000000000000E+000                  0.0000000000000000E+000                  0.0000000000000000E+000                  0.0000000000000000E+000                  0.0000000000000000E+000                  0.0000000000000000E+000                  0.0000000000000000E+000                  0.0000000000000000E+000                  0.0000000000000000E+000                 -8.1059831649902669E+000                 -9.8999999999999986E+001                  0.0000000000000000E+000                  0.0000000000000000E+000                 -9.8999999999999986E+001                 -9.8999999999999986E+001                  1.5876494009339128E+001                 -9.9000000000000000E+001                 -9.9000000000000000E+001                 -9.9000000000000000E+001 
                 6.5096339084013155E-001                  1.5406376152929234E+001                  2.4873481008636844E+002                  2.3010967149514756E+009                 -3.8639329485892984E+000                  5.1070426107411739E+000                  4.0779382118684531E+013                  2.5500810475218017E+001                  3.6414378104712772E+008                  1.6343981412811399E+000                  3.7885034772083059E-001                  6.2431454334380065E-001                  8.1040424349411255E-001                  8.5000496627254152E-001                  2.3004207842507510E+009                  6.7593070072442770E+005                  4.2076176485015829E+004                  3.7879238447745761E-001                  0.0000000000000000E+000                  4.6208204398505535E+004                  1.6660731904382635E+003                  2.0496837171806318E-023                  2.0496837171806318E-023                  0.0000000000000000E+000                  0.0000000000000000E+000                  8.2000922427988037E-025                  0.0000000000000000E+000                  3.3569168095462490E+004                  6.9999999999999996E-001                  2.9797635251138618E-005                  2.7997020236474884E-001                  4.1193902129486445E-003                  1.2067031330276049E-003                  1.1203876416666529E-002                  2.5129237964844936E-003                  9.5710644087274640E-004                  0.0000000000000000E+000                  0.0000000000000000E+000                  0.0000000000000000E+000                  0.0000000000000000E+000                  0.0000000000000000E+000                  0.0000000000000000E+000                  0.0000000000000000E+000                  0.0000000000000000E+000                  0.0000000000000000E+000                  0.0000000000000000E+000                 -8.1048036458643065E+000                 -9.8999999999999986E+001                  0.0000000000000000E+000                  0.0000000000000000E+000                 -9.8999999999999986E+001                 -9.8999999999999986E+001                  1.5836902863312934E+001                 -9.9000000000000000E+001                 -9.9000000000000000E+001                 -9.9000000000000000E+001 
                 6.4688644111641203E-001                  1.5347190685639296E+001                  1.7787179399230300E+002                  2.3438759708580904E+009                 -3.8590408339198365E+000                  5.1100770219365321E+000                  4.0969651233285914E+013                  2.5500797234374854E+001                  3.6340132635311002E+008                  1.6354533664199276E+000                  3.7940891899636175E-001                  6.2424416368037206E-001                  8.1071934412442359E-001                  8.5000496627254152E-001                  2.3431808828158636E+009                  6.9508804222676379E+005                  2.9623778932508332E+004                  3.7931216432539638E-001                  0.0000000000000000E+000                  3.9675160756385769E+004                  1.6455155744843103E+003                  2.0731486150885671E-023                  2.0731486150885671E-023                  0.0000000000000000E+000                  0.0000000000000000E+000                  8.2939673856397768E-025                  0.0000000000000000E+000                  2.9130769589884490E+004                  6.9999999999999996E-001                  2.9797635251138618E-005                  2.7997020236474884E-001                  4.1193902129486445E-003                  1.2067031330276049E-003                  1.1203876416666529E-002                  2.5129237964844936E-003                  9.5710644087274640E-004                  0.0000000000000000E+000                  0.0000000000000000E+000                  0.0000000000000000E+000                  0.0000000000000000E+000                  0.0000000000000000E+000                  0.0000000000000000E+000                  0.0000000000000000E+000                  0.0000000000000000E+000                  0.0000000000000000E+000                  0.0000000000000000E+000                 -8.1036476071191306E+000                 -9.8999999999999986E+001                  0.0000000000000000E+000                  0.0000000000000000E+000                 -9.8999999999999986E+001                 -9.8999999999999986E+001                  1.5773194121941687E+001                 -9.9000000000000000E+001                 -9.9000000000000000E+001                 -9.9000000000000000E+001 
                 6.4277145938502345E-001                  1.5287663567110618E+001                  1.1580439187539170E+002                  2.3874506761653004E+009                 -3.8541513709767496E+000                  5.1131154654006234E+000                  4.1161154818906922E+013                  2.5500813452604284E+001                  3.6268419609218389E+008                  1.6364720074846755E+000                  3.7994952663533155E-001                  6.2417564775790080E-001                  8.1102719761479236E-001                  8.5000496627254152E-001                  2.3867358612742710E+009                  7.1481489102925977E+005                  1.8987320917004410E+004                  3.7981498991623391E-001                  0.0000000000000000E+000                  3.3220862408924557E+004                  1.6249994283597061E+003                  2.0968705365096550E-023                  2.0968705365096550E-023                  0.0000000000000000E+000                  0.0000000000000000E+000                  8.3888707931460074E-025                  0.0000000000000000E+000                  1.9189765922243972E+004                  6.9999999999999996E-001                  2.9797635251138618E-005                  2.7997020236474884E-001                  4.1193902129486445E-003                  1.2067031330276047E-003                  1.1203876416666529E-002                  2.5129237964844936E-003                  9.5710644087274640E-004                  0.0000000000000000E+000                  0.0000000000000000E+000                  0.0000000000000000E+000                  0.0000000000000000E+000                  0.0000000000000000E+000                  0.0000000000000000E+000                  0.0000000000000000E+000                  0.0000000000000000E+000                  0.0000000000000000E+000                  0.0000000000000000E+000                 -8.1025198235519760E+000                 -9.8999999999999986E+001                  0.0000000000000000E+000                  0.0000000000000000E+000                 -9.8999999999999986E+001                 -9.8999999999999986E+001                  1.5698591184023144E+001                 -9.9000000000000000E+001                 -9.9000000000000000E+001                 -9.9000000000000000E+001 
                 6.3861829932359460E-001                  1.5227790970305922E+001                  7.4538423161984724E+001                  2.4318356264247146E+009                 -3.8492646736756395E+000                  5.1161578868876658E+000                  4.1353915850718820E+013                  2.5500896287700051E+001                  3.6199207787679636E+008                  1.6374544129523327E+000                  3.8047220718968877E-001                  6.2410877222646910E-001                  8.1131825648017664E-001                  8.5000496627254174E-001                  2.4311004978959737E+009                  7.3512852874111419E+005                  1.2030760517770655E+004                  3.8031101506825987E-001                  0.0000000000000000E+000                  2.8365240591561607E+004                  1.6045136552883291E+003                  2.1208516009400046E-023                  2.1208516009400046E-023                  0.0000000000000000E+000                  0.0000000000000000E+000                  8.4848109447154966E-025                  0.0000000000000000E+000                  1.0318507410335822E+004                  7.0000000000000007E-001                  2.9797635251138618E-005                  2.7997020236474884E-001                  4.1193902129486445E-003                  1.2067031330276047E-003                  1.1203876416666529E-002                  2.5129237964844936E-003                  9.5710644087274651E-004                  0.0000000000000000E+000                  0.0000000000000000E+000                  0.0000000000000000E+000                  0.0000000000000000E+000                  0.0000000000000000E+000                  0.0000000000000000E+000                  0.0000000000000000E+000                  0.0000000000000000E+000                  0.0000000000000000E+000                  0.0000000000000000E+000                 -8.1014293555703851E+000                 -9.8999999999999986E+001                  0.0000000000000000E+000                  0.0000000000000000E+000                 -9.8999999999999986E+001                 -9.8999999999999986E+001                  1.5632485209032291E+001                 -9.9000000000000000E+001                 -9.9000000000000000E+001                 -9.9000000000000000E+001 
                 6.3442681986218019E-001                  1.5167568971594505E+001                  5.2144616665703019E+001                  2.4770458920349865E+009                 -3.8443808973174369E+000                  5.1192042515885934E+000                  4.1547958015045945E+013                  2.5501090939039710E+001                  3.6132463170424354E+008                  1.6384009446079209E+000                  3.8097695242791657E-001                  6.2404329764506627E-001                  8.1158052323756014E-001                  8.5000496627254152E-001                  2.4762898451369061E+009                  7.5604689808034000E+005                  8.2844170189443248E+003                  3.8080267354633440E-001                  0.0000000000000000E+000                  2.5528315487223274E+004                  1.5840458900556628E+003                  2.1450937219548114E-023                  2.1450937219548114E-023                  0.0000000000000000E+000                  0.0000000000000000E+000                  8.5817954959263175E-025                  0.0000000000000000E+000                  4.8990937209213653E+003                  6.9999999999999996E-001                  2.9797635251138618E-005                  2.7997020236474884E-001                  4.1193902129486445E-003                  1.2067031330276047E-003                  1.1203876416666529E-002                  2.5129237964844936E-003                  9.5710644087274640E-004                  0.0000000000000000E+000                  0.0000000000000000E+000                  0.0000000000000000E+000                  0.0000000000000000E+000                  0.0000000000000000E+000                  0.0000000000000000E+000                  0.0000000000000000E+000                  0.0000000000000000E+000                  0.0000000000000000E+000                  0.0000000000000000E+000                 -8.1003882195377379E+000                 -9.8999999999999986E+001                  0.0000000000000000E+000                  0.0000000000000000E+000                 -9.8999999999999986E+001                 -9.8999999999999986E+001                  1.5589253412186247E+001                 -9.9000000000000000E+001                 -9.9000000000000000E+001                 -9.9000000000000000E+001 
                 6.3019688541067242E-001                  1.5106993542125496E+001                  4.1414780679129301E+001                  2.5230968235184011E+009                 -3.8395001609697679E+000                  5.1222544982934792E+000                  4.1743300600837352E+013                  2.5501443229773216E+001                  3.6068148716742563E+008                  1.6393119766873434E+000                  3.8146372276552737E-001                  6.2397900045311172E-001                  8.1180219295843192E-001                  8.5000496627254174E-001                  2.5223192352087693E+009                  7.7758830963201309E+005                  6.4760300082939193E+003                  3.8128666742113954E-001                  0.0000000000000000E+000                  2.4121687991397092E+004                  1.5635835203253830E+003                  2.1695989868229882E-023                  2.1695989868229879E-023                  0.0000000000000000E+000                  0.0000000000000000E+000                  8.6798327972467099E-025                  0.0000000000000000E+000                  2.2646395040076995E+003                  7.0000000000000007E-001                  2.9797635251138614E-005                  2.7997020236474884E-001                  4.1193902129486445E-003                  1.2067031330276047E-003                  1.1203876416666531E-002                  2.5129237964844936E-003                  9.5710644087274629E-004                  0.0000000000000000E+000                  0.0000000000000000E+000                  0.0000000000000000E+000                  0.0000000000000000E+000                  0.0000000000000000E+000                  0.0000000000000000E+000                  0.0000000000000000E+000                  0.0000000000000000E+000                  0.0000000000000000E+000                  0.0000000000000000E+000                 -8.0994084177218948E+000                 -9.8999999999999986E+001                  0.0000000000000000E+000                  0.0000000000000000E+000                 -9.8999999999999986E+001                 -9.8999999999999986E+001                  1.5567185953131210E+001                 -9.9000000000000000E+001                 -9.9000000000000000E+001                 -9.9000000000000000E+001 
                 6.2592836609539826E-001                  1.5046060549834140E+001                  3.6409596903462379E+001                  2.5700040569002957E+009                 -3.8346223876199197E+000                  5.1253085304609218E+000                  4.1939950342822180E+013                  2.5501950771426497E+001                  3.6006207027128625E+008                  1.6401881278381185E+000                  3.8193274739551031E-001                  6.2391592008991503E-001                  8.1198575185267330E-001                  8.5000496627254152E-001                  2.5692042855338387E+009                  7.9977136645700561E+005                  5.6030924997774928E+003                  3.8175858134090263E-001                  0.0000000000000000E+000                  2.3420269925038661E+004                  1.5431144995384059E+003                  2.1943704826862419E-023                  2.1943704826862419E-023                  0.0000000000000000E+000                  0.0000000000000000E+000                  8.7789351992990184E-025                  0.0000000000000000E+000                  1.1394726907014590E+003                  6.9999999999999996E-001                  2.9797635251138618E-005                  2.7997020236474884E-001                  4.1193902129486445E-003                  1.2067031330276049E-003                  1.1203876416666529E-002                  2.5129237964844936E-003                  9.5710644087274618E-004                  0.0000000000000000E+000                  0.0000000000000000E+000                  0.0000000000000000E+000                  0.0000000000000000E+000                  0.0000000000000000E+000                  0.0000000000000000E+000                  0.0000000000000000E+000                  0.0000000000000000E+000                  0.0000000000000000E+000                  0.0000000000000000E+000                 -8.0984870234846404E+000                 -9.8999999999999986E+001                  0.0000000000000000E+000                  0.0000000000000000E+000                 -9.8999999999999986E+001                 -9.8999999999999986E+001                  1.5556931941436556E+001                 -9.9000000000000000E+001                 -9.9000000000000000E+001                 -9.9000000000000000E+001 
                 6.2162113799366747E-001                  1.4984765784033488E+001                  3.3868358024263230E+001                  2.6177835190427961E+009                 -3.8297473699096276E+000                  5.1283662293952821E+000                  4.2137909109506094E+013                  2.5502585538693626E+001                  3.5946569698872221E+008                  1.6410301773437082E+000                  3.8238445513862124E-001                  6.2385423236633986E-001                  8.1214065511977984E-001                  8.5000496627254152E-001                  2.6169609039997420E+009                  8.2261504305421934E+005                  5.1288410302978737E+003                  3.8221564659485197E-001                  0.0000000000000000E+000                  2.3006883591128109E+004                  1.5226363754434144E+003                  2.2194120138796890E-023                  2.2194120138796887E-023                  0.0000000000000000E+000                  0.0000000000000000E+000                  8.8791179219548326E-025                  0.0000000000000000E+000                  6.8562840556626963E+002                  6.9999999999999996E-001                  2.9797635251138618E-005                  2.7997020236474884E-001                  4.1193902129486436E-003                  1.2067031330276049E-003                  1.1203876416666529E-002                  2.5129237964844936E-003                  9.5710644087274629E-004                  0.0000000000000000E+000                  0.0000000000000000E+000                  0.0000000000000000E+000                  0.0000000000000000E+000                  0.0000000000000000E+000                  0.0000000000000000E+000                  0.0000000000000000E+000                  0.0000000000000000E+000                  0.0000000000000000E+000                  0.0000000000000000E+000                 -8.0976140784826907E+000                 -9.8999999999999986E+001                  0.0000000000000000E+000                  0.0000000000000000E+000                 -9.8999999999999986E+001                 -9.8999999999999986E+001                  1.5551774553363074E+001                 -9.9000000000000000E+001                 -9.9000000000000000E+001                 -9.9000000000000000E+001 
                 6.1727508335208514E-001                  1.4923104971236917E+001                  3.2325493892640473E+001                  2.6664514330416603E+009                 -3.8248748684858316E+000                  5.1314274676709193E+000                  4.2337181271698844E+013                  2.5503321313599617E+001                  3.5889167315484655E+008                  1.6418389522168355E+000                  3.8281934021325265E-001                  6.2379410150629822E-001                  8.1227498229873862E-001                  8.5000496627254152E-001                  2.6656052942611475E+009                  8.4613878051259741E+005                  4.8166019732835548E+003                  3.8265677294134492E-001                  0.0000000000000000E+000                  2.2706003782476899E+004                  1.5021745480792101E+003                  2.2447276273418012E-023                  2.2447276273418012E-023                  0.0000000000000000E+000                  0.0000000000000000E+000                  8.9803971556602660E-025                  0.0000000000000000E+000                  5.0566965247600052E+002                  6.9999999999999996E-001                  2.9797635251138618E-005                  2.7997020236474884E-001                  4.1193902129486445E-003                  1.2067031330276047E-003                  1.1203876416666529E-002                  2.5129237964844936E-003                  9.5710644087274640E-004                  0.0000000000000000E+000                  0.0000000000000000E+000                  0.0000000000000000E+000                  0.0000000000000000E+000                  0.0000000000000000E+000                  0.0000000000000000E+000                  0.0000000000000000E+000                  0.0000000000000000E+000                  0.0000000000000000E+000                  0.0000000000000000E+000                 -8.0967815416942326E+000                 -9.8999999999999986E+001                  0.0000000000000000E+000                  0.0000000000000000E+000                 -9.8999999999999986E+001                 -9.8999999999999986E+001                  1.5548649176280898E+001                 -9.9000000000000000E+001                 -9.9000000000000000E+001                 -9.9000000000000000E+001 
                 6.1289009079770229E-001                  1.4861073777288411E+001                  3.1177394600790446E+001                  2.7160243237480135E+009                 -3.8200046316852045E+000                  5.1344921167305264E+000                  4.2537775562773914E+013                  2.5504134056782522E+001                  3.5833929043865579E+008                  1.6426153373179193E+000                  3.8323797048231301E-001                  6.2373567402363350E-001                  8.1239505194924178E-001                  8.5000496627254152E-001                  2.7151539611968904E+009                  8.7036255112292327E+005                  4.5705750167497608E+003                  3.8308181968931992E-001                  0.0000000000000000E+000                  2.2449275007011103E+004                  1.4817601493939583E+003                  2.2703215197431206E-023                  2.2703215197431203E-023                  0.0000000000000000E+000                  0.0000000000000000E+000                  9.0827896898892591E-025                  0.0000000000000000E+000                  4.3863797951787956E+002                  6.9999999999999996E-001                  2.9797635251138618E-005                  2.7997020236474884E-001                  4.1193902129486445E-003                  1.2067031330276047E-003                  1.1203876416666527E-002                  2.5129237964844941E-003                  9.5710644087274640E-004                  0.0000000000000000E+000                  0.0000000000000000E+000                  0.0000000000000000E+000                  0.0000000000000000E+000                  0.0000000000000000E+000                  0.0000000000000000E+000                  0.0000000000000000E+000                  0.0000000000000000E+000                  0.0000000000000000E+000                  0.0000000000000000E+000                 -8.0959837510145469E+000                 -9.8999999999999986E+001                  0.0000000000000000E+000                  0.0000000000000000E+000                 -9.8999999999999986E+001                 -9.8999999999999986E+001                  1.5546317567274990E+001                 -9.9000000000000000E+001                 -9.9000000000000000E+001                 -9.9000000000000000E+001 
                 6.0846605555095756E-001                  1.4798667806674501E+001                  3.0172620321762128E+001                  2.7665190233863807E+009                 -3.8151364098284528E+000                  5.1375600505813814E+000                  4.2739706459461625E+013                  2.5505002011356755E+001                  3.5780782298529005E+008                  1.6433602825028768E+000                  3.8364099326800383E-001                  6.2367907416950541E-001                  8.1250512406298281E-001                  8.5000496627254152E-001                  2.7656237164857073E+009                  8.9530690067339002E+005                  4.3516435783147635E+003                  3.8349110811350440E-001                  0.0000000000000000E+000                  2.2205888815297712E+004                  1.4614245623628556E+003                  2.2961979666334219E-023                  2.2961979666334219E-023                  0.0000000000000000E+000                  0.0000000000000000E+000                  9.1863126296852854E-025                  0.0000000000000000E+000                  4.2258863542600903E+002                  6.9999999999999996E-001                  2.9797635251138618E-005                  2.7997020236474884E-001                  4.1193902129486454E-003                  1.2067031330276047E-003                  1.1203876416666527E-002                  2.5129237964844936E-003                  9.5710644087274629E-004                  0.0000000000000000E+000                  0.0000000000000000E+000                  0.0000000000000000E+000                  0.0000000000000000E+000                  0.0000000000000000E+000                  0.0000000000000000E+000                  0.0000000000000000E+000                  0.0000000000000000E+000                  0.0000000000000000E+000                  0.0000000000000000E+000                 -8.0952177437289237E+000                 -9.8999999999999986E+001                  0.0000000000000000E+000                  0.0000000000000000E+000                 -9.8999999999999986E+001                 -9.8999999999999986E+001                  1.5544205321791200E+001                 -9.9000000000000000E+001                 -9.9000000000000000E+001                 -9.9000000000000000E+001 
                 6.0400287964294341E-001                  1.4735882599708663E+001                  2.9196045515898149E+001                  2.8179526772715349E+009                 -3.8102699671279794E+000                  5.1406311476640569E+000                  4.2942995224869914E+013                  2.5505905748598057E+001                  3.5729652481462884E+008                  1.6440748068969560E+000                  3.8402913724130544E-001                  6.2362439921329371E-001                  8.1260712608985586E-001                  8.5000496627254152E-001                  2.8170316842909393E+009                  9.2099298059573479E+005                  4.1424453555890632E+003                  3.8388519324873749E-001                  0.0000000000000000E+000                  2.1957772436075069E+004                  1.4411989568711228E+003                  2.3223612594101206E-023                  2.3223612594101209E-023                  0.0000000000000000E+000                  0.0000000000000000E+000                  9.2909831434932152E-025                  0.0000000000000000E+000                  4.3059365012170650E+002                  6.9999999999999996E-001                  2.9797635251138618E-005                  2.7997020236474884E-001                  4.1193902129486445E-003                  1.2067031330276047E-003                  1.1203876416666529E-002                  2.5129237964844936E-003                  9.5710644087274618E-004                  0.0000000000000000E+000                  0.0000000000000000E+000                  0.0000000000000000E+000                  0.0000000000000000E+000                  0.0000000000000000E+000                  0.0000000000000000E+000                  0.0000000000000000E+000                  0.0000000000000000E+000                  0.0000000000000000E+000                  0.0000000000000000E+000                 -8.0944835071702492E+000                 -9.8999999999999986E+001                  0.0000000000000000E+000                  0.0000000000000000E+000                 -9.8999999999999986E+001                 -9.8999999999999986E+001                  1.5541962583092294E+001                 -9.9000000000000000E+001                 -9.9000000000000000E+001                 -9.9000000000000000E+001 
                 5.9950047213891466E-001                  1.4672713627865004E+001                  2.8192224880854678E+001                  2.8703427496153550E+009                 -3.8054051490523171E+000                  5.1437052917456416E+000                  4.3147668634473500E+013                  2.5506813994689971E+001                  3.5680460146755850E+008                  1.6447600967380784E+000                  3.8440313656303526E-001                  6.2357164704021495E-001                  8.1270200215858279E-001                  8.5000496627254174E-001                  2.8693953070405374E+009                  9.4744257481751672E+005                  3.9350246861131272E+003                  3.8426474161071178E-001                  0.0000000000000000E+000                  2.1693485874420276E+004                  1.4211136825757840E+003                  2.3488153346049343E-023                  2.3488153346049343E-023                  0.0000000000000000E+000                  0.0000000000000000E+000                  9.3968169800602169E-025                  0.0000000000000000E+000                  4.4603512034756250E+002                  7.0000000000000007E-001                  2.9797635251138621E-005                  2.7997020236474884E-001                  4.1193902129486445E-003                  1.2067031330276047E-003                  1.1203876416666529E-002                  2.5129237964844936E-003                  9.5710644087274629E-004                  0.0000000000000000E+000                  0.0000000000000000E+000                  0.0000000000000000E+000                  0.0000000000000000E+000                  0.0000000000000000E+000                  0.0000000000000000E+000                  0.0000000000000000E+000                  0.0000000000000000E+000                  0.0000000000000000E+000                  0.0000000000000000E+000                 -8.0937811407653726E+000                 -9.8999999999999986E+001                  0.0000000000000000E+000                  0.0000000000000000E+000                 -9.8999999999999986E+001                 -9.8999999999999986E+001                  1.5539356168288407E+001                 -9.9000000000000000E+001                 -9.9000000000000000E+001                 -9.9000000000000000E+001 
                 5.9495874937255133E-001                  1.4609156279084136E+001                  2.7143326596595998E+001                  2.9237070294563632E+009                 -3.8005419597702996E+000                  5.1467823717141776E+000                  4.3353750973134281E+013                  2.5507664337072725E+001                  3.5633118669711626E+008                  1.6454175844337471E+000                  3.8476358205076566E-001                  6.2352066607897094E-001                  8.1279331551085598E-001                  8.5000496627254152E-001                  2.9227323513375616E+009                  9.7467811880177411E+005                  3.7270847539632573E+003                  3.8463039425776613E-001                  0.0000000000000000E+000                  2.1408267564998681E+004                  1.4011976747680726E+003                  2.3755633220124185E-023                  2.3755633220124188E-023                  0.0000000000000000E+000                  0.0000000000000000E+000                  9.5038266606503618E-025                  0.0000000000000000E+000                  4.5550505126163944E+002                  6.9999999999999996E-001                  2.9797635251138625E-005                  2.7997020236474890E-001                  4.1193902129486454E-003                  1.2067031330276047E-003                  1.1203876416666531E-002                  2.5129237964844936E-003                  9.5710644087274640E-004                  0.0000000000000000E+000                  0.0000000000000000E+000                  0.0000000000000000E+000                  0.0000000000000000E+000                  0.0000000000000000E+000                  0.0000000000000000E+000                  0.0000000000000000E+000                  0.0000000000000000E+000                  0.0000000000000000E+000                  0.0000000000000000E+000                 -8.0931048898666518E+000                 -9.8999999999999986E+001                  0.0000000000000000E+000                  0.0000000000000000E+000                 -9.8999999999999986E+001                 -9.8999999999999986E+001                  1.5536276531310072E+001                 -9.9000000000000000E+001                 -9.9000000000000000E+001                 -9.9000000000000000E+001 
                 5.9037763520632269E-001                  1.4545205831303987E+001                  2.6062868294940273E+001                  2.9780636367940345E+009                 -3.7956804514274007E+000                  5.1498622810326928E+000                  4.3561260486505711E+013                  2.5508389088598584E+001                  3.5587540475487715E+008                  1.6460487155229846E+000                  3.8511099748435995E-001                  6.2347132646179193E-001                  8.1288591220554507E-001                  8.5000496627254152E-001                  2.9770609140780721E+009                  1.0027227159621767E+006                  3.5207009262180695E+003                  3.8498272321419025E-001                  0.0000000000000000E+000                  2.1105094524886321E+004                  1.3814784354274805E+003                  2.4026081153432807E-023                  2.4026081153432807E-023                  0.0000000000000000E+000                  0.0000000000000000E+000                  9.6120237620360890E-025                  0.0000000000000000E+000                  4.4826346981555457E+002                  6.9999999999999996E-001                  2.9797635251138618E-005                  2.7997020236474884E-001                  4.1193902129486445E-003                  1.2067031330276047E-003                  1.1203876416666529E-002                  2.5129237964844932E-003                  9.5710644087274629E-004                  0.0000000000000000E+000                  0.0000000000000000E+000                  0.0000000000000000E+000                  0.0000000000000000E+000                  0.0000000000000000E+000                  0.0000000000000000E+000                  0.0000000000000000E+000                  0.0000000000000000E+000                  0.0000000000000000E+000                  0.0000000000000000E+000                 -8.0924466525071956E+000                 -9.8999999999999986E+001                  0.0000000000000000E+000                  0.0000000000000000E+000                 -9.8999999999999986E+001                 -9.8999999999999986E+001                  1.5532766546305655E+001                 -9.9000000000000000E+001                 -9.9000000000000000E+001                 -9.9000000000000000E+001 
                 5.8575706132157179E-001                  1.4480857441703705E+001                  2.4990428388691033E+001                  3.0334310287714138E+009                 -3.7908207006582035E+000                  5.1529449175273667E+000                  4.3770208683849992E+013                  2.5508920957018745E+001                  3.5543637980439270E+008                  1.6466549117009845E+000                  3.8544585818731003E-001                  6.2342354325743754E-001                  8.1298497402859105E-001                  8.5000496627254152E-001                  3.0323994286141782E+009                  1.0316001572357960E+006                  3.3212603094417850E+003                  3.8532227375237582E-001                  0.0000000000000000E+000                  2.0794893354876483E+004                  1.3619753666178831E+003                  2.4299524900962017E-023                  2.4299524900962017E-023                  0.0000000000000000E+000                  0.0000000000000000E+000                  9.7214193880636573E-025                  0.0000000000000000E+000                  4.1791975149373127E+002                  6.9999999999999996E-001                  2.9797635251138614E-005                  2.7997020236474884E-001                  4.1193902129486445E-003                  1.2067031330276047E-003                  1.1203876416666529E-002                  2.5129237964844936E-003                  9.5710644087274618E-004                  0.0000000000000000E+000                  0.0000000000000000E+000                  0.0000000000000000E+000                  0.0000000000000000E+000                  0.0000000000000000E+000                  0.0000000000000000E+000                  0.0000000000000000E+000                  0.0000000000000000E+000                  0.0000000000000000E+000                  0.0000000000000000E+000                 -8.0917975086518545E+000                 -9.8999999999999986E+001                  0.0000000000000000E+000                  0.0000000000000000E+000                 -9.8999999999999986E+001                 -9.8999999999999986E+001                  1.5529036674956016E+001                 -9.9000000000000000E+001                 -9.9000000000000000E+001                 -9.9000000000000000E+001 
                 5.8109696752690188E-001                  1.4416106139144325E+001                  2.3982032065974245E+001                  3.0898280059568563E+009                 -3.7859628013742008E+000                  5.1560301831844333E+000                  4.3980599887933594E+013                  2.5509194595074213E+001                  3.5501323651849043E+008                  1.6472375677212796E+000                  3.8576859583722523E-001                  6.2337727611986538E-001                  8.1309540456550700E-001                  8.5000496627254152E-001                  3.0887666710156336E+009                  1.0613349412226137E+006                  3.1358997510813574E+003                  3.8564956598356187E-001                  0.0000000000000000E+000                  2.0495023197667109E+004                  1.3426769908854826E+003                  2.4575991368881652E-023                  2.4575991368881652E-023                  0.0000000000000000E+000                  0.0000000000000000E+000                  9.8320243029965297E-025                  0.0000000000000000E+000                  3.6442280128952115E+002                  6.9999999999999996E-001                  2.9797635251138614E-005                  2.7997020236474884E-001                  4.1193902129486445E-003                  1.2067031330276047E-003                  1.1203876416666529E-002                  2.5129237964844941E-003                  9.5710644087274618E-004                  0.0000000000000000E+000                  0.0000000000000000E+000                  0.0000000000000000E+000                  0.0000000000000000E+000                  0.0000000000000000E+000                  0.0000000000000000E+000                  0.0000000000000000E+000                  0.0000000000000000E+000                  0.0000000000000000E+000                  0.0000000000000000E+000                 -8.0911485840660333E+000                 -9.8999999999999986E+001                  0.0000000000000000E+000                  0.0000000000000000E+000                 -9.8999999999999986E+001                 -9.8999999999999986E+001                  1.5525446090922751E+001                 -9.9000000000000000E+001                 -9.9000000000000000E+001                 -9.9000000000000000E+001 
                 5.7639730208113438E-001                  1.4350946817440279E+001                  2.3095251465975775E+001                  3.1472737187468014E+009                 -3.7811068571850801E+000                  5.1591179838599643E+000                  4.4192431106681938E+013                  2.5509147956258872E+001                  3.5460510055526531E+008                  1.6477980503899985E+000                  3.8607960615768766E-001                  6.2333252876783862E-001                  8.1322127816354783E-001                  8.5000496627254174E-001                  3.1461817664528546E+009                  1.0919522939466746E+006                  2.9714417803717251E+003                  3.8596508350292702E-001                  0.0000000000000000E+000                  2.0225424079345503E+004                  1.3235624933632528E+003                  2.4855506994697635E-023                  2.4855506994697635E-023                  0.0000000000000000E+000                  0.0000000000000000E+000                  9.9438490836018080E-025                  0.0000000000000000E+000                  2.9501540363427239E+002                  7.0000000000000007E-001                  2.9797635251138614E-005                  2.7997020236474884E-001                  4.1193902129486445E-003                  1.2067031330276047E-003                  1.1203876416666529E-002                  2.5129237964844936E-003                  9.5710644087274629E-004                  0.0000000000000000E+000                  0.0000000000000000E+000                  0.0000000000000000E+000                  0.0000000000000000E+000                  0.0000000000000000E+000                  0.0000000000000000E+000                  0.0000000000000000E+000                  0.0000000000000000E+000                  0.0000000000000000E+000                  0.0000000000000000E+000                 -8.0904918811000819E+000                 -9.8999999999999986E+001                  0.0000000000000000E+000                  0.0000000000000000E+000                 -9.8999999999999986E+001                 -9.8999999999999986E+001                  1.5522430473433440E+001                 -9.9000000000000000E+001                 -9.9000000000000000E+001                 -9.9000000000000000E+001 
                 5.7165802203007787E-001                  1.4285374229534785E+001                  2.2371314483381465E+001                  3.2057876738981547E+009                 -3.7762529570585608E+000                  5.1622082288421511E+000                  4.4405694039771977E+013                  2.5508735303071660E+001                  3.5421115071930027E+008                  1.6483376130979361E+000                  3.8637924805209656E-001                  6.2328933134829489E-001                  8.1336456203782470E-001                  8.5000496627254152E-001                  3.2046641957107158E+009                  1.1234781874388892E+006                  2.8321781668873832E+003                  3.8626925501931103E-001                  0.0000000000000000E+000                  2.0002634450487611E+004                  1.3046108720880704E+003                  2.5138099136935834E-023                  2.5138099136935834E-023                  0.0000000000000000E+000                  0.0000000000000000E+000                  1.0056904675115900E-024                  0.0000000000000000E+000                  2.2336277132910467E+002                  6.9999999999999996E-001                  2.9797635251138618E-005                  2.7997020236474884E-001                  4.1193902129486445E-003                  1.2067031330276047E-003                  1.1203876416666527E-002                  2.5129237964844936E-003                  9.5710644087274629E-004                  0.0000000000000000E+000                  0.0000000000000000E+000                  0.0000000000000000E+000                  0.0000000000000000E+000                  0.0000000000000000E+000                  0.0000000000000000E+000                  0.0000000000000000E+000                  0.0000000000000000E+000                  0.0000000000000000E+000                  0.0000000000000000E+000                 -8.0898222464651734E+000                 -9.8999999999999986E+001                  0.0000000000000000E+000                  0.0000000000000000E+000                 -9.8999999999999986E+001                 -9.8999999999999986E+001                  1.5520373158868658E+001                 -9.9000000000000000E+001                 -9.9000000000000000E+001                 -9.9000000000000000E+001 
                 5.6687909355562671E-001                  1.4219382985151773E+001                  2.1818620141867804E+001                  3.2653897412182384E+009                 -3.7714010161317382E+000                  5.1653008299218204E+000                  4.4620393961255273E+013                  2.5508029276970838E+001                  3.5383107487994599E+008                  1.6488566424149360E+000                  3.8666776361817540E-001                  6.2324757220620630E-001                  8.1351902224789119E-001                  8.5000496627254152E-001                  3.2642338018650851E+009                  1.1559393531530751E+006                  2.7180138580387988E+003                  3.8656239282682076E-001                  0.0000000000000000E+000                  1.9833110165865943E+004                  1.2858019450450229E+003                  2.5423805547109901E-023                  2.5423805547109901E-023                  0.0000000000000000E+000                  0.0000000000000000E+000                  1.0171206180659645E-024                  0.0000000000000000E+000                  1.6662648509052963E+002                  6.9999999999999996E-001                  2.9797635251138618E-005                  2.7997020236474884E-001                  4.1193902129486445E-003                  1.2067031330276047E-003                  1.1203876416666529E-002                  2.5129237964844936E-003                  9.5710644087274640E-004                  0.0000000000000000E+000                  0.0000000000000000E+000                  0.0000000000000000E+000                  0.0000000000000000E+000                  0.0000000000000000E+000                  0.0000000000000000E+000                  0.0000000000000000E+000                  0.0000000000000000E+000                  0.0000000000000000E+000                  0.0000000000000000E+000                 -8.0891468229281287E+000                 -9.8999999999999986E+001                  0.0000000000000000E+000                  0.0000000000000000E+000                 -9.8999999999999986E+001                 -9.8999999999999986E+001                  1.5519448290934314E+001                 -9.9000000000000000E+001                 -9.9000000000000000E+001                 -9.9000000000000000E+001 
                 5.6206049232588884E-001                  1.4152967572646062E+001                  2.1402892675367774E+001                  3.3261001602154789E+009                 -3.7665508221167019E+000                  5.1683957003552683E+000                  4.4836550197268102E+013                  2.5507160358209692E+001                  3.5346484720317668E+008                  1.6493550523339022E+000                  3.8694535944245823E-001                  6.2320701787365762E-001                  8.1367749439065573E-001                  8.5000496627254152E-001                  3.3249107969221606E+009                  1.1893632933184744E+006                  2.6235993147592735E+003                  3.8684468031897928E-001                  0.0000000000000000E+000                  1.9708428013133540E+004                  1.2671166961911872E+003                  2.5712672174917519E-023                  2.5712672174917522E-023                  0.0000000000000000E+000                  0.0000000000000000E+000                  1.0286771983171365E-024                  0.0000000000000000E+000                  1.4078852947702069E+002                  6.9999999999999996E-001                  2.9797635251138618E-005                  2.7997020236474884E-001                  4.1193902129486445E-003                  1.2067031330276047E-003                  1.1203876416666529E-002                  2.5129237964844936E-003                  9.5710644087274640E-004                  0.0000000000000000E+000                  0.0000000000000000E+000                  0.0000000000000000E+000                  0.0000000000000000E+000                  0.0000000000000000E+000                  0.0000000000000000E+000                  0.0000000000000000E+000                  0.0000000000000000E+000                  0.0000000000000000E+000                  0.0000000000000000E+000                 -8.0884753307390831E+000                 -9.8999999999999986E+001                  0.0000000000000000E+000                  0.0000000000000000E+000                 -9.8999999999999986E+001                 -9.8999999999999986E+001                  1.5519499621768716E+001                 -9.9000000000000000E+001                 -9.9000000000000000E+001                 -9.9000000000000000E+001 
                 5.5720220382349250E-001                  1.4086122374118938E+001                  2.1048736945741165E+001                  3.3879395468788414E+009                 -3.7617021248542590E+000                  5.1714927544267910E+000                  4.5054188356686289E+013                  2.5506247684018707E+001                  3.5311244277041531E+008                  1.6498327715921628E+000                  3.8721227013267451E-001                  6.2316739516946618E-001                  8.1383783010419586E-001                  8.5000496627254152E-001                  3.3867157685810218E+009                  1.2237782978196973E+006                  2.5389355681770562E+003                  3.8711624660794658E-001                  0.0000000000000000E+000                  1.9605039116650485E+004                  1.2485374671240031E+003                  2.6004748188560612E-023                  2.6004748188560609E-023                  0.0000000000000000E+000                  0.0000000000000000E+000                  1.0403621753204861E-024                  0.0000000000000000E+000                  1.5615891924713179E+002                  6.9999999999999996E-001                  2.9797635251138621E-005                  2.7997020236474884E-001                  4.1193902129486454E-003                  1.2067031330276047E-003                  1.1203876416666529E-002                  2.5129237964844936E-003                  9.5710644087274629E-004                  0.0000000000000000E+000                  0.0000000000000000E+000                  0.0000000000000000E+000                  0.0000000000000000E+000                  0.0000000000000000E+000                  0.0000000000000000E+000                  0.0000000000000000E+000                  0.0000000000000000E+000                  0.0000000000000000E+000                  0.0000000000000000E+000                 -8.0878115266587933E+000                 -9.8999999999999986E+001                  0.0000000000000000E+000                  0.0000000000000000E+000                 -9.8999999999999986E+001                 -9.8999999999999986E+001                  1.5520024395916685E+001                 -9.9000000000000000E+001                 -9.9000000000000000E+001                 -9.9000000000000000E+001 
                 5.5230422366006782E-001                  1.4018841666886813E+001                  2.0652707466302012E+001                  3.4509289006668038E+009                 -3.7568546454287324E+000                  5.1745919073612967E+000                  4.5273339856420180E+013                  2.5505397447994298E+001                  3.5277383482115179E+008                  1.6502897532403462E+000                  3.8746874754917648E-001                  6.2312839633644179E-001                  8.1400336486635050E-001                  8.5000496627254152E-001                  3.4496696872019014E+009                  1.2592134649023216E+006                  2.4513086209884555E+003                  3.8737721020772381E-001                  0.0000000000000000E+000                  1.9488451321382818E+004                  1.2300483153164589E+003                  2.6300085566904485E-023                  2.6300085566904485E-023                  0.0000000000000000E+000                  0.0000000000000000E+000                  1.0521776285766068E-024                  0.0000000000000000E+000                  2.1437994009905728E+002                  6.9999999999999996E-001                  2.9797635251138614E-005                  2.7997020236474884E-001                  4.1193902129486445E-003                  1.2067031330276047E-003                  1.1203876416666529E-002                  2.5129237964844936E-003                  9.5710644087274640E-004                  0.0000000000000000E+000                  0.0000000000000000E+000                  0.0000000000000000E+000                  0.0000000000000000E+000                  0.0000000000000000E+000                  0.0000000000000000E+000                  0.0000000000000000E+000                  0.0000000000000000E+000                  0.0000000000000000E+000                  0.0000000000000000E+000                 -8.0871524172733587E+000                 -9.8999999999999986E+001                  0.0000000000000000E+000                  0.0000000000000000E+000                 -9.8999999999999986E+001                 -9.8999999999999986E+001                  1.5520262129753368E+001                 -9.9000000000000000E+001                 -9.9000000000000000E+001                 -9.9000000000000000E+001 
                 5.4736655789042021E-001                  1.3951119623433698E+001                  2.0104620426440572E+001                  3.5150896116260591E+009                 -3.7520080860054912E+000                  5.1776930753466637E+000                  4.5494041270926352E+013                  2.5504702549262436E+001                  3.5244899518399030E+008                  1.6507259784511907E+000                  3.8771504723428402E-001                  6.2308968329988279E-001                  8.1418314025537597E-001                  8.5000496627254152E-001                  3.5137939129024696E+009                  1.2956987235895381E+006                  2.3480243076787351E+003                  3.8762769234476574E-001                  0.0000000000000000E+000                  1.9320108330112769E+004                  1.2116380158441141E+003                  2.6598738613480707E-023                  2.6598738613480707E-023                  0.0000000000000000E+000                  0.0000000000000000E+000                  1.0641257305881992E-024                  0.0000000000000000E+000                  3.0755134028172358E+002                  6.9999999999999996E-001                  2.9797635251138618E-005                  2.7997020236474884E-001                  4.1193902129486436E-003                  1.2067031330276049E-003                  1.1203876416666529E-002                  2.5129237964844936E-003                  9.5710644087274640E-004                  0.0000000000000000E+000                  0.0000000000000000E+000                  0.0000000000000000E+000                  0.0000000000000000E+000                  0.0000000000000000E+000                  0.0000000000000000E+000                  0.0000000000000000E+000                  0.0000000000000000E+000                  0.0000000000000000E+000                  0.0000000000000000E+000                 -8.0864877540045743E+000                 -9.8999999999999986E+001                  0.0000000000000000E+000                  0.0000000000000000E+000                 -9.8999999999999986E+001                 -9.8999999999999986E+001                  1.5519341736512233E+001                 -9.9000000000000000E+001                 -9.9000000000000000E+001                 -9.9000000000000000E+001 
                 5.4238922332916373E-001                  1.3882950309696854E+001                  1.9312012965665883E+001                  3.5804434676302443E+009                 -3.7471621426498758E+000                  5.1807961756632723E+000                  4.5716333264361234E+013                  2.5504242357810174E+001                  3.5213789065478861E+008                  1.6511414661407700E+000                  3.8795141483974060E-001                  6.2305089399340763E-001                  8.1439185328076302E-001                  8.5000496627254152E-001                  3.5791102027722030E+009                  1.3332648580411428E+006                  2.2192673979848150E+003                  3.8786783059528768E-001                  0.0000000000000000E+000                  1.9064484699035005E+004                  1.1933129411681571E+003                  2.6900763245840880E-023                  2.6900763245840880E-023                  0.0000000000000000E+000                  0.0000000000000000E+000                  1.0762087184295143E-024                  0.0000000000000000E+000                  4.1945716552075783E+002                  6.9999999999999996E-001                  2.9797635251138614E-005                  2.7997020236474884E-001                  4.1193902129486445E-003                  1.2067031330276047E-003                  1.1203876416666529E-002                  2.5129237964844936E-003                  9.5710644087274640E-004                  0.0000000000000000E+000                  0.0000000000000000E+000                  0.0000000000000000E+000                  0.0000000000000000E+000                  0.0000000000000000E+000                  0.0000000000000000E+000                  0.0000000000000000E+000                  0.0000000000000000E+000                  0.0000000000000000E+000                  0.0000000000000000E+000                 -8.0857998230270365E+000                 -9.8999999999999986E+001                  0.0000000000000000E+000                  0.0000000000000000E+000                 -9.8999999999999986E+001                 -9.8999999999999986E+001                  1.5516424080982601E+001                 -9.9000000000000000E+001                 -9.9000000000000000E+001                 -9.9000000000000000E+001 
                 5.3737224787221216E-001                  1.3814327681161661E+001                  1.8222397415343139E+001                  3.6470126617034206E+009                 -3.7423166592675949E+000                  5.1839011277986113E+000                  4.5940245437722148E+013                  2.5504041886959381E+001                  3.5184004079449725E+008                  1.6515369548039540E+000                  3.8817830097133532E-001                  6.2301186933243857E-001                  8.1464059647559384E-001                  8.5000496627254152E-001                  3.6456407181581860E+009                  1.3719435452347421E+006                  2.0604217218574568E+003                  3.8809790228369317E-001                  0.0000000000000000E+000                  1.8694980563743382E+004                  1.1750848888272672E+003                  2.7206207286361648E-023                  2.7206207286361648E-023                  0.0000000000000000E+000                  0.0000000000000000E+000                  1.0884285053141766E-024                  0.0000000000000000E+000                  5.2828497371410344E+002                  6.9999999999999996E-001                  2.9797635251138614E-005                  2.7997020236474890E-001                  4.1193902129486445E-003                  1.2067031330276047E-003                  1.1203876416666529E-002                  2.5129237964844936E-003                  9.5710644087274640E-004                  0.0000000000000000E+000                  0.0000000000000000E+000                  0.0000000000000000E+000                  0.0000000000000000E+000                  0.0000000000000000E+000                  0.0000000000000000E+000                  0.0000000000000000E+000                  0.0000000000000000E+000                  0.0000000000000000E+000                  0.0000000000000000E+000                 -8.0850737109161930E+000                 -9.8999999999999986E+001                  0.0000000000000000E+000                  0.0000000000000000E+000                 -9.8999999999999986E+001                 -9.8999999999999986E+001                  1.5510810592827220E+001                 -9.9000000000000000E+001                 -9.9000000000000000E+001                 -9.9000000000000000E+001 
                 5.3231567083181630E-001                  1.3745245554208187E+001                  1.6839249633023936E+001                  3.7148197996035280E+009                 -3.7374717737009164E+000                  5.1870078564321771E+000                  4.6165780474060820E+013                  2.5504045208074778E+001                  3.5155411292308795E+008                  1.6519145069631347E+000                  3.8839657822030726E-001                  6.2297286551166131E-001                  8.1492369172283818E-001                  8.5000496627254152E-001                  3.7134080321834750E+009                  1.4117674200531356E+006                  1.8734382734527530E+003                  3.8831855746672955E-001                  0.0000000000000000E+000                  1.8198904312746101E+004                  1.1569641985683477E+003                  2.7515100588902828E-023                  2.7515100588902834E-023                  0.0000000000000000E+000                  0.0000000000000000E+000                  1.1007862855960366E-024                  0.0000000000000000E+000                  6.1066061496366467E+002                  6.9999999999999996E-001                  2.9797635251138618E-005                  2.7997020236474884E-001                  4.1193902129486445E-003                  1.2067031330276045E-003                  1.1203876416666529E-002                  2.5129237964844932E-003                  9.5710644087274629E-004                  0.0000000000000000E+000                  0.0000000000000000E+000                  0.0000000000000000E+000                  0.0000000000000000E+000                  0.0000000000000000E+000                  0.0000000000000000E+000                  0.0000000000000000E+000                  0.0000000000000000E+000                  0.0000000000000000E+000                  0.0000000000000000E+000                 -8.0843131646430191E+000                 -9.8999999999999986E+001                  0.0000000000000000E+000                  0.0000000000000000E+000                 -9.8999999999999986E+001                 -9.8999999999999986E+001                  1.5502037636036231E+001                 -9.9000000000000000E+001                 -9.9000000000000000E+001                 -9.9000000000000000E+001 
                 5.2721954332250931E-001                  1.3675697553212267E+001                  1.5227921851656214E+001                  3.7838879078378954E+009                 -3.7326276851362281E+000                  5.1901162938788437E+000                  4.6392935705055109E+013                  2.5504197036353798E+001                  3.5127867881965941E+008                  1.6522763256227089E+000                  3.8860716432425424E-001                  6.2293418232726461E-001                  8.1522946315258349E-001                  8.5000496627254152E-001                  3.7824351376971736E+009                  1.4527701407216501E+006                  1.6669592500566062E+003                  3.8853074967329898E-001                  0.0000000000000000E+000                  1.7581619443130352E+004                  1.1389600012634464E+003                  2.7827469064527803E-023                  2.7827469064527803E-023                  0.0000000000000000E+000                  0.0000000000000000E+000                  1.1132830958909779E-024                  0.0000000000000000E+000                  6.4587491402467640E+002                  6.9999999999999996E-001                  2.9797635251138625E-005                  2.7997020236474890E-001                  4.1193902129486454E-003                  1.2067031330276049E-003                  1.1203876416666531E-002                  2.5129237964844941E-003                  9.5710644087274640E-004                  0.0000000000000000E+000                  0.0000000000000000E+000                  0.0000000000000000E+000                  0.0000000000000000E+000                  0.0000000000000000E+000                  0.0000000000000000E+000                  0.0000000000000000E+000                  0.0000000000000000E+000                  0.0000000000000000E+000                  0.0000000000000000E+000                 -8.0835295644511778E+000                 -9.8999999999999986E+001                  0.0000000000000000E+000                  0.0000000000000000E+000                 -9.8999999999999986E+001                 -9.8999999999999986E+001                  1.5489979057574352E+001                 -9.9000000000000000E+001                 -9.9000000000000000E+001                 -9.9000000000000000E+001 
                 5.2208392871497311E-001                  1.3605677093714419E+001                  1.3510470118596940E+001                  3.8542404415855770E+009                 -3.7277846119943234E+000                  5.1932263808777792E+000                  4.6621706589454422E+013                  2.5504450617463732E+001                  3.5101231195115435E+008                  1.6526245931107633E+000                  3.8881098428604843E-001                  6.2289611839397430E-001                  8.1554251218987706E-001                  8.5000496627254152E-001                  3.8527454551470490E+009                  1.4949864385282898E+006                  1.4552176706998087E+003                  3.8873553061684757E-001                  0.0000000000000000E+000                  1.6871204894245901E+004                  1.1210800630779406E+003                  2.8143337210026059E-023                  2.8143337210026059E-023                  0.0000000000000000E+000                  0.0000000000000000E+000                  1.1259199162345819E-024                  0.0000000000000000E+000                  6.2016224245339367E+002                  6.9999999999999996E-001                  2.9797635251138621E-005                  2.7997020236474884E-001                  4.1193902129486445E-003                  1.2067031330276047E-003                  1.1203876416666529E-002                  2.5129237964844936E-003                  9.5710644087274629E-004                  0.0000000000000000E+000                  0.0000000000000000E+000                  0.0000000000000000E+000                  0.0000000000000000E+000                  0.0000000000000000E+000                  0.0000000000000000E+000                  0.0000000000000000E+000                  0.0000000000000000E+000                  0.0000000000000000E+000                  0.0000000000000000E+000                 -8.0827395727396283E+000                 -9.8999999999999986E+001                  0.0000000000000000E+000                  0.0000000000000000E+000                 -9.8999999999999986E+001                 -9.8999999999999986E+001                  1.5475015806549733E+001                 -9.9000000000000000E+001                 -9.9000000000000000E+001                 -9.9000000000000000E+001 
                 5.1690890312358473E-001                  1.3535177371912951E+001                  1.1848736058551454E+001                  3.9259012927123451E+009                 -3.7229427806126387E+000                  5.1963380672136132E+000                  4.6852087409339703E+013                  2.5504765931076534E+001                  3.5075358914577913E+008                  1.6529614625517068E+000                  3.8900897971055876E-001                  6.2285897177213678E-001                  8.1584439794425123E-001                  8.5000496627254152E-001                  3.9243628405434327E+009                  1.5384521689121763E+006                  1.2557742583664974E+003                  3.8893402953448247E-001                  0.0000000000000000E+000                  1.6123215926565625E+004                  1.1033306004239494E+003                  2.8462728774992661E-023                  2.8462728774992661E-023                  0.0000000000000000E+000                  0.0000000000000000E+000                  1.1386976967697304E-024                  0.0000000000000000E+000                  5.3102823806850085E+002                  6.9999999999999996E-001                  2.9797635251138621E-005                  2.7997020236474884E-001                  4.1193902129486445E-003                  1.2067031330276047E-003                  1.1203876416666529E-002                  2.5129237964844936E-003                  9.5710644087274640E-004                  0.0000000000000000E+000                  0.0000000000000000E+000                  0.0000000000000000E+000                  0.0000000000000000E+000                  0.0000000000000000E+000                  0.0000000000000000E+000                  0.0000000000000000E+000                  0.0000000000000000E+000                  0.0000000000000000E+000                  0.0000000000000000E+000                 -8.0819644949113325E+000                 -9.8999999999999986E+001                  0.0000000000000000E+000                  0.0000000000000000E+000                 -9.8999999999999986E+001                 -9.8999999999999986E+001                  1.5458293437127821E+001                 -9.9000000000000000E+001                 -9.9000000000000000E+001                 -9.9000000000000000E+001 
                 5.1169455591670232E-001                  1.3464191355575934E+001                  1.0415026237293453E+001                  3.9988947979470682E+009                 -3.7181024151664746E+000                  5.1994513122211243E+000                  4.7084071903412984E+013                  2.5505107897736483E+001                  3.5050109229811621E+008                  1.6532890514645051E+000                  3.8920211602732679E-001                  6.2282303945924555E-001                  8.1611436171620766E-001                  8.5000496627254152E-001                  3.9973115935825896E+009                  1.5832043644785862E+006                  1.0861600321220906E+003                  3.8912743859426890E-001                  0.0000000000000000E+000                  1.5421331595738520E+004                  1.0857161341400774E+003                  2.8785667394503433E-023                  2.8785667394503433E-023                  0.0000000000000000E+000                  0.0000000000000000E+000                  1.1516173830578081E-024                  0.0000000000000000E+000                  3.9065535077746870E+002                  6.9999999999999996E-001                  2.9797635251138618E-005                  2.7997020236474884E-001                  4.1193902129486445E-003                  1.2067031330276047E-003                  1.1203876416666529E-002                  2.5129237964844936E-003                  9.5710644087274629E-004                  0.0000000000000000E+000                  0.0000000000000000E+000                  0.0000000000000000E+000                  0.0000000000000000E+000                  0.0000000000000000E+000                  0.0000000000000000E+000                  0.0000000000000000E+000                  0.0000000000000000E+000                  0.0000000000000000E+000                  0.0000000000000000E+000                 -8.0812295485741963E+000                 -9.8999999999999986E+001                  0.0000000000000000E+000                  0.0000000000000000E+000                 -9.8999999999999986E+001                 -9.8999999999999986E+001                  1.5441959056188548E+001                 -9.9000000000000000E+001                 -9.9000000000000000E+001                 -9.9000000000000000E+001 
                 5.0644099024796874E-001                  1.3392711776200104E+001                  9.3523728258508001E+000                  4.0732457472387357E+009                 -3.7132636882159442E+000                  5.2025660843099120E+000                  4.7317657316961539E+013                  2.5505445611034876E+001                  3.5025362646145749E+008                  1.6536091319805017E+000                  3.8939122998170239E-001                  6.2278858657705227E-001                  8.1633284254037386E-001                  8.5000496627254152E-001                  4.0716164659618278E+009                  1.6292812769079786E+006                  9.5976189314156318E+002                  3.8931689020083887E-001                  0.0000000000000000E+000                  1.4864242050922612E+004                  1.0682400209817938E+003                  2.9112179938828660E-023                  2.9112179938828660E-023                  0.0000000000000000E+000                  0.0000000000000000E+000                  1.1646800500894641E-024                  0.0000000000000000E+000                  2.2582365570450861E+002                  6.9999999999999996E-001                  2.9797635251138618E-005                  2.7997020236474884E-001                  4.1193902129486445E-003                  1.2067031330276047E-003                  1.1203876416666529E-002                  2.5129237964844932E-003                  9.5710644087274629E-004                  0.0000000000000000E+000                  0.0000000000000000E+000                  0.0000000000000000E+000                  0.0000000000000000E+000                  0.0000000000000000E+000                  0.0000000000000000E+000                  0.0000000000000000E+000                  0.0000000000000000E+000                  0.0000000000000000E+000                  0.0000000000000000E+000                 -8.0805599209819015E+000                 -9.8999999999999986E+001                  0.0000000000000000E+000                  0.0000000000000000E+000                 -9.8999999999999986E+001                 -9.8999999999999986E+001                  1.5428999524758611E+001                 -9.9000000000000000E+001                 -9.9000000000000000E+001                 -9.9000000000000000E+001 
                 5.0114832360522055E-001                  1.3320731128981356E+001                  8.7335195803354999E+000                  4.1489793922675519E+009                 -3.7084264891048750E+000                  5.2056823555591034E+000                  4.7552865824846188E+013                  2.5505757646226744E+001                  3.5001148133401614E+008                  1.6539213653864342E+000                  3.8957609997462428E-001                  6.2275568288078131E-001                  8.1649780983572495E-001                  8.5000496627254152E-001                  4.1473026699235291E+009                  1.6767223440225245E+006                  8.8197550680428401E+002                  3.8950284095824772E-001                  0.0000000000000000E+000                  1.4530601661022958E+004                  1.0509084654700489E+003                  2.9442312594766541E-023                  2.9442312594766541E-023                  0.0000000000000000E+000                  0.0000000000000000E+000                  1.1778875456446009E-024                  0.0000000000000000E+000                  7.0604089279037083E+001                  6.9999999999999996E-001                  2.9797635251138618E-005                  2.7997020236474884E-001                  4.1193902129486445E-003                  1.2067031330276047E-003                  1.1203876416666529E-002                  2.5129237964844936E-003                  9.5710644087274640E-004                  0.0000000000000000E+000                  0.0000000000000000E+000                  0.0000000000000000E+000                  0.0000000000000000E+000                  0.0000000000000000E+000                  0.0000000000000000E+000                  0.0000000000000000E+000                  0.0000000000000000E+000                  0.0000000000000000E+000                  0.0000000000000000E+000                 -8.0799618138037559E+000                 -9.8999999999999986E+001                  0.0000000000000000E+000                  0.0000000000000000E+000                 -9.8999999999999986E+001                 -9.8999999999999986E+001                  1.5422184749587348E+001                 -9.9000000000000000E+001                 -9.9000000000000000E+001                 -9.9000000000000000E+001 
                 4.9581668836066545E-001                  1.3248241711349955E+001                  8.5386096420485202E+000                  4.2261214546204672E+009                 -3.7035905987409485E+000                  5.2088000944669011E+000                  4.7789731619640031E+013                  2.5506028995006435E+001                  3.4977555642248106E+008                  1.6542245633229424E+000                  3.8975605348368619E-001                  6.2272433809085537E-001                  8.1661331971319617E-001                  8.5000496627254152E-001                  4.2243958865049438E+009                  1.7255681155234100E+006                  8.4859641151038784E+002                  3.8968484343796561E-001                  0.0000000000000000E+000                  1.4437791333093050E+004                  1.0337289434810789E+003                  2.9776119830255694E-023                  2.9776119830255694E-023                  0.0000000000000000E+000                  0.0000000000000000E+000                  1.1912420488037048E-024                  0.0000000000000000E+000                 -4.6996482916706363E+001                  6.9999999999999996E-001                  2.9797635251138614E-005                  2.7997020236474884E-001                  4.1193902129486445E-003                  1.2067031330276047E-003                  1.1203876416666529E-002                  2.5129237964844936E-003                  9.5710644087274629E-004                  0.0000000000000000E+000                  0.0000000000000000E+000                  0.0000000000000000E+000                  0.0000000000000000E+000                  0.0000000000000000E+000                  0.0000000000000000E+000                  0.0000000000000000E+000                  0.0000000000000000E+000                  0.0000000000000000E+000                  0.0000000000000000E+000                 -8.0794342612326044E+000                 -9.8999999999999986E+001                  0.0000000000000000E+000                  0.0000000000000000E+000                 -9.8999999999999986E+001                 -9.8999999999999986E+001                  1.5422471616178587E+001                 -9.9000000000000000E+001                 -9.9000000000000000E+001                 -9.9000000000000000E+001 
                 4.9044623228068401E-001                  1.3175235632900453E+001                  8.6692929819734061E+000                  4.3046981342939911E+009                 -3.6987558095162401E+000                  5.2119192629788840E+000                  4.8028290719577758E+013                  2.5506249019585880E+001                  3.4954673772975826E+008                  1.6545175717953495E+000                  3.8993041544867402E-001                  6.2269458032943725E-001                  8.1668133870487092E-001                  8.5000496627254152E-001                  4.3029222740637808E+009                  1.7758602302107296E+006                  8.4795001188187223E+002                  3.8986207999517625E-001                  0.0000000000000000E+000                  1.4534197253437085E+004                  1.0167087519173647E+003                  3.0113656417702995E-023                  3.0113656417702995E-023                  0.0000000000000000E+000                  0.0000000000000000E+000                  1.2047457508280647E-024                  0.0000000000000000E+000                 -1.1468103769245153E+002                  6.9999999999999996E-001                  2.9797635251138621E-005                  2.7997020236474890E-001                  4.1193902129486445E-003                  1.2067031330276047E-003                  1.1203876416666529E-002                  2.5129237964844936E-003                  9.5710644087274618E-004                  0.0000000000000000E+000                  0.0000000000000000E+000                  0.0000000000000000E+000                  0.0000000000000000E+000                  0.0000000000000000E+000                  0.0000000000000000E+000                  0.0000000000000000E+000                  0.0000000000000000E+000                  0.0000000000000000E+000                  0.0000000000000000E+000                 -8.0789780772113460E+000                 -9.8999999999999986E+001                  0.0000000000000000E+000                  0.0000000000000000E+000                 -9.8999999999999986E+001                 -9.8999999999999986E+001                  1.5428457377219654E+001                 -9.9000000000000000E+001                 -9.9000000000000000E+001                 -9.9000000000000000E+001 
                 4.8503711902302599E-001                  1.3101704804914000E+001                  8.9904825174457059E+000                  4.3847361185710812E+009                 -3.6939219298155992E+000                  5.2150398159373648E+000                  4.8268580652150461E+013                  2.5506412269890696E+001                  3.4932589427027071E+008                  1.6547992749137068E+000                  3.9009851158327635E-001                  6.2266644693763462E-001                  8.1670145177062692E-001                  8.5000496627254152E-001                  4.3829084771453953E+009                  1.8276414256858844E+006                  8.6551091766659783E+002                  3.9003366422710328E-001                  0.0000000000000000E+000                  1.4733701278671444E+004                  9.9985514328438887E+002                  3.0454977091732148E-023                  3.0454977091732148E-023                  0.0000000000000000E+000                  0.0000000000000000E+000                  1.2184008414674469E-024                  0.0000000000000000E+000                 -1.3592174574711709E+002                  6.9999999999999996E-001                  2.9797635251138614E-005                  2.7997020236474884E-001                  4.1193902129486445E-003                  1.2067031330276047E-003                  1.1203876416666531E-002                  2.5129237964844932E-003                  9.5710644087274640E-004                  0.0000000000000000E+000                  0.0000000000000000E+000                  0.0000000000000000E+000                  0.0000000000000000E+000                  0.0000000000000000E+000                  0.0000000000000000E+000                  0.0000000000000000E+000                  0.0000000000000000E+000                  0.0000000000000000E+000                  0.0000000000000000E+000                 -8.0785961414476457E+000                 -9.8999999999999986E+001                  0.0000000000000000E+000                  0.0000000000000000E+000                 -9.8999999999999986E+001                 -9.8999999999999986E+001                  1.5437499929151388E+001                 -9.9000000000000000E+001                 -9.9000000000000000E+001                 -9.9000000000000000E+001 
                 4.7958952865147347E-001                  1.3027640928560565E+001                  9.3738692554602530E+000                  4.4662625910697718E+009                 -3.6890887878318814E+000                  5.2181617012165207E+000                  4.8510640203749680E+013                  2.5506519326385394E+001                  3.4911387687944520E+008                  1.6550685942823926E+000                  3.9025967017877106E-001                  6.2263997760583156E-001                  8.1667057426583256E-001                  8.5000496627254152E-001                  4.4643816355118818E+009                  1.8809555578899935E+006                  8.8827385189966981E+002                  3.9019872666024302E-001                  0.0000000000000000E+000                  1.4957147985509220E+004                  9.8317543696599432E+002                  3.0800136233811122E-023                  3.0800136233811122E-023                  0.0000000000000000E+000                  0.0000000000000000E+000                  1.2322094963431021E-024                  0.0000000000000000E+000                 -1.2352901819785063E+002                  6.9999999999999996E-001                  2.9797635251138618E-005                  2.7997020236474884E-001                  4.1193902129486445E-003                  1.2067031330276047E-003                  1.1203876416666527E-002                  2.5129237964844936E-003                  9.5710644087274629E-004                  0.0000000000000000E+000                  0.0000000000000000E+000                  0.0000000000000000E+000                  0.0000000000000000E+000                  0.0000000000000000E+000                  0.0000000000000000E+000                  0.0000000000000000E+000                  0.0000000000000000E+000                  0.0000000000000000E+000                  0.0000000000000000E+000                 -8.0782937102715682E+000                 -9.8999999999999986E+001                  0.0000000000000000E+000                  0.0000000000000000E+000                 -9.8999999999999986E+001                 -9.8999999999999986E+001                  1.5447185416110271E+001                 -9.9000000000000000E+001                 -9.9000000000000000E+001                 -9.9000000000000000E+001 
                 4.7410365817206213E-001                  1.2953035481865173E+001                  9.7247489512451040E+000                  4.5493052409476385E+009                 -3.6842562359749462E+000                  5.2212848603100364E+000                  4.8754508632762195E+013                  2.5506577300369976E+001                  3.4891149331268287E+008                  1.6553245191737114E+000                  3.9041324370139352E-001                  6.2261520069813736E-001                  8.1658305520319663E-001                  8.5000496627254152E-001                  4.5473693933191299E+009                  1.9358476285083264E+006                  9.0716370005226247E+002                  3.9035647135807561E-001                  0.0000000000000000E+000                  1.5152548275209127E+004                  9.6667710342959390E+002                  3.1149187493338303E-023                  3.1149187493338303E-023                  0.0000000000000000E+000                  0.0000000000000000E+000                  1.2461738617886990E-024                  0.0000000000000000E+000                 -9.2568605389352456E+001                  6.9999999999999996E-001                  2.9797635251138614E-005                  2.7997020236474884E-001                  4.1193902129486445E-003                  1.2067031330276047E-003                  1.1203876416666529E-002                  2.5129237964844936E-003                  9.5710644087274618E-004                  0.0000000000000000E+000                  0.0000000000000000E+000                  0.0000000000000000E+000                  0.0000000000000000E+000                  0.0000000000000000E+000                  0.0000000000000000E+000                  0.0000000000000000E+000                  0.0000000000000000E+000                  0.0000000000000000E+000                  0.0000000000000000E+000                 -8.0780782069061416E+000                 -9.8999999999999986E+001                  0.0000000000000000E+000                  0.0000000000000000E+000                 -9.8999999999999986E+001                 -9.8999999999999986E+001                  1.5455998269264324E+001                 -9.9000000000000000E+001                 -9.9000000000000000E+001                 -9.9000000000000000E+001 
                 4.6857972209367743E-001                  1.2877879705283931E+001                  9.9895112015013421E+000                  4.6338922722942429E+009                 -3.6794241911619547E+000                  5.2244092318430457E+000                  4.9000205488808883E+013                  2.5506586632909706E+001                  3.4871866539495420E+008                  1.6555672332201719E+000                  3.9055930872926231E-001                  6.2259179847514434E-001                  8.1644563637438394E-001                  8.5000496627254152E-001                  4.6318999084270363E+009                  1.9923638672066380E+006                  9.1743943822519452E+002                  3.9050654136149066E-001                  0.0000000000000000E+000                  1.5295602144550023E+004                  9.5036774207657493E+002                  3.1502180748454841E-023                  3.1502180748454841E-023                  0.0000000000000000E+000                  0.0000000000000000E+000                  1.2602959332626586E-024                  0.0000000000000000E+000                 -5.5259453293368736E+001                  6.9999999999999996E-001                  2.9797635251138614E-005                  2.7997020236474884E-001                  4.1193902129486445E-003                  1.2067031330276047E-003                  1.1203876416666529E-002                  2.5129237964844936E-003                  9.5710644087274618E-004                  0.0000000000000000E+000                  0.0000000000000000E+000                  0.0000000000000000E+000                  0.0000000000000000E+000                  0.0000000000000000E+000                  0.0000000000000000E+000                  0.0000000000000000E+000                  0.0000000000000000E+000                  0.0000000000000000E+000                  0.0000000000000000E+000                 -8.0779386444473893E+000                 -9.8999999999999986E+001                  0.0000000000000000E+000                  0.0000000000000000E+000                 -9.8999999999999986E+001                 -9.8999999999999986E+001                  1.5463283218145643E+001                 -9.9000000000000000E+001                 -9.9000000000000000E+001                 -9.9000000000000000E+001 
                 4.6301795301178550E-001                  1.2802164579475672E+001                  1.0148645295461328E+001                  4.7200524138838701E+009                 -3.6745926208248667E+000                  5.2275347584713092E+000                  4.9247722679350867E+013                  2.5506530818068558E+001                  3.4853422602946854E+008                  1.6557983666091998E+000                  3.9069884169303465E-001                  6.2256904057701967E-001                  8.1628414884314693E-001                  8.5000496627254152E-001                  4.7180018619953527E+009                  2.0505518885173621E+006                  9.1774004688667935E+002                  3.9064944109132110E-001                  0.0000000000000000E+000                  1.5381356075973674E+004                  9.3425396167011058E+002                  3.1859162894905678E-023                  3.1859162894905678E-023                  0.0000000000000000E+000                  0.0000000000000000E+000                  1.2745775869078286E-024                  0.0000000000000000E+000                 -1.8199129837043238E+001                  6.9999999999999996E-001                  2.9797635251138618E-005                  2.7997020236474884E-001                  4.1193902129486445E-003                  1.2067031330276047E-003                  1.1203876416666529E-002                  2.5129237964844936E-003                  9.5710644087274618E-004                  0.0000000000000000E+000                  0.0000000000000000E+000                  0.0000000000000000E+000                  0.0000000000000000E+000                  0.0000000000000000E+000                  0.0000000000000000E+000                  0.0000000000000000E+000                  0.0000000000000000E+000                  0.0000000000000000E+000                  0.0000000000000000E+000                 -8.0778375040026056E+000                 -9.8999999999999986E+001                  0.0000000000000000E+000                  0.0000000000000000E+000                 -9.8999999999999986E+001                 -9.8999999999999986E+001                  1.5468944147216186E+001                 -9.9000000000000000E+001                 -9.9000000000000000E+001                 -9.9000000000000000E+001 
                 4.5741860222253350E-001                  1.2725880804487911E+001                  1.0201408601272073E+001                  4.8078149291502371E+009                 -3.6697614807837402E+000                  5.2306613908640776E+000                  4.9497047290340250E+013                  2.5506388764199507E+001                  3.4835695917819607E+008                  1.6560195896768428E+000                  3.9083286043484644E-001                  6.2254621545722300E-001                  8.1612664507227894E-001                  8.5000496627254152E-001                  4.8057044683352213E+009                  2.1104608150156396E+006                  9.0846214484428776E+002                  3.9078617191532988E-001                  0.0000000000000000E+000                  1.5413484270809015E+004                  9.1833423463549832E+002                  3.2220182314547615E-023                  3.2220182314547615E-023                  0.0000000000000000E+000                  0.0000000000000000E+000                  1.2890207583214421E-024                  0.0000000000000000E+000                  1.7889695874972194E+001                  6.9999999999999996E-001                  2.9797635251138618E-005                  2.7997020236474884E-001                  4.1193902129486445E-003                  1.2067031330276047E-003                  1.1203876416666531E-002                  2.5129237964844941E-003                  9.5710644087274629E-004                  0.0000000000000000E+000                  0.0000000000000000E+000                  0.0000000000000000E+000                  0.0000000000000000E+000                  0.0000000000000000E+000                  0.0000000000000000E+000                  0.0000000000000000E+000                  0.0000000000000000E+000                  0.0000000000000000E+000                  0.0000000000000000E+000                 -8.0777347534344379E+000                 -9.8999999999999986E+001                  0.0000000000000000E+000                  0.0000000000000000E+000                 -9.8999999999999986E+001                 -9.8999999999999986E+001                  1.5473112866839722E+001                 -9.9000000000000000E+001                 -9.9000000000000000E+001                 -9.9000000000000000E+001 
                 4.5178194037766750E-001                  1.2649018789118523E+001                  1.0149196804688451E+001                  4.8972096261734819E+009                 -3.6649307138843104E+000                  5.2337890878101243E+000                  4.9748163793325352E+013                  2.5506136763800804E+001                  3.4818566998474765E+008                  1.6562325244483473E+000                  3.9096236496306980E-001                  6.2252267015074847E-001                  8.1600148559244634E-001                  8.5000496627254152E-001                  4.8950374848351774E+009                  2.1721413383041411E+006                  8.9016700851024223E+002                  3.9091774826556153E-001                  0.0000000000000000E+000                  1.5394728605058290E+004                  9.0260312615503085E+002                  3.2585289037524242E-023                  3.2585289037524237E-023                  0.0000000000000000E+000                  0.0000000000000000E+000                  1.3036274490431932E-024                  0.0000000000000000E+000                  5.6161391154822368E+001                  6.9999999999999996E-001                  2.9797635251138621E-005                  2.7997020236474884E-001                  4.1193902129486445E-003                  1.2067031330276047E-003                  1.1203876416666529E-002                  2.5129237964844936E-003                  9.5710644087274629E-004                  0.0000000000000000E+000                  0.0000000000000000E+000                  0.0000000000000000E+000                  0.0000000000000000E+000                  0.0000000000000000E+000                  0.0000000000000000E+000                  0.0000000000000000E+000                  0.0000000000000000E+000                  0.0000000000000000E+000                  0.0000000000000000E+000                 -8.0775905129175882E+000                 -9.8999999999999986E+001                  0.0000000000000000E+000                  0.0000000000000000E+000                 -9.8999999999999986E+001                 -9.8999999999999986E+001                  1.5475877068832526E+001                 -9.9000000000000000E+001                 -9.9000000000000000E+001                 -9.9000000000000000E+001 
                 4.4610825816313404E-001                  1.2571568639873600E+001                  9.9842110063889979E+000                  4.9882668678258228E+009                 -3.6601002539834293E+000                  5.2369178159670264E+000                  5.0001054836319844E+013                  2.5505749342623240E+001                  3.4801918404909778E+008                  1.6564387536558602E+000                  3.9108833830129730E-001                  6.2249781817918315E-001                  8.1593664250608833E-001                  8.5000496627254174E-001                  4.9860312220499201E+009                  2.2356457759025046E+006                  8.6259130398777120E+002                  3.9104515323867689E-001                  0.0000000000000000E+000                  1.5320687998307536E+004                  8.8705473526791582E+002                  3.2954534502251526E-023                  3.2954534502251526E-023                  0.0000000000000000E+000                  0.0000000000000000E+000                  1.3183997169530708E-024                  0.0000000000000000E+000                  1.0020068794278953E+002                  7.0000000000000007E-001                  2.9797635251138614E-005                  2.7997020236474884E-001                  4.1193902129486445E-003                  1.2067031330276047E-003                  1.1203876416666529E-002                  2.5129237964844936E-003                  9.5710644087274629E-004                  0.0000000000000000E+000                  0.0000000000000000E+000                  0.0000000000000000E+000                  0.0000000000000000E+000                  0.0000000000000000E+000                  0.0000000000000000E+000                  0.0000000000000000E+000                  0.0000000000000000E+000                  0.0000000000000000E+000                  0.0000000000000000E+000                 -8.0773660409238932E+000                 -9.8999999999999986E+001                  0.0000000000000000E+000                  0.0000000000000000E+000                 -9.8999999999999986E+001                 -9.8999999999999986E+001                  1.5477107603609497E+001                 -9.9000000000000000E+001                 -9.9000000000000000E+001                 -9.9000000000000000E+001 
                 4.4039786699985795E-001                  1.2493520148484444E+001                  9.6879460663512145E+000                  5.0810175821022902E+009                 -3.6552700317402249E+000                  5.2400475496078096E+000                  5.0255702225628516E+013                  2.5505199901846169E+001                  3.4785634631700617E+008                  1.6566398320799085E+000                  3.9121174930307856E-001                  6.2247114367049106E-001                  8.1595905762292653E-001                  8.5000496627254174E-001                  5.0787165539720545E+009                  2.3010281302353130E+006                  8.2458026106504428E+002                  3.9116933827602107E-001                  0.0000000000000000E+000                  1.5178558855436546E+004                  8.7168268226627936E+002                  3.3327971156148701E-023                  3.3327971156148701E-023                  0.0000000000000000E+000                  0.0000000000000000E+000                  1.3333396602979477E-024                  0.0000000000000000E+000                  1.5050066946766458E+002                  7.0000000000000007E-001                  2.9797635251138618E-005                  2.7997020236474884E-001                  4.1193902129486445E-003                  1.2067031330276047E-003                  1.1203876416666527E-002                  2.5129237964844936E-003                  9.5710644087274629E-004                  0.0000000000000000E+000                  0.0000000000000000E+000                  0.0000000000000000E+000                  0.0000000000000000E+000                  0.0000000000000000E+000                  0.0000000000000000E+000                  0.0000000000000000E+000                  0.0000000000000000E+000                  0.0000000000000000E+000                  0.0000000000000000E+000                 -8.0770246747791461E+000                 -9.8999999999999986E+001                  0.0000000000000000E+000                  0.0000000000000000E+000                 -9.8999999999999986E+001                 -9.8999999999999986E+001                  1.5476416371309337E+001                 -9.9000000000000000E+001                 -9.9000000000000000E+001                 -9.9000000000000000E+001 
                 4.3465109976911998E-001                  1.2414862777576721E+001                  9.2401237450449614E+000                  5.1754932726133165E+009                 -3.6504400159538237E+000                  5.2431782695813691E+000                  5.0512095401305688E+013                  2.5504482663258916E+001                  3.4769628191362441E+008                  1.6568369435023695E+000                  3.9133333131251102E-001                  6.2244240079543645E-001                  8.1608397183573433E-001                  8.5000496627254152E-001                  5.1731249284806309E+009                  2.3683441326859421E+006                  7.7490231671616584E+002                  3.9129112501806040E-001                  0.0000000000000000E+000                  1.4951055902895134E+004                  8.5648004234620544E+002                  3.3705649231813861E-023                  3.3705649231813855E-023                  0.0000000000000000E+000                  0.0000000000000000E+000                  1.3484492887172206E-024                  0.0000000000000000E+000                  2.0249169926628716E+002                  6.9999999999999996E-001                  2.9797635251138618E-005                  2.7997020236474884E-001                  4.1193902129486445E-003                  1.2067031330276047E-003                  1.1203876416666529E-002                  2.5129237964844936E-003                  9.5710644087274629E-004                  0.0000000000000000E+000                  0.0000000000000000E+000                  0.0000000000000000E+000                  0.0000000000000000E+000                  0.0000000000000000E+000                  0.0000000000000000E+000                  0.0000000000000000E+000                  0.0000000000000000E+000                  0.0000000000000000E+000                  0.0000000000000000E+000                 -8.0765466652069122E+000                 -9.8999999999999986E+001                  0.0000000000000000E+000                  0.0000000000000000E+000                 -9.8999999999999986E+001                 -9.8999999999999986E+001                  1.5473247322409792E+001                 -9.9000000000000000E+001                 -9.9000000000000000E+001                 -9.9000000000000000E+001 
                 4.2886831156932670E-001                  1.2335585637915976E+001                  8.6338228499519509E+000                  5.2717260291831427E+009                 -3.6456103129984219E+000                  5.2463099590458606E+000                  5.0770254483344891E+013                  2.5503669922167042E+001                  3.4753912774625790E+008                  1.6570299193310329E+000                  3.9145295884979436E-001                  6.2241211038632693E-001                  8.1628859664457487E-001                  8.5000496627254152E-001                  5.2692883779686680E+009                  2.4376512144751032E+006                  7.1350586681191237E+002                  3.9141080238266807E-001                  0.0000000000000000E+000                  1.4623959057391185E+004                  8.4143923101032919E+002                  3.4087608680777017E-023                  3.4087608680777017E-023                  0.0000000000000000E+000                  0.0000000000000000E+000                  1.3637302005394199E-024                  0.0000000000000000E+000                  2.4730144836324712E+002                  6.9999999999999996E-001                  2.9797635251138618E-005                  2.7997020236474884E-001                  4.1193902129486445E-003                  1.2067031330276047E-003                  1.1203876416666529E-002                  2.5129237964844941E-003                  9.5710644087274629E-004                  0.0000000000000000E+000                  0.0000000000000000E+000                  0.0000000000000000E+000                  0.0000000000000000E+000                  0.0000000000000000E+000                  0.0000000000000000E+000                  0.0000000000000000E+000                  0.0000000000000000E+000                  0.0000000000000000E+000                  0.0000000000000000E+000                 -8.0759655900335403E+000                 -9.8999999999999986E+001                  0.0000000000000000E+000                  0.0000000000000000E+000                 -9.8999999999999986E+001                 -9.8999999999999986E+001                  1.5467064233289946E+001                 -9.9000000000000000E+001                 -9.9000000000000000E+001                 -9.9000000000000000E+001 
                 4.2304988053521925E-001                  1.2255677446346199E+001                  7.8887885809853326E+000                  5.3697485389080038E+009                 -3.6407810602522095E+000                  5.2494425995336487E+000                  5.1030211103685703E+013                  2.5502842932356579E+001                  3.4738525764736593E+008                  1.6572182952209429E+000                  3.9157031989942465E-001                  6.2238087128653519E-001                  8.1654605204228414E-001                  8.5000496627254152E-001                  5.3672395304364901E+009                  2.5090084715140057E+006                  6.4251917938263796E+002                  3.9152816682711461E-001                  0.0000000000000000E+000                  1.4194177873111643E+004                  8.2655221267832576E+002                  3.4473887132017277E-023                  3.4473887132017277E-023                  0.0000000000000000E+000                  0.0000000000000000E+000                  1.3791839011756862E-024                  0.0000000000000000E+000                  2.7467158879421049E+002                  6.9999999999999996E-001                  2.9797635251138618E-005                  2.7997020236474884E-001                  4.1193902129486445E-003                  1.2067031330276047E-003                  1.1203876416666531E-002                  2.5129237964844936E-003                  9.5710644087274618E-004                  0.0000000000000000E+000                  0.0000000000000000E+000                  0.0000000000000000E+000                  0.0000000000000000E+000                  0.0000000000000000E+000                  0.0000000000000000E+000                  0.0000000000000000E+000                  0.0000000000000000E+000                  0.0000000000000000E+000                  0.0000000000000000E+000                 -8.0753212410670550E+000                 -9.8999999999999986E+001                  0.0000000000000000E+000                  0.0000000000000000E+000                 -9.8999999999999986E+001                 -9.8999999999999986E+001                  1.5457568702134049E+001                 -9.9000000000000000E+001                 -9.9000000000000000E+001                 -9.9000000000000000E+001 
                 4.1719620872169866E-001                  1.2175126501658861E+001                  7.0562855794349391E+000                  5.4695940973214579E+009                 -3.6359523888051988E+000                  5.2525761705868552E+000                  5.1292001143700688E+013                  2.5502071040108934E+001                  3.4723504270648789E+008                  1.6574016257151960E+000                  3.9168511506661718E-001                  6.2234916323164069E-001                  8.1683588954130648E-001                  8.5000496627254152E-001                  5.4670116206211920E+009                  2.5824767002661382E+006                  5.6648486628302101E+002                  3.9164296916981189E-001                  0.0000000000000000E+000                  1.3676122032765870E+004                  8.1181222156930630E+002                  3.4864522779304344E-023                  3.4864522779304344E-023                  0.0000000000000000E+000                  0.0000000000000000E+000                  1.3948119186325848E-024                  0.0000000000000000E+000                  2.7648701692897248E+002                  6.9999999999999996E-001                  2.9797635251138621E-005                  2.7997020236474884E-001                  4.1193902129486436E-003                  1.2067031330276047E-003                  1.1203876416666529E-002                  2.5129237964844936E-003                  9.5710644087274629E-004                  0.0000000000000000E+000                  0.0000000000000000E+000                  0.0000000000000000E+000                  0.0000000000000000E+000                  0.0000000000000000E+000                  0.0000000000000000E+000                  0.0000000000000000E+000                  0.0000000000000000E+000                  0.0000000000000000E+000                  0.0000000000000000E+000                 -8.0746448892524683E+000                 -9.8999999999999986E+001                  0.0000000000000000E+000                  0.0000000000000000E+000                 -9.8999999999999986E+001                 -9.8999999999999986E+001                  1.5444917227972240E+001                 -9.9000000000000000E+001                 -9.9000000000000000E+001                 -9.9000000000000000E+001 
                 4.1130772303257146E-001                  1.2093920666127595E+001                  6.2132962737622464E+000                  5.5712966197112942E+009                 -3.6311244171863497E+000                  5.2557106501121300E+000                  5.1555663232446789E+013                  2.5501411869964333E+001                  3.4708885302879590E+008                  1.6575794661122596E+000                  3.9179703818403466E-001                  6.2231734920629056E-001                  8.1714485029348294E-001                  8.5000496627254152E-001                  5.5686385012606411E+009                  2.6581184506532862E+006                  4.9173117649771660E+002                  3.9175500464108121E-001                  0.0000000000000000E+000                  1.3105909370906886E+004                  7.9722367291637261E+002                  3.5259554918627836E-023                  3.5259554918627836E-023                  0.0000000000000000E+000                  0.0000000000000000E+000                  1.4106158250128437E-024                  0.0000000000000000E+000                  2.4977375877510107E+002                  6.9999999999999996E-001                  2.9797635251138621E-005                  2.7997020236474884E-001                  4.1193902129486445E-003                  1.2067031330276045E-003                  1.1203876416666529E-002                  2.5129237964844936E-003                  9.5710644087274629E-004                  0.0000000000000000E+000                  0.0000000000000000E+000                  0.0000000000000000E+000                  0.0000000000000000E+000                  0.0000000000000000E+000                  0.0000000000000000E+000                  0.0000000000000000E+000                  0.0000000000000000E+000                  0.0000000000000000E+000                  0.0000000000000000E+000                 -8.0739580624308687E+000                 -9.8999999999999986E+001                  0.0000000000000000E+000                  0.0000000000000000E+000                 -9.8999999999999986E+001                 -9.8999999999999986E+001                  1.5429955110134898E+001                 -9.9000000000000000E+001                 -9.9000000000000000E+001                 -9.9000000000000000E+001 
                 4.0538487618804864E-001                  1.2012047347043067E+001                  5.4473099591581242E+000                  5.6748906526570024E+009                 -3.6262972395616253E+000                  5.2588460144986557E+000                  5.1821236643572711E+013                  2.5500911918493628E+001                  3.4694705940720028E+008                  1.6577513495242739E+000                  3.9190576073319294E-001                  6.2228568202577939E-001                  8.1746741750103669E-001                  8.5000496627254174E-001                  5.6721546545816269E+009                  2.7359980753759993E+006                  4.2505495394319956E+002                  3.9186408326632244E-001                  0.0000000000000000E+000                  1.2541826246067540E+004                  7.8279597324399140E+002                  3.5659024981862546E-023                  3.5659024981862546E-023                  0.0000000000000000E+000                  0.0000000000000000E+000                  1.4265972778688275E-024                  0.0000000000000000E+000                  1.9864899908404948E+002                  7.0000000000000007E-001                  2.9797635251138614E-005                  2.7997020236474884E-001                  4.1193902129486454E-003                  1.2067031330276047E-003                  1.1203876416666529E-002                  2.5129237964844936E-003                  9.5710644087274629E-004                  0.0000000000000000E+000                  0.0000000000000000E+000                  0.0000000000000000E+000                  0.0000000000000000E+000                  0.0000000000000000E+000                  0.0000000000000000E+000                  0.0000000000000000E+000                  0.0000000000000000E+000                  0.0000000000000000E+000                  0.0000000000000000E+000                 -8.0732715891954392E+000                 -9.8999999999999986E+001                  0.0000000000000000E+000                  0.0000000000000000E+000                 -9.8999999999999986E+001                 -9.8999999999999986E+001                  1.5414421607877928E+001                 -9.9000000000000000E+001                 -9.9000000000000000E+001                 -9.9000000000000000E+001 
                 3.9942814772846014E-001                  1.1929493479224730E+001                  4.8346240638368450E+000                  5.7804113857942715E+009                 -3.6214709082628387E+000                  5.2619822385158939E+000                  5.2088759278224570E+013                  2.5500604000424357E+001                  3.4681000998490119E+008                  1.6579168013079919E+000                  3.9201094670229852E-001                  6.2225430886792577E-001                  8.1780558540149184E-001                  8.5000496627254152E-001                  5.7775952040192623E+009                  2.8161817750095893E+006                  3.7201066532916042E+002                  3.9197000230526441E-001                  0.0000000000000000E+000                  1.2055959710932249E+004                  7.6853883396245999E+002                  3.6062978116599002E-023                  3.6062978116599002E-023                  0.0000000000000000E+000                  0.0000000000000000E+000                  1.4427580834062403E-024                  0.0000000000000000E+000                  1.3469835638358228E+002                  6.9999999999999996E-001                  2.9797635251138625E-005                  2.7997020236474890E-001                  4.1193902129486454E-003                  1.2067031330276049E-003                  1.1203876416666529E-002                  2.5129237964844941E-003                  9.5710644087274662E-004                  0.0000000000000000E+000                  0.0000000000000000E+000                  0.0000000000000000E+000                  0.0000000000000000E+000                  0.0000000000000000E+000                  0.0000000000000000E+000                  0.0000000000000000E+000                  0.0000000000000000E+000                  0.0000000000000000E+000                  0.0000000000000000E+000                 -8.0725853364673199E+000                 -9.8999999999999986E+001                  0.0000000000000000E+000                  0.0000000000000000E+000                 -9.8999999999999986E+001                 -9.8999999999999986E+001                  1.5400876002029110E+001                 -9.9000000000000000E+001                 -9.9000000000000000E+001                 -9.9000000000000000E+001 
                 3.9343804505152602E-001                  1.1846245509581903E+001                  4.4168511670529993E+000                  5.8878946638742771E+009                 -3.6166453474143663E+000                  5.2651192960400515E+000                  5.2358260618670578E+013                  2.5500476100176073E+001                  3.4667772772295237E+008                  1.6580757065700131E+000                  3.9211253075363511E-001                  6.2222330261351710E-001                  8.1815976370494059E-001                  8.5000496627254152E-001                  5.8849959262085085E+009                  2.8987376657681782E+006                  3.3520991042861220E+002                  3.9207264952105403E-001                  0.0000000000000000E+000                  1.1710039068461243E+004                  7.5446234063966881E+002                  3.6471470736090291E-023                  3.6471470736090291E-023                  0.0000000000000000E+000                  0.0000000000000000E+000                  1.4591004985321014E-024                  0.0000000000000000E+000                  7.3991420172143904E+001                  6.9999999999999996E-001                  2.9797635251138618E-005                  2.7997020236474884E-001                  4.1193902129486445E-003                  1.2067031330276047E-003                  1.1203876416666529E-002                  2.5129237964844936E-003                  9.5710644087274629E-004                  0.0000000000000000E+000                  0.0000000000000000E+000                  0.0000000000000000E+000                  0.0000000000000000E+000                  0.0000000000000000E+000                  0.0000000000000000E+000                  0.0000000000000000E+000                  0.0000000000000000E+000                  0.0000000000000000E+000                  0.0000000000000000E+000                 -8.0718954127290132E+000                 -9.8999999999999986E+001                  0.0000000000000000E+000                  0.0000000000000000E+000                 -9.8999999999999986E+001                 -9.8999999999999986E+001                  1.5391887737759163E+001                 -9.9000000000000000E+001                 -9.9000000000000000E+001                 -9.9000000000000000E+001 
                 3.8741510446814537E-001                  1.1762289397018996E+001                  4.1861054544344665E+000                  5.9973769987850294E+009                 -3.6118204158947602E+000                  5.2682571612870213E+000                  5.2629761017880344E+013                  2.5500501074658892E+001                  3.4655000210929358E+008                  1.6582282253939649E+000                  3.9221064812445938E-001                  6.2219278480444529E-001                  8.1852194571312908E-001                  8.5000496627254152E-001                  5.9943932629194489E+009                  2.9837358655806319E+006                  3.1341336043863879E+002                  3.9217206747585170E-001                  0.0000000000000000E+000                  1.1522944867734219E+004                  7.4057682954052643E+002                  3.6884565720578500E-023                  3.6884565720578500E-023                  0.0000000000000000E+000                  0.0000000000000000E+000                  1.4756270388759707E-024                  0.0000000000000000E+000                  3.0029482224426420E+001                  6.9999999999999996E-001                  2.9797635251138621E-005                  2.7997020236474884E-001                  4.1193902129486445E-003                  1.2067031330276047E-003                  1.1203876416666529E-002                  2.5129237964844936E-003                  9.5710644087274629E-004                  0.0000000000000000E+000                  0.0000000000000000E+000                  0.0000000000000000E+000                  0.0000000000000000E+000                  0.0000000000000000E+000                  0.0000000000000000E+000                  0.0000000000000000E+000                  0.0000000000000000E+000                  0.0000000000000000E+000                  0.0000000000000000E+000                 -8.0712052846562035E+000                 -9.8999999999999986E+001                  0.0000000000000000E+000                  0.0000000000000000E+000                 -9.8999999999999986E+001                 -9.8999999999999986E+001                  1.5388591098439397E+001                 -9.9000000000000000E+001                 -9.9000000000000000E+001                 -9.9000000000000000E+001 
                 3.8135989226253836E-001                  1.1677610599140218E+001                  4.0919553274616840E+000                  6.1088955818062925E+009                 -3.6069959876979785E+000                  5.2713958089789390E+000                  5.2903275179979062E+013                  2.5500668759858002E+001                  3.4642661392769742E+008                  1.6583745406024122E+000                  3.9230543953607844E-001                  6.2216296422031447E-001                  8.1887787848761162E-001                  8.5000496627254152E-001                  6.1058243332490911E+009                  3.0712485572011620E+006                  3.0230424635806736E+002                  3.9226832011933843E-001                  0.0000000000000000E+000                  1.1460834933460406E+004                  7.2689276109720447E+002                  3.7302325753783572E-023                  3.7302325753783572E-023                  0.0000000000000000E+000                  0.0000000000000000E+000                  1.4923402122052996E-024                  0.0000000000000000E+000                  8.1520465469565888E+000                  6.9999999999999996E-001                  2.9797635251138625E-005                  2.7997020236474890E-001                  4.1193902129486454E-003                  1.2067031330276049E-003                  1.1203876416666531E-002                  2.5129237964844941E-003                  9.5710644087274640E-004                  0.0000000000000000E+000                  0.0000000000000000E+000                  0.0000000000000000E+000                  0.0000000000000000E+000                  0.0000000000000000E+000                  0.0000000000000000E+000                  0.0000000000000000E+000                  0.0000000000000000E+000                  0.0000000000000000E+000                  0.0000000000000000E+000                 -8.0705269688330130E+000                 -9.8999999999999986E+001                  0.0000000000000000E+000                  0.0000000000000000E+000                 -9.8999999999999986E+001                 -9.8999999999999986E+001                  1.5389986418428224E+001                 -9.9000000000000000E+001                 -9.9000000000000000E+001                 -9.9000000000000000E+001 
                 3.7527300578410727E-001                  1.1592194041781203E+001                  4.0662628756130914E+000                  6.2224882962643099E+009                 -3.6021719543732562E+000                  5.2745352140856854E+000                  5.3178812598682734E+013                  2.5500984663640203E+001                  3.4630733992600918E+008                  1.6585148642263647E+000                  3.9239705382962414E-001                  6.2213412939601653E-001                  8.1920754595734580E-001                  8.5000496627254152E-001                  6.2193269462228403E+009                  3.1613500414698203E+006                  2.9650314141663597E+002                  3.9236143907281446E-001                  0.0000000000000000E+000                  1.1461575292704581E+004                  7.1342070468616214E+002                  3.7724813055083056E-023                  3.7724813055083056E-023                  0.0000000000000000E+000                  0.0000000000000000E+000                  1.5092425077108413E-024                  0.0000000000000000E+000                  5.8966568094184364E+000                  6.9999999999999996E-001                  2.9797635251138621E-005                  2.7997020236474890E-001                  4.1193902129486454E-003                  1.2067031330276049E-003                  1.1203876416666531E-002                  2.5129237964844945E-003                  9.5710644087274651E-004                  0.0000000000000000E+000                  0.0000000000000000E+000                  0.0000000000000000E+000                  0.0000000000000000E+000                  0.0000000000000000E+000                  0.0000000000000000E+000                  0.0000000000000000E+000                  0.0000000000000000E+000                  0.0000000000000000E+000                  0.0000000000000000E+000                 -8.0698807264423387E+000                 -9.8999999999999986E+001                  0.0000000000000000E+000                  0.0000000000000000E+000                 -9.8999999999999986E+001                 -9.8999999999999986E+001                  1.5393802711407032E+001                 -9.9000000000000000E+001                 -9.9000000000000000E+001                 -9.9000000000000000E+001 
                 3.6915507459196317E-001                  1.1506024086011307E+001                  4.0475838533920792E+000                  6.3381937304351959E+009                 -3.5973482267045234E+000                  5.2776753519782309E+000                  5.3456378149290289E+013                  2.5501467968305043E+001                  3.4619195286451650E+008                  1.6586494458128047E+000                  3.9248565210548503E-001                  6.2210664156395745E-001                  8.1948578749911039E-001                  8.5000496627254152E-001                  6.3349396136317968E+009                  3.2541168033995256E+006                  2.9139128343636901E+002                  3.9245147502245586E-001                  0.0000000000000000E+000                  1.1466400409057136E+004                  7.0016933680483817E+002                  3.8152089162631870E-023                  3.8152089162631870E-023                  0.0000000000000000E+000                  0.0000000000000000E+000                  1.5263363873300034E-024                  0.0000000000000000E+000                  1.7098278639750209E+001                  6.9999999999999996E-001                  2.9797635251138618E-005                  2.7997020236474884E-001                  4.1193902129486445E-003                  1.2067031330276047E-003                  1.1203876416666529E-002                  2.5129237964844936E-003                  9.5710644087274618E-004                  0.0000000000000000E+000                  0.0000000000000000E+000                  0.0000000000000000E+000                  0.0000000000000000E+000                  0.0000000000000000E+000                  0.0000000000000000E+000                  0.0000000000000000E+000                  0.0000000000000000E+000                  0.0000000000000000E+000                  0.0000000000000000E+000                 -8.0692944553650339E+000                 -9.8999999999999986E+001                  0.0000000000000000E+000                  0.0000000000000000E+000                 -9.8999999999999986E+001                 -9.8999999999999986E+001                  1.5397820889340888E+001                 -9.9000000000000000E+001                 -9.9000000000000000E+001                 -9.9000000000000000E+001 
                 3.6300676165834495E-001                  1.1419084492592834E+001                  3.9931521340741618E+000                  6.4560511906817484E+009                 -3.5925247371517566E+000                  5.2808161987877380E+000                  5.3735972905043594E+013                  2.5502149242863226E+001                  3.4608022202759755E+008                  1.6587785771295982E+000                  3.9257140860300610E-001                  6.2208092740307530E-001                  8.1968330099366471E-001                  8.5000496627254152E-001                  6.4527015630945625E+009                  3.3496275871857516E+006                  2.8390819282267955E+002                  3.9253852349124851E-001                  0.0000000000000000E+000                  1.1434630781735590E+004                  6.8713473904040438E+002                  3.8584214635006548E-023                  3.8584214635006548E-023                  0.0000000000000000E+000                  0.0000000000000000E+000                  1.5436242738106402E-024                  0.0000000000000000E+000                  3.5321313283152286E+001                  6.9999999999999996E-001                  2.9797635251138618E-005                  2.7997020236474884E-001                  4.1193902129486445E-003                  1.2067031330276047E-003                  1.1203876416666527E-002                  2.5129237964844936E-003                  9.5710644087274640E-004                  0.0000000000000000E+000                  0.0000000000000000E+000                  0.0000000000000000E+000                  0.0000000000000000E+000                  0.0000000000000000E+000                  0.0000000000000000E+000                  0.0000000000000000E+000                  0.0000000000000000E+000                  0.0000000000000000E+000                  0.0000000000000000E+000                 -8.0688025607770371E+000                 -9.8999999999999986E+001                  0.0000000000000000E+000                  0.0000000000000000E+000                 -9.8999999999999986E+001                 -9.8999999999999986E+001                  1.5400500014955067E+001                 -9.9000000000000000E+001                 -9.9000000000000000E+001                 -9.9000000000000000E+001 
                 3.5682876463595492E-001                  1.1331358383543296E+001                  3.8801651969814186E+000                  6.5761007148154545E+009                 -3.5877014565793344E+000                  5.2839577316701405E+000                  5.4017596323307242E+013                  2.5503038098370574E+001                  3.4597193474820983E+008                  1.6589026439122361E+000                  3.9265448370068712E-001                  6.2205733171267963E-001                  8.1978588820650400E-001                  8.5000496627254152E-001                  6.5726527513434134E+009                  3.4479634720412982E+006                  2.7254046841264841E+002                  3.9262271309363300E-001                  0.0000000000000000E+000                  1.1343642498483403E+004                  6.7430752327300991E+002                  3.9021247432948231E-023                  3.9021247432948231E-023                  0.0000000000000000E+000                  0.0000000000000000E+000                  1.5611084859700321E-024                  0.0000000000000000E+000                  5.5237872843407779E+001                  6.9999999999999996E-001                  2.9797635251138621E-005                  2.7997020236474884E-001                  4.1193902129486445E-003                  1.2067031330276047E-003                  1.1203876416666529E-002                  2.5129237964844941E-003                  9.5710644087274640E-004                  0.0000000000000000E+000                  0.0000000000000000E+000                  0.0000000000000000E+000                  0.0000000000000000E+000                  0.0000000000000000E+000                  0.0000000000000000E+000                  0.0000000000000000E+000                  0.0000000000000000E+000                  0.0000000000000000E+000                  0.0000000000000000E+000                 -8.0684233555755842E+000                 -9.8999999999999986E+001                  0.0000000000000000E+000                  0.0000000000000000E+000                 -9.8999999999999986E+001                 -9.8999999999999986E+001                  1.5400964837227933E+001                 -9.9000000000000000E+001                 -9.9000000000000000E+001                 -9.9000000000000000E+001 
                 3.5062181719640678E-001                  1.1242828197660653E+001                  3.7026405277560297E+000                  6.6983830857411413E+009                 -3.5828784007737191E+000                  5.2870999288154854E+000                  5.4301254027033188E+013                  2.5504085912646335E+001                  3.4586691699755794E+008                  1.6590221430883341E+000                  3.9273500036571601E-001                  6.2203592738797098E-001                  8.1981203392840540E-001                  8.5000496627254152E-001                  6.6948338777978983E+009                  3.5492079432435031E+006                  2.5700954723453492E+002                  3.9270417351030151E-001                  0.0000000000000000E+000                  1.1184429403235283E+004                  6.6167758607553003E+002                  3.9463242134374722E-023                  3.9463242134374716E-023                  0.0000000000000000E+000                  0.0000000000000000E+000                  1.5787912072901577E-024                  0.0000000000000000E+000                  7.2828206921349334E+001                  6.9999999999999996E-001                  2.9797635251138614E-005                  2.7997020236474884E-001                  4.1193902129486445E-003                  1.2067031330276047E-003                  1.1203876416666529E-002                  2.5129237964844941E-003                  9.5710644087274629E-004                  0.0000000000000000E+000                  0.0000000000000000E+000                  0.0000000000000000E+000                  0.0000000000000000E+000                  0.0000000000000000E+000                  0.0000000000000000E+000                  0.0000000000000000E+000                  0.0000000000000000E+000                  0.0000000000000000E+000                  0.0000000000000000E+000                 -8.0681373740074438E+000                 -9.8999999999999986E+001                  0.0000000000000000E+000                  0.0000000000000000E+000                 -9.8999999999999986E+001                 -9.8999999999999986E+001                  1.5398812712611011E+001                 -9.9000000000000000E+001                 -9.9000000000000000E+001                 -9.9000000000000000E+001 
                 3.4438669045172970E-001                  1.1153475641752388E+001                  3.4675210535521841E+000                  6.8229398454286261E+009                 -3.5780555994402712E+000                  5.2902427694888958E+000                  5.4586962085538289E+013                  2.5505228635881949E+001                  3.4576499928732347E+008                  1.6591375606268226E+000                  3.9281308892590305E-001                  6.2201669771724755E-001                  8.1978233045510973E-001                  8.5000496627254152E-001                  6.8192863984620743E+009                  3.6534469665520438E+006                  2.3793168019913077E+002                  3.9278303923305896E-001                  0.0000000000000000E+000                  1.0957749348550215E+004                  6.4923422061253098E+002                  3.9910252599154231E-023                  3.9910252599154231E-023                  0.0000000000000000E+000                  0.0000000000000000E+000                  1.5966745925263260E-024                  0.0000000000000000E+000                  8.4827291237994146E+001                  6.9999999999999996E-001                  2.9797635251138618E-005                  2.7997020236474884E-001                  4.1193902129486445E-003                  1.2067031330276047E-003                  1.1203876416666527E-002                  2.5129237964844941E-003                  9.5710644087274629E-004                  0.0000000000000000E+000                  0.0000000000000000E+000                  0.0000000000000000E+000                  0.0000000000000000E+000                  0.0000000000000000E+000                  0.0000000000000000E+000                  0.0000000000000000E+000                  0.0000000000000000E+000                  0.0000000000000000E+000                  0.0000000000000000E+000                 -8.0679221200480953E+000                 -9.8999999999999986E+001                  0.0000000000000000E+000                  0.0000000000000000E+000                 -9.8999999999999986E+001                 -9.8999999999999986E+001                  1.5393960851575915E+001                 -9.9000000000000000E+001                 -9.9000000000000000E+001                 -9.9000000000000000E+001 
                 3.3812419446166675E-001                  1.1063281645014943E+001                  3.1924614845266137E+000                  6.9498133090633411E+009                 -3.5732330937490198E+000                  5.2933862342604092E+000                  5.4874746579382422E+013                  2.5506393769674638E+001                  3.4566601210887814E+008                  1.6592493512956950E+000                  3.9288889497061924E-001                  6.2199956903945064E-001                  8.1971510683468662E-001                  8.5000496627254152E-001                  6.9460525399915953E+009                  3.7607690717458627E+006                  2.1661704283380962E+002                  3.9285947346395633E-001                  0.0000000000000000E+000                  1.0673387591324779E+004                  6.3696618367344547E+002                  4.0362332132159319E-023                  4.0362332132159319E-023                  0.0000000000000000E+000                  0.0000000000000000E+000                  1.6147607742304155E-024                  0.0000000000000000E+000                  8.7470049395804551E+001                  6.9999999999999996E-001                  2.9797635251138621E-005                  2.7997020236474884E-001                  4.1193902129486445E-003                  1.2067031330276047E-003                  1.1203876416666529E-002                  2.5129237964844936E-003                  9.5710644087274640E-004                  0.0000000000000000E+000                  0.0000000000000000E+000                  0.0000000000000000E+000                  0.0000000000000000E+000                  0.0000000000000000E+000                  0.0000000000000000E+000                  0.0000000000000000E+000                  0.0000000000000000E+000                  0.0000000000000000E+000                  0.0000000000000000E+000                 -8.0677570861701184E+000                 -9.8999999999999986E+001                  0.0000000000000000E+000                  0.0000000000000000E+000                 -9.8999999999999986E+001                 -9.8999999999999986E+001                  1.5386638420487056E+001                 -9.9000000000000000E+001                 -9.9000000000000000E+001                 -9.9000000000000000E+001 
                 3.3183517982470989E-001                  1.0972226310591665E+001                  2.9076315200972052E+000                  7.0790465794471455E+009                 -3.5684109362168992E+000                  5.2965303053310864E+000                  5.5164642326546938E+013                  2.5507501411288697E+001                  3.4556978548329979E+008                  1.6593579339348754E+000                  3.9296258305929321E-001                  6.2198441816794237E-001                  8.1962582354537528E-001                  8.5000496627254152E-001                  7.0751753140037165E+009                  3.8712654434286631E+006                  1.9515411912483859E+002                  3.9293368015878261E-001                  0.0000000000000000E+000                  1.0356236375578652E+004                  6.2486176115320836E+002                  4.0819533436872658E-023                  4.0819533436872658E-023                  0.0000000000000000E+000                  0.0000000000000000E+000                  1.6330518608948011E-024                  0.0000000000000000E+000                  7.5382966767344556E+001                  6.9999999999999996E-001                  2.9797635251138614E-005                  2.7997020236474884E-001                  4.1193902129486445E-003                  1.2067031330276049E-003                  1.1203876416666529E-002                  2.5129237964844941E-003                  9.5710644087274618E-004                  0.0000000000000000E+000                  0.0000000000000000E+000                  0.0000000000000000E+000                  0.0000000000000000E+000                  0.0000000000000000E+000                  0.0000000000000000E+000                  0.0000000000000000E+000                  0.0000000000000000E+000                  0.0000000000000000E+000                  0.0000000000000000E+000                 -8.0676244739288379E+000                 -9.8999999999999986E+001                  0.0000000000000000E+000                  0.0000000000000000E+000                 -9.8999999999999986E+001                 -9.8999999999999986E+001                  1.5377692901300660E+001                 -9.9000000000000000E+001                 -9.9000000000000000E+001                 -9.9000000000000000E+001 
                 3.2552053935715064E-001                  1.0880288863509962E+001                  2.6611606760563040E+000                  7.2106835616768522E+009                 -3.5635891893252318E+000                  5.2996749670148642E+000                  5.5456690927417086E+013                  2.5508465126190629E+001                  3.4547614826718903E+008                  1.6594636895451400E+000                  3.9303434169091922E-001                  6.2197108029026626E-001                  8.1952641059457809E-001                  8.5000496627254152E-001                  7.2066985316546297E+009                  3.9850300222222884E+006                  1.7673282045505039E+002                  3.9300592349166497E-001                  0.0000000000000000E+000                  1.0061709990879004E+004                  6.1290883584440803E+002                  4.1281908689627944E-023                  4.1281908689627944E-023                  0.0000000000000000E+000                  0.0000000000000000E+000                  1.6515499399224797E-024                  0.0000000000000000E+000                  4.3197898083357515E+001                  6.9999999999999996E-001                  2.9797635251138614E-005                  2.7997020236474884E-001                  4.1193902129486445E-003                  1.2067031330276047E-003                  1.1203876416666529E-002                  2.5129237964844936E-003                  9.5710644087274629E-004                  0.0000000000000000E+000                  0.0000000000000000E+000                  0.0000000000000000E+000                  0.0000000000000000E+000                  0.0000000000000000E+000                  0.0000000000000000E+000                  0.0000000000000000E+000                  0.0000000000000000E+000                  0.0000000000000000E+000                  0.0000000000000000E+000                 -8.0675100266112132E+000                 -9.8999999999999986E+001                  0.0000000000000000E+000                  0.0000000000000000E+000                 -9.8999999999999986E+001                 -9.8999999999999986E+001                  1.5369377938648375E+001                 -9.9000000000000000E+001                 -9.9000000000000000E+001                 -9.9000000000000000E+001 
                 3.1918120986598258E-001                  1.0787447594918552E+001                  2.5193693582124776E+000                  7.3447689781309109E+009                 -3.5587679073091207E+000                  5.3028202062494421E+000                  5.5750932471862711E+013                  2.5509203612767564E+001                  3.4538493911539292E+008                  1.6595669151927173E+000                  3.9310437450824337E-001                  6.2195929005012762E-001                  8.1942433849899077E-001                  8.5000496627254152E-001                  7.3406668185178671E+009                  4.1021596130439523E+006                  1.6560798659256369E+002                  3.9307653136849968E-001                  0.0000000000000000E+000                  9.8876128791964729E+003                  6.0109767239689427E+002                  4.5066847606427236E-023                  4.5066847606427230E-023                  0.0000000000000000E+000                  0.0000000000000000E+000                  1.8029725851037806E-024                  0.0000000000000000E+000                 -8.1373553219413424E+000                  6.9999999999999996E-001                  2.9797635251138618E-005                  2.7997020236474884E-001                  4.1193902129486445E-003                  1.2067031330276045E-003                  1.1203876416666529E-002                  2.5129237964844936E-003                  9.5710644087274629E-004                  0.0000000000000000E+000                  0.0000000000000000E+000                  0.0000000000000000E+000                  0.0000000000000000E+000                  0.0000000000000000E+000                  0.0000000000000000E+000                  0.0000000000000000E+000                  0.0000000000000000E+000                  0.0000000000000000E+000                  0.0000000000000000E+000                 -8.0674041419913038E+000                 -9.8999999999999986E+001                  0.0000000000000000E+000                  0.0000000000000000E+000                 -9.8999999999999986E+001                 -9.8999999999999986E+001                  1.5366075530105713E+001                 -9.9000000000000000E+001                 -9.9000000000000000E+001                 -9.9000000000000000E+001 
                 3.1281817401984896E-001                  1.0693679805883196E+001                  2.5461790208054116E+000                  7.4813483838037291E+009                 -3.5539470548484067E+000                  5.3059660124126333E+000                  5.6047374575011312E+013                  2.5509693337319419E+001                  3.4529605896561122E+008                  1.6596676327380326E+000                  3.9317282517794960E-001                  6.2194841674985923E-001                  8.1932363928534302E-001                  8.5000496627254152E-001                  7.4771256298307447E+009                  4.2227539729839489E+006                  1.6571523512531024E+002                  3.9314580845560981E-001                  0.0000000000000000E+000                  9.9409765906229804E+003                  5.8943311892085842E+002                  5.2117573134853148E-023                  5.2117573134853148E-023                  0.0000000000000000E+000                  0.0000000000000000E+000                  2.0850483389793090E-024                  0.0000000000000000E+000                 -6.5775507413179014E+001                  6.9999999999999996E-001                  2.9797635251138628E-005                  2.7997020236474890E-001                  4.1193902129486454E-003                  1.2067031330276049E-003                  1.1203876416666531E-002                  2.5129237964844941E-003                  9.5710644087274651E-004                  0.0000000000000000E+000                  0.0000000000000000E+000                  0.0000000000000000E+000                  0.0000000000000000E+000                  0.0000000000000000E+000                  0.0000000000000000E+000                  0.0000000000000000E+000                  0.0000000000000000E+000                  0.0000000000000000E+000                  0.0000000000000000E+000                 -8.0673003542083901E+000                 -9.8999999999999986E+001                  0.0000000000000000E+000                  0.0000000000000000E+000                 -9.8999999999999986E+001                 -9.8999999999999986E+001                  1.5372756214662026E+001                 -9.9000000000000000E+001                 -9.9000000000000000E+001                 -9.9000000000000000E+001 
                 3.0643246230674981E-001                  1.0598961764226258E+001                  2.7636579638068723E+000                  7.6204681815553303E+009                 -3.5491265434735086E+000                  5.3091123761660901E+000                  5.6346005934882148E+013                  2.5509936716440944E+001                  3.4520942818443698E+008                  1.6597657967116912E+000                  3.9323980171038353E-001                  6.2193776721021610E-001                  8.1923067879699263E-001                  8.5000496627254152E-001                  7.6161212656927576E+009                  4.3469158625726206E+006                  1.7815388504846453E+002                  3.9321391568311614E-001                  0.0000000000000000E+000                  1.0250314799523438E+004                  5.7792487836529472E+002                  6.0252580835840599E-023                  6.0252580835840599E-023                  0.0000000000000000E+000                  0.0000000000000000E+000                  2.4105025671298259E-024                  0.0000000000000000E+000                 -1.1025462505389729E+002                  6.9999999999999996E-001                  2.9797635251138618E-005                  2.7997020236474884E-001                  4.1193902129486445E-003                  1.2067031330276047E-003                  1.1203876416666529E-002                  2.5129237964844932E-003                  9.5710644087274618E-004                  0.0000000000000000E+000                  0.0000000000000000E+000                  0.0000000000000000E+000                  0.0000000000000000E+000                  0.0000000000000000E+000                  0.0000000000000000E+000                  0.0000000000000000E+000                  0.0000000000000000E+000                  0.0000000000000000E+000                  0.0000000000000000E+000                 -8.0671887519935410E+000                 -9.8999999999999986E+001                  0.0000000000000000E+000                  0.0000000000000000E+000                 -9.8999999999999986E+001                 -9.8999999999999986E+001                  1.5390475090766747E+001                 -9.9000000000000000E+001                 -9.9000000000000000E+001                 -9.9000000000000000E+001 
                 3.0002515505853450E-001                  1.0503268648787259E+001                  3.1294346871461944E+000                  7.7621756377326632E+009                 -3.5443062593916355E+000                  5.3122592881214477E+000                  5.6646807835476883E+013                  2.5509944990157532E+001                  3.4512496411748284E+008                  1.6598613949126741E+000                  3.9330539406327369E-001                  6.2192671542892852E-001                  8.1915484971735431E-001                  8.5000496627254152E-001                  7.7577008866474533E+009                  4.4747510852100328E+006                  1.9988637045627834E+002                  3.9328084775031635E-001                  0.0000000000000000E+000                  1.0730088434528056E+004                  5.6658247345095322E+002                  6.9635677507538813E-023                  6.9635677507538813E-023                  0.0000000000000000E+000                  0.0000000000000000E+000                  2.7858886274163135E-024                  0.0000000000000000E+000                 -1.2414598811985080E+002                  6.9999999999999996E-001                  2.9797635251138628E-005                  2.7997020236474890E-001                  4.1193902129486454E-003                  1.2067031330276049E-003                  1.1203876416666529E-002                  2.5129237964844945E-003                  9.5710644087274651E-004                  0.0000000000000000E+000                  0.0000000000000000E+000                  0.0000000000000000E+000                  0.0000000000000000E+000                  0.0000000000000000E+000                  0.0000000000000000E+000                  0.0000000000000000E+000                  0.0000000000000000E+000                  0.0000000000000000E+000                  0.0000000000000000E+000                 -8.0670554552185294E+000                 -9.8999999999999986E+001                  0.0000000000000000E+000                  0.0000000000000000E+000                 -9.8999999999999986E+001                 -9.8999999999999986E+001                  1.5414822132701040E+001                 -9.9000000000000000E+001                 -9.9000000000000000E+001                 -9.9000000000000000E+001 
                 2.9359738456129214E-001                  1.0406574482096874E+001                  3.5426122692279862E+000                  7.9065188981862631E+009                 -3.5394860683948060E+000                  5.3154067379081544E+000                  5.6949757426775555E+013                  2.5509740515549090E+001                  3.4504258077168643E+008                  1.6599544551861072E+000                  3.9336966858352551E-001                  6.2191469361269125E-001                  8.1910774855785873E-001                  8.5000496627254152E-001                  7.9019125296491270E+009                  4.6063685371357063E+006                  2.2430154870731360E+002                  3.9334648302130326E-001                  0.0000000000000000E+000                  1.1234967216986530E+004                  5.5541523178834814E+002                  8.0454966560486977E-023                  8.0454966560486977E-023                  0.0000000000000000E+000                  0.0000000000000000E+000                  3.2187319032844123E-024                  0.0000000000000000E+000                 -9.6405697082690509E+001                  6.9999999999999996E-001                  2.9797635251138625E-005                  2.7997020236474890E-001                  4.1193902129486454E-003                  1.2067031330276047E-003                  1.1203876416666533E-002                  2.5129237964844941E-003                  9.5710644087274662E-004                  0.0000000000000000E+000                  0.0000000000000000E+000                  0.0000000000000000E+000                  0.0000000000000000E+000                  0.0000000000000000E+000                  0.0000000000000000E+000                  0.0000000000000000E+000                  0.0000000000000000E+000                  0.0000000000000000E+000                  0.0000000000000000E+000                 -8.0668838459819874E+000                 -9.8999999999999986E+001                  0.0000000000000000E+000                  0.0000000000000000E+000                 -9.8999999999999986E+001                 -9.8999999999999986E+001                  1.5439344520339318E+001                 -9.9000000000000000E+001                 -9.9000000000000000E+001                 -9.9000000000000000E+001 
                 2.8715033727203382E-001                  1.0308852055777239E+001                  3.8644279883026735E+000                  8.0535470045472927E+009                 -3.5346658232014061E+000                  5.3185547137006921E+000                  5.7254832145440031E+013                  2.5509359469971916E+001                  3.4496218884362972E+008                  1.6600450498977943E+000                  3.9343266184691650E-001                  6.2190118063001254E-001                  8.1910218130747769E-001                  8.5000496627254152E-001                  8.0488051242742100E+009                  4.7418802730822712E+006                  2.4265407696204693E+002                  3.9341064101491641E-001                  0.0000000000000000E+000                  1.1617302019088218E+004                  5.4443227234464109E+002                  9.2926380527709784E-023                  9.2926380527709796E-023                  0.0000000000000000E+000                  0.0000000000000000E+000                  3.7176711275920486E-024                  0.0000000000000000E+000                 -2.6422381044880606E+001                  6.9999999999999996E-001                  2.9797635251138618E-005                  2.7997020236474884E-001                  4.1193902129486445E-003                  1.2067031330276047E-003                  1.1203876416666529E-002                  2.5129237964844936E-003                  9.5710644087274629E-004                  0.0000000000000000E+000                  0.0000000000000000E+000                  0.0000000000000000E+000                  0.0000000000000000E+000                  0.0000000000000000E+000                  0.0000000000000000E+000                  0.0000000000000000E+000                  0.0000000000000000E+000                  0.0000000000000000E+000                  0.0000000000000000E+000                 -8.0666561405589778E+000                 -9.8999999999999986E+001                  0.0000000000000000E+000                  0.0000000000000000E+000                 -9.8999999999999986E+001                 -9.8999999999999986E+001                  1.5458507671302232E+001                 -9.9000000000000000E+001                 -9.9000000000000000E+001                 -9.9000000000000000E+001 
                 2.8068525615417128E-001                  1.0210072847400005E+001                  3.9528763164111651E+000                  8.2033099107432623E+009                 -3.5298453805836867E+000                  5.3217032021060771E+000                  5.7562017064174305E+013                  2.5508854698829847E+001                  3.4488369582378638E+008                  1.6601333011583039E+000                  3.9349437534248338E-001                  6.2188571339227461E-001                  8.1915036391879015E-001                  8.5000496627254152E-001                  8.1984285091566219E+009                  4.8814015866401419E+006                  2.4628049956899577E+002                  3.9347312759111902E-001                  0.0000000000000000E+000                  1.1751524265848893E+004                  5.3364248402958799E+002                  1.0729771446062408E-022                  1.0729771446062406E-022                  0.0000000000000000E+000                  0.0000000000000000E+000                  4.2926197451912667E-024                  0.0000000000000000E+000                  7.2240213775384774E+001                  6.9999999999999996E-001                  2.9797635251138621E-005                  2.7997020236474884E-001                  4.1193902129486445E-003                  1.2067031330276047E-003                  1.1203876416666529E-002                  2.5129237964844936E-003                  9.5710644087274629E-004                  0.0000000000000000E+000                  0.0000000000000000E+000                  0.0000000000000000E+000                  0.0000000000000000E+000                  0.0000000000000000E+000                  0.0000000000000000E+000                  0.0000000000000000E+000                  0.0000000000000000E+000                  0.0000000000000000E+000                  0.0000000000000000E+000                 -8.0663560640157694E+000                 -9.8999999999999986E+001                  0.0000000000000000E+000                  0.0000000000000000E+000                 -9.8999999999999986E+001                 -9.8999999999999986E+001                  1.5468205115684826E+001                 -9.9000000000000000E+001                 -9.9000000000000000E+001                 -9.9000000000000000E+001 
                 2.7420344314660722E-001                  1.0110206925699000E+001                  3.7104279742231414E+000                  8.3558584995630703E+009                 -3.5250247614876336E+000                  5.3248521885253348E+000                  5.7871337532820914E+013                  2.5508292933012811E+001                  3.4480700167396706E+008                  1.6602194428152333E+000                  3.9355481227241274E-001                  6.2186834128457746E-001                  8.1924813366259208E-001                  8.5000496627254152E-001                  8.3508334484494743E+009                  5.0250511135955891E+006                  2.2950667492701922E+002                  3.9353379481490269E-001                  0.0000000000000000E+000                  1.1542010680353325E+004                  5.2305438579602242E+002                  1.2385319023136702E-022                  1.2385319023136702E-022                  0.0000000000000000E+000                  0.0000000000000000E+000                  4.9549485152875658E-024                  0.0000000000000000E+000                  1.7345719422612783E+002                  6.9999999999999996E-001                  2.9797635251138618E-005                  2.7997020236474884E-001                  4.1193902129486445E-003                  1.2067031330276049E-003                  1.1203876416666527E-002                  2.5129237964844936E-003                  9.5710644087274618E-004                  0.0000000000000000E+000                  0.0000000000000000E+000                  0.0000000000000000E+000                  0.0000000000000000E+000                  0.0000000000000000E+000                  0.0000000000000000E+000                  0.0000000000000000E+000                  0.0000000000000000E+000                  0.0000000000000000E+000                  0.0000000000000000E+000                 -8.0659906945923030E+000                 -9.8999999999999986E+001                  0.0000000000000000E+000                  0.0000000000000000E+000                 -9.8999999999999986E+001                 -9.8999999999999986E+001                  1.5465183071234655E+001                 -9.9000000000000000E+001                 -9.9000000000000000E+001                 -9.9000000000000000E+001 
                 2.6770626180714652E-001                  1.0009222809791234E+001                  3.1269009097453520E+000                  8.5112446003688755E+009                 -3.5202041348792301E+000                  5.3280016580392733E+000                  5.8182851868852984E+013                  2.5507732624068971E+001                  3.4473200776796269E+008                  1.6603037654518193E+000                  3.9361399944241998E-001                  6.2184951982026404E-001                  8.1937907769250196E-001                  8.5000496627254152E-001                  8.5060716494037876E+009                  5.1729509650880331E+006                  1.9213207193382948E+002                  3.9359260428902482E-001                  0.0000000000000000E+000                  1.0924412592727733E+004                  5.1267467843311420E+002                  1.4291869362310750E-022                  1.4291869362310750E-022                  0.0000000000000000E+000                  0.0000000000000000E+000                  5.7176950297805969E-024                  0.0000000000000000E+000                  2.4740897239392109E+002                  6.9999999999999996E-001                  2.9797635251138625E-005                  2.7997020236474890E-001                  4.1193902129486454E-003                  1.2067031330276049E-003                  1.1203876416666531E-002                  2.5129237964844941E-003                  9.5710644087274640E-004                  0.0000000000000000E+000                  0.0000000000000000E+000                  0.0000000000000000E+000                  0.0000000000000000E+000                  0.0000000000000000E+000                  0.0000000000000000E+000                  0.0000000000000000E+000                  0.0000000000000000E+000                  0.0000000000000000E+000                  0.0000000000000000E+000                 -8.0655848294882055E+000                 -9.8999999999999986E+001                  0.0000000000000000E+000                  0.0000000000000000E+000                 -9.8999999999999986E+001                 -9.8999999999999986E+001                  1.5446176225948495E+001                 -9.9000000000000000E+001                 -9.9000000000000000E+001                 -9.9000000000000000E+001 
                 2.6119514021510065E-001                  9.9070873210463066E+000                  2.2928070012920565E+000                  8.6695210074907761E+009                 -3.5153836687858435E+000                  5.3311515963982030E+000                  5.8496619583414500E+013                  2.5507211914615592E+001                  3.4465862640643299E+008                  1.6603865242449094E+000                  3.9367196772856516E-001                  6.2182965624819275E-001                  8.1953110711675869E-001                  8.5000496627254152E-001                  8.6641957806153374E+009                  5.3252268754395628E+006                  1.4003772112488645E+002                  3.9364963939359354E-001                  0.0000000000000000E+000                  9.8571644810092821E+003                  5.0250308763293901E+002                  1.6486780007807929E-022                  1.6486780007807929E-022                  0.0000000000000000E+000                  0.0000000000000000E+000                  6.5958047831444869E-024                  0.0000000000000000E+000                  2.7125524599220694E+002                  6.9999999999999996E-001                  2.9797635251138625E-005                  2.7997020236474890E-001                  4.1193902129486454E-003                  1.2067031330276051E-003                  1.1203876416666531E-002                  2.5129237964844941E-003                  9.5710644087274651E-004                  0.0000000000000000E+000                  0.0000000000000000E+000                  0.0000000000000000E+000                  0.0000000000000000E+000                  0.0000000000000000E+000                  0.0000000000000000E+000                  0.0000000000000000E+000                  0.0000000000000000E+000                  0.0000000000000000E+000                  0.0000000000000000E+000                 -8.0651577781808861E+000                 -9.8999999999999986E+001                  0.0000000000000000E+000                  0.0000000000000000E+000                 -9.8999999999999986E+001                 -9.8999999999999986E+001                  1.5406496494202695E+001                 -9.9000000000000000E+001                 -9.9000000000000000E+001                 -9.9000000000000000E+001 
                 2.5467157412710106E-001                  9.8037654581657723E+000                  1.3765719314199030E+000                  8.8307414982820816E+009                 -3.5105635155439257E+000                  5.3343019908338665E+000                  5.8812697333762633E+013                  2.5506746260539732E+001                  3.4458678122824299E+008                  1.6604679272360141E+000                  3.9372875318237555E-001                  6.2180910072269002E-001                  8.1969797626116125E-001                  8.5000496627254152E-001                  8.8252594899297981E+009                  5.4820083522833623E+006                  8.3629633695294885E+001                  3.9370508486388495E-001                  0.0000000000000000E+000                  8.3011760976515652E+003                  4.9253717844814355E+002                  1.9012862617424745E-022                  1.9012862617424748E-022                  0.0000000000000000E+000                  0.0000000000000000E+000                  7.6064052769298037E-024                  0.0000000000000000E+000                  2.3790696518146370E+002                  6.9999999999999996E-001                  2.9797635251138614E-005                  2.7997020236474884E-001                  4.1193902129486445E-003                  1.2067031330276047E-003                  1.1203876416666529E-002                  2.5129237964844936E-003                  9.5710644087274618E-004                  0.0000000000000000E+000                  0.0000000000000000E+000                  0.0000000000000000E+000                  0.0000000000000000E+000                  0.0000000000000000E+000                  0.0000000000000000E+000                  0.0000000000000000E+000                  0.0000000000000000E+000                  0.0000000000000000E+000                  0.0000000000000000E+000                 -8.0647209134874664E+000                 -9.8999999999999986E+001                  0.0000000000000000E+000                  0.0000000000000000E+000                 -9.8999999999999986E+001                 -9.8999999999999986E+001                  1.5336944515852236E+001                 -9.9000000000000000E+001                 -9.9000000000000000E+001                 -9.9000000000000000E+001 
                 2.4813713034529158E-001                  9.6992202636866569E+000                  5.7163939721350721E-001                  8.9949608514383221E+009                 -3.5057438034265638E+000                  5.3374528305476510E+000                  5.9131136369988078E+013                  2.5506326959266591E+001                  3.4451640711385810E+008                  1.6605481291471176E+000                  3.9378439832939643E-001                  6.2178815439406765E-001                  8.1987995566810157E-001                  8.5000496627254152E-001                  8.9893174226178112E+009                  5.6434288205107050E+006                  3.4567946830776847E+001                  3.9375918653945380E-001                  0.0000000000000000E+000                  6.1491172346676040E+003                  4.8277425374824475E+002                  2.1919164593136456E-022                  2.1919164593136456E-022                  0.0000000000000000E+000                  0.0000000000000000E+000                  8.7691187238402482E-024                  0.0000000000000000E+000                  1.6678649191782293E+002                  6.9999999999999996E-001                  2.9797635251138625E-005                  2.7997020236474890E-001                  4.1193902129486454E-003                  1.2067031330276047E-003                  1.1203876416666533E-002                  2.5129237964844941E-003                  9.5710644087274640E-004                  0.0000000000000000E+000                  0.0000000000000000E+000                  0.0000000000000000E+000                  0.0000000000000000E+000                  0.0000000000000000E+000                  0.0000000000000000E+000                  0.0000000000000000E+000                  0.0000000000000000E+000                  0.0000000000000000E+000                  0.0000000000000000E+000                 -8.0642764742457747E+000                 -9.8999999999999986E+001                  0.0000000000000000E+000                  0.0000000000000000E+000                 -9.8999999999999986E+001                 -9.8999999999999986E+001                  1.5211776554742869E+001                 -9.9000000000000000E+001                 -9.9000000000000000E+001                 -9.9000000000000000E+001 
                 2.4159345030298043E-001                  9.5934126789652172E+000                  6.5376780600411915E-003                  9.1622348656798420E+009                 -3.5009246105477367E+000                  5.3406040886903288E+000                  5.9451978511172250E+013                  2.5505920315325902E+001                  3.4444745043006140E+008                  1.6606272275843728E+000                  3.9383895219855569E-001                  6.2176707807818554E-001                  8.2008418588583643E-001                  8.5000496627254152E-001                  9.1564252408954525E+009                  5.8096247843889855E+006                  3.9380993834073313E-001                  3.9380993834073313E-001                  0.0000000000000000E+000                  4.2748928572399177E-003                  4.7321140935093348E+002                  2.5261842768495763E-022                  2.5261842768495763E-022                  0.0000000000000000E+000                  0.0000000000000000E+000                  1.0106411580633183E-023                  0.0000000000000000E+000                 -6.2522960646049534E-003                  6.9999999999999996E-001                  2.9797635251138618E-005                  2.7997020236474884E-001                  4.1193902129486445E-003                  1.2067031330276047E-003                  1.1203876416666529E-002                  2.5129237964844936E-003                  9.5710644087274629E-004                  0.0000000000000000E+000                  0.0000000000000000E+000                  0.0000000000000000E+000                  0.0000000000000000E+000                  0.0000000000000000E+000                  0.0000000000000000E+000                  0.0000000000000000E+000                  0.0000000000000000E+000                  0.0000000000000000E+000                  0.0000000000000000E+000                 -8.0638167739766065E+000                 -9.8999999999999986E+001                  0.0000000000000000E+000                  0.0000000000000000E+000                 -9.8999999999999986E+001                 -9.8999999999999986E+001                 -9.9000000000000000E+001                 -9.9000000000000000E+001                  9.0591511077143316E+000                 -9.9000000000000000E+001 
                 2.3504225388207300E-001                  9.4863013904594418E+000                  6.5588862621825516E-003                  9.3326203785987244E+009                 -3.4961059293598824E+000                  5.3437557631412753E+000                  5.9775249063915227E+013                  2.5505489281001925E+001                  3.4437985776839066E+008                  1.6607052481751532E+000                  3.9389247220749124E-001                  6.2174612116053041E-001                  8.2031862642838405E-001                  8.5000496627254152E-001                  9.3266396405359631E+009                  5.9807380627610171E+006                  3.9386043078774552E-001                  3.9386043078774552E-001                  0.0000000000000000E+000                  0.0000000000000000E+000                  4.6384535840093309E+002                  2.9105218006449640E-022                  2.9105218006449645E-022                  0.0000000000000000E+000                  0.0000000000000000E+000                  1.1644016457184252E-023                  0.0000000000000000E+000                 -4.7058171225948407E-003                  6.9999999999999996E-001                  2.9797635251138625E-005                  2.7997020236474890E-001                  4.1193902129486454E-003                  1.2067031330276049E-003                  1.1203876416666533E-002                  2.5129237964844941E-003                  9.5710644087274640E-004                  0.0000000000000000E+000                  0.0000000000000000E+000                  0.0000000000000000E+000                  0.0000000000000000E+000                  0.0000000000000000E+000                  0.0000000000000000E+000                  0.0000000000000000E+000                  0.0000000000000000E+000                  0.0000000000000000E+000                  0.0000000000000000E+000                 -8.0633301623397102E+000                 -9.8999999999999986E+001                  0.0000000000000000E+000                  0.0000000000000000E+000                 -9.8999999999999986E+001                 -9.8999999999999986E+001                 -9.9000000000000000E+001                 -9.9000000000000000E+001                 -9.9000000000000000E+001                 -9.9000000000000000E+001 
                 2.2848534346948307E-001                  9.3778426681290057E+000                  6.5748626279162146E-003                  9.5061752858421974E+009                 -3.4912876133490740E+000                  5.3469078816634044E+000                  6.0100948310177758E+013                  2.5505041183386350E+001                  3.4431355585651851E+008                  1.6607821672879104E+000                  3.9394503154204796E-001                  6.2172559850116982E-001                  8.2057864741423758E-001                  8.5000496627254152E-001                  9.5000183694489765E+009                  6.1569163932216251E+006                  3.9391439901790437E-001                  3.9391439901790437E-001                  0.0000000000000000E+000                  0.0000000000000000E+000                  4.5467244038305790E+002                  3.3522964501427960E-022                  3.3522964501427960E-022                  0.0000000000000000E+000                  0.0000000000000000E+000                  1.3411407916196353E-023                  0.0000000000000000E+000                 -3.0530691529185600E-003                  6.9999999999999996E-001                  2.9797635251138621E-005                  2.7997020236474884E-001                  4.1193902129486445E-003                  1.2067031330276049E-003                  1.1203876416666529E-002                  2.5129237964844932E-003                  9.5710644087274629E-004                  0.0000000000000000E+000                  0.0000000000000000E+000                  0.0000000000000000E+000                  0.0000000000000000E+000                  0.0000000000000000E+000                  0.0000000000000000E+000                  0.0000000000000000E+000                  0.0000000000000000E+000                  0.0000000000000000E+000                  0.0000000000000000E+000                 -8.0628166212768484E+000                 -9.8999999999999986E+001                  0.0000000000000000E+000                  0.0000000000000000E+000                 -9.8999999999999986E+001                 -9.8999999999999986E+001                 -9.9000000000000000E+001                 -9.9000000000000000E+001                 -9.9000000000000000E+001                 -9.9000000000000000E+001 
                 2.2192460822242632E-001                  9.2679901982882225E+000                  6.5852339196856204E-003                  9.6829585600891018E+009                 -3.4864694996066472E+000                  5.3500604369473832E+000                  6.0429069731481102E+013                  2.5504608704251844E+001                  3.4424846338179266E+008                  1.6608579944337942E+000                  3.9399672302923988E-001                  6.2170590247922553E-001                  8.2085277881358176E-001                  8.5000496627254152E-001                  9.6766202500732536E+009                  6.3383100158490492E+006                  3.9396746249349235E-001                  3.9396746249349235E-001                  0.0000000000000000E+000                  0.0000000000000000E+000                  4.4568878761368734E+002                  3.8599353109841372E-022                  3.8599353109841372E-022                  0.0000000000000000E+000                  0.0000000000000000E+000                  1.5442299887859805E-023                  0.0000000000000000E+000                 -1.3157048270255054E-003                  6.9999999999999996E-001                  2.9797635251138621E-005                  2.7997020236474884E-001                  4.1193902129486445E-003                  1.2067031330276049E-003                  1.1203876416666529E-002                  2.5129237964844936E-003                  9.5710644087274629E-004                  0.0000000000000000E+000                  0.0000000000000000E+000                  0.0000000000000000E+000                  0.0000000000000000E+000                  0.0000000000000000E+000                  0.0000000000000000E+000                  0.0000000000000000E+000                  0.0000000000000000E+000                  0.0000000000000000E+000                  0.0000000000000000E+000                 -8.0622850849166472E+000                 -9.8999999999999986E+001                  0.0000000000000000E+000                  0.0000000000000000E+000                 -9.8999999999999986E+001                 -9.8999999999999986E+001                 -9.9000000000000000E+001                 -9.9000000000000000E+001                 -9.9000000000000000E+001                 -9.9000000000000000E+001 
                 2.1536202857628689E-001                  9.1566948642755168E+000                  6.5897046322998722E-003                  9.8630302707126617E+009                 -3.4816514759009287E+000                  5.3532134212316898E+000                  6.0759608342987430E+013                  2.5504244226523340E+001                  3.4418449307559156E+008                  1.6609327857818961E+000                  3.9404766000203340E-001                  6.2168749458314509E-001                  8.2112464263014062E-001                  8.5000496627254152E-001                  9.8565051971158657E+009                  6.5250735967958122E+006                  3.9401956794113191E-001                  3.9401956794113191E-001                  0.0000000000000000E+000                  0.0000000000000000E+000                  4.3688902937518196E+002                  4.4430780505470207E-022                  4.4430780505470207E-022                  0.0000000000000000E+000                  0.0000000000000000E+000                  1.7775257433422620E-023                  0.0000000000000000E+000                  4.9588393686720656E-004                  6.9999999999999996E-001                  2.9797635251138625E-005                  2.7997020236474890E-001                  4.1193902129486454E-003                  1.2067031330276049E-003                  1.1203876416666529E-002                  2.5129237964844945E-003                  9.5710644087274651E-004                  0.0000000000000000E+000                  0.0000000000000000E+000                  0.0000000000000000E+000                  0.0000000000000000E+000                  0.0000000000000000E+000                  0.0000000000000000E+000                  0.0000000000000000E+000                  0.0000000000000000E+000                  0.0000000000000000E+000                  0.0000000000000000E+000                 -8.0617521832772745E+000                 -9.8999999999999986E+001                  0.0000000000000000E+000                  0.0000000000000000E+000                 -9.8999999999999986E+001                 -9.8999999999999986E+001                 -9.9000000000000000E+001                 -9.9000000000000000E+001                 -9.9000000000000000E+001                 -9.9000000000000000E+001 
                 2.0879968110679895E-001                  9.0439044847368457E+000                  6.5880196980404680E-003                  1.0046451604036373E+010                 -3.4768334841932247E+000                  5.3563668275722938E+000                  6.1092561838298188E+013                  2.5504017947841895E+001                  3.4412155306189466E+008                  1.6610066442516793E+000                  3.9409797498785210E-001                  6.2167089614253301E-001                  8.2137381366623086E-001                  8.5000496627254152E-001                  1.0039734237601999E+010                  6.7173664343745848E+006                  3.9407082107039765E-001                  3.9407082107039765E-001                  0.0000000000000000E+000                  0.0000000000000000E+000                  4.2826378964208413E+002                  5.1127479684179268E-022                  5.1127479684179268E-022                  0.0000000000000000E+000                  0.0000000000000000E+000                  2.0454381060522054E-023                  0.0000000000000000E+000                  2.3747910662610602E-003                  6.9999999999999996E-001                  2.9797635251138625E-005                  2.7997020236474890E-001                  4.1193902129486454E-003                  1.2067031330276049E-003                  1.1203876416666529E-002                  2.5129237964844941E-003                  9.5710644087274640E-004                  0.0000000000000000E+000                  0.0000000000000000E+000                  0.0000000000000000E+000                  0.0000000000000000E+000                  0.0000000000000000E+000                  0.0000000000000000E+000                  0.0000000000000000E+000                  0.0000000000000000E+000                  0.0000000000000000E+000                  0.0000000000000000E+000                 -8.0612413545181063E+000                 -9.8999999999999986E+001                  0.0000000000000000E+000                  0.0000000000000000E+000                 -9.8999999999999986E+001                 -9.8999999999999986E+001                 -9.9000000000000000E+001                 -9.9000000000000000E+001                 -9.9000000000000000E+001                 -9.9000000000000000E+001 
                 2.0223974381039778E-001                  8.9295635214842370E+000                  6.5799535016269157E-003                  1.0233284883958912E+010                 -3.4720155198225857E+000                  5.3595206498266705E+000                  6.1427931409058234E+013                  2.5504015348250764E+001                  3.4405954852253711E+008                  1.6610797158903297E+000                  3.9414781727813514E-001                  6.2165667596130025E-001                  8.2157700828403146E-001                  8.5000496627254152E-001                  1.0226369531358259E+010                  6.9153526006522514E+006                  3.9412132591311572E-001                  3.9412132591311572E-001                  0.0000000000000000E+000                  0.0000000000000000E+000                  4.1980385083709746E+002                  5.8815464748072035E-022                  5.8815464748072035E-022                  0.0000000000000000E+000                  0.0000000000000000E+000                  2.3530084765832285E-023                  0.0000000000000000E+000                  4.3250771757780467E-003                  6.9999999999999996E-001                  2.9797635251138618E-005                  2.7997020236474884E-001                  4.1193902129486445E-003                  1.2067031330276045E-003                  1.1203876416666531E-002                  2.5129237964844936E-003                  9.5710644087274629E-004                  0.0000000000000000E+000                  0.0000000000000000E+000                  0.0000000000000000E+000                  0.0000000000000000E+000                  0.0000000000000000E+000                  0.0000000000000000E+000                  0.0000000000000000E+000                  0.0000000000000000E+000                  0.0000000000000000E+000                  0.0000000000000000E+000                 -8.0607814121428731E+000                 -9.8999999999999986E+001                  0.0000000000000000E+000                  0.0000000000000000E+000                 -9.8999999999999986E+001                 -9.8999999999999986E+001                 -9.9000000000000000E+001                 -9.9000000000000000E+001                 -9.9000000000000000E+001                 -9.9000000000000000E+001 
                 1.9568450185120539E-001                  8.8136127537820492E+000                  6.5652734938336068E-003                  1.0423593592956270E+010                 -3.4671976284553629E+000                  5.3626748836583262E+000                  6.1765723548069352E+013                  2.5504315329347541E+001                  3.4399839105134737E+008                  1.6611521629252362E+000                  3.9419733301437992E-001                  6.2164531255647559E-001                  8.2171431149375551E-001                  8.5000496627254152E-001                  1.0416474391801870E+010                  7.1192011544000544E+006                  3.9417131236185604E-001                  3.9417131236185604E-001                  0.0000000000000000E+000                  0.0000000000000000E+000                  4.1150125094577311E+002                  6.7638746111781608E-022                  6.7638746111781608E-022                  0.0000000000000000E+000                  0.0000000000000000E+000                  2.7059982264504942E-023                  0.0000000000000000E+000                  6.3571951261644005E-003                  6.9999999999999996E-001                  2.9797635251138618E-005                  2.7997020236474890E-001                  4.1193902129486445E-003                  1.2067031330276047E-003                  1.1203876416666529E-002                  2.5129237964844936E-003                  9.5710644087274618E-004                  0.0000000000000000E+000                  0.0000000000000000E+000                  0.0000000000000000E+000                  0.0000000000000000E+000                  0.0000000000000000E+000                  0.0000000000000000E+000                  0.0000000000000000E+000                  0.0000000000000000E+000                  0.0000000000000000E+000                  0.0000000000000000E+000                 -8.0603990112036303E+000                 -9.8999999999999986E+001                  0.0000000000000000E+000                  0.0000000000000000E+000                 -9.8999999999999986E+001                 -9.8999999999999986E+001                 -9.9000000000000000E+001                 -9.9000000000000000E+001                 -9.9000000000000000E+001                 -9.9000000000000000E+001 
                 1.8913635382671157E-001                  8.6959889146772245E+000                  6.5437195012826707E-003                  1.0617442393566710E+010                 -3.4623798743282062E+000                  5.3658295222768979E+000                  6.2105954899664656E+013                  2.5504882289258688E+001                  3.4393803909117579E+008                  1.6612240366035063E+000                  3.9424656915102541E-001                  6.2163648950273309E-001                  8.2179487933179773E-001                  8.5000496627254152E-001                  1.0610113307551613E+010                  7.3290860150960237E+006                  3.9422047811003214E-001                  3.9422047811003214E-001                  0.0000000000000000E+000                  0.0000000000000000E+000                  4.0334928333447886E+002                  7.7761840189275531E-022                  7.7761840189275541E-022                  0.0000000000000000E+000                  0.0000000000000000E+000                  3.1109891031350601E-023                  0.0000000000000000E+000                  8.4760319814168577E-003                  6.9999999999999996E-001                  2.9797635251138618E-005                  2.7997020236474884E-001                  4.1193902129486445E-003                  1.2067031330276047E-003                  1.1203876416666531E-002                  2.5129237964844936E-003                  9.5710644087274629E-004                  0.0000000000000000E+000                  0.0000000000000000E+000                  0.0000000000000000E+000                  0.0000000000000000E+000                  0.0000000000000000E+000                  0.0000000000000000E+000                  0.0000000000000000E+000                  0.0000000000000000E+000                  0.0000000000000000E+000                  0.0000000000000000E+000                 -8.0600871859646404E+000                 -9.8999999999999986E+001                  0.0000000000000000E+000                  0.0000000000000000E+000                 -9.8999999999999986E+001                 -9.8999999999999986E+001                 -9.9000000000000000E+001                 -9.9000000000000000E+001                 -9.9000000000000000E+001                 -9.9000000000000000E+001 
                 1.8259781860456500E-001                  8.5766242914159339E+000                  6.5150238059572168E-003                  1.0814897150247896E+010                 -3.4575622984908345E+000                  5.3689845623087011E+000                  6.2448646783329648E+013                  2.5505626967815218E+001                  3.4387846631928623E+008                  1.6612953212642012E+000                  3.9429552586851835E-001                  6.2162948679357666E-001                  8.2183668923069320E-001                  8.5000496627254152E-001                  1.0807351963752043E+010                  7.5451864958536066E+006                  3.9426925467136037E-001                  3.9426925467136037E-001                  0.0000000000000000E+000                  0.0000000000000000E+000                  3.9534245118136130E+002                  8.9372655197016434E-022                  8.9372655197016434E-022                  0.0000000000000000E+000                  0.0000000000000000E+000                  3.5754986813512174E-023                  0.0000000000000000E+000                  1.0692444129819794E-002                  6.9999999999999996E-001                  2.9797635251138614E-005                  2.7997020236474884E-001                  4.1193902129486445E-003                  1.2067031330276047E-003                  1.1203876416666529E-002                  2.5129237964844936E-003                  9.5710644087274618E-004                  0.0000000000000000E+000                  0.0000000000000000E+000                  0.0000000000000000E+000                  0.0000000000000000E+000                  0.0000000000000000E+000                  0.0000000000000000E+000                  0.0000000000000000E+000                  0.0000000000000000E+000                  0.0000000000000000E+000                  0.0000000000000000E+000                 -8.0598274002841741E+000                 -9.8999999999999986E+001                  0.0000000000000000E+000                  0.0000000000000000E+000                 -9.8999999999999986E+001                 -9.8999999999999986E+001                 -9.9000000000000000E+001                 -9.9000000000000000E+001                 -9.9000000000000000E+001                 -9.9000000000000000E+001 
                 1.7607154276597331E-001                  8.4554462862103463E+000                  6.4788922958081323E-003                  1.1016024951407545E+010                 -3.4527449101885814E+000                  5.3721400007783471E+000                  6.2793821157903219E+013                  2.5506451407949587E+001                  3.4381964245502406E+008                  1.6613659816726445E+000                  3.9434419577430757E-001                  6.2162348333971851E-001                  8.2185378444229074E-001                  8.5000496627254152E-001                  1.1008257264132692E+010                  7.7676872748533525E+006                  3.9431769703893571E-001                  3.9431769703893571E-001                  0.0000000000000000E+000                  0.0000000000000000E+000                  3.8747642036374708E+002                  1.0268574645040109E-021                  1.0268574645040109E-021                  0.0000000000000000E+000                  0.0000000000000000E+000                  4.1081105964962214E-023                  0.0000000000000000E+000                  1.3016273859156234E-002                  6.9999999999999996E-001                  2.9797635251138621E-005                  2.7997020236474890E-001                  4.1193902129486454E-003                  1.2067031330276049E-003                  1.1203876416666531E-002                  2.5129237964844941E-003                  9.5710644087274662E-004                  0.0000000000000000E+000                  0.0000000000000000E+000                  0.0000000000000000E+000                  0.0000000000000000E+000                  0.0000000000000000E+000                  0.0000000000000000E+000                  0.0000000000000000E+000                  0.0000000000000000E+000                  0.0000000000000000E+000                  0.0000000000000000E+000                 -8.0596042109500363E+000                 -9.8999999999999986E+001                  0.0000000000000000E+000                  0.0000000000000000E+000                 -9.8999999999999986E+001                 -9.8999999999999986E+001                 -9.9000000000000000E+001                 -9.9000000000000000E+001                 -9.9000000000000000E+001                 -9.9000000000000000E+001 
                 1.6956030870505212E-001                  8.3323769204538536E+000                  6.4350095612210126E-003                  1.1220894131708595E+010                 -3.4479276925925713E+000                  5.3752958344888748E+000                  6.3141499760610250E+013                  2.5507249991185475E+001                  3.4376153316786027E+008                  1.6614359708812700E+000                  3.9439256497664593E-001                  6.2161758117715471E-001                  8.2185553304360348E-001                  8.5000496627254152E-001                  1.1212897353195789E+010                  7.9967785128062954E+006                  3.9436578366273167E-001                  3.9436578366273167E-001                  0.0000000000000000E+000                  0.0000000000000000E+000                  3.7974794605160105E+002                  1.1794601880702827E-021                  1.1794601880702827E-021                  0.0000000000000000E+000                  0.0000000000000000E+000                  4.7186226669395231E-023                  0.0000000000000000E+000                  1.5462408307777996E-002                  6.9999999999999996E-001                  2.9797635251138618E-005                  2.7997020236474884E-001                  4.1193902129486445E-003                  1.2067031330276047E-003                  1.1203876416666527E-002                  2.5129237964844936E-003                  9.5710644087274629E-004                  0.0000000000000000E+000                  0.0000000000000000E+000                  0.0000000000000000E+000                  0.0000000000000000E+000                  0.0000000000000000E+000                  0.0000000000000000E+000                  0.0000000000000000E+000                  0.0000000000000000E+000                  0.0000000000000000E+000                  0.0000000000000000E+000                 -8.0594062010205967E+000                 -9.8999999999999986E+001                  0.0000000000000000E+000                  0.0000000000000000E+000                 -9.8999999999999986E+001                 -9.8999999999999986E+001                 -9.9000000000000000E+001                 -9.9000000000000000E+001                 -9.9000000000000000E+001                 -9.9000000000000000E+001 
                 1.6306704346728179E-001                  8.2073322685710650E+000                  6.3830238513157347E-003                  1.1429574294661461E+010                 -3.4431106116846841E+000                  5.3784520600005585E+000                  6.3491703266303242E+013                  2.5507910335942245E+001                  3.4370410015779912E+008                  1.6615052405305699E+000                  3.9444061434584377E-001                  6.2161083525488203E-001                  8.2184586288815120E-001                  8.5000496627254152E-001                  1.1421341638648626E+010                  8.2326560128346682E+006                  3.9441349146527166E-001                  3.9441349146527166E-001                  0.0000000000000000E+000                  0.0000000000000000E+000                  3.7215681177193875E+002                  1.3543293317372297E-021                  1.3543293317372299E-021                  0.0000000000000000E+000                  0.0000000000000000E+000                  5.4182151822062599E-023                  0.0000000000000000E+000                  1.8059140144609936E-002                  6.9999999999999996E-001                  2.9797635251138618E-005                  2.7997020236474884E-001                  4.1193902129486445E-003                  1.2067031330276047E-003                  1.1203876416666529E-002                  2.5129237964844936E-003                  9.5710644087274640E-004                  0.0000000000000000E+000                  0.0000000000000000E+000                  0.0000000000000000E+000                  0.0000000000000000E+000                  0.0000000000000000E+000                  0.0000000000000000E+000                  0.0000000000000000E+000                  0.0000000000000000E+000                  0.0000000000000000E+000                  0.0000000000000000E+000                 -8.0592270497538898E+000                 -9.8999999999999986E+001                  0.0000000000000000E+000                  0.0000000000000000E+000                 -9.8999999999999986E+001                 -9.8999999999999986E+001                 -9.9000000000000000E+001                 -9.9000000000000000E+001                 -9.9000000000000000E+001                 -9.9000000000000000E+001 
                 1.5659482843066963E-001                  8.0802218085480995E+000                  6.3225045779821470E-003                  1.1642136335471840E+010                 -3.4382936311387047E+000                  5.3816086743535889E+000                  6.3844450780917711E+013                  2.5508317851329085E+001                  3.4364730494949317E+008                  1.6615737549068428E+000                  3.9448831898412917E-001                  6.2160232266925364E-001                  8.2182270530433388E-001                  8.5000496627254152E-001                  1.1633660814029032E+010                  8.4755214428071994E+006                  3.9446088906503590E-001                  3.9446088906503590E-001                  0.0000000000000000E+000                  1.9076823689749339E-012                  3.6470891812946201E+002                  1.5546528528720922E-021                  1.5546528528720922E-021                  0.0000000000000000E+000                  0.0000000000000000E+000                  6.2196420859032642E-023                  0.0000000000000000E+000                  2.0834494392169639E-002                  6.9999999999999996E-001                  2.9797635251138618E-005                  2.7997020236474884E-001                  4.1193902129486445E-003                  1.2067031330276047E-003                  1.1203876416666531E-002                  2.5129237964844936E-003                  9.5710644087274629E-004                  0.0000000000000000E+000                  0.0000000000000000E+000                  0.0000000000000000E+000                  0.0000000000000000E+000                  0.0000000000000000E+000                  0.0000000000000000E+000                  0.0000000000000000E+000                  0.0000000000000000E+000                  0.0000000000000000E+000                  0.0000000000000000E+000                 -8.0590664948584063E+000                 -9.8999999999999986E+001                  0.0000000000000000E+000                  0.0000000000000000E+000                 -9.8999999999999986E+001                 -9.8999999999999986E+001                 -9.9000000000000000E+001                 -9.9000000000000000E+001                 -9.9000000000000000E+001                 -2.1065715840721716E-001 
                 1.5014690995387497E-001                  7.9509476727143555E+000                  6.2529467196397858E-003                  1.1858652463931238E+010                 -3.4334767760632836E+000                  5.3847656649597253E+000                  6.4199766056021414E+013                  2.5508436840201171E+001                  3.4359118389380240E+008                  1.6616415224366183E+000                  3.9453562765966838E-001                  6.2159184400660594E-001                  8.2178463396894408E-001                  8.5000496627254152E-001                  1.1849926882229239E+010                  8.7255817019991092E+006                  3.9450678395375888E-001                  3.9450678395375888E-001                  0.0000000000000000E+000                  6.6124877581805660E-012                  3.5740995844691230E+002                  1.7840653441924805E-021                  1.7840653441924805E-021                  0.0000000000000000E+000                  0.0000000000000000E+000                  7.1374441592723143E-023                  0.0000000000000000E+000                  2.3785033994424293E-002                  6.9999999999999996E-001                  2.9797635251138625E-005                  2.7997020236474890E-001                  4.1193902129486454E-003                  1.2067031330276049E-003                  1.1203876416666531E-002                  2.5129237964844941E-003                  9.5710644087274651E-004                  0.0000000000000000E+000                  0.0000000000000000E+000                  0.0000000000000000E+000                  0.0000000000000000E+000                  0.0000000000000000E+000                  0.0000000000000000E+000                  0.0000000000000000E+000                  0.0000000000000000E+000                  0.0000000000000000E+000                  0.0000000000000000E+000                 -8.0589242364498439E+000                 -9.8999999999999986E+001                  0.0000000000000000E+000                  0.0000000000000000E+000                 -9.8999999999999986E+001                 -9.8999999999999986E+001                 -9.9000000000000000E+001                 -9.9000000000000000E+001                 -9.9000000000000000E+001                  3.3664006037131178E-001 
                 1.4372671115619040E-001                  7.8194037660739539E+000                  6.1738795940418749E-003                  1.2079196228036215E+010                 -3.4286601405085477E+000                  5.3879230200362800E+000                  6.4557679803344961E+013                  2.5508318341174657E+001                  3.4353585131968838E+008                  1.6617085609113895E+000                  3.9458245649010526E-001                  6.2157995486352968E-001                  8.2173734327004322E-001                  8.5000496627254152E-001                  1.2070213178187025E+010                  8.9830498491904773E+006                  3.9455128887545576E-001                  3.9455128887545576E-001                  0.0000000000000000E+000                  8.0040881938521411E-012                  3.5026416312573855E+002                  2.0467097426920421E-021                  2.0467097426920421E-021                  0.0000000000000000E+000                  0.0000000000000000E+000                  8.1881958978274609E-023                  0.0000000000000000E+000                  2.6907077110270461E-002                  6.9999999999999996E-001                  2.9797635251138625E-005                  2.7997020236474890E-001                  4.1193902129486454E-003                  1.2067031330276049E-003                  1.1203876416666531E-002                  2.5129237964844941E-003                  9.5710644087274662E-004                  0.0000000000000000E+000                  0.0000000000000000E+000                  0.0000000000000000E+000                  0.0000000000000000E+000                  0.0000000000000000E+000                  0.0000000000000000E+000                  0.0000000000000000E+000                  0.0000000000000000E+000                  0.0000000000000000E+000                  0.0000000000000000E+000                 -8.0587934885552173E+000                 -9.8999999999999986E+001                  0.0000000000000000E+000                  0.0000000000000000E+000                 -9.8999999999999986E+001                 -9.8999999999999986E+001                 -9.9000000000000000E+001                 -9.9000000000000000E+001                 -9.9000000000000000E+001                  4.2726184195970479E-001 
                 1.3733784504831742E-001                  7.6854747465708746E+000                  6.0848705763095010E-003                  1.2303842538294170E+010                 -3.4238438196105871E+000                  5.3910807335811004E+000                  6.4918223581405812E+013                  2.5508029646535388E+001                  3.4348142836377823E+008                  1.6617748447611700E+000                  3.9462870461093302E-001                  6.2156732007756277E-001                  8.2169016443173626E-001                  8.5000496627254174E-001                  1.2294594392580355E+010                  9.2481457138156351E+006                  3.9459513918092959E-001                  3.9459513918092959E-001                  0.0000000000000000E+000                  3.3111227659392143E-012                  3.4327442433921436E+002                  2.3473076445837789E-021                  2.3473076445837785E-021                  0.0000000000000000E+000                  0.0000000000000000E+000                  9.3907868177730339E-023                  0.0000000000000000E+000                  3.0203966959398497E-002                  7.0000000000000007E-001                  2.9797635251138625E-005                  2.7997020236474884E-001                  4.1193902129486454E-003                  1.2067031330276049E-003                  1.1203876416666529E-002                  2.5129237964844941E-003                  9.5710644087274640E-004                  0.0000000000000000E+000                  0.0000000000000000E+000                  0.0000000000000000E+000                  0.0000000000000000E+000                  0.0000000000000000E+000                  0.0000000000000000E+000                  0.0000000000000000E+000                  0.0000000000000000E+000                  0.0000000000000000E+000                  0.0000000000000000E+000                 -8.0586641201567542E+000                 -9.8999999999999986E+001                  0.0000000000000000E+000                  0.0000000000000000E+000                 -9.8999999999999986E+001                 -9.8999999999999986E+001                 -9.9000000000000000E+001                 -9.9000000000000000E+001                 -9.9000000000000000E+001                  5.1853372981021641E-002 
                 1.3098412919159153E-001                  7.5490348637589557E+000                  5.9855051102690659E-003                  1.2532667691721495E+010                 -3.4190278910890135E+000                  5.3942387984652997E+000                  6.5281429475737391E+013                  2.5507653843625167E+001                  3.4342803741068459E+008                  1.6618402927521247E+000                  3.9467425969287484E-001                  6.2155465431921708E-001                  8.2165496199022514E-001                  8.5000496627254152E-001                  1.2523146596175360E+010                  9.5210955461354721E+006                  3.9463820934527083E-001                  3.9463820934527083E-001                  0.0000000000000000E+000                  0.0000000000000000E+000                  3.3644243285745756E+002                  2.6912380237501265E-021                  2.6912380237501265E-021                  0.0000000000000000E+000                  0.0000000000000000E+000                  1.0766736382024705E-022                  0.0000000000000000E+000                  3.3675114131988086E-002                  6.9999999999999996E-001                  2.9797635251138618E-005                  2.7997020236474884E-001                  4.1193902129486445E-003                  1.2067031330276047E-003                  1.1203876416666531E-002                  2.5129237964844936E-003                  9.5710644087274629E-004                  0.0000000000000000E+000                  0.0000000000000000E+000                  0.0000000000000000E+000                  0.0000000000000000E+000                  0.0000000000000000E+000                  0.0000000000000000E+000                  0.0000000000000000E+000                  0.0000000000000000E+000                  0.0000000000000000E+000                  0.0000000000000000E+000                 -8.0585237198776092E+000                 -9.8999999999999986E+001                  0.0000000000000000E+000                  0.0000000000000000E+000                 -9.8999999999999986E+001                 -9.8999999999999986E+001                 -9.9000000000000000E+001                 -9.9000000000000000E+001                 -9.9000000000000000E+001                 -9.9000000000000000E+001 
                 1.2466960207254491E-001                  7.4099466086125352E+000                  5.8754035160429397E-003                  1.2765749395818575E+010                 -3.4142124085374026E+000                  5.3973972061994280E+000                  6.5647330732489414E+013                  2.5507292244756250E+001                  3.4337579963048512E+008                  1.6619047605574420E+000                  3.9471900248542241E-001                  6.2154269841506049E-001                  8.2164526296122653E-001                  8.5000496627254152E-001                  1.2755947263644230E+010                  9.8021321743456963E+006                  3.9468034762127030E-001                  3.9468034762127030E-001                  0.0000000000000000E+000                  0.0000000000000000E+000                  3.2976878987084888E+002                  3.0846268494464533E-021                  3.0846268494464529E-021                  0.0000000000000000E+000                  0.0000000000000000E+000                  1.2340552530475644E-022                  0.0000000000000000E+000                  3.7320420566475533E-002                  6.9999999999999996E-001                  2.9797635251138625E-005                  2.7997020236474890E-001                  4.1193902129486454E-003                  1.2067031330276049E-003                  1.1203876416666531E-002                  2.5129237964844941E-003                  9.5710644087274662E-004                  0.0000000000000000E+000                  0.0000000000000000E+000                  0.0000000000000000E+000                  0.0000000000000000E+000                  0.0000000000000000E+000                  0.0000000000000000E+000                  0.0000000000000000E+000                  0.0000000000000000E+000                  0.0000000000000000E+000                  0.0000000000000000E+000                 -8.0583584889593922E+000                 -9.8999999999999986E+001                  0.0000000000000000E+000                  0.0000000000000000E+000                 -9.8999999999999986E+001                 -9.8999999999999986E+001                 -9.9000000000000000E+001                 -9.9000000000000000E+001                 -9.9000000000000000E+001                 -9.9000000000000000E+001 
                 1.1839854145854478E-001                  7.2680591296600303E+000                  5.7542234384928186E-003                  1.3003166792483072E+010                 -3.4093973959854420E+000                  5.4005559458789341E+000                  6.6015962095804508E+013                  2.5507066223570998E+001                  3.4332483260974729E+008                  1.6619680367610534E+000                  3.9476281092973303E-001                  6.2153220347616744E-001                  8.2167539734896811E-001                  8.5000496627254152E-001                  1.2993075297397034E+010                  1.0091495086039415E+007                  3.9472127423141201E-001                  3.9472127423141201E-001                  0.0000000000000000E+000                  0.0000000000000000E+000                  3.2325311795598606E+002                  3.5344485281616133E-021                  3.5344485281616133E-021                  0.0000000000000000E+000                  0.0000000000000000E+000                  1.4140137514736515E-022                  0.0000000000000000E+000                  4.1133191903166458E-002                  6.9999999999999996E-001                  2.9797635251138618E-005                  2.7997020236474884E-001                  4.1193902129486445E-003                  1.2067031330276047E-003                  1.1203876416666531E-002                  2.5129237964844932E-003                  9.5710644087274629E-004                  0.0000000000000000E+000                  0.0000000000000000E+000                  0.0000000000000000E+000                  0.0000000000000000E+000                  0.0000000000000000E+000                  0.0000000000000000E+000                  0.0000000000000000E+000                  0.0000000000000000E+000                  0.0000000000000000E+000                  0.0000000000000000E+000                 -8.0581541269703667E+000                 -9.8999999999999986E+001                  0.0000000000000000E+000                  0.0000000000000000E+000                 -9.8999999999999986E+001                 -9.8999999999999986E+001                 -9.9000000000000000E+001                 -9.9000000000000000E+001                 -9.9000000000000000E+001                 -9.9000000000000000E+001 
                 1.1217548506571377E-001                  7.1232063628885518E+000                  5.6216856112782940E-003                  1.3245000481840689E+010                 -3.4045828087647450E+000                  5.4037150088253743E+000                  6.6387349791363930E+013                  2.5507074398374257E+001                  3.4327519916773188E+008                  1.6620298740573429E+000                  3.9480560806865117E-001                  6.2152359552385050E-001                  8.2175009506161956E-001                  8.5000496627254152E-001                  1.3234611050799179E+010                  1.0389431041509887E+007                  3.9476129384099340E-001                  3.9476129384099340E-001                  0.0000000000000000E+000                  0.0000000000000000E+000                  3.1689289799917549E+002                  4.0486419929145050E-021                  4.0486419929145050E-021                  0.0000000000000000E+000                  0.0000000000000000E+000                  1.6197252332338388E-022                  0.0000000000000000E+000                  4.5096942755200931E-002                  6.9999999999999996E-001                  2.9797635251138621E-005                  2.7997020236474884E-001                  4.1193902129486445E-003                  1.2067031330276047E-003                  1.1203876416666529E-002                  2.5129237964844936E-003                  9.5710644087274629E-004                  0.0000000000000000E+000                  0.0000000000000000E+000                  0.0000000000000000E+000                  0.0000000000000000E+000                  0.0000000000000000E+000                  0.0000000000000000E+000                  0.0000000000000000E+000                  0.0000000000000000E+000                  0.0000000000000000E+000                  0.0000000000000000E+000                 -8.0579063237309132E+000                 -9.8999999999999986E+001                  0.0000000000000000E+000                  0.0000000000000000E+000                 -9.8999999999999986E+001                 -9.8999999999999986E+001                 -9.9000000000000000E+001                 -9.9000000000000000E+001                 -9.9000000000000000E+001                 -9.9000000000000000E+001 
                 1.0600525393562851E-001                  6.9752048204821868E+000                  5.4776094158307184E-003                  1.3491332545300520E+010                 -3.3997685044194856E+000                  5.4068743991514214E+000                  6.6761497070654945E+013                  2.5507312523856339E+001                  3.4322684372639573E+008                  1.6620900990485425E+000                  3.9484743308617659E-001                  6.2151650065845898E-001                  8.2185316158576394E-001                  8.5000496627254152E-001                  1.3480636349948257E+010                  1.0696195352263210E+007                  3.9480203758091237E-001                  3.9480203758091237E-001                  0.0000000000000000E+000                  0.0000000000000000E+000                  3.1068233438953035E+002                  4.6362439451672221E-021                  4.6362439451672221E-021                  0.0000000000000000E+000                  0.0000000000000000E+000                  1.8548049782782887E-022                  0.0000000000000000E+000                  4.9223128825422270E-002                  6.9999999999999996E-001                  2.9797635251138614E-005                  2.7997020236474884E-001                  4.1193902129486445E-003                  1.2067031330276047E-003                  1.1203876416666529E-002                  2.5129237964844941E-003                  9.5710644087274629E-004                  0.0000000000000000E+000                  0.0000000000000000E+000                  0.0000000000000000E+000                  0.0000000000000000E+000                  0.0000000000000000E+000                  0.0000000000000000E+000                  0.0000000000000000E+000                  0.0000000000000000E+000                  0.0000000000000000E+000                  0.0000000000000000E+000                 -8.0576315054415506E+000                 -9.8999999999999986E+001                  0.0000000000000000E+000                  0.0000000000000000E+000                 -9.8999999999999986E+001                 -9.8999999999999986E+001                 -9.9000000000000000E+001                 -9.9000000000000000E+001                 -9.9000000000000000E+001                 -9.9000000000000000E+001 
                 9.9892978968402560E-002                  6.8238509502067846E+000                  5.3218279459364042E-003                  1.3742246566650173E+010                 -3.3949543251611005E+000                  5.4100341046366784E+000                  6.7138401815899836E+013                  2.5507739044055466E+001                  3.4317970194974589E+008                  1.6621486306181330E+000                  3.9488835596370442E-001                  6.2151040534478907E-001                  8.2197080637199038E-001                  8.5000496627254152E-001                  1.3731234517322960E+010                  1.1012049327213233E+007                  3.9484150706352633E-001                  3.9484150706352633E-001                  0.0000000000000000E+000                  0.0000000000000000E+000                  3.0461571717716839E+002                  5.3075318820637388E-021                  5.3075318820637388E-021                  0.0000000000000000E+000                  0.0000000000000000E+000                  2.1233646671390730E-022                  0.0000000000000000E+000                  5.3509124334582311E-002                  6.9999999999999996E-001                  2.9797635251138618E-005                  2.7997020236474890E-001                  4.1193902129486445E-003                  1.2067031330276047E-003                  1.1203876416666527E-002                  2.5129237964844936E-003                  9.5710644087274640E-004                  0.0000000000000000E+000                  0.0000000000000000E+000                  0.0000000000000000E+000                  0.0000000000000000E+000                  0.0000000000000000E+000                  0.0000000000000000E+000                  0.0000000000000000E+000                  0.0000000000000000E+000                  0.0000000000000000E+000                  0.0000000000000000E+000                 -8.0573424007545000E+000                 -9.8999999999999986E+001                  0.0000000000000000E+000                  0.0000000000000000E+000                 -9.8999999999999986E+001                 -9.8999999999999986E+001                 -9.9000000000000000E+001                 -9.9000000000000000E+001                 -9.9000000000000000E+001                 -9.9000000000000000E+001 
                 9.3844131242627735E-002                  6.6689179157857614E+000                  5.1542394536175616E-003                  1.3997827652457994E+010                 -3.3901401349268734E+000                  5.4131941118497133E+000                  6.7518061579711156E+013                  2.5508287089776882E+001                  3.4313371983397657E+008                  1.6622054803296911E+000                  3.9492845783485636E-001                  6.2150477672812698E-001                  8.2209597632821396E-001                  8.5000496627254152E-001                  1.3986490390619583E+010                  1.1337261838411139E+007                  3.9487960456902732E-001                  3.9487960456902732E-001                  0.0000000000000000E+000                  0.0000000000000000E+000                  2.9868781906269123E+002                  6.0741927648243443E-021                  6.0741927648243450E-021                  0.0000000000000000E+000                  0.0000000000000000E+000                  2.4300798594784462E-022                  0.0000000000000000E+000                  5.7961697683551056E-002                  6.9999999999999996E-001                  2.9797635251138618E-005                  2.7997020236474884E-001                  4.1193902129486445E-003                  1.2067031330276047E-003                  1.1203876416666529E-002                  2.5129237964844932E-003                  9.5710644087274629E-004                  0.0000000000000000E+000                  0.0000000000000000E+000                  0.0000000000000000E+000                  0.0000000000000000E+000                  0.0000000000000000E+000                  0.0000000000000000E+000                  0.0000000000000000E+000                  0.0000000000000000E+000                  0.0000000000000000E+000                  0.0000000000000000E+000                 -8.0570436902527192E+000                 -9.8999999999999986E+001                  0.0000000000000000E+000                  0.0000000000000000E+000                 -9.8999999999999986E+001                 -9.8999999999999986E+001                 -9.9000000000000000E+001                 -9.9000000000000000E+001                 -9.9000000000000000E+001                 -9.9000000000000000E+001 
                 8.7864556988622583E-002                  6.5101516660242709E+000                  4.9747846619575889E-003                  1.4258162450859247E+010                 -3.3853258234980501E+000                  5.4163544067098890E+000                  6.7900473225540789E+013                  2.5508863980648343E+001                  3.4308885475366557E+008                  1.6622607518779364E+000                  3.9496782586280588E-001                  6.2149906291584378E-001                  8.2222866695668573E-001                  8.5000496627254152E-001                  1.4246490341272621E+010                  1.1672109586626686E+007                  3.9491631619756284E-001                  3.9491631619756284E-001                  0.0000000000000000E+000                  0.0000000000000000E+000                  2.9289383720407670E+002                  6.9495121299186868E-021                  6.9495121299186883E-021                  0.0000000000000000E+000                  0.0000000000000000E+000                  2.7802656511052533E-022                  0.0000000000000000E+000                  6.2588194589263180E-002                  6.9999999999999996E-001                  2.9797635251138621E-005                  2.7997020236474890E-001                  4.1193902129486454E-003                  1.2067031330276049E-003                  1.1203876416666531E-002                  2.5129237964844941E-003                  9.5710644087274651E-004                  0.0000000000000000E+000                  0.0000000000000000E+000                  0.0000000000000000E+000                  0.0000000000000000E+000                  0.0000000000000000E+000                  0.0000000000000000E+000                  0.0000000000000000E+000                  0.0000000000000000E+000                  0.0000000000000000E+000                  0.0000000000000000E+000                 -8.0567317241751439E+000                 -9.8999999999999986E+001                  0.0000000000000000E+000                  0.0000000000000000E+000                 -9.8999999999999986E+001                 -9.8999999999999986E+001                 -9.9000000000000000E+001                 -9.9000000000000000E+001                 -9.9000000000000000E+001                 -9.9000000000000000E+001 
                 8.1960518242868541E-002                  6.3472661092485456E+000                  4.7834536707544164E-003                  1.4523339167427900E+010                 -3.3805113080149174E+000                  5.4195149739557849E+000                  6.8285632531234531E+013                  2.5509351845473969E+001                  3.4304507595577550E+008                  1.6623146354648795E+000                  3.9500654828507509E-001                  6.2149268608040920E-001                  8.2237583228373745E-001                  8.5000496627254152E-001                  1.4511322290166534E+010                  1.2016877261366434E+007                  3.9495157957179033E-001                  3.9495157957179033E-001                  0.0000000000000000E+000                  0.0000000000000000E+000                  2.8722933936420270E+002                  7.9485876820865418E-021                  7.9485876820865418E-021                  0.0000000000000000E+000                  0.0000000000000000E+000                  3.1799621253550696E-022                  0.0000000000000000E+000                  6.7393385133839065E-002                  6.9999999999999996E-001                  2.9797635251138625E-005                  2.7997020236474890E-001                  4.1193902129486454E-003                  1.2067031330276049E-003                  1.1203876416666531E-002                  2.5129237964844941E-003                  9.5710644087274651E-004                  0.0000000000000000E+000                  0.0000000000000000E+000                  0.0000000000000000E+000                  0.0000000000000000E+000                  0.0000000000000000E+000                  0.0000000000000000E+000                  0.0000000000000000E+000                  0.0000000000000000E+000                  0.0000000000000000E+000                  0.0000000000000000E+000                 -8.0563946802409330E+000                 -9.8999999999999986E+001                  0.0000000000000000E+000                  0.0000000000000000E+000                 -9.8999999999999986E+001                 -9.8999999999999986E+001                 -9.9000000000000000E+001                 -9.9000000000000000E+001                 -9.9000000000000000E+001                 -9.9000000000000000E+001 
                 7.6138740471639946E-002                  6.1799371323182424E+000                  4.5803037799644203E-003                  1.4793447576628986E+010                 -3.3756965530133409E+000                  5.4226758016860321E+000                  6.8673540297888164E+013                  2.5509627072890591E+001                  3.4300236158374512E+008                  1.6623673864508259E+000                  3.9504469929275848E-001                  6.2148511795541106E-001                  8.2254883343087648E-001                  8.5000496627254152E-001                  1.4781075718354916E+010                  1.2371858274070302E+007                  3.9498592387817261E-001                  3.9498592387817261E-001                  0.0000000000000000E+000                  0.0000000000000000E+000                  2.8169019054500916E+002                  9.0885720194849670E-021                  9.0885720194849670E-021                  0.0000000000000000E+000                  0.0000000000000000E+000                  3.6360314592540443E-022                  0.0000000000000000E+000                  7.2397773654252581E-002                  6.9999999999999996E-001                  2.9797635251138621E-005                  2.7997020236474884E-001                  4.1193902129486445E-003                  1.2067031330276045E-003                  1.1203876416666529E-002                  2.5129237964844932E-003                  9.5710644087274618E-004                  0.0000000000000000E+000                  0.0000000000000000E+000                  0.0000000000000000E+000                  0.0000000000000000E+000                  0.0000000000000000E+000                  0.0000000000000000E+000                  0.0000000000000000E+000                  0.0000000000000000E+000                  0.0000000000000000E+000                  0.0000000000000000E+000                 -8.0560163521774886E+000                 -9.8999999999999986E+001                  0.0000000000000000E+000                  0.0000000000000000E+000                 -9.8999999999999986E+001                 -9.8999999999999986E+001                 -9.9000000000000000E+001                 -9.9000000000000000E+001                 -9.9000000000000000E+001                 -9.9000000000000000E+001 
                 7.0406468832850760E-002                  6.0077950994356693E+000                  4.3654239399805034E-003                  1.5068579026931940E+010                 -3.3708816125925227E+000                  5.4258368533686321E+000                  6.9064230038257039E+013                  2.5509666885339126E+001                  3.4296067952639842E+008                  1.6624192168311021E+000                  3.9508227291191927E-001                  6.2147635743325602E-001                  8.2274846910126453E-001                  8.5000496627254152E-001                  1.5055841675160408E+010                  1.2737351771531751E+007                  3.9501641325555681E-001                  3.9501641325555681E-001                  0.0000000000000000E+000                  0.0000000000000000E+000                  2.7627254966806612E+002                  1.0388934117168642E-020                  1.0388934117168642E-020                  0.0000000000000000E+000                  0.0000000000000000E+000                  4.1562625342614985E-022                  0.0000000000000000E+000                  7.7591838489181358E-002                  6.9999999999999996E-001                  2.9797635251138614E-005                  2.7997020236474884E-001                  4.1193902129486445E-003                  1.2067031330276047E-003                  1.1203876416666529E-002                  2.5129237964844936E-003                  9.5710644087274640E-004                  0.0000000000000000E+000                  0.0000000000000000E+000                  0.0000000000000000E+000                  0.0000000000000000E+000                  0.0000000000000000E+000                  0.0000000000000000E+000                  0.0000000000000000E+000                  0.0000000000000000E+000                  0.0000000000000000E+000                  0.0000000000000000E+000                 -8.0555975652057565E+000                 -9.8999999999999986E+001                  0.0000000000000000E+000                  0.0000000000000000E+000                 -9.8999999999999986E+001                 -9.8999999999999986E+001                 -9.9000000000000000E+001                 -9.9000000000000000E+001                 -9.9000000000000000E+001                 -9.9000000000000000E+001 
                 6.4771535308239467E-002                  5.8304153252000104E+000                  4.1390384760102480E-003                  1.5348826437791965E+010                 -3.3660665853036247E+000                  5.4289981012509552E+000                  6.9457750700774922E+013                  2.5509503646911583E+001                  3.4291998819937170E+008                  1.6624702449359787E+000                  3.9511921208149992E-001                  6.2146660911283491E-001                  8.2296563951822999E-001                  8.5000496627254152E-001                  1.5335712771296877E+010                  1.3113666495089293E+007                  3.9504432966177200E-001                  3.9504432966177200E-001                  0.0000000000000000E+000                  0.0000000000000000E+000                  2.7097281050857345E+002                  1.1871776675481893E-020                  1.1871776675481894E-020                  0.0000000000000000E+000                  0.0000000000000000E+000                  4.7494978966836197E-022                  0.0000000000000000E+000                  8.2988060716082154E-002                  6.9999999999999996E-001                  2.9797635251138621E-005                  2.7997020236474884E-001                  4.1193902129486445E-003                  1.2067031330276049E-003                  1.1203876416666529E-002                  2.5129237964844936E-003                  9.5710644087274640E-004                  0.0000000000000000E+000                  0.0000000000000000E+000                  0.0000000000000000E+000                  0.0000000000000000E+000                  0.0000000000000000E+000                  0.0000000000000000E+000                  0.0000000000000000E+000                  0.0000000000000000E+000                  0.0000000000000000E+000                  0.0000000000000000E+000                 -8.0551527791123654E+000                 -9.8999999999999986E+001                  0.0000000000000000E+000                  0.0000000000000000E+000                 -9.8999999999999986E+001                 -9.8999999999999986E+001                 -9.9000000000000000E+001                 -9.9000000000000000E+001                 -9.9000000000000000E+001                 -9.9000000000000000E+001 
                 5.9242439661862094E-002                  5.6473058564556888E+000                  3.9014565399332723E-003                  1.5634284282218384E+010                 -3.3612515571207200E+000                  5.4321595155505298E+000                  6.9854151206030391E+013                  2.5509182678310136E+001                  3.4288024272613394E+008                  1.6625205069806459E+000                  3.9515543843499490E-001                  6.2145607394044777E-001                  8.2318602846996713E-001                  8.5000496627254152E-001                  1.5620783162392601E+010                  1.3501119825783134E+007                  3.9506966563197998E-001                  3.9506966563197998E-001                  0.0000000000000000E+000                  0.0000000000000000E+000                  2.6578765024099908E+002                  1.3562181292758837E-020                  1.3562181292758837E-020                  0.0000000000000000E+000                  0.0000000000000000E+000                  5.4257718496579084E-022                  0.0000000000000000E+000                  8.8596237783198112E-002                  6.9999999999999996E-001                  2.9797635251138621E-005                  2.7997020236474884E-001                  4.1193902129486445E-003                  1.2067031330276047E-003                  1.1203876416666529E-002                  2.5129237964844936E-003                  9.5710644087274629E-004                  0.0000000000000000E+000                  0.0000000000000000E+000                  0.0000000000000000E+000                  0.0000000000000000E+000                  0.0000000000000000E+000                  0.0000000000000000E+000                  0.0000000000000000E+000                  0.0000000000000000E+000                  0.0000000000000000E+000                  0.0000000000000000E+000                 -8.0547026282098777E+000                 -9.8999999999999986E+001                  0.0000000000000000E+000                  0.0000000000000000E+000                 -9.8999999999999986E+001                 -9.8999999999999986E+001                 -9.9000000000000000E+001                 -9.9000000000000000E+001                 -9.9000000000000000E+001                 -9.9000000000000000E+001 
                 5.3828448086627949E-002                  5.4578915615209587E+000                  3.6530994548084738E-003                  1.5925048546292957E+010                 -3.3564365903131113E+000                  5.4353210582340274E+000                  7.0253479659444773E+013                  2.5508758330725161E+001                  3.4284139645249629E+008                  1.6625699648622436E+000                  3.9519086136317239E-001                  6.2144496186348275E-001                  8.2339162473638494E-001                  8.5000496627254152E-001                  1.5911148509094545E+010                  1.3900037198411390E+007                  3.9509172620407207E-001                  3.9509172620407207E-001                  0.0000000000000000E+000                  0.0000000000000000E+000                  2.6071395097301195E+002                  1.5488596963744100E-020                  1.5488596963744104E-020                  0.0000000000000000E+000                  0.0000000000000000E+000                  6.1964658783013505E-022                  0.0000000000000000E+000                  9.4424246613482282E-002                  6.9999999999999996E-001                  2.9797635251138618E-005                  2.7997020236474884E-001                  4.1193902129486445E-003                  1.2067031330276047E-003                  1.1203876416666529E-002                  2.5129237964844936E-003                  9.5710644087274629E-004                  0.0000000000000000E+000                  0.0000000000000000E+000                  0.0000000000000000E+000                  0.0000000000000000E+000                  0.0000000000000000E+000                  0.0000000000000000E+000                  0.0000000000000000E+000                  0.0000000000000000E+000                  0.0000000000000000E+000                  0.0000000000000000E+000                 -8.0542720281674534E+000                 -9.8999999999999986E+001                  0.0000000000000000E+000                  0.0000000000000000E+000                 -9.8999999999999986E+001                 -9.8999999999999986E+001                 -9.9000000000000000E+001                 -9.9000000000000000E+001                 -9.9000000000000000E+001                 -9.9000000000000000E+001 
                 4.8539714913708489E-002                  5.2614930251035039E+000                  3.3945290095442572E-003                  1.6221216653380489E+010                 -3.3516217166237894E+000                  5.4384826799724557E+000                  7.0655782890999312E+013                  2.5508289182633792E+001                  3.4280340277178413E+008                  1.6626185186530151E+000                  3.9522538925134210E-001                  6.2143350915134887E-001                  8.2356260828011085E-001                  8.5000496627254152E-001                  1.6206905901584208E+010                  1.4310751796281286E+007                  3.9510956849443479E-001                  3.9510956849443479E-001                  0.0000000000000000E+000                  0.0000000000000000E+000                  2.5574882028338527E+002                  1.7683277907994279E-020                  1.7683277907994279E-020                  0.0000000000000000E+000                  0.0000000000000000E+000                  7.0744838101250129E-022                  0.0000000000000000E+000                  1.0048255999191275E-001                  6.9999999999999996E-001                  2.9797635251138618E-005                  2.7997020236474884E-001                  4.1193902129486445E-003                  1.2067031330276047E-003                  1.1203876416666529E-002                  2.5129237964844936E-003                  9.5710644087274618E-004                  0.0000000000000000E+000                  0.0000000000000000E+000                  0.0000000000000000E+000                  0.0000000000000000E+000                  0.0000000000000000E+000                  0.0000000000000000E+000                  0.0000000000000000E+000                  0.0000000000000000E+000                  0.0000000000000000E+000                  0.0000000000000000E+000                 -8.0538878967398873E+000                 -9.8999999999999986E+001                  0.0000000000000000E+000                  0.0000000000000000E+000                 -9.8999999999999986E+001                 -9.8999999999999986E+001                 -9.9000000000000000E+001                 -9.9000000000000000E+001                 -9.9000000000000000E+001                 -9.9000000000000000E+001 
                 4.3387435013963929E-002                  5.0572980062633963E+000                  3.1264678834895467E-003                  1.6522887331010994E+010                 -3.3468069240949490E+000                  5.4416443096294769E+000                  7.1061103177143203E+013                  2.5507830557019894E+001                  3.4276621893232203E+008                  1.6626660245247009E+000                  3.9525894676600992E-001                  6.2142199462757897E-001                  8.2368035909192250E-001                  8.5000496627254152E-001                  1.6508153727856705E+010                  1.4733603154289810E+007                  3.9512113680107519E-001                  3.9512113680107519E-001                  0.0000000000000000E+000                  0.0000000000000000E+000                  2.5088963987731938E+002                  2.0182769889656463E-020                  2.0182769889656463E-020                  0.0000000000000000E+000                  0.0000000000000000E+000                  8.0744463752185212E-022                  0.0000000000000000E+000                  1.0677534182100645E-001                  6.9999999999999996E-001                  2.9797635251138618E-005                  2.7997020236474884E-001                  4.1193902129486445E-003                  1.2067031330276047E-003                  1.1203876416666527E-002                  2.5129237964844936E-003                  9.5710644087274629E-004                  0.0000000000000000E+000                  0.0000000000000000E+000                  0.0000000000000000E+000                  0.0000000000000000E+000                  0.0000000000000000E+000                  0.0000000000000000E+000                  0.0000000000000000E+000                  0.0000000000000000E+000                  0.0000000000000000E+000                  0.0000000000000000E+000                 -8.0535753907228624E+000                 -9.8999999999999986E+001                  0.0000000000000000E+000                  0.0000000000000000E+000                 -9.8999999999999986E+001                 -9.8999999999999986E+001                 -9.9000000000000000E+001                 -9.9000000000000000E+001                 -9.9000000000000000E+001                 -9.9000000000000000E+001 
                 3.8384037902280947E-002                  4.8443219810813831E+000                  2.8498503896561989E-003                  1.6830160380662052E+010                 -3.3419921629512115E+000                  5.4448058578715548E+000                  7.1469444181832703E+013                  2.5507397979843486E+001                  3.4272983680263239E+008                  1.6627123376869746E+000                  3.9529156841814722E-001                  6.2141064574797589E-001                  8.2374395225674757E-001                  8.5000496627254152E-001                  1.6814991443193245E+010                  1.5168937468806366E+007                  3.9512514135844190E-001                  3.9512514135844190E-001                  0.0000000000000000E+000                  4.0017426132996281E-014                  2.4613407377871721E+002                  2.3028463382924824E-020                  2.3028463382924824E-020                  0.0000000000000000E+000                  0.0000000000000000E+000                  9.2129125091422869E-022                  0.0000000000000000E+000                  1.1331078193858726E-001                  6.9999999999999996E-001                  2.9797635251138621E-005                  2.7997020236474884E-001                  4.1193902129486445E-003                  1.2067031330276047E-003                  1.1203876416666529E-002                  2.5129237964844936E-003                  9.5710644087274629E-004                  0.0000000000000000E+000                  0.0000000000000000E+000                  0.0000000000000000E+000                  0.0000000000000000E+000                  0.0000000000000000E+000                  0.0000000000000000E+000                  0.0000000000000000E+000                  0.0000000000000000E+000                  0.0000000000000000E+000                  0.0000000000000000E+000                 -8.0533356210542362E+000                 -9.8999999999999986E+001                  0.0000000000000000E+000                  0.0000000000000000E+000                 -9.8999999999999986E+001                 -9.8999999999999986E+001                 -9.9000000000000000E+001                 -9.9000000000000000E+001                 -9.9000000000000000E+001                 -1.6588913651584809E+000 
                 3.3543439869274057E-002                  4.6213521712114485E+000                  2.5658532572439864E-003                  1.7143136278444855E+010                 -3.3371773729261678E+000                  5.4479672082919430E+000                  7.1880771954693688E+013                  2.5506973883954103E+001                  3.4269427707208365E+008                  1.6627573509635922E+000                  3.9532339134866712E-001                  6.2139960053762466E-001                  8.2376687696336015E-001                  8.5000496627254152E-001                  1.7127519172276997E+010                  1.5617106167858837E+007                  3.9511969416360465E-001                  3.9511969416360465E-001                  0.0000000000000000E+000                  1.7094745597278303E-013                  2.4148009377833836E+002                  2.6267202060336233E-020                  2.6267202060336233E-020                  0.0000000000000000E+000                  0.0000000000000000E+000                  1.0508622788628254E-021                  0.0000000000000000E+000                  1.2010191951878391E-001                  6.9999999999999996E-001                  2.9797635251138621E-005                  2.7997020236474884E-001                  4.1193902129486445E-003                  1.2067031330276047E-003                  1.1203876416666529E-002                  2.5129237964844936E-003                  9.5710644087274629E-004                  0.0000000000000000E+000                  0.0000000000000000E+000                  0.0000000000000000E+000                  0.0000000000000000E+000                  0.0000000000000000E+000                  0.0000000000000000E+000                  0.0000000000000000E+000                  0.0000000000000000E+000                  0.0000000000000000E+000                  0.0000000000000000E+000                 -8.0531495101278665E+000                 -9.8999999999999986E+001                  0.0000000000000000E+000                  0.0000000000000000E+000                 -9.8999999999999986E+001                 -9.8999999999999986E+001                 -9.9000000000000000E+001                 -9.9000000000000000E+001                 -9.9000000000000000E+001                 -1.0074717113309963E+000 
                 2.8881379168247970E-002                  4.3868657206900830E+000                  2.2759376666685997E-003                  1.7461915467065910E+010                 -3.3323624987146432E+000                  5.4511281868749411E+000                  7.2295043922656562E+013                  2.5506545312219117E+001                  3.4265955760316074E+008                  1.6628009833787643E+000                  3.9535455271378084E-001                  6.2138896811218969E-001                  8.2375995923945844E-001                  8.5000496627254152E-001                  1.7445837006047436E+010                  1.6078461018474137E+007                  3.9509995608071724E-001                  3.9509995608071724E-001                  0.0000000000000000E+000                  2.8328477635207070E-013                  2.3692606366443039E+002                  2.9951933797798657E-020                  2.9951933797798663E-020                  0.0000000000000000E+000                  0.0000000000000000E+000                  1.1982759876798193E-021                  0.0000000000000000E+000                  1.2715795007352806E-001                  6.9999999999999996E-001                  2.9797635251138621E-005                  2.7997020236474884E-001                  4.1193902129486445E-003                  1.2067031330276047E-003                  1.1203876416666529E-002                  2.5129237964844936E-003                  9.5710644087274629E-004                  0.0000000000000000E+000                  0.0000000000000000E+000                  0.0000000000000000E+000                  0.0000000000000000E+000                  0.0000000000000000E+000                  0.0000000000000000E+000                  0.0000000000000000E+000                  0.0000000000000000E+000                  0.0000000000000000E+000                  0.0000000000000000E+000                 -8.0530004895987393E+000                 -9.8999999999999986E+001                  0.0000000000000000E+000                  0.0000000000000000E+000                 -9.8999999999999986E+001                 -9.8999999999999986E+001                 -9.9000000000000000E+001                 -9.9000000000000000E+001                 -9.9000000000000000E+001                 -7.6515954792054575E-001 
                 2.4415874072184107E-002                  4.1389057482568381E+000                  1.9819305752535898E-003                  1.7786597048168251E+010                 -3.3275474958156996E+000                  5.4542885307073545E+000                  7.2712205863980562E+013                  2.5506108769738685E+001                  3.4262569111911273E+008                  1.6628431706331057E+000                  3.9538516570436938E-001                  6.2137881525495309E-001                  8.2372948880556485E-001                  8.5000496627254174E-001                  1.7770043699898155E+010                  1.6553348270096274E+007                  3.9505872308004802E-001                  3.9505872308004802E-001                  0.0000000000000000E+000                  2.1779217131611751E-013                  2.3247151368883260E+002                  3.4142412595397970E-020                  3.4142412595397964E-020                  0.0000000000000000E+000                  0.0000000000000000E+000                  1.3659229338075229E-021                  0.0000000000000000E+000                  1.3449158746229825E-001                  7.0000000000000007E-001                  2.9797635251138614E-005                  2.7997020236474884E-001                  4.1193902129486454E-003                  1.2067031330276047E-003                  1.1203876416666529E-002                  2.5129237964844936E-003                  9.5710644087274629E-004                  0.0000000000000000E+000                  0.0000000000000000E+000                  0.0000000000000000E+000                  0.0000000000000000E+000                  0.0000000000000000E+000                  0.0000000000000000E+000                  0.0000000000000000E+000                  0.0000000000000000E+000                  0.0000000000000000E+000                  0.0000000000000000E+000                 -8.0528768511823863E+000                 -9.8999999999999986E+001                  0.0000000000000000E+000                  0.0000000000000000E+000                 -9.8999999999999986E+001                 -9.8999999999999986E+001                 -9.9000000000000000E+001                 -9.9000000000000000E+001                 -9.9000000000000000E+001                 -8.5374067497982253E-001 
                 2.0167869894570749E-002                  3.8748852778239584E+000                  1.6861131496005732E-003                  1.8117276229298817E+010                 -3.3227323176922465E+000                  5.4574478172690259E+000                  7.3132182027282938E+013                  2.5505672457137223E+001                  3.4259268479466569E+008                  1.6628838582697771E+000                  3.9541530371680889E-001                  6.2136915538432791E-001                  8.2367633081881897E-001                  8.5000496627254152E-001                  1.8100234133643284E+010                  1.7042095655532554E+007                  3.9498289789439944E-001                  3.9498289789439944E-001                  0.0000000000000000E+000                  6.1903200541751462E-014                  2.2811744728113598E+002                  3.8905889633999896E-020                  3.8905889633999902E-020                  0.0000000000000000E+000                  0.0000000000000000E+000                  1.5564936106699169E-021                  0.0000000000000000E+000                  1.4211193009724157E-001                  6.9999999999999996E-001                  2.9797635251138618E-005                  2.7997020236474890E-001                  4.1193902129486436E-003                  1.2067031330276049E-003                  1.1203876416666529E-002                  2.5129237964844932E-003                  9.5710644087274640E-004                  0.0000000000000000E+000                  0.0000000000000000E+000                  0.0000000000000000E+000                  0.0000000000000000E+000                  0.0000000000000000E+000                  0.0000000000000000E+000                  0.0000000000000000E+000                  0.0000000000000000E+000                  0.0000000000000000E+000                  0.0000000000000000E+000                 -8.0527726770803838E+000                 -9.8999999999999986E+001                  0.0000000000000000E+000                  0.0000000000000000E+000                 -9.8999999999999986E+001                 -9.8999999999999986E+001                 -9.9000000000000000E+001                 -9.9000000000000000E+001                 -9.9000000000000000E+001                 -1.3711185624725957E+000 
                 1.6162190901848686E-002                  3.5912599348469425E+000                  1.3913654806789288E-003                  1.8454038946909161E+010                 -3.3179168895852613E+000                  5.4606053247788422E+000                  7.3554855562584531E+013                  2.5505257205211990E+001                  3.4256054080485833E+008                  1.6629229966831962E+000                  3.9544498809214174E-001                  6.2135994321925181E-001                  8.2359536583670190E-001                  8.5000496627254152E-001                  1.8436493960801704E+010                  1.7544986107455198E+007                  3.9484801046873713E-001                  3.9484801046873713E-001                  0.0000000000000000E+000                  0.0000000000000000E+000                  2.2386543499351899E+002                  4.4317680411960548E-020                  4.4317680411960548E-020                  0.0000000000000000E+000                  0.0000000000000000E+000                  1.7730011379073695E-021                  0.0000000000000000E+000                  1.6118223317663119E-001                  6.9999999999999996E-001                  2.9797635251138618E-005                  2.7997020236474884E-001                  4.1193902129486445E-003                  1.2067031330276047E-003                  1.1203876416666529E-002                  2.5129237964844936E-003                  9.5710644087274629E-004                  0.0000000000000000E+000                  0.0000000000000000E+000                  0.0000000000000000E+000                  0.0000000000000000E+000                  0.0000000000000000E+000                  0.0000000000000000E+000                  0.0000000000000000E+000                  0.0000000000000000E+000                  0.0000000000000000E+000                  0.0000000000000000E+000                 -8.0526881294941681E+000                 -9.8999999999999986E+001                  0.0000000000000000E+000                  0.0000000000000000E+000                 -9.8999999999999986E+001                 -9.8999999999999986E+001                 -9.9000000000000000E+001                 -9.9000000000000000E+001                 -9.9000000000000000E+001                 -9.9000000000000000E+001 
                 1.2429014882558338E-002                  3.2829426408739422E+000                  1.0798071742948482E-003                  1.8943680791745747E+010                 -3.3109910345434828E+000                  5.4650173699151674E+000                  7.4150132593228500E+013                  2.5504050383785255E+001                  3.4251713144577765E+008                  1.6629756340954520E+000                  3.9548544418603515E-001                  6.2134775756789673E-001                  8.2342368427874879E-001                  8.5000496627254152E-001                  1.8925408155482071E+010                  1.8272636263674263E+007                  3.8712306964565757E-001                  3.8712306964565757E-001                  0.0000000000000000E+000                  7.8164682690842983E-003                  2.1815240379107533E+002                  5.3160998786772805E-020                  5.3160998786772811E-020                  0.0000000000000000E+000                  0.0000000000000000E+000                  2.1267925317850252E-021                  0.0000000000000000E+000                 -1.4715495245283862E+005                  6.9999999999999996E-001                  2.9797635251138625E-005                  2.7997020236474890E-001                  4.1193902129486454E-003                  1.2067031330276045E-003                  1.1203876416666533E-002                  2.5129237964844941E-003                  9.5710644087274640E-004                  0.0000000000000000E+000                  0.0000000000000000E+000                  0.0000000000000000E+000                  0.0000000000000000E+000                  0.0000000000000000E+000                  0.0000000000000000E+000                  0.0000000000000000E+000                  0.0000000000000000E+000                  0.0000000000000000E+000                  0.0000000000000000E+000                 -8.0521720749317574E+000                 -9.8999999999999986E+001                  0.0000000000000000E+000                  0.0000000000000000E+000                 -9.8999999999999986E+001                 -9.8999999999999986E+001                 -9.9000000000000000E+001                 -9.9000000000000000E+001                  9.7552310955333077E+000                 -9.9000000000000000E+001 
                 5.9443162161531820E-003                  2.5555333743074939E+000                  4.9409371560114113E+002                  1.9512574917622398E+010                 -3.3032616151360363E+000                  5.4700965061206457E+000                  7.4842997825628203E+013                  2.5503677194847835E+001                  3.4246951831161082E+008                  1.6630318078405011E+000                  3.9553044979781748E-001                  6.2133434598605985E-001                  8.2320679797478935E-001                  8.5000496627254152E-001                  1.9493427167380173E+010                  1.9147750242224306E+007                  3.4914742498823366E+005                  3.9677319617413570E-001                  0.0000000000000000E+000                  1.6515797152370506E+005                  2.1173559546045055E+002                  6.5463065256798580E-020                  6.5463065256798580E-020                  0.0000000000000000E+000                  0.0000000000000000E+000                  2.6189567936279150E-021                  0.0000000000000000E+000                  1.4821833868442173E+005                  6.9999999999999996E-001                  2.9797635251138621E-005                  2.7997020236474884E-001                  4.1193902129486445E-003                  1.2067031330276047E-003                  1.1203876416666529E-002                  2.5129237964844936E-003                  9.5710644087274629E-004                  0.0000000000000000E+000                  0.0000000000000000E+000                  0.0000000000000000E+000                  0.0000000000000000E+000                  0.0000000000000000E+000                  0.0000000000000000E+000                  0.0000000000000000E+000                  0.0000000000000000E+000                  0.0000000000000000E+000                  0.0000000000000000E+000                 -8.0521447627224489E+000                 -9.8999999999999986E+001                  0.0000000000000000E+000                  0.0000000000000000E+000                 -9.8999999999999986E+001                 -9.8999999999999986E+001                  1.7078406949685075E+001                 -9.9000000000000000E+001                 -9.9000000000000000E+001                 -9.9000000000000000E+001 
                 3.3147562442008755E-003                  2.0986527849080550E+000                  2.9229020378009540E+002                  1.9836201248570110E+010                 -3.2989738683045844E+000                  5.4729293423208558E+000                  7.5232914588101031E+013                  2.5503600092024200E+001                  3.4244425895173818E+008                  1.6630613684498881E+000                  3.9555456917153725E-001                  6.2132723440086080E-001                  8.2309482135568834E-001                  8.5000496627254152E-001                  1.9816547332422089E+010                  1.9653916148023088E+007                  3.5946919655476190E+005                  3.9702459575381760E-001                  0.0000000000000000E+000                  1.7923525596817050E+005                  2.0826102116595479E+002                  7.3493501224032315E-020                  7.3493501224032315E-020                  0.0000000000000000E+000                  0.0000000000000000E+000                  2.9402275015954432E-021                  0.0000000000000000E+000                  3.2725812971737731E+005                  6.9999999999999996E-001                  2.9797635251138621E-005                  2.7997020236474884E-001                  4.1193902129486445E-003                  1.2067031330276047E-003                  1.1203876416666529E-002                  2.5129237964844936E-003                  9.5710644087274640E-004                  0.0000000000000000E+000                  0.0000000000000000E+000                  0.0000000000000000E+000                  0.0000000000000000E+000                  0.0000000000000000E+000                  0.0000000000000000E+000                  0.0000000000000000E+000                  0.0000000000000000E+000                  0.0000000000000000E+000                  0.0000000000000000E+000                 -8.0521677477710938E+000                 -9.8999999999999986E+001                  0.0000000000000000E+000                  0.0000000000000000E+000                 -9.8999999999999986E+001                 -9.8999999999999986E+001                  1.7113107001935749E+001                 -9.9000000000000000E+001                 -9.9000000000000000E+001                 -9.9000000000000000E+001 
                 1.7154865245638871E-003                  1.6820348974229060E+000                  2.1298586481800399E+001                  2.0072479697907997E+010                 -3.2958823897469358E+000                  5.4749637226579244E+000                  7.5514464021419328E+013                  2.5503517397170967E+001                  3.4242674366842568E+008                  1.6630819105373977E+000                  3.9557141912698013E-001                  6.2132234719749535E-001                  8.2302428031692365E-001                  8.5000496627254152E-001                  2.0052454047967663E+010                  2.0025649940334547E+007                  4.9508247559562224E+004                  3.9602705841402086E-001                  0.0000000000000000E+000                  6.0277531082292146E+004                  2.0581859246208586E+002                  7.9852004848348502E-020                  7.9852004848348502E-020                  0.0000000000000000E+000                  0.0000000000000000E+000                  3.1946098258401705E-021                  0.0000000000000000E+000                  2.7427052045185192E+004                  6.9999999999999996E-001                  2.9797635251138618E-005                  2.7997020236474884E-001                  4.1193902129486445E-003                  1.2067031330276049E-003                  1.1203876416666529E-002                  2.5129237964844936E-003                  9.5710644087274640E-004                  0.0000000000000000E+000                  0.0000000000000000E+000                  0.0000000000000000E+000                  0.0000000000000000E+000                  0.0000000000000000E+000                  0.0000000000000000E+000                  0.0000000000000000E+000                  0.0000000000000000E+000                  0.0000000000000000E+000                  0.0000000000000000E+000                 -8.0521434849420928E+000                 -9.8999999999999986E+001                  0.0000000000000000E+000                  0.0000000000000000E+000                 -9.8999999999999986E+001                 -9.8999999999999986E+001                  1.6639228761035962E+001                 -9.9000000000000000E+001                 -9.9000000000000000E+001                 -9.9000000000000000E+001 
                 8.5301510235686131E-004                  1.3309518860222578E+000                  9.0505197828562967E+000                  2.0224022615511963E+010                 -3.2939190439558947E+000                  5.4762563300592833E+000                  7.5694037480119859E+013                  2.5503475326182190E+001                  3.4241590014364815E+008                  1.6630946532778956E+000                  3.9558192393395802E-001                  6.2131935085600176E-001                  8.2298573715194978E-001                  8.5000496627254152E-001                  2.0203757128276180E+010                  2.0265487235782374E+007                  4.1688363989006852E+004                  3.9606278308016701E-001                  0.0000000000000000E+000                  9.8268974395551137E+004                  2.0428761423448796E+002                  8.4169410621692732E-020                  8.4169410621692732E-020                  0.0000000000000000E+000                  0.0000000000000000E+000                  3.3673346966560417E-021                  0.0000000000000000E+000                  2.2276999692231173E+004                  6.9999999999999996E-001                  2.9797635251138618E-005                  2.7997020236474884E-001                  4.1193902129486445E-003                  1.2067031330276047E-003                  1.1203876416666529E-002                  2.5129237964844936E-003                  9.5710644087274629E-004                  0.0000000000000000E+000                  0.0000000000000000E+000                  0.0000000000000000E+000                  0.0000000000000000E+000                  0.0000000000000000E+000                  0.0000000000000000E+000                  0.0000000000000000E+000                  0.0000000000000000E+000                  0.0000000000000000E+000                  0.0000000000000000E+000                 -8.0521226747720061E+000                 -9.8999999999999986E+001                  0.0000000000000000E+000                  0.0000000000000000E+000                 -9.8999999999999986E+001                 -9.8999999999999986E+001                  1.6851077633889592E+001                 -9.9000000000000000E+001                 -9.9000000000000000E+001                 -9.9000000000000000E+001 
                 4.7070273750879257E-004                  1.0908620923861285E+000                  4.6407213222842820E+000                  2.0315228673308594E+010                 -3.2927449931433537E+000                  5.4770301376350545E+000                  7.5801794381928844E+013                  2.5503457439897943E+001                  3.4240951853785449E+008                  1.6631021656013905E+000                  3.9558813892055877E-001                  6.2131760198298980E-001                  8.2296541497810460E-001                  8.5000496627254152E-001                  2.0294818237400604E+010                  2.0410435907989927E+007                  3.8426713075973268E+004                  3.9611101749098521E-001                  0.0000000000000000E+000                  1.0720201859306707E+005                  2.0337848632058223E+002                  8.6862567714969055E-020                  8.6862567714969042E-020                  0.0000000000000000E+000                  0.0000000000000000E+000                  3.4750788457810629E-021                  0.0000000000000000E+000                  3.8908956689361039E+004                  6.9999999999999996E-001                  2.9797635251138618E-005                  2.7997020236474884E-001                  4.1193902129486445E-003                  1.2067031330276047E-003                  1.1203876416666529E-002                  2.5129237964844936E-003                  9.5710644087274629E-004                  0.0000000000000000E+000                  0.0000000000000000E+000                  0.0000000000000000E+000                  0.0000000000000000E+000                  0.0000000000000000E+000                  0.0000000000000000E+000                  0.0000000000000000E+000                  0.0000000000000000E+000                  0.0000000000000000E+000                  0.0000000000000000E+000                 -8.0521099633270250E+000                 -9.8999999999999986E+001                  0.0000000000000000E+000                  0.0000000000000000E+000                 -9.8999999999999986E+001                 -9.8999999999999986E+001                  1.6888639708044753E+001                 -9.9000000000000000E+001                 -9.9000000000000000E+001                 -9.9000000000000000E+001 
                 2.4035170262358331E-004                  8.7127587176609700E-001                  2.1775132434601606E-005                  2.0379770359209347E+010                 -3.2918543734878898E+000                  5.4775138670843919E+000                  7.5869039393291547E+013                  2.5502873531141983E+001                  3.4240551920640242E+008                  1.6631073287288514E+000                  3.9559195605222036E-001                  6.2131664347318261E-001                  8.2294660578803236E-001                  8.5000496627254152E-001                  2.0359268785550602E+010                  2.0501573658744294E+007                  3.5126738956917514E-001                  3.5126738956917514E-001                  0.0000000000000000E+000                  0.0000000000000000E+000                  2.0285896791814832E+002                  8.8621255574146232E-020                  8.8621255574146244E-020                  0.0000000000000000E+000                  0.0000000000000000E+000                  3.5454380271332356E-021                  0.0000000000000000E+000                  7.1060980575240840E-001                  6.9999999999999996E-001                  2.9797635251138618E-005                  2.7997020236474884E-001                  4.1193902129486445E-003                  1.2067031330276047E-003                  1.1203876416666529E-002                  2.5129237964844936E-003                  9.5710644087274629E-004                  0.0000000000000000E+000                  0.0000000000000000E+000                  0.0000000000000000E+000                  0.0000000000000000E+000                  0.0000000000000000E+000                  0.0000000000000000E+000                  0.0000000000000000E+000                  0.0000000000000000E+000                  0.0000000000000000E+000                  0.0000000000000000E+000                 -8.0517488880524155E+000                 -9.8999999999999986E+001                  0.0000000000000000E+000                  0.0000000000000000E+000                 -9.8999999999999986E+001                 -9.8999999999999986E+001                 -9.9000000000000000E+001                 -9.9000000000000000E+001                 -9.9000000000000000E+001                 -9.9000000000000000E+001 
                 1.2517618518103414E-004                  7.0048038164641524E-001                 -2.0602341601595820E-005                  2.0419997916498493E+010                 -3.2904326591465227E+000                  5.4769634270901779E+000                  7.5789196664369891E+013                  2.5494622741923482E+001                  3.4240937335605073E+008                  1.6631093114670066E+000                  3.9558692388327266E-001                  6.2131949996897806E-001                  8.2285676932444984E-001                  8.5000496627254152E-001                  2.0399600017457939E+010                  2.0397899040552258E+007                 -6.4307868016557612E-001                 -6.4307868016557612E-001                  0.0000000000000000E+000                  0.0000000000000000E+000                  2.0416705691563288E+002                  8.7115188969071378E-020                  8.7115188969071391E-020                  0.0000000000000000E+000                  0.0000000000000000E+000                  3.4851853788086721E-021                  0.0000000000000000E+000                 -3.3629445655503037E-001                  6.9999999999999996E-001                  2.9797635251138618E-005                  2.7997020236474884E-001                  4.1193902129486445E-003                  1.2067031330276047E-003                  1.1203876416666529E-002                  2.5129237964844936E-003                  9.5710644087274629E-004                  0.0000000000000000E+000                  0.0000000000000000E+000                  0.0000000000000000E+000                  0.0000000000000000E+000                  0.0000000000000000E+000                  0.0000000000000000E+000                  0.0000000000000000E+000                  0.0000000000000000E+000                  0.0000000000000000E+000                  0.0000000000000000E+000                 -8.0466912461562252E+000                 -9.8999999999999986E+001                  0.0000000000000000E+000                  0.0000000000000000E+000                 -9.8999999999999986E+001                 -9.8999999999999986E+001                 -9.9000000000000000E+001                 -9.9000000000000000E+001                 -9.9000000000000000E+001                 -9.9000000000000000E+001 
                 6.7588426459704075E-005                  5.7018865462418922E-001                 -1.0574820530447701E-005                  2.0444735308398438E+010                 -3.2895734799177547E+000                  5.4766389238885136E+000                  7.5742145825541234E+013                  2.5489681852087042E+001                  3.4241176218503177E+008                  1.6631104790734130E+000                  3.9558387831687947E-001                  6.2132117733051784E-001                  8.2280449909505182E-001                  8.5000496627254152E-001                  2.0424398283276485E+010                  2.0337025121950284E+007                 -6.1736375547248934E-001                 -6.1736375547248934E-001                  0.0000000000000000E+000                  0.0000000000000000E+000                  2.0494894004720624E+002                  8.6243200096610718E-020                  8.6243200096610718E-020                  0.0000000000000000E+000                  0.0000000000000000E+000                  3.4503000433072858E-021                  0.0000000000000000E+000                 -2.1307916843055646E+003                  6.9999999999999996E-001                  2.9797635251138618E-005                  2.7997020236474884E-001                  4.1193902129486445E-003                  1.2067031330276047E-003                  1.1203876416666529E-002                  2.5129237964844936E-003                  9.5710644087274629E-004                  0.0000000000000000E+000                  0.0000000000000000E+000                  0.0000000000000000E+000                  0.0000000000000000E+000                  0.0000000000000000E+000                  0.0000000000000000E+000                  0.0000000000000000E+000                  0.0000000000000000E+000                  0.0000000000000000E+000                  0.0000000000000000E+000                 -8.0436610406809343E+000                 -9.8999999999999986E+001                  0.0000000000000000E+000                  0.0000000000000000E+000                 -9.8999999999999986E+001                 -9.8999999999999986E+001                 -9.9000000000000000E+001                 -9.9000000000000000E+001                 -9.9000000000000000E+001                 -9.9000000000000000E+001 
                 3.8794547099094545E-005                  4.7381020870567581E-001                  3.1757059311128370E-002                  2.0459624766625092E+010                 -3.2893834496260039E+000                  5.4767640424207755E+000                  7.5759569693721328E+013                  2.5489676902517669E+001                  3.4241071199009562E+008                  1.6631117046475230E+000                  3.9558489950289588E-001                  6.2132090201524681E-001                  8.2280180558785432E-001                  8.5000496627254152E-001                  2.0439264291926445E+010                  2.0360474698645182E+007                  3.2362268583693226E+003                  3.9575815968249500E-001                  0.0000000000000000E+000                  6.2810263561173262E+004                  2.0480114252903923E+002                  8.6683540818873512E-020                  8.6683540818873512E-020                  0.0000000000000000E+000                  0.0000000000000000E+000                  3.4679165933171775E-021                  0.0000000000000000E+000                 -7.6709065245399552E+002                  6.9999999999999996E-001                  2.9797635251138618E-005                  2.7997020236474884E-001                  4.1193902129486445E-003                  1.2067031330276047E-003                  1.1203876416666529E-002                  2.5129237964844936E-003                  9.5710644087274629E-004                  0.0000000000000000E+000                  0.0000000000000000E+000                  0.0000000000000000E+000                  0.0000000000000000E+000                  0.0000000000000000E+000                  0.0000000000000000E+000                  0.0000000000000000E+000                  0.0000000000000000E+000                  0.0000000000000000E+000                  0.0000000000000000E+000                 -8.0436577032257652E+000                 -9.8999999999999986E+001                  0.0000000000000000E+000                  0.0000000000000000E+000                 -9.8999999999999986E+001                 -9.8999999999999986E+001                  1.6654580079517704E+001                 -9.9000000000000000E+001                 -9.9000000000000000E+001                 -9.9000000000000000E+001 
                 2.4397607418789780E-005                  4.0591549500024487E-001                  3.7475275543259898E-002                  2.0468316383772293E+010                 -3.2892726093817282E+000                  5.4768370617489017E+000                  7.5769740678273688E+013                  2.5489674248258854E+001                  3.4241010012117136E+008                  1.6631124186593669E+000                  3.9558549477670463E-001                  6.2132074170535334E-001                  8.2280026940988615E-001                  8.5000496627254152E-001                  2.0447942211379692E+010                  2.0374172392601114E+007                  6.0674671026095484E+003                  3.9587803586949344E-001                  0.0000000000000000E+000                  8.1571352137883820E+004                  2.0471493942765656E+002                  8.6941531246217982E-020                  8.6941531246217982E-020                  0.0000000000000000E+000                  0.0000000000000000E+000                  3.4782379218611235E-021                  0.0000000000000000E+000                  5.7502581879567663E+002                  6.9999999999999996E-001                  2.9797635251138618E-005                  2.7997020236474884E-001                  4.1193902129486445E-003                  1.2067031330276047E-003                  1.1203876416666529E-002                  2.5129237964844936E-003                  9.5710644087274629E-004                  0.0000000000000000E+000                  0.0000000000000000E+000                  0.0000000000000000E+000                  0.0000000000000000E+000                  0.0000000000000000E+000                  0.0000000000000000E+000                  0.0000000000000000E+000                  0.0000000000000000E+000                  0.0000000000000000E+000                  0.0000000000000000E+000                 -8.0436558546226262E+000                 -9.8999999999999986E+001                  0.0000000000000000E+000                  0.0000000000000000E+000                 -9.8999999999999986E+001                 -9.8999999999999986E+001                  1.6768064073362378E+001                 -9.9000000000000000E+001                 -9.9000000000000000E+001                 -9.9000000000000000E+001 
                 1.7199137578581888E-005                  3.6124879432796120E-001                  3.5332033437246807E-002                  2.0474827952896683E+010                 -3.2891896163757273E+000                  5.4768917609242678E+000                  7.5777360985794875E+013                  2.5489672403300069E+001                  3.4240964226539767E+008                  1.6631129529073196E+000                  3.9558594036803485E-001                  6.2132062178767111E-001                  8.2279913637157731E-001                  8.5000496627254152E-001                  2.0454443513450264E+010                  2.0384439446420174E+007                  8.1108460941032235E+003                  3.9596974940858254E-001                  0.0000000000000000E+000                  9.3434100442189592E+004                  2.0465038672189263E+002                  8.7135279442143299E-020                  8.7135279442143299E-020                  0.0000000000000000E+000                  0.0000000000000000E+000                  3.4859891349802438E-021                  0.0000000000000000E+000                  1.8939121064872654E+003                  6.9999999999999996E-001                  2.9797635251138618E-005                  2.7997020236474884E-001                  4.1193902129486445E-003                  1.2067031330276047E-003                  1.1203876416666529E-002                  2.5129237964844936E-003                  9.5710644087274629E-004                  0.0000000000000000E+000                  0.0000000000000000E+000                  0.0000000000000000E+000                  0.0000000000000000E+000                  0.0000000000000000E+000                  0.0000000000000000E+000                  0.0000000000000000E+000                  0.0000000000000000E+000                  0.0000000000000000E+000                  0.0000000000000000E+000                 -8.0436545361413039E+000                 -9.8999999999999986E+001                  0.0000000000000000E+000                  0.0000000000000000E+000                 -9.8999999999999986E+001                 -9.8999999999999986E+001                  1.6827018660225864E+001                 -9.9000000000000000E+001                 -9.9000000000000000E+001                 -9.9000000000000000E+001 
                 1.0000667738373992E-005                  3.0150565360109732E-001                  2.8273024886617204E-002                  2.0481439434990955E+010                 -3.2891053976716540E+000                  5.4769473019954402E+000                  7.5785099629301094E+013                  2.5489670722861945E+001                  3.4240917780456531E+008                  1.6631134947741919E+000                  3.9558639253254740E-001                  6.2132050016216145E-001                  8.2279800227500499E-001                  8.5000496627254152E-001                  2.0461044565172688E+010                  2.0394869818267975E+007                  1.1155992880833350E+004                  3.9612213934000223E-001                  0.0000000000000000E+000                  1.1038390526926998E+005                  2.0458485475100011E+002                  8.7332433036657453E-020                  8.7332433036657453E-020                  0.0000000000000000E+000                  0.0000000000000000E+000                  3.4938765866338452E-021                  0.0000000000000000E+000                  3.7623940772591054E+003                  6.9999999999999996E-001                  2.9797635251138618E-005                  2.7997020236474884E-001                  4.1193902129486445E-003                  1.2067031330276047E-003                  1.1203876416666529E-002                  2.5129237964844936E-003                  9.5710644087274629E-004                  0.0000000000000000E+000                  0.0000000000000000E+000                  0.0000000000000000E+000                  0.0000000000000000E+000                  0.0000000000000000E+000                  0.0000000000000000E+000                  0.0000000000000000E+000                  0.0000000000000000E+000                  0.0000000000000000E+000                  0.0000000000000000E+000                 -8.0436532967025123E+000                 -9.8999999999999986E+001                  0.0000000000000000E+000                  0.0000000000000000E+000                 -9.8999999999999986E+001                 -9.8999999999999986E+001                  1.6899403726340712E+001                 -9.9000000000000000E+001                 -9.9000000000000000E+001                 -9.9000000000000000E+001 
                 5.0003338701861970E-006                  2.3929645624307763E-001                  1.8531947731780143E-002                  2.0486561895524632E+010                 -3.2890401884324088E+000                  5.4769903447542330E+000                  7.5791097616436500E+013                  2.5489669635124649E+001                  3.4240881817249668E+008                  1.6631139142165556E+000                  3.9558674275620481E-001                  6.2132040598610383E-001                  8.2279713571292645E-001                  8.5000496627254152E-001                  2.0466158938792725E+010                  2.0402956731906679E+007                  1.4617804639617807E+004                  3.9633540908583265E-001                  0.0000000000000000E+000                  1.3048281567407782E+005                  2.0453407271434918E+002                  8.7485510948680013E-020                  8.7485510948680013E-020                  0.0000000000000000E+000                  0.0000000000000000E+000                  3.5000007185996492E-021                  0.0000000000000000E+000                  5.7846311187318261E+003                  6.9999999999999996E-001                  2.9797635251138618E-005                  2.7997020236474884E-001                  4.1193902129486445E-003                  1.2067031330276047E-003                  1.1203876416666529E-002                  2.5129237964844936E-003                  9.5710644087274629E-004                  0.0000000000000000E+000                  0.0000000000000000E+000                  0.0000000000000000E+000                  0.0000000000000000E+000                  0.0000000000000000E+000                  0.0000000000000000E+000                  0.0000000000000000E+000                  0.0000000000000000E+000                  0.0000000000000000E+000                  0.0000000000000000E+000                 -8.0436524545887682E+000                 -9.8999999999999986E+001                  0.0000000000000000E+000                  0.0000000000000000E+000                 -9.8999999999999986E+001                 -9.8999999999999986E+001                  1.6972038245495146E+001                 -9.9000000000000000E+001                 -9.9000000000000000E+001                 -9.9000000000000000E+001 
                 2.5001669361478099E-006                  1.8992535665953589E-001                  1.1043559104553092E-002                  2.0489789140222637E+010                 -3.2889991302971353E+000                  5.4770174731747572E+000                  7.5794878308962453E+013                  2.5489669101232330E+001                  3.4240859165204763E+008                  1.6631141783092398E+000                  3.9558696340927990E-001                  6.2132034665545155E-001                  8.2279659573713160E-001                  8.5000496627254152E-001                  2.0469381084930485E+010                  2.0408055292153575E+007                  1.7416904158580855E+004                  3.9656873090310263E-001                  0.0000000000000000E+000                  1.4942062636781228E+005                  2.0450206354209465E+002                  8.7582117835976789E-020                  8.7582117835976789E-020                  0.0000000000000000E+000                  0.0000000000000000E+000                  3.5038656349601862E-021                  0.0000000000000000E+000                  7.4549340868365025E+003                  6.9999999999999996E-001                  2.9797635251138618E-005                  2.7997020236474884E-001                  4.1193902129486445E-003                  1.2067031330276047E-003                  1.1203876416666529E-002                  2.5129237964844936E-003                  9.5710644087274629E-004                  0.0000000000000000E+000                  0.0000000000000000E+000                  0.0000000000000000E+000                  0.0000000000000000E+000                  0.0000000000000000E+000                  0.0000000000000000E+000                  0.0000000000000000E+000                  0.0000000000000000E+000                  0.0000000000000000E+000                  0.0000000000000000E+000                 -8.0436520109443599E+000                 -9.8999999999999986E+001                  0.0000000000000000E+000                  0.0000000000000000E+000                 -9.8999999999999986E+001                 -9.8999999999999986E+001                  1.7030887282106072E+001                 -9.9000000000000000E+001                 -9.9000000000000000E+001                 -9.9000000000000000E+001 
                 1.2500834690731059E-006                  1.5074167472070868E-001                  6.2182346811599952E-003                  2.0491822294637817E+010                 -3.2889732785504404E+000                  5.4770345730226913E+000                  7.5797261551404234E+013                  2.5489668869288501E+001                  3.4240844892947698E+008                  1.6631143446294729E+000                  3.9558710246475165E-001                  6.2132030925908888E-001                  8.2279625835304082E-001                  8.5000496627254152E-001                  2.0471411024917305E+010                  2.0411269720511030E+007                  1.9609997339063852E+004                  3.9682675026906861E-001                  0.0000000000000000E+000                  1.6790192066935194E+005                  2.0448188247531795E+002                  8.7643060046380178E-020                  8.7643060046380178E-020                  0.0000000000000000E+000                  0.0000000000000000E+000                  3.5063037276533997E-021                  0.0000000000000000E+000                  8.7833604080316345E+003                  6.9999999999999996E-001                  2.9797635251138618E-005                  2.7997020236474884E-001                  4.1193902129486445E-003                  1.2067031330276047E-003                  1.1203876416666529E-002                  2.5129237964844936E-003                  9.5710644087274629E-004                  0.0000000000000000E+000                  0.0000000000000000E+000                  0.0000000000000000E+000                  0.0000000000000000E+000                  0.0000000000000000E+000                  0.0000000000000000E+000                  0.0000000000000000E+000                  0.0000000000000000E+000                  0.0000000000000000E+000                  0.0000000000000000E+000                 -8.0436517931025442E+000                 -9.8999999999999986E+001                  0.0000000000000000E+000                  0.0000000000000000E+000                 -9.8999999999999986E+001                 -9.8999999999999986E+001                  1.7081527245486662E+001                 -9.9000000000000000E+001                 -9.9000000000000000E+001                 -9.9000000000000000E+001 
                 6.2504173536922022E-007                  1.1964265880996260E-001                  3.3756499573926913E-003                  2.0493103148239651E+010                 -3.2889570017066205E+000                  5.4770453526308325E+000                  7.5798764003782688E+013                  2.5489668796159524E+001                  3.4240835898417324E+008                  1.6631144493911310E+000                  3.9558719011536059E-001                  6.2132028567919662E-001                  8.2279604722056721E-001                  8.5000496627254152E-001                  2.0472689851908890E+010                  2.0413296330760796E+007                  2.1288567296799261E+004                  3.9711477854910004E-001                  0.0000000000000000E+000                  1.8638471731607753E+005                  2.0446915607196499E+002                  8.7681494869159095E-020                  8.7681494869159107E-020                  0.0000000000000000E+000                  0.0000000000000000E+000                  3.5078413755325907E-021                  0.0000000000000000E+000                  9.8144669857424669E+003                  6.9999999999999996E-001                  2.9797635251138618E-005                  2.7997020236474884E-001                  4.1193902129486445E-003                  1.2067031330276047E-003                  1.1203876416666529E-002                  2.5129237964844936E-003                  9.5710644087274629E-004                  0.0000000000000000E+000                  0.0000000000000000E+000                  0.0000000000000000E+000                  0.0000000000000000E+000                  0.0000000000000000E+000                  0.0000000000000000E+000                  0.0000000000000000E+000                  0.0000000000000000E+000                  0.0000000000000000E+000                  0.0000000000000000E+000                 -8.0436516996765945E+000                 -9.8999999999999986E+001                  0.0000000000000000E+000                  0.0000000000000000E+000                 -9.8999999999999986E+001                 -9.8999999999999986E+001                  1.7126878647969892E+001                 -9.9000000000000000E+001                 -9.9000000000000000E+001                 -9.9000000000000000E+001 
                 3.1252086851727732E-007                  9.4959900961710877E-002                  1.7875075704221492E-003                  2.0493910053812424E+010                 -3.2889467538904715E+000                  5.4770521487219179E+000                  7.5799711275375906E+013                  2.5489668801630462E+001                  3.4240830228915501E+008                  1.6631145153853517E+000                  3.9558724537370304E-001                  6.2132027080649033E-001                  8.2279591498989824E-001                  8.5000496627254152E-001                  2.0473495479685432E+010                  2.0414574126993086E+007                  2.2544182382882766E+004                  3.9743870403882692E-001                  0.0000000000000000E+000                  2.0519388638460392E+005                  2.0446112903859893E+002                  8.7705732051667620E-020                  8.7705732051667620E-020                  0.0000000000000000E+000                  0.0000000000000000E+000                  3.5088110236169556E-021                  0.0000000000000000E+000                  1.0601648568280862E+004                  6.9999999999999996E-001                  2.9797635251138618E-005                  2.7997020236474884E-001                  4.1193902129486445E-003                  1.2067031330276047E-003                  1.1203876416666529E-002                  2.5129237964844936E-003                  9.5710644087274629E-004                  0.0000000000000000E+000                  0.0000000000000000E+000                  0.0000000000000000E+000                  0.0000000000000000E+000                  0.0000000000000000E+000                  0.0000000000000000E+000                  0.0000000000000000E+000                  0.0000000000000000E+000                  0.0000000000000000E+000                  0.0000000000000000E+000                 -8.0436516720441347E+000                 -9.8999999999999986E+001                  0.0000000000000000E+000                  0.0000000000000000E+000                 -9.8999999999999986E+001                 -9.8999999999999986E+001                  1.7168630736566961E+001                 -9.9000000000000000E+001                 -9.9000000000000000E+001                 -9.9000000000000000E+001 
                 1.5626043492477250E-007                  7.5369458531416245E-002                  9.2974690448511730E-004                  2.0494418379617054E+010                 -3.2889403023134758E+000                  5.4770564338621357E+000                  7.5800308579921500E+013                  2.5489668841688843E+001                  3.4240826654692805E+008                  1.6631145569612908E+000                  3.9558728021638823E-001                  6.2132026142305696E-001                  8.2279583215192742E-001                  8.5000496627254152E-001                  2.0474002999759914E+010                  2.0415379857137982E+007                  2.3450973328088257E+004                  3.9780465622724964E-001                  0.0000000000000000E+000                  2.2455729982780630E+005                  2.0445606503687608E+002                  8.7721015669515638E-020                  8.7721015669515626E-020                  0.0000000000000000E+000                  0.0000000000000000E+000                  3.5094224697189376E-021                  0.0000000000000000E+000                  1.1195493319829904E+004                  6.9999999999999996E-001                  2.9797635251138618E-005                  2.7997020236474884E-001                  4.1193902129486445E-003                  1.2067031330276047E-003                  1.1203876416666529E-002                  2.5129237964844936E-003                  9.5710644087274629E-004                  0.0000000000000000E+000                  0.0000000000000000E+000                  0.0000000000000000E+000                  0.0000000000000000E+000                  0.0000000000000000E+000                  0.0000000000000000E+000                  0.0000000000000000E+000                  0.0000000000000000E+000                  0.0000000000000000E+000                  0.0000000000000000E+000                 -8.0436516769326794E+000                 -9.8999999999999986E+001                  0.0000000000000000E+000                  0.0000000000000000E+000                 -9.8999999999999986E+001                 -9.8999999999999986E+001                  1.7207792223810447E+001                 -9.9000000000000000E+001                 -9.9000000000000000E+001                 -9.9000000000000000E+001 
                 7.8130218073008915E-008                  5.9820654720671607E-002                  4.7684310589682599E-004                  2.0494845350089916E+010                 -3.2889348872312336E+000                  5.4770600368522748E+000                  7.5800810817266719E+013                  2.5489668910100594E+001                  3.4240823649871922E+008                  1.6631145918863615E+000                  3.9558730951389853E-001                  6.2132025352743969E-001                  8.2279576297203694E-001                  8.5000496627254152E-001                  2.0474429292741943E+010                  2.0416057347972970E+007                  2.4054078086916805E+004                  3.9821814171720338E-001                  0.0000000000000000E+000                  2.4459903348089883E+005                  2.0445180451505209E+002                  8.7733866382984237E-020                  8.7733866382984225E-020                  0.0000000000000000E+000                  0.0000000000000000E+000                  3.5099365835063796E-021                  0.0000000000000000E+000                  1.1787257558602167E+004                  6.9999999999999996E-001                  2.9797635251138618E-005                  2.7997020236474884E-001                  4.1193902129486445E-003                  1.2067031330276047E-003                  1.1203876416666529E-002                  2.5129237964844936E-003                  9.5710644087274629E-004                  0.0000000000000000E+000                  0.0000000000000000E+000                  0.0000000000000000E+000                  0.0000000000000000E+000                  0.0000000000000000E+000                  0.0000000000000000E+000                  0.0000000000000000E+000                  0.0000000000000000E+000                  0.0000000000000000E+000                  0.0000000000000000E+000                 -8.0436517022616165E+000                 -9.8999999999999986E+001                  0.0000000000000000E+000                  0.0000000000000000E+000                 -9.8999999999999986E+001                 -9.8999999999999986E+001                  1.7244918984525590E+001                 -9.9000000000000000E+001                 -9.9000000000000000E+001                 -9.9000000000000000E+001 
