                                       1                                        2                                        3                                        4                                        5                                        6                                        7                                        8                                        9                                       10                                       11                                       12                                       13                                       14                                       15                                       16                                       17                                       18                                       19                                       20                                       21                                       22                                       23                                       24                                       25                                       26                                       27                                       28                                       29                                       30                                       31                                       32                                       33                                       34                                       35                                       36                                       37                                       38                                       39                                       40                                       41                                       42                                       43                                       44                                       45                                       46                                       47                                       48                                       49                                       50                                       51                                       52 
                            model_number                                num_zones                             initial_mass                                initial_z                                 star_age                                time_step                                     Teff                            photosphere_L                            photosphere_r                               center_eta                                center_h1                               center_he3                               center_he4                               center_c12                               center_n14                               center_o16                              center_ne20                                star_mass                                star_mdot                             star_mass_h1                            star_mass_he3                            star_mass_he4                            star_mass_c12                            star_mass_n14                            star_mass_o16                           star_mass_ne20                             he_core_mass                              c_core_mass                              o_core_mass                             si_core_mass                             fe_core_mass                   neutron_rich_core_mass                               tau10_mass                             tau10_radius                              tau100_mass                            tau100_radius                             dynamic_time                             kh_timescale                            nuc_timescale                           power_nuc_burn                             power_h_burn                            power_he_burn                                power_neu                                burn_min1                                burn_min2                             time_seconds                           version_number                                 compiler                                    build                         MESA_SDK_version                             math_backend                                     date 
                                      90                                      375                  1.0000000000000000E+000                  2.0000000000000000E-002                  6.6877821244671554E+002                  1.1146304374111924E+002                  3.9042778122767832E+003                  1.2232340652243866E+002                  2.4206510863825383E+001                 -7.8122822097928717E+000                  7.0000000000000007E-001                  2.9797635251138618E-005                  2.7997020236474884E-001                  4.1193902129486445E-003                  1.2067031330276047E-003                  1.1203876416666529E-002                  2.5129237964844936E-003                  9.9999989960468438E-001                 -1.2575159113674893E-010                  6.9999992972327829E-001                  2.9797632259595627E-005                  2.7997017425705184E-001                  4.1193897993811604E-003                  1.2067030118802630E-003                  1.1203875291849810E-002                  2.5129235441987154E-003                  0.0000000000000000E+000                  0.0000000000000000E+000                  0.0000000000000000E+000                  0.0000000000000000E+000                  0.0000000000000000E+000                  0.0000000000000000E+000                  9.9999706162153967E-001                  2.4087658809661534E+001                  9.9999600727824944E-001                  2.4052247641295011E+001                  1.1924272306531973E+006                  7.9275262761455997E+003                  8.1750494695489645E+007                  3.0461964701419513E-020                  3.0461964701419513E-020                  0.0000000000000000E+000                  1.2186808181776559E-021                  5.0000000000000000E+001                  1.0000000000000000E+003                  2.1105403134424866E+010                                  "12778"                               "gfortran"                                  "9.2.0"                    "x86_64-linux-20.3.2"                                 "CRMATH"                               "20260329" 

                                       1                                        2                                        3                                        4                                        5                                        6                                        7                                        8                                        9                                       10                                       11                                       12                                       13                                       14                                       15                                       16                                       17                                       18                                       19                                       20                                       21                                       22                                       23                                       24                                       25                                       26                                       27                                       28                                       29                                       30                                       31                                       32                                       33                                       34                                       35                                       36                                       37                                       38                                       39                                       40                                       41                                       42                                       43                                       44                                       45                                       46                                       47                                       48                                       49                                       50                                       51                                       52                                       53                                       54                                       55                                       56 
                                    mass                                   radius                               luminosity                                 pressure                                   logRho                                     logT                                   energy                                  entropy                                       cp                                   gamma1                                    grada                                       mu                                   free_e                                       ye                                     pgas                                     prad                                    gradr                                    gradT                                 velocity                                 conv_vel                                  opacity                                  eps_nuc                                       pp                                      cno                                 tri_alfa                        eps_nuc_neu_total                              non_nuc_neu                                 eps_grav                                       h1                                      he3                                      he4                                      c12                                      n14                                      o16                                     ne20                                     mg24                                     si28                                      s32                                     ar36                                     ca40                                     ti44                                     cr48                                     fe52                                     fe54                                     fe56                                     ni56                                      eta                                log_omega                                    v_rot                                    j_rot                           dynamo_log_B_r                         dynamo_log_B_phi                               log_D_conv                               log_D_semi                                log_D_ovr                               log_D_thrm 
                 9.9999989960468438E-001                  2.4206510863825383E+001                  1.2232340652243866E+002                  2.8410698278209652E+003                 -7.9438596185139838E+000                  3.5915407376216786E+000                  1.8742979266485735E+012                  2.0403386387320317E+001                  1.7642815699467376E+008                  1.5989047250800978E+000                  3.6916960347235744E-001                  1.2932391051942793E+000                  3.0403319455516616E-003                  8.5000496627254152E-001                  2.8404838317825133E+003                  5.8599603845184400E-001                  1.2501292121086968E-001                  1.2501292121086968E-001                  0.0000000000000000E+000                  0.0000000000000000E+000                  1.0977330601435825E-002                  1.6690043690129754E-027                  1.6690043690129754E-027                  0.0000000000000000E+000                  0.0000000000000000E+000                  6.6771219041194253E-029                  0.0000000000000000E+000                 -2.0347110605298391E-001                  6.9999999999999984E-001                  2.9797635251138614E-005                  2.7997020236474901E-001                  4.1193902129486471E-003                  1.2067031330276043E-003                  1.1203876416666529E-002                  2.5129237964844927E-003                  9.5710644087274672E-004                  0.0000000000000000E+000                  0.0000000000000000E+000                  0.0000000000000000E+000                  0.0000000000000000E+000                  0.0000000000000000E+000                  0.0000000000000000E+000                  0.0000000000000000E+000                  0.0000000000000000E+000                  0.0000000000000000E+000                  0.0000000000000000E+000                 -1.7856273815879586E+001                 -9.8999999999999986E+001                  0.0000000000000000E+000                  0.0000000000000000E+000                 -9.8999999999999986E+001                 -9.8999999999999986E+001                 -9.9000000000000000E+001                 -9.9000000000000000E+001                 -9.9000000000000000E+001                 -9.9000000000000000E+001 
                 9.9999989960368452E-001                  2.4206510793409048E+001                  1.2232340652243876E+002                  2.8410743931660331E+003                 -7.9438590084903442E+000                  3.5915408248647824E+000                  1.8742980070713416E+012                  2.0403385558295611E+001                  1.7642812934100714E+008                  1.5989048300811286E+000                  3.6916965198129137E-001                  1.2932391031730639E+000                  3.0403319455522613E-003                  8.5000496627254152E-001                  2.8404883966567104E+003                  5.8599650932251823E-001                  1.2501303872680636E-001                  1.2501303872680636E-001                  0.0000000000000000E+000                  0.0000000000000000E+000                  1.0977357899098941E-002                  1.6690067135917582E-027                  1.6690067135917585E-027                  0.0000000000000000E+000                  0.0000000000000000E+000                  6.6771312839860323E-029                  0.0000000000000000E+000                 -2.0346312052516835E-001                  6.9999999999999984E-001                  2.9797635251138614E-005                  2.7997020236474901E-001                  4.1193902129486471E-003                  1.2067031330276045E-003                  1.1203876416666529E-002                  2.5129237964844927E-003                  9.5710644087274672E-004                  0.0000000000000000E+000                  0.0000000000000000E+000                  0.0000000000000000E+000                  0.0000000000000000E+000                  0.0000000000000000E+000                  0.0000000000000000E+000                  0.0000000000000000E+000                  0.0000000000000000E+000                  0.0000000000000000E+000                  0.0000000000000000E+000                 -1.7856272712575286E+001                 -9.8999999999999986E+001                  0.0000000000000000E+000                  0.0000000000000000E+000                 -9.8999999999999986E+001                 -9.8999999999999986E+001                 -9.9000000000000000E+001                 -9.9000000000000000E+001                 -9.9000000000000000E+001                 -9.9000000000000000E+001 
                 9.9999989960118441E-001                  2.4206510617368469E+001                  1.2232340652243902E+002                  2.8410809150877417E+003                 -7.9438581370302357E+000                  3.5915409494980959E+000                  1.8742981219613777E+012                  2.0403384373979247E+001                  1.7642808983561254E+008                  1.5989049800832180E+000                  3.6916972128007919E-001                  1.2932391002855970E+000                  3.0403319455531144E-003                  8.5000496627254152E-001                  2.8404949179057444E+003                  5.8599718199722495E-001                  1.2501362630699481E-001                  1.2501362630699481E-001                  0.0000000000000000E+000                  0.0000000000000000E+000                  1.0977396895877923E-002                  1.6690100629871528E-027                  1.6690100629871531E-027                  0.0000000000000000E+000                  0.0000000000000000E+000                  6.6771446837840027E-029                  0.0000000000000000E+000                 -2.0345150113965432E-001                  6.9999999999999984E-001                  2.9797635251138614E-005                  2.7997020236474901E-001                  4.1193902129486471E-003                  1.2067031330276045E-003                  1.1203876416666529E-002                  2.5129237964844927E-003                  9.5710644087274672E-004                  0.0000000000000000E+000                  0.0000000000000000E+000                  0.0000000000000000E+000                  0.0000000000000000E+000                  0.0000000000000000E+000                  0.0000000000000000E+000                  0.0000000000000000E+000                  0.0000000000000000E+000                  0.0000000000000000E+000                  0.0000000000000000E+000                 -1.7856271136432490E+001                 -9.8999999999999986E+001                  0.0000000000000000E+000                  0.0000000000000000E+000                 -9.8999999999999986E+001                 -9.8999999999999986E+001                 -9.9000000000000000E+001                 -9.9000000000000000E+001                 -9.9000000000000000E+001                 -9.9000000000000000E+001 
                 9.9999989959868452E-001                  2.4206510441328234E+001                  1.2232340652243929E+002                  2.8410906979705910E+003                 -7.9438568298447700E+000                  3.5915411364485075E+000                  1.8742982942968977E+012                  2.0403382597514653E+001                  1.7642803057730338E+008                  1.5989052050873211E+000                  3.6916982522867808E-001                  1.2932390959543711E+000                  3.0403319455543946E-003                  8.5000496627254152E-001                  2.8405046997795780E+003                  5.8599819101312056E-001                  1.2501421388884845E-001                  1.2501421388884845E-001                  0.0000000000000000E+000                  0.0000000000000000E+000                  1.0977455391260334E-002                  1.6690150870747966E-027                  1.6690150870747966E-027                  0.0000000000000000E+000                  0.0000000000000000E+000                  6.6771647834591598E-029                  0.0000000000000000E+000                 -2.0343407219746490E-001                  6.9999999999999984E-001                  2.9797635251138614E-005                  2.7997020236474901E-001                  4.1193902129486471E-003                  1.2067031330276045E-003                  1.1203876416666529E-002                  2.5129237964844927E-003                  9.5710644087274672E-004                  0.0000000000000000E+000                  0.0000000000000000E+000                  0.0000000000000000E+000                  0.0000000000000000E+000                  0.0000000000000000E+000                  0.0000000000000000E+000                  0.0000000000000000E+000                  0.0000000000000000E+000                  0.0000000000000000E+000                  0.0000000000000000E+000                 -1.7856268772230635E+001                 -9.8999999999999986E+001                  0.0000000000000000E+000                  0.0000000000000000E+000                 -9.8999999999999986E+001                 -9.8999999999999986E+001                 -9.9000000000000000E+001                 -9.9000000000000000E+001                 -9.9000000000000000E+001                 -9.9000000000000000E+001 
                 9.9999989959368440E-001                  2.4206510089248631E+001                  1.2232340652243981E+002                  2.8411135246985864E+003                 -7.9438537797672772E+000                  3.5915415726681958E+000                  1.8742986964155125E+012                  2.0403378452475952E+001                  1.7642789230692869E+008                  1.5989057301011926E+000                  3.6917006777737410E-001                  1.2932390858480614E+000                  3.0403319455573783E-003                  8.5000496627254152E-001                  2.8405275241531849E+003                  5.8600054540141955E-001                  1.2501538905798304E-001                  1.2501538905798304E-001                  0.0000000000000000E+000                  0.0000000000000000E+000                  1.0977591881484771E-002                  1.6690268099204996E-027                  1.6690268099204996E-027                  0.0000000000000000E+000                  0.0000000000000000E+000                  6.6772116825993169E-029                  0.0000000000000000E+000                 -2.0339340530732397E-001                  6.9999999999999984E-001                  2.9797635251138611E-005                  2.7997020236474901E-001                  4.1193902129486471E-003                  1.2067031330276045E-003                  1.1203876416666529E-002                  2.5129237964844927E-003                  9.5710644087274683E-004                  0.0000000000000000E+000                  0.0000000000000000E+000                  0.0000000000000000E+000                  0.0000000000000000E+000                  0.0000000000000000E+000                  0.0000000000000000E+000                  0.0000000000000000E+000                  0.0000000000000000E+000                  0.0000000000000000E+000                  0.0000000000000000E+000                 -1.7856263255817254E+001                 -9.8999999999999986E+001                  0.0000000000000000E+000                  0.0000000000000000E+000                 -9.8999999999999986E+001                 -9.8999999999999986E+001                 -9.9000000000000000E+001                 -9.9000000000000000E+001                 -9.9000000000000000E+001                 -9.9000000000000000E+001 
                 9.9999989958118451E-001                  2.4206509209056094E+001                  1.2232340652244113E+002                  2.8411461343147375E+003                 -7.9438494225695040E+000                  3.5915421958468960E+000                  1.8742992708790925E+012                  2.0403372531115288E+001                  1.7642769477377388E+008                  1.5989064801377104E+000                  3.6917041428313535E-001                  1.2932390714100515E+000                  3.0403319455616397E-003                  8.5000496627254152E-001                  2.8405601304058664E+003                  5.8600390887133724E-001                  1.2501832700890414E-001                  1.2501832700890414E-001                  0.0000000000000000E+000                  0.0000000000000000E+000                  1.0977786870458436E-002                  1.6690435567713541E-027                  1.6690435567713541E-027                  0.0000000000000000E+000                  0.0000000000000000E+000                  6.6772786810846063E-029                  0.0000000000000000E+000                 -2.0333531150598139E-001                  6.9999999999999984E-001                  2.9797635251138611E-005                  2.7997020236474901E-001                  4.1193902129486471E-003                  1.2067031330276045E-003                  1.1203876416666529E-002                  2.5129237964844927E-003                  9.5710644087274683E-004                  0.0000000000000000E+000                  0.0000000000000000E+000                  0.0000000000000000E+000                  0.0000000000000000E+000                  0.0000000000000000E+000                  0.0000000000000000E+000                  0.0000000000000000E+000                  0.0000000000000000E+000                  0.0000000000000000E+000                  0.0000000000000000E+000                 -1.7856255375381817E+001                 -9.8999999999999986E+001                  0.0000000000000000E+000                  0.0000000000000000E+000                 -9.8999999999999986E+001                 -9.8999999999999986E+001                 -9.9000000000000000E+001                 -9.9000000000000000E+001                 -9.9000000000000000E+001                 -9.9000000000000000E+001 
                 9.9999989956868451E-001                  2.4206508328872189E+001                  1.2232340652244245E+002                  2.8411950487460908E+003                 -7.9438428868903124E+000                  3.5915431306259857E+000                  1.8743001325870850E+012                  2.0403363649317594E+001                  1.7642739846873575E+008                  1.5989076052156492E+000                  3.6917093405230489E-001                  1.2932390497524127E+000                  3.0403319455680339E-003                  8.5000496627254152E-001                  2.8406090397919188E+003                  5.8600895417199328E-001                  1.2502126500147498E-001                  1.2502126500147498E-001                  0.0000000000000000E+000                  0.0000000000000000E+000                  1.0978079359268686E-002                  1.6690686769112233E-027                  1.6690686769112233E-027                  0.0000000000000000E+000                  0.0000000000000000E+000                  6.6773791782668012E-029                  0.0000000000000000E+000                 -2.0324817422770725E-001                  6.9999999999999984E-001                  2.9797635251138611E-005                  2.7997020236474901E-001                  4.1193902129486471E-003                  1.2067031330276045E-003                  1.1203876416666529E-002                  2.5129237964844927E-003                  9.5710644087274683E-004                  0.0000000000000000E+000                  0.0000000000000000E+000                  0.0000000000000000E+000                  0.0000000000000000E+000                  0.0000000000000000E+000                  0.0000000000000000E+000                  0.0000000000000000E+000                  0.0000000000000000E+000                  0.0000000000000000E+000                  0.0000000000000000E+000                 -1.7856243555037274E+001                 -9.8999999999999986E+001                  0.0000000000000000E+000                  0.0000000000000000E+000                 -9.8999999999999986E+001                 -9.8999999999999986E+001                 -9.9000000000000000E+001                 -9.9000000000000000E+001                 -9.9000000000000000E+001                 -9.9000000000000000E+001 
                 9.9999989954368440E-001                  2.4206506568530877E+001                  1.2232340652244510E+002                  2.8412928776372273E+003                 -7.9438298159595568E+000                  3.5915450002289910E+000                  1.8743018560536538E+012                  2.0403345886622208E+001                  1.7642680583648610E+008                  1.5989098554665526E+000                  3.6917197363385451E-001                  1.2932390064346233E+000                  3.0403319455808309E-003                  8.5000496627254152E-001                  2.8407068585920820E+003                  5.8601904514556580E-001                  1.2502714111781696E-001                  1.2502714111781696E-001                  0.0000000000000000E+000                  0.0000000000000000E+000                  1.0978664357110380E-002                  1.6691189166815812E-027                  1.6691189166815812E-027                  0.0000000000000000E+000                  0.0000000000000000E+000                  6.6775801705933321E-029                  0.0000000000000000E+000                 -2.0307391240336448E-001                  6.9999999999999984E-001                  2.9797635251138611E-005                  2.7997020236474901E-001                  4.1193902129486471E-003                  1.2067031330276045E-003                  1.1203876416666529E-002                  2.5129237964844927E-003                  9.5710644087274683E-004                  0.0000000000000000E+000                  0.0000000000000000E+000                  0.0000000000000000E+000                  0.0000000000000000E+000                  0.0000000000000000E+000                  0.0000000000000000E+000                  0.0000000000000000E+000                  0.0000000000000000E+000                  0.0000000000000000E+000                  0.0000000000000000E+000                 -1.7856219915487660E+001                 -9.8999999999999986E+001                  0.0000000000000000E+000                  0.0000000000000000E+000                 -9.8999999999999986E+001                 -9.8999999999999986E+001                 -9.9000000000000000E+001                 -9.9000000000000000E+001                 -9.9000000000000000E+001                 -9.9000000000000000E+001 
                 9.9999989949368440E-001                  2.4206503047953383E+001                  1.2232340652245034E+002                  2.8414396210593254E+003                 -7.9438102106561450E+000                  3.5915478047710017E+000                  1.8743044414052908E+012                  2.0403319244951565E+001                  1.7642591681733981E+008                  1.5989132311379572E+000                  3.6917353314101264E-001                  1.2932389414503278E+000                  3.0403319456000226E-003                  8.5000496627254152E-001                  2.8408535868766517E+003                  5.8603418267391516E-001                  1.2503889383954159E-001                  1.2503889383954159E-001                  0.0000000000000000E+000                  0.0000000000000000E+000                  1.0979541909241268E-002                  1.6691942749724634E-027                  1.6691942749724634E-027                  0.0000000000000000E+000                  0.0000000000000000E+000                  6.6778816536236063E-029                  0.0000000000000000E+000                 -2.0281255341723403E-001                  6.9999999999999984E-001                  2.9797635251138614E-005                  2.7997020236474901E-001                  4.1193902129486471E-003                  1.2067031330276045E-003                  1.1203876416666529E-002                  2.5129237964844927E-003                  9.5710644087274672E-004                  0.0000000000000000E+000                  0.0000000000000000E+000                  0.0000000000000000E+000                  0.0000000000000000E+000                  0.0000000000000000E+000                  0.0000000000000000E+000                  0.0000000000000000E+000                  0.0000000000000000E+000                  0.0000000000000000E+000                  0.0000000000000000E+000                 -1.7856184459154235E+001                 -9.8999999999999986E+001                  0.0000000000000000E+000                  0.0000000000000000E+000                 -9.8999999999999986E+001                 -9.8999999999999986E+001                 -9.9000000000000000E+001                 -9.9000000000000000E+001                 -9.9000000000000000E+001                 -9.9000000000000000E+001 
                 9.9999989943118439E-001                  2.4206498647428738E+001                  1.2232340652245691E+002                  2.8416026694246248E+003                 -7.9437884285208380E+000                  3.5915509211194880E+000                  1.8743073142290432E+012                  2.0403289646420347E+001                  1.7642492892043895E+008                  1.5989169822925944E+000                  3.6917526611347024E-001                  1.2932388692349917E+000                  3.0403319456213580E-003                  8.5000496627254152E-001                  2.8410166184209870E+003                  5.8605100363779039E-001                  1.2505358563625429E-001                  1.2505358563625429E-001                  0.0000000000000000E+000                  0.0000000000000000E+000                  1.0980517044553252E-002                  1.6692780044961654E-027                  1.6692780044961654E-027                  0.0000000000000000E+000                  0.0000000000000000E+000                  6.6782166271246461E-029                  0.0000000000000000E+000                 -2.0238231846143831E-001                  6.9999999999999984E-001                  2.9797635251138614E-005                  2.7997020236474901E-001                  4.1193902129486471E-003                  1.2067031330276045E-003                  1.1203876416666529E-002                  2.5129237964844927E-003                  9.5710644087274672E-004                  0.0000000000000000E+000                  0.0000000000000000E+000                  0.0000000000000000E+000                  0.0000000000000000E+000                  0.0000000000000000E+000                  0.0000000000000000E+000                  0.0000000000000000E+000                  0.0000000000000000E+000                  0.0000000000000000E+000                  0.0000000000000000E+000                 -1.7856145067421675E+001                 -9.8999999999999986E+001                  0.0000000000000000E+000                  0.0000000000000000E+000                 -9.8999999999999986E+001                 -9.8999999999999986E+001                 -9.9000000000000000E+001                 -9.9000000000000000E+001                 -9.9000000000000000E+001                 -9.9000000000000000E+001 
                 9.9999989936868439E-001                  2.4206494247123079E+001                  1.2232340652246346E+002                  2.8418472421504298E+003                 -7.9437557582537712E+000                  3.5915555959182082E+000                  1.8743116237804155E+012                  2.0403245254701456E+001                  1.7642344694265866E+008                  1.5989226096037426E+000                  3.6917786583462220E-001                  1.2932387608964122E+000                  3.0403319456533732E-003                  8.5000496627254152E-001                  2.8412611659129511E+003                  5.8607623747867199E-001                  1.2506827849630922E-001                  1.2506827849630922E-001                  0.0000000000000000E+000                  0.0000000000000000E+000                  1.0981979881248511E-002                  1.6694035953706332E-027                  1.6694035953706332E-027                  0.0000000000000000E+000                  0.0000000000000000E+000                  6.6787190737296070E-029                  0.0000000000000000E+000                 -2.0180707714488563E-001                  6.9999999999999984E-001                  2.9797635251138614E-005                  2.7997020236474901E-001                  4.1193902129486471E-003                  1.2067031330276045E-003                  1.1203876416666531E-002                  2.5129237964844927E-003                  9.5710644087274672E-004                  0.0000000000000000E+000                  0.0000000000000000E+000                  0.0000000000000000E+000                  0.0000000000000000E+000                  0.0000000000000000E+000                  0.0000000000000000E+000                  0.0000000000000000E+000                  0.0000000000000000E+000                  0.0000000000000000E+000                  0.0000000000000000E+000                 -1.7856085987536201E+001                 -9.8999999999999986E+001                  0.0000000000000000E+000                  0.0000000000000000E+000                 -9.8999999999999986E+001                 -9.8999999999999986E+001                 -9.9000000000000000E+001                 -9.9000000000000000E+001                 -9.9000000000000000E+001                 -9.9000000000000000E+001 
                 9.9999989924368449E-001                  2.4206485447169118E+001                  1.2232340652247652E+002                  2.8423363883132388E+003                 -7.9436904284055627E+000                  3.5915649466364257E+000                  1.8743202441469915E+012                  2.0403156493753450E+001                  1.7642048243421116E+008                  1.5989338665965902E+000                  3.6918306635492099E-001                  1.2932385441565357E+000                  3.0403319457174395E-003                  8.5000496627254152E-001                  2.8417502615987682E+003                  5.8612671447042530E-001                  1.2509766749533308E-001                  1.2509766749533308E-001                  0.0000000000000000E+000                  0.0000000000000000E+000                  1.0984906060101159E-002                  1.6696547643823415E-027                  1.6696547643823415E-027                  0.0000000000000000E+000                  0.0000000000000000E+000                  6.6797239159821902E-029                  0.0000000000000000E+000                 -2.0065716249487103E-001                  6.9999999999999984E-001                  2.9797635251138618E-005                  2.7997020236474901E-001                  4.1193902129486471E-003                  1.2067031330276045E-003                  1.1203876416666529E-002                  2.5129237964844927E-003                  9.5710644087274672E-004                  0.0000000000000000E+000                  0.0000000000000000E+000                  0.0000000000000000E+000                  0.0000000000000000E+000                  0.0000000000000000E+000                  0.0000000000000000E+000                  0.0000000000000000E+000                  0.0000000000000000E+000                  0.0000000000000000E+000                  0.0000000000000000E+000                 -1.7855967856241524E+001                 -9.8999999999999986E+001                  0.0000000000000000E+000                  0.0000000000000000E+000                 -9.8999999999999986E+001                 -9.8999999999999986E+001                 -9.9000000000000000E+001                 -9.9000000000000000E+001                 -9.9000000000000000E+001                 -9.9000000000000000E+001 
                 9.9999989899368447E-001                  2.4206467849889371E+001                  1.2232340652250249E+002                  2.8433146834833715E+003                 -7.9435598114379253E+000                  3.5915836525563094E+000                  1.8743374899354031E+012                  2.0402979061789026E+001                  1.7641455121043643E+008                  1.5989563900485126E+000                  3.6919347169983452E-001                  1.2932381104261217E+000                  3.0403319458457575E-003                  8.5000496627254152E-001                  2.8427284557776670E+003                  5.8622770570434013E-001                  1.2515645838257297E-001                  1.2515645838257297E-001                  0.0000000000000000E+000                  0.0000000000000000E+000                  1.0990760439400993E-002                  1.6701570514475777E-027                  1.6701570514475777E-027                  0.0000000000000000E+000                  0.0000000000000000E+000                  6.6817333966209158E-029                  0.0000000000000000E+000                 -1.9835958988901808E-001                  6.9999999999999984E-001                  2.9797635251138618E-005                  2.7997020236474901E-001                  4.1193902129486471E-003                  1.2067031330276045E-003                  1.1203876416666529E-002                  2.5129237964844927E-003                  9.5710644087274672E-004                  0.0000000000000000E+000                  0.0000000000000000E+000                  0.0000000000000000E+000                  0.0000000000000000E+000                  0.0000000000000000E+000                  0.0000000000000000E+000                  0.0000000000000000E+000                  0.0000000000000000E+000                  0.0000000000000000E+000                  0.0000000000000000E+000                 -1.7855731707524054E+001                 -9.8999999999999986E+001                  0.0000000000000000E+000                  0.0000000000000000E+000                 -9.8999999999999986E+001                 -9.8999999999999986E+001                 -9.9000000000000000E+001                 -9.9000000000000000E+001                 -9.9000000000000000E+001                 -9.9000000000000000E+001 
                 9.9999989849368454E-001                  2.4206432665836424E+001                  1.2232340652255385E+002                  2.8455973854841227E+003                 -7.9432552574388033E+000                  3.5916273203155642E+000                  1.8743777536839089E+012                  2.0402565507139606E+001                  1.7640070188812572E+008                  1.5990089877139153E+000                  3.6921777029002911E-001                  1.2932370972293865E+000                  3.0403319461460641E-003                  8.5000496627254152E-001                  2.8450109219531892E+003                  5.8646353093374193E-001                  1.2527409347111881E-001                  1.2527409347111881E-001                  0.0000000000000000E+000                  0.0000000000000000E+000                  1.1004430637032481E-002                  1.6713287997427682E-027                  1.6713287997427682E-027                  0.0000000000000000E+000                  0.0000000000000000E+000                  6.6864211651811885E-029                  0.0000000000000000E+000                 -1.9319552210994637E-001                  6.9999999999999984E-001                  2.9797635251138611E-005                  2.7997020236474901E-001                  4.1193902129486471E-003                  1.2067031330276045E-003                  1.1203876416666529E-002                  2.5129237964844927E-003                  9.5710644087274683E-004                  0.0000000000000000E+000                  0.0000000000000000E+000                  0.0000000000000000E+000                  0.0000000000000000E+000                  0.0000000000000000E+000                  0.0000000000000000E+000                  0.0000000000000000E+000                  0.0000000000000000E+000                  0.0000000000000000E+000                  0.0000000000000000E+000                 -1.7855181269138281E+001                 -9.8999999999999986E+001                  0.0000000000000000E+000                  0.0000000000000000E+000                 -9.8999999999999986E+001                 -9.8999999999999986E+001                 -9.9000000000000000E+001                 -9.9000000000000000E+001                 -9.9000000000000000E+001                 -9.9000000000000000E+001 
                 9.9999989724368465E-001                  2.4206344766918626E+001                  1.2232340652267887E+002                  2.8488584357043719E+003                 -7.9428207365946237E+000                  3.5916897800509173E+000                  1.8744353577190127E+012                  2.0401975945236778E+001                  1.7638087721990612E+008                  1.5990842920384232E+000                  3.6925255800504059E-001                  1.2932356455787579E+000                  3.0403319465775111E-003                  8.5000496627254152E-001                  2.8482716346983216E+003                  5.8680100605033436E-001                  1.2556846144258188E-001                  1.2556846144258188E-001                  0.0000000000000000E+000                  0.0000000000000000E+000                  1.1023988861845586E-002                  1.6730020089356235E-027                  1.6730020089356235E-027                  0.0000000000000000E+000                  0.0000000000000000E+000                  6.6931151091631989E-029                  0.0000000000000000E+000                 -1.8465725223607621E-001                  6.9999999999999984E-001                  2.9797635251138611E-005                  2.7997020236474901E-001                  4.1193902129486471E-003                  1.2067031330276045E-003                  1.1203876416666529E-002                  2.5129237964844927E-003                  9.5710644087274683E-004                  0.0000000000000000E+000                  0.0000000000000000E+000                  0.0000000000000000E+000                  0.0000000000000000E+000                  0.0000000000000000E+000                  0.0000000000000000E+000                  0.0000000000000000E+000                  0.0000000000000000E+000                  0.0000000000000000E+000                  0.0000000000000000E+000                 -1.7854396476224515E+001                 -9.8999999999999986E+001                  0.0000000000000000E+000                  0.0000000000000000E+000                 -9.8999999999999986E+001                 -9.8999999999999986E+001                 -9.9000000000000000E+001                 -9.9000000000000000E+001                 -9.9000000000000000E+001                 -9.9000000000000000E+001 
                 9.9999989599368477E-001                  2.4206256955264223E+001                  1.2232340652279839E+002                  2.8537500820085806E+003                 -7.9421701240367399E+000                  3.5917835801467271E+000                  1.8745218900569836E+012                  2.0401094022879704E+001                  1.7635108904402769E+008                  1.5991974740533212E+000                  3.6930484159143540E-001                  1.2932334619533494E+000                  3.0403319472295746E-003                  8.5000496627254163E-001                  2.8531627738280117E+003                  5.8730818056870848E-001                  1.2586324435722063E-001                  1.2586324435722063E-001                  0.0000000000000000E+000                  0.0000000000000000E+000                  1.1053379585749021E-002                  1.6755104548531828E-027                  1.6755104548531828E-027                  0.0000000000000000E+000                  0.0000000000000000E+000                  6.7031505527441636E-029                  0.0000000000000000E+000                 -1.7330036133033355E-001                  6.9999999999999973E-001                  2.9797635251138611E-005                  2.7997020236474907E-001                  4.1193902129486471E-003                  1.2067031330276047E-003                  1.1203876416666527E-002                  2.5129237964844927E-003                  9.5710644087274683E-004                  0.0000000000000000E+000                  0.0000000000000000E+000                  0.0000000000000000E+000                  0.0000000000000000E+000                  0.0000000000000000E+000                  0.0000000000000000E+000                  0.0000000000000000E+000                  0.0000000000000000E+000                  0.0000000000000000E+000                  0.0000000000000000E+000                 -1.7853222359531571E+001                 -9.8999999999999986E+001                  0.0000000000000000E+000                  0.0000000000000000E+000                 -9.8999999999999986E+001                 -9.8999999999999986E+001                 -9.9000000000000000E+001                 -9.9000000000000000E+001                 -9.9000000000000000E+001                 -9.9000000000000000E+001 
                 9.9999989349368501E-001                  2.4206081592951445E+001                  1.2232340652302274E+002                  2.8635336580980547E+003                 -7.9408731383639708E+000                  3.5919716293985102E+000                  1.8746954603358210E+012                  2.0399339109066307E+001                  1.7629130271050093E+008                  1.5994247481242501E+000                  3.6940982148147156E-001                  1.2932290701117108E+000                  3.0403319485518992E-003                  8.5000496627254152E-001                  2.8629453318197006E+003                  5.8832627835404805E-001                  1.2645411355968755E-001                  1.2645411355968755E-001                  0.0000000000000000E+000                  0.0000000000000000E+000                  1.1112362580801135E-002                  1.6805222296697569E-027                  1.6805222296697569E-027                  0.0000000000000000E+000                  0.0000000000000000E+000                  6.7232009684458354E-029                  0.0000000000000000E+000                 -1.5080772781765503E-001                  6.9999999999999984E-001                  2.9797635251138614E-005                  2.7997020236474895E-001                  4.1193902129486471E-003                  1.2067031330276045E-003                  1.1203876416666526E-002                  2.5129237964844927E-003                  9.5710644087274683E-004                  0.0000000000000000E+000                  0.0000000000000000E+000                  0.0000000000000000E+000                  0.0000000000000000E+000                  0.0000000000000000E+000                  0.0000000000000000E+000                  0.0000000000000000E+000                  0.0000000000000000E+000                  0.0000000000000000E+000                  0.0000000000000000E+000                 -1.7850885438817951E+001                 -9.8999999999999986E+001                  0.0000000000000000E+000                  0.0000000000000000E+000                 -9.8999999999999986E+001                 -9.8999999999999986E+001                 -9.9000000000000000E+001                 -9.9000000000000000E+001                 -9.9000000000000000E+001                 -9.9000000000000000E+001 
                 9.9999988849368560E-001                  2.4205731906589502E+001                  1.2232340652341315E+002                  2.8791006812377382E+003                 -7.9388213612747274E+000                  3.5922722816170012E+000                  1.8749732297750984E+012                  2.0396572440318305E+001                  1.7619549429252207E+008                  1.5997892680534576E+000                  3.6957817574692625E-001                  1.2932220044301530E+000                  3.0403319507085933E-003                  8.5000496627254174E-001                  2.8785107235619189E+003                  5.8995767581926595E-001                  1.2764073529966996E-001                  1.2764073529966996E-001                  0.0000000000000000E+000                  0.0000000000000000E+000                  1.1206802012726570E-002                  1.6884812832823645E-027                  1.6884812832823642E-027                  0.0000000000000000E+000                  0.0000000000000000E+000                  6.7550424496306945E-029                  0.0000000000000000E+000                 -1.1351616262865880E-001                  6.9999999999999996E-001                  2.9797635251138621E-005                  2.7997020236474901E-001                  4.1193902129486454E-003                  1.2067031330276043E-003                  1.1203876416666533E-002                  2.5129237964844936E-003                  9.5710644087274672E-004                  0.0000000000000000E+000                  0.0000000000000000E+000                  0.0000000000000000E+000                  0.0000000000000000E+000                  0.0000000000000000E+000                  0.0000000000000000E+000                  0.0000000000000000E+000                  0.0000000000000000E+000                  0.0000000000000000E+000                  0.0000000000000000E+000                 -1.7847199463529545E+001                 -9.8999999999999986E+001                  0.0000000000000000E+000                  0.0000000000000000E+000                 -9.8999999999999986E+001                 -9.8999999999999986E+001                 -9.9000000000000000E+001                 -9.9000000000000000E+001                 -9.9000000000000000E+001                 -9.9000000000000000E+001 
                 9.9999988156083808E-001                  2.4205249310794699E+001                  1.2232340652382064E+002                  2.8971906481339333E+003                 -7.9364553762752248E+000                  3.5926239954683998E+000                  1.8752985887678987E+012                  2.0393397188833447E+001                  1.7608309920949426E+008                  1.6002173885288578E+000                  3.6977586918968874E-001                  1.2932136705639188E+000                  3.0403319532990732E-003                  8.5000496627254174E-001                  2.8965987762479149E+003                  5.9187188601866181E-001                  1.2929640756126570E-001                  1.2929640756126570E-001                  0.0000000000000000E+000                  0.0000000000000000E+000                  1.1317474353546049E-002                  1.6977059906480102E-027                  1.6977059906480102E-027                  0.0000000000000000E+000                  0.0000000000000000E+000                  6.7919473833471585E-029                  0.0000000000000000E+000                 -6.8908085229388669E-002                  6.9999999999999996E-001                  2.9797635251138625E-005                  2.7997020236474901E-001                  4.1193902129486454E-003                  1.2067031330276043E-003                  1.1203876416666531E-002                  2.5129237964844936E-003                  9.5710644087274683E-004                  0.0000000000000000E+000                  0.0000000000000000E+000                  0.0000000000000000E+000                  0.0000000000000000E+000                  0.0000000000000000E+000                  0.0000000000000000E+000                  0.0000000000000000E+000                  0.0000000000000000E+000                  0.0000000000000000E+000                  0.0000000000000000E+000                 -1.7842966358415492E+001                 -9.8999999999999986E+001                  0.0000000000000000E+000                  0.0000000000000000E+000                 -9.8999999999999986E+001                 -9.8999999999999986E+001                 -9.9000000000000000E+001                 -9.9000000000000000E+001                 -9.9000000000000000E+001                 -9.9000000000000000E+001 
                 9.9999987462799067E-001                  2.4204769317888214E+001                  1.2232340652406799E+002                  2.9226746878526928E+003                 -7.9331542507607251E+000                  3.5931226539583108E+000                  1.8757605442502615E+012                  2.0388990598229430E+001                  1.7592360892760471E+008                  1.6008258665050397E+000                  3.7005676381247038E-001                  1.2932017676888261E+000                  3.0403319570969094E-003                  8.5000496627254152E-001                  2.9220800913569165E+003                  5.9459649577652229E-001                  1.3096457839515457E-001                  1.3096457839515457E-001                  0.0000000000000000E+000                  0.0000000000000000E+000                  1.1474857214419570E-002                  1.7106609827712515E-027                  1.7106609827712515E-027                  0.0000000000000000E+000                  0.0000000000000000E+000                  6.8437759245306043E-029                  0.0000000000000000E+000                 -1.3499485546136171E-002                  6.9999999999999984E-001                  2.9797635251138625E-005                  2.7997020236474895E-001                  4.1193902129486454E-003                  1.2067031330276045E-003                  1.1203876416666527E-002                  2.5129237964844932E-003                  9.5710644087274694E-004                  0.0000000000000000E+000                  0.0000000000000000E+000                  0.0000000000000000E+000                  0.0000000000000000E+000                  0.0000000000000000E+000                  0.0000000000000000E+000                  0.0000000000000000E+000                  0.0000000000000000E+000                  0.0000000000000000E+000                  0.0000000000000000E+000                 -1.7837087541485971E+001                 -9.8999999999999986E+001                  0.0000000000000000E+000                  0.0000000000000000E+000                 -9.8999999999999986E+001                 -9.8999999999999986E+001                 -9.9000000000000000E+001                 -9.9000000000000000E+001                 -9.9000000000000000E+001                 -9.9000000000000000E+001 
                 9.9999986202924385E-001                  2.4203903605673506E+001                  1.2232340652415606E+002                  2.9555560690431994E+003                 -7.9289515364325247E+000                  3.5937738455347312E+000                  1.8763650967523318E+012                  2.0383429488541811E+001                  1.7571481073672682E+008                  1.6016241678829386E+000                  3.7042514396718434E-001                  1.2931860250507745E+000                  3.0403319622861885E-003                  8.5000496627254174E-001                  2.9549578956224273E+003                  5.9817342077217339E-001                  1.3402658892717728E-001                  1.3402658892717728E-001                  0.0000000000000000E+000                  0.0000000000000000E+000                  1.1680879016193019E-002                  1.7272973363487442E-027                  1.7272973363487446E-027                  0.0000000000000000E+000                  0.0000000000000000E+000                  6.9103323475937077E-029                  0.0000000000000000E+000                  3.6564265923516352E-002                  6.9999999999999996E-001                  2.9797635251138625E-005                  2.7997020236474895E-001                  4.1193902129486462E-003                  1.2067031330276041E-003                  1.1203876416666526E-002                  2.5129237964844932E-003                  9.5710644087274694E-004                  0.0000000000000000E+000                  0.0000000000000000E+000                  0.0000000000000000E+000                  0.0000000000000000E+000                  0.0000000000000000E+000                  0.0000000000000000E+000                  0.0000000000000000E+000                  0.0000000000000000E+000                  0.0000000000000000E+000                  0.0000000000000000E+000                 -1.7829659570170044E+001                 -9.8999999999999986E+001                  0.0000000000000000E+000                  0.0000000000000000E+000                 -9.8999999999999986E+001                 -9.8999999999999986E+001                 -9.9000000000000000E+001                 -9.9000000000000000E+001                 -9.9000000000000000E+001                 -9.9000000000000000E+001 
                 9.9999984943049702E-001                  2.4203046169602597E+001                  1.2232340652391754E+002                  3.0051758313376386E+003                 -7.9227222426731121E+000                  3.5947677600503876E+000                  1.8772901224669668E+012                  2.0375271731348551E+001                  1.7539738674440879E+008                  1.6028417809953162E+000                  3.7098660691095314E-001                  1.2931617606988854E+000                  3.0403319707135632E-003                  8.5000496627254174E-001                  3.0045721569228763E+003                  6.0367441476247108E-001                  1.3712800277799245E-001                  1.3712800277799245E-001                  0.0000000000000000E+000                  0.0000000000000000E+000                  1.1996926396266221E-002                  1.7522539660546702E-027                  1.7522539660546702E-027                  0.0000000000000000E+000                  0.0000000000000000E+000                  7.0101753809363269E-029                  0.0000000000000000E+000                  1.0951209362249655E-001                  6.9999999999999996E-001                  2.9797635251138621E-005                  2.7997020236474895E-001                  4.1193902129486454E-003                  1.2067031330276038E-003                  1.1203876416666526E-002                  2.5129237964844932E-003                  9.5710644087274662E-004                  0.0000000000000000E+000                  0.0000000000000000E+000                  0.0000000000000000E+000                  0.0000000000000000E+000                  0.0000000000000000E+000                  0.0000000000000000E+000                  0.0000000000000000E+000                  0.0000000000000000E+000                  0.0000000000000000E+000                  0.0000000000000000E+000                 -1.7818748950259113E+001                 -9.8999999999999986E+001                  0.0000000000000000E+000                  0.0000000000000000E+000                 -9.8999999999999986E+001                 -9.8999999999999986E+001                 -9.9000000000000000E+001                 -9.9000000000000000E+001                 -9.9000000000000000E+001                 -9.9000000000000000E+001 
                 9.9999982401026588E-001                  2.4201340595513130E+001                  1.2232340652247613E+002                  3.1056166940487387E+003                 -7.9105187670518538E+000                  3.5968263418213922E+000                  1.8792145533126704E+012                  2.0359619099073399E+001                  1.7474923463315019E+008                  1.6053437857258996E+000                  3.7213852787164259E-001                  1.2931107161316169E+000                  3.0403319902235176E-003                  8.5000496627254174E-001                  3.1050014646262230E+003                  6.1522942251593404E-001                  1.4350311737554849E-001                  1.4350311737554849E-001                  0.0000000000000000E+000                  0.0000000000000000E+000                  1.2655681994921125E-002                  1.8021951776738650E-027                  1.8021951776738650E-027                  0.0000000000000000E+000                  0.0000000000000000E+000                  7.2099732749478151E-029                  0.0000000000000000E+000                  2.4561705614448812E-001                  7.0000000000000007E-001                  2.9797635251138611E-005                  2.7997020236474879E-001                  4.1193902129486445E-003                  1.2067031330276036E-003                  1.1203876416666520E-002                  2.5129237964844932E-003                  9.5710644087274618E-004                  0.0000000000000000E+000                  0.0000000000000000E+000                  0.0000000000000000E+000                  0.0000000000000000E+000                  0.0000000000000000E+000                  0.0000000000000000E+000                  0.0000000000000000E+000                  0.0000000000000000E+000                  0.0000000000000000E+000                  0.0000000000000000E+000                 -1.7797759498205981E+001                 -9.8999999999999986E+001                  0.0000000000000000E+000                  0.0000000000000000E+000                 -9.8999999999999986E+001                 -9.8999999999999986E+001                 -9.9000000000000000E+001                 -9.9000000000000000E+001                 -9.9000000000000000E+001                 -9.9000000000000000E+001 
                 9.9999977249375682E-001                  2.4197979158516990E+001                  1.2232340651592452E+002                  3.3110983089316796E+003                 -7.8871326979055283E+000                  3.6012293129211455E+000                  1.8833644160798833E+012                  2.0330960561209796E+001                  1.7344519442313558E+008                  1.6104480952401476E+000                  3.7447898343737068E-001                  1.2929998602791175E+000                  3.0403320421689053E-003                  8.5000496627254174E-001                  3.3104576174037179E+003                  6.4069152796183937E-001                  1.5682043887521921E-001                  1.5682043887521921E-001                  0.0000000000000000E+000                  0.0000000000000000E+000                  1.4070251827113944E-002                  1.9019120383097272E-027                  1.9019120383097272E-027                  0.0000000000000000E+000                  0.0000000000000000E+000                  7.6089067030035223E-029                  0.0000000000000000E+000                  4.7900727157704043E-001                  7.0000000000000007E-001                  2.9797635251138611E-005                  2.7997020236474873E-001                  4.1193902129486436E-003                  1.2067031330276034E-003                  1.1203876416666522E-002                  2.5129237964844936E-003                  9.5710644087274597E-004                  0.0000000000000000E+000                  0.0000000000000000E+000                  0.0000000000000000E+000                  0.0000000000000000E+000                  0.0000000000000000E+000                  0.0000000000000000E+000                  0.0000000000000000E+000                  0.0000000000000000E+000                  0.0000000000000000E+000                  0.0000000000000000E+000                 -1.7759118403677693E+001                 -9.8999999999999986E+001                  0.0000000000000000E+000                  0.0000000000000000E+000                 -9.8999999999999986E+001                 -9.8999999999999986E+001                 -9.9000000000000000E+001                 -9.9000000000000000E+001                 -9.9000000000000000E+001                 -9.9000000000000000E+001 
                 9.9999966670073448E-001                  2.4191435399718205E+001                  1.2232340648968577E+002                  3.7411551881233186E+003                 -7.8441656493660981E+000                  3.6112166887860822E+000                  1.8929068748745857E+012                  2.0283705749677804E+001                  1.7063809595209822E+008                  1.6217080443497749E+000                  3.7961996336918408E-001                  1.2927563915760572E+000                  3.0403322614747518E-003                  8.5000496627254185E-001                  3.7404527655096931E+003                  7.0242261362537706E-001                  1.8520592509053069E-001                  1.8520592509053069E-001                  0.0000000000000000E+000                  0.0000000000000000E+000                  1.7234595610806983E-002                  2.0997244942790370E-027                  2.0997244942790370E-027                  0.0000000000000000E+000                  0.0000000000000000E+000                  8.4002874250689283E-029                  0.0000000000000000E+000                  8.3021415602502191E-001                  7.0000000000000029E-001                  2.9797635251138574E-005                  2.7997020236474868E-001                  4.1193902129486428E-003                  1.2067031330276032E-003                  1.1203876416666517E-002                  2.5129237964844932E-003                  9.5710644087274510E-004                  0.0000000000000000E+000                  0.0000000000000000E+000                  0.0000000000000000E+000                  0.0000000000000000E+000                  0.0000000000000000E+000                  0.0000000000000000E+000                  0.0000000000000000E+000                  0.0000000000000000E+000                  0.0000000000000000E+000                  0.0000000000000000E+000                 -1.7694678248823742E+001                 -9.8999999999999986E+001                  0.0000000000000000E+000                  0.0000000000000000E+000                 -9.8999999999999986E+001                 -9.8999999999999986E+001                 -9.9000000000000000E+001                 -9.9000000000000000E+001                 -9.9000000000000000E+001                 -9.9000000000000000E+001 
                 9.9999944361322135E-001                  2.4178926459184499E+001                  1.2232340639378788E+002                  4.1875328732847329E+003                 -7.8071848867043787E+000                  3.6231032819656126E+000                  1.9044473342078091E+012                  2.0252162717193588E+001                  1.6790315875313559E+008                  1.6330808910188326E+000                  3.8477123945289171E-001                  1.2925021528168297E+000                  3.0403329033520474E-003                  8.5000496627254196E-001                  4.1867491822881502E+003                  7.8369099658282482E-001                  2.4625562481405661E-001                  2.4625562481405661E-001                  0.0000000000000000E+000                  0.0000000000000000E+000                  2.0878403128036727E-002                  2.2863748654053280E-027                  2.2863748654053284E-027                  0.0000000000000000E+000                  0.0000000000000000E+000                  9.1470124214916844E-029                  0.0000000000000000E+000                  1.0052729483194862E+000                  7.0000000000000051E-001                  2.9797635251138567E-005                  2.7997020236474834E-001                  4.1193902129486402E-003                  1.2067031330276036E-003                  1.1203876416666517E-002                  2.5129237964844927E-003                  9.5710644087274466E-004                  0.0000000000000000E+000                  0.0000000000000000E+000                  0.0000000000000000E+000                  0.0000000000000000E+000                  0.0000000000000000E+000                  0.0000000000000000E+000                  0.0000000000000000E+000                  0.0000000000000000E+000                  0.0000000000000000E+000                  0.0000000000000000E+000                 -1.7650581558428208E+001                 -9.8999999999999986E+001                  0.0000000000000000E+000                  0.0000000000000000E+000                 -9.8999999999999986E+001                 -9.8999999999999986E+001                 -9.9000000000000000E+001                 -9.9000000000000000E+001                 -9.9000000000000000E+001                 -9.9000000000000000E+001 
                 9.9999932604449338E-001                  2.4172867614551755E+001                  1.2232340633259236E+002                  4.5014723327884421E+003                 -7.7845709807767580E+000                  3.6318335969001163E+000                  1.9130304452141824E+012                  2.0236714153933516E+001                  1.6632205526280296E+008                  1.6398379322585468E+000                  3.8781452108410591E-001                  1.2923490299864770E+000                  3.0403339615138361E-003                  8.5000496627254196E-001                  4.5006230230240162E+003                  8.4930976442566974E-001                  2.7805194430702268E-001                  2.7805194430702268E-001                  0.0000000000000000E+000                  0.0000000000000000E+000                  2.3633869480839117E-002                  2.4085967829474735E-027                  2.4085967829474735E-027                  0.0000000000000000E+000                  0.0000000000000000E+000                  9.6359809694184709E-029                  0.0000000000000000E+000                  1.0506934185500165E+000                  7.0000000000000040E-001                  2.9797635251138577E-005                  2.7997020236474851E-001                  4.1193902129486402E-003                  1.2067031330276034E-003                  1.1203876416666517E-002                  2.5129237964844927E-003                  9.5710644087274531E-004                  0.0000000000000000E+000                  0.0000000000000000E+000                  0.0000000000000000E+000                  0.0000000000000000E+000                  0.0000000000000000E+000                  0.0000000000000000E+000                  0.0000000000000000E+000                  0.0000000000000000E+000                  0.0000000000000000E+000                  0.0000000000000000E+000                 -1.7628664234450483E+001                 -9.8999999999999986E+001                  0.0000000000000000E+000                  0.0000000000000000E+000                 -9.8999999999999986E+001                 -9.8999999999999986E+001                 -9.9000000000000000E+001                 -9.9000000000000000E+001                 -9.9000000000000000E+001                 -9.9000000000000000E+001 
                 9.9999920426816136E-001                  2.4166907385944466E+001                  1.2232340626634289E+002                  4.9119791774565638E+003                 -7.7585291860277863E+000                  3.6436360290991954E+000                  1.9247956992780750E+012                  2.0223456974997173E+001                  1.6470545893523625E+008                  1.6468882378165790E+000                  3.9097638339625584E-001                  1.2921827540325181E+000                  3.0403371676917157E-003                  8.5000496627254174E-001                  4.9110323390934591E+003                  9.4683836310453984E-001                  3.0949871506776439E-001                  3.0949871506776439E-001                  0.0000000000000000E+000                  0.0000000000000000E+000                  2.7280695415253398E-002                  2.5574618485609901E-027                  2.5574618485609898E-027                  0.0000000000000000E+000                  0.0000000000000000E+000                  1.0231539740169160E-028                  0.0000000000000000E+000                  1.0512374392894763E+000                  7.0000000000000007E-001                  2.9797635251138587E-005                  2.7997020236474884E-001                  4.1193902129486402E-003                  1.2067031330276038E-003                  1.1203876416666527E-002                  2.5129237964844936E-003                  9.5710644087274564E-004                  0.0000000000000000E+000                  0.0000000000000000E+000                  0.0000000000000000E+000                  0.0000000000000000E+000                  0.0000000000000000E+000                  0.0000000000000000E+000                  0.0000000000000000E+000                  0.0000000000000000E+000                  0.0000000000000000E+000                  0.0000000000000000E+000                 -1.7609463924835190E+001                 -9.8999999999999986E+001                  0.0000000000000000E+000                  0.0000000000000000E+000                 -9.8999999999999986E+001                 -9.8999999999999986E+001                 -9.9000000000000000E+001                 -9.9000000000000000E+001                 -9.9000000000000000E+001                 -9.9000000000000000E+001 
                 9.9999901338570940E-001                  2.4158103192646582E+001                  1.2232340616244409E+002                  5.4275360655076238E+003                 -7.7302463178317362E+000                  3.6587135214954500E+000                  1.9401851678757283E+012                  2.0212495436572471E+001                  1.6321785731620824E+008                  1.6533314402350641E+000                  3.9386132012725056E-001                  1.2923869844553344E+000                  2.6517045862484707E-003                  8.5000496627254174E-001                  5.4264481734264009E+003                  1.0878920812228514E+000                  3.4779428093270981E-001                  3.4779428093270981E-001                  0.0000000000000000E+000                  0.0000000000000000E+000                  3.0956810750730045E-002                  2.7295791529482369E-027                  2.7295791529482369E-027                  0.0000000000000000E+000                  0.0000000000000000E+000                  1.0920122852691507E-028                  0.0000000000000000E+000                  1.0690621800859117E+000                  6.9999999999999984E-001                  2.9797635251138597E-005                  2.7997020236474907E-001                  4.1193902129486471E-003                  1.2067031330276049E-003                  1.1203876416666538E-002                  2.5129237964844949E-003                  9.5710644087274629E-004                  0.0000000000000000E+000                  0.0000000000000000E+000                  0.0000000000000000E+000                  0.0000000000000000E+000                  0.0000000000000000E+000                  0.0000000000000000E+000                  0.0000000000000000E+000                  0.0000000000000000E+000                  0.0000000000000000E+000                  0.0000000000000000E+000                 -1.7692688887850046E+001                 -9.8999999999999986E+001                  0.0000000000000000E+000                  0.0000000000000000E+000                 -9.8999999999999986E+001                 -9.8999999999999986E+001                 -9.9000000000000000E+001                 -9.9000000000000000E+001                 -9.9000000000000000E+001                 -9.9000000000000000E+001 
                 9.9999881217079467E-001                  2.4149401262842719E+001                  1.2232340605106418E+002                  6.0204133496487557E+003                 -7.7010918900613534E+000                  3.6753964503789893E+000                  1.9580332771213687E+012                  2.0176675133308468E+001                  1.6213658998539051E+008                  1.6559088374084050E+000                  3.9512441503634194E-001                  1.2966192926278670E+000                  5.2397272573796738E-004                  8.5000496627254163E-001                  6.0191447706100880E+003                  1.2685790386675755E+000                  3.6953769226873617E-001                  3.6953769226873617E-001                  0.0000000000000000E+000                  0.0000000000000000E+000                  3.3797459031509047E-002                  2.9191339260508656E-027                  2.9191339260508656E-027                  0.0000000000000000E+000                  0.0000000000000000E+000                  1.1678467378951961E-028                  0.0000000000000000E+000                  1.2100044799317440E+000                  6.9999999999999973E-001                  2.9797635251138614E-005                  2.7997020236474912E-001                  4.1193902129486506E-003                  1.2067031330276060E-003                  1.1203876416666534E-002                  2.5129237964844967E-003                  9.5710644087274640E-004                  0.0000000000000000E+000                  0.0000000000000000E+000                  0.0000000000000000E+000                  0.0000000000000000E+000                  0.0000000000000000E+000                  0.0000000000000000E+000                  0.0000000000000000E+000                  0.0000000000000000E+000                  0.0000000000000000E+000                  0.0000000000000000E+000                 -1.8829319286568612E+001                 -9.8999999999999986E+001                  0.0000000000000000E+000                  0.0000000000000000E+000                 -9.8999999999999986E+001                 -9.8999999999999986E+001                 -9.9000000000000000E+001                 -9.9000000000000000E+001                 -9.9000000000000000E+001                 -9.9000000000000000E+001 
                 9.9999856313296087E-001                  2.4139322573555692E+001                  1.2232340589503853E+002                  6.8031804769306782E+003                 -7.6677157535343410E+000                  3.6959382624872608E+000                  1.9807801520513486E+012                  2.0139359573132737E+001                  1.6201045687739578E+008                  1.6533061260612882E+000                  3.9429501879705792E-001                  1.3009526411459928E+000                  1.0183091762780768E-004                  8.5000496627254152E-001                  6.8016476794444370E+003                  1.5327974862412352E+000                  3.8502790109235757E-001                  3.8502790109235757E-001                  0.0000000000000000E+000                  0.0000000000000000E+000                  3.7848197811746052E-002                  3.1523525715413073E-027                  3.1523525715413070E-027                  0.0000000000000000E+000                  0.0000000000000000E+000                  1.2611496288407440E-028                  0.0000000000000000E+000                  1.1794911867984095E+000                  6.9999999999999996E-001                  2.9797635251138618E-005                  2.7997020236474884E-001                  4.1193902129486445E-003                  1.2067031330276047E-003                  1.1203876416666529E-002                  2.5129237964844936E-003                  9.5710644087274629E-004                  0.0000000000000000E+000                  0.0000000000000000E+000                  0.0000000000000000E+000                  0.0000000000000000E+000                  0.0000000000000000E+000                  0.0000000000000000E+000                  0.0000000000000000E+000                  0.0000000000000000E+000                  0.0000000000000000E+000                  0.0000000000000000E+000                 -1.9988526976070659E+001                 -9.8999999999999986E+001                  0.0000000000000000E+000                  0.0000000000000000E+000                 -9.8999999999999986E+001                 -9.8999999999999986E+001                 -9.9000000000000000E+001                 -9.9000000000000000E+001                 -9.9000000000000000E+001                 -9.9000000000000000E+001 
                 9.9999821870035632E-001                  2.4126402034403714E+001                  1.2232340568468847E+002                  7.4718066216879361E+003                 -7.6440927732146307E+000                  3.7129899289365151E+000                  2.0002794577867395E+012                  2.0144380216959146E+001                  1.6255628744621015E+008                  1.6498092566131926E+000                  3.9300030803122021E-001                  1.3008829372414048E+000                  9.8941121666693403E-005                  8.5000496627254152E-001                  7.4700131627188521E+003                  1.7934589690841809E+000                  4.2316899533934621E-001                  4.2316898790602792E-001                  0.0000000000000000E+000                  4.4501343332050385E+002                  4.4482831301951485E-002                  3.3285964788992455E-027                  3.3285964788992455E-027                  0.0000000000000000E+000                  0.0000000000000000E+000                  1.3316588543509808E-028                  0.0000000000000000E+000                  7.5989937122738205E-001                  6.9999999999999996E-001                  2.9797635251138618E-005                  2.7997020236474884E-001                  4.1193902129486445E-003                  1.2067031330276047E-003                  1.1203876416666529E-002                  2.5129237964844936E-003                  9.5710644087274629E-004                  0.0000000000000000E+000                  0.0000000000000000E+000                  0.0000000000000000E+000                  0.0000000000000000E+000                  0.0000000000000000E+000                  0.0000000000000000E+000                  0.0000000000000000E+000                  0.0000000000000000E+000                  0.0000000000000000E+000                  0.0000000000000000E+000                 -2.0000119732973317E+001                 -9.8999999999999986E+001                  0.0000000000000000E+000                  0.0000000000000000E+000                 -9.8999999999999986E+001                 -9.8999999999999986E+001                  1.2323691776438173E+001                 -9.9000000000000000E+001                 -9.9000000000000000E+001                 -9.9000000000000000E+001 
                 9.9999805728506796E-001                  2.4120663064651513E+001                  1.2232340562117813E+002                  7.9104371547618375E+003                 -7.6306887594287289E+000                  3.7243338431390058E+000                  2.0137472624830713E+012                  2.0152815867471261E+001                  1.6335345818155545E+008                  1.6452598498758122E+000                  3.9121816298447493E-001                  1.3008147755794981E+000                  1.0217052867242754E-004                  8.5000496627254152E-001                  7.9084461738235104E+003                  1.9909809383273569E+000                  4.5779250748478273E-001                  4.5779236134995632E-001                  0.0000000000000000E+000                  1.4255737037127274E+003                  5.1439924079667201E-002                  3.4329472071196497E-027                  3.4329472071196497E-027                  0.0000000000000000E+000                  0.0000000000000000E+000                  1.3734060508275094E-028                  0.0000000000000000E+000                 -4.2395772850542585E-001                  6.9999999999999996E-001                  2.9797635251138618E-005                  2.7997020236474884E-001                  4.1193902129486445E-003                  1.2067031330276047E-003                  1.1203876416666529E-002                  2.5129237964844936E-003                  9.5710644087274629E-004                  0.0000000000000000E+000                  0.0000000000000000E+000                  0.0000000000000000E+000                  0.0000000000000000E+000                  0.0000000000000000E+000                  0.0000000000000000E+000                  0.0000000000000000E+000                  0.0000000000000000E+000                  0.0000000000000000E+000                  0.0000000000000000E+000                 -1.9999913000364945E+001                 -9.8999999999999986E+001                  0.0000000000000000E+000                  0.0000000000000000E+000                 -9.8999999999999986E+001                 -9.8999999999999986E+001                  1.2837846293240148E+001                 -9.9000000000000000E+001                 -9.9000000000000000E+001                 -9.9000000000000000E+001 
                 9.9999788717080396E-001                  2.4114795809731291E+001                  1.2232340565852094E+002                  8.3610150457682957E+003                 -7.6189985446522330E+000                  3.7366660282303230E+000                  2.0289620329056160E+012                  2.0164947063292747E+001                  1.6467635911699706E+008                  1.6380809594557111E+000                  3.8834700437960046E-001                  1.3007333033008350E+000                  1.2058912617569391E-004                  8.5000496627254152E-001                  8.3587845785614172E+003                  2.2304672068776425E+000                  5.1268984176903010E-001                  5.1268780069795294E-001                  0.0000000000000000E+000                  3.8886101829039681E+003                  6.1675842935307541E-002                  3.5266233210020804E-027                  3.5266233210020804E-027                  0.0000000000000000E+000                  0.0000000000000000E+000                  1.4108826951989063E-028                  0.0000000000000000E+000                  3.3355285827845294E-001                  6.9999999999999996E-001                  2.9797635251138618E-005                  2.7997020236474884E-001                  4.1193902129486445E-003                  1.2067031330276047E-003                  1.1203876416666529E-002                  2.5129237964844936E-003                  9.5710644087274629E-004                  0.0000000000000000E+000                  0.0000000000000000E+000                  0.0000000000000000E+000                  0.0000000000000000E+000                  0.0000000000000000E+000                  0.0000000000000000E+000                  0.0000000000000000E+000                  0.0000000000000000E+000                  0.0000000000000000E+000                  0.0000000000000000E+000                 -2.0003187155228900E+001                 -9.8999999999999986E+001                  0.0000000000000000E+000                  0.0000000000000000E+000                 -9.8999999999999986E+001                 -9.8999999999999986E+001                  1.3285201253877380E+001                 -9.9000000000000000E+001                 -9.9000000000000000E+001                 -9.9000000000000000E+001 
                 9.9999771705653995E-001                  2.4109081637608597E+001                  1.2232340562914112E+002                  8.7053056251867056E+003                 -7.6118252050377313E+000                  3.7469762636790174E+000                  2.0422114412561033E+012                  2.0178599783274347E+001                  1.6626385891528147E+008                  1.6298330128283520E+000                  3.8499083048645261E-001                  1.3006136597484246E+000                  1.6045316333532242E-004                  8.5000496627254152E-001                  8.7028529683720826E+003                  2.4526568146230137E+000                  5.8989837894782826E-001                  5.8987630852170991E-001                  0.0000000000000000E+000                  7.7662704949582157E+003                  7.3529103443385133E-002                  3.5853659630772797E-027                  3.5853659630772797E-027                  0.0000000000000000E+000                  0.0000000000000000E+000                  1.4343836391989278E-028                  0.0000000000000000E+000                 -1.1806946707775821E+000                  6.9999999999999996E-001                  2.9797635251138618E-005                  2.7997020236474884E-001                  4.1193902129486445E-003                  1.2067031330276047E-003                  1.1203876416666529E-002                  2.5129237964844936E-003                  9.5710644087274629E-004                  0.0000000000000000E+000                  0.0000000000000000E+000                  0.0000000000000000E+000                  0.0000000000000000E+000                  0.0000000000000000E+000                  0.0000000000000000E+000                  0.0000000000000000E+000                  0.0000000000000000E+000                  0.0000000000000000E+000                  0.0000000000000000E+000                 -2.0013955332089111E+001                 -9.8999999999999986E+001                  0.0000000000000000E+000                  0.0000000000000000E+000                 -9.8999999999999986E+001                 -9.8999999999999986E+001                  1.3597132793022761E+001                 -9.9000000000000000E+001                 -9.9000000000000000E+001                 -9.9000000000000000E+001 
                 9.9999762744543219E-001                  2.4106119826367628E+001                  1.2232340568392380E+002                  8.9429984059392791E+003                 -7.6077369887418724E+000                  3.7545513825800549E+000                  2.0522957061920757E+012                  2.0191357757617396E+001                  1.6778502092134416E+008                  1.6222220855823839E+000                  3.8184659151647071E-001                  1.3005059518501194E+000                  2.0843686294627501E-004                  8.5000496627254152E-001                  8.9403685179002478E+003                  2.6298880390312092E+000                  6.4759890229273298E-001                  6.4751692105957737E-001                  0.0000000000000000E+000                  1.1011603214347449E+004                  8.5195513655159219E-002                  3.6192811848700686E-027                  3.6192811848700679E-027                  0.0000000000000000E+000                  0.0000000000000000E+000                  1.4479519721840321E-028                  0.0000000000000000E+000                 -1.6095633812908152E+000                  6.9999999999999996E-001                  2.9797635251138618E-005                  2.7997020236474884E-001                  4.1193902129486445E-003                  1.2067031330276047E-003                  1.1203876416666529E-002                  2.5129237964844936E-003                  9.5710644087274629E-004                  0.0000000000000000E+000                  0.0000000000000000E+000                  0.0000000000000000E+000                  0.0000000000000000E+000                  0.0000000000000000E+000                  0.0000000000000000E+000                  0.0000000000000000E+000                  0.0000000000000000E+000                  0.0000000000000000E+000                  0.0000000000000000E+000                 -2.0018857859503861E+001                 -9.8999999999999986E+001                  0.0000000000000000E+000                  0.0000000000000000E+000                 -9.8999999999999986E+001                 -9.8999999999999986E+001                  1.3754552923581192E+001                 -9.9000000000000000E+001                 -9.9000000000000000E+001                 -9.9000000000000000E+001 
                 9.9999753783432477E-001                  2.4103185047431126E+001                  1.2232340575860538E+002                  9.2807832670006919E+003                 -7.6034948030394993E+000                  3.7663424103264873E+000                  2.0686452542742944E+012                  2.0220815262485182E+001                  1.7090991518321225E+008                  1.6073139127221774E+000                  3.7557527531218382E-001                  1.3003191659322242E+000                  3.1136650781504971E-004                  8.5000496627254152E-001                  9.2778516895610737E+003                  2.9315774396173246E+000                  7.3162328032399471E-001                  7.3125395197819221E-001                  0.0000000000000000E+000                  1.6350875764257329E+004                  1.1005640270823512E-001                  3.6548129466328726E-027                  3.6548129466328726E-027                  0.0000000000000000E+000                  0.0000000000000000E+000                  1.4621670281282584E-028                  0.0000000000000000E+000                 -3.6155173720206650E+000                  6.9999999999999996E-001                  2.9797635251138618E-005                  2.7997020236474884E-001                  4.1193902129486445E-003                  1.2067031330276047E-003                  1.1203876416666529E-002                  2.5129237964844936E-003                  9.5710644087274629E-004                  0.0000000000000000E+000                  0.0000000000000000E+000                  0.0000000000000000E+000                  0.0000000000000000E+000                  0.0000000000000000E+000                  0.0000000000000000E+000                  0.0000000000000000E+000                  0.0000000000000000E+000                  0.0000000000000000E+000                  0.0000000000000000E+000                 -1.9994420368570605E+001                 -9.8999999999999986E+001                  0.0000000000000000E+000                  0.0000000000000000E+000                 -9.8999999999999986E+001                 -9.8999999999999986E+001                  1.3933057965115687E+001                 -9.9000000000000000E+001                 -9.9000000000000000E+001                 -9.9000000000000000E+001 
                 9.9999737287698964E-001                  2.4097833340735640E+001                  1.2232340606741140E+002                  9.7189333772714272E+003                 -7.6033712142888223E+000                  3.7860770112352542E+000                  2.0984384031274016E+012                  2.0286879532695323E+001                  1.7901455279871541E+008                  1.5725606138958217E+000                  3.6041845953094298E-001                  1.2998548865709050E+000                  5.7994199757466453E-004                  8.5000496627254152E-001                  9.7154174508777469E+003                  3.5159263936794094E+000                  9.9373117003488343E-001                  9.8506189479455575E-001                  0.0000000000000000E+000                  3.2352433714569495E+004                  1.7618250261858115E-001                  3.6558533162627532E-027                  3.6558533162627532E-027                  0.0000000000000000E+000                  0.0000000000000000E+000                  1.4625832448244681E-028                  0.0000000000000000E+000                 -8.3087380305782261E+000                  6.9999999999999996E-001                  2.9797635251138618E-005                  2.7997020236474884E-001                  4.1193902129486445E-003                  1.2067031330276047E-003                  1.1203876416666529E-002                  2.5129237964844936E-003                  9.5710644087274629E-004                  0.0000000000000000E+000                  0.0000000000000000E+000                  0.0000000000000000E+000                  0.0000000000000000E+000                  0.0000000000000000E+000                  0.0000000000000000E+000                  0.0000000000000000E+000                  0.0000000000000000E+000                  0.0000000000000000E+000                  0.0000000000000000E+000                 -1.9807360348462034E+001                 -9.8999999999999986E+001                  0.0000000000000000E+000                  0.0000000000000000E+000                 -9.8999999999999986E+001                 -9.8999999999999986E+001                  1.4241307448186243E+001                 -9.9000000000000000E+001                 -9.9000000000000000E+001                 -9.9000000000000000E+001 
                 9.9999720791965474E-001                  2.4092480779696047E+001                  1.2232340677707154E+002                  1.0034030300650415E+004                 -7.6078487373785908E+000                  3.8041427272735024E+000                  2.1293754446091179E+012                  2.0351868514616573E+001                  1.9106600542188972E+008                  1.5290686046430604E+000                  3.4036023722564746E-001                  1.2991571001856899E+000                  1.0156677402020874E-003                  8.5000496627254152E-001                  1.0029877867603962E+004                  4.1524330464531358E+000                  1.4497300132028490E+000                  1.3012120698515515E+000                  0.0000000000000000E+000                  8.2543659804553885E+004                  2.7554855794141891E-001                  3.6183498837799892E-027                  3.6183498837799885E-027                  0.0000000000000000E+000                  0.0000000000000000E+000                  1.4475793901211225E-028                  0.0000000000000000E+000                 -1.1286972764679364E+001                  6.9999999999999996E-001                  2.9797635251138618E-005                  2.7997020236474884E-001                  4.1193902129486445E-003                  1.2067031330276047E-003                  1.1203876416666529E-002                  2.5129237964844936E-003                  9.5710644087274629E-004                  0.0000000000000000E+000                  0.0000000000000000E+000                  0.0000000000000000E+000                  0.0000000000000000E+000                  0.0000000000000000E+000                  0.0000000000000000E+000                  0.0000000000000000E+000                  0.0000000000000000E+000                  0.0000000000000000E+000                  0.0000000000000000E+000                 -1.9449339380611779E+001                 -9.8999999999999986E+001                  0.0000000000000000E+000                  0.0000000000000000E+000                 -9.8999999999999986E+001                 -9.8999999999999986E+001                  1.4666341018142049E+001                 -9.9000000000000000E+001                 -9.9000000000000000E+001                 -9.9000000000000000E+001 
                 9.9999713582858596E-001                  2.4090116558619012E+001                  1.2232340719838238E+002                  1.0225759842831609E+004                 -7.6111299949901952E+000                  3.8153943227863327E+000                  2.1510771786049751E+012                  2.0397172516232526E+001                  2.0167378314967793E+008                  1.4969255508896899E+000                  3.2476422615527034E-001                  1.2984341405661570E+000                  1.4240323869389975E-003                  8.5000496627254152E-001                  1.0221154000991075E+004                  4.6058418405336319E+000                  1.7301693400928686E+000                  1.3687414535984417E+000                  0.0000000000000000E+000                  1.1142997060062832E+005                  3.6065061987294950E-001                  3.5911108090864705E-027                  3.5911108090864705E-027                  0.0000000000000000E+000                  0.0000000000000000E+000                  1.4366819577556239E-028                  0.0000000000000000E+000                 -1.6322029501293152E+001                  6.9999999999999996E-001                  2.9797635251138618E-005                  2.7997020236474884E-001                  4.1193902129486445E-003                  1.2067031330276047E-003                  1.1203876416666529E-002                  2.5129237964844936E-003                  9.5710644087274629E-004                  0.0000000000000000E+000                  0.0000000000000000E+000                  0.0000000000000000E+000                  0.0000000000000000E+000                  0.0000000000000000E+000                  0.0000000000000000E+000                  0.0000000000000000E+000                  0.0000000000000000E+000                  0.0000000000000000E+000                  0.0000000000000000E+000                 -1.9143973150607302E+001                 -9.8999999999999986E+001                  0.0000000000000000E+000                  0.0000000000000000E+000                 -9.8999999999999986E+001                 -9.8999999999999986E+001                  1.4804239324822809E+001                 -9.9000000000000000E+001                 -9.9000000000000000E+001                 -9.9000000000000000E+001 
                 9.9999706373751729E-001                  2.4087733937878053E+001                  1.2232340780763769E+002                  1.0424529442238867E+004                 -7.6144833726353545E+000                  3.8267759991316850E+000                  2.1756061430835142E+012                  2.0448157326218375E+001                  2.1562100950168753E+008                  1.4613384562420357E+000                  3.0664435667346873E-001                  1.2974810031828499E+000                  1.9878370229342800E-003                  8.5000496627254152E-001                  1.0419414558977971E+004                  5.1148832608960673E+000                  2.0615487236625110E+000                  1.3614327066870622E+000                  0.0000000000000000E+000                  1.6855885372932651E+005                  4.6727170940507151E-001                  3.5634849071485998E-027                  3.5634849071485998E-027                  0.0000000000000000E+000                  0.0000000000000000E+000                  1.4256297688949147E-028                  0.0000000000000000E+000                 -1.6867034857157126E+001                  6.9999999999999996E-001                  2.9797635251138618E-005                  2.7997020236474884E-001                  4.1193902129486445E-003                  1.2067031330276047E-003                  1.1203876416666529E-002                  2.5129237964844936E-003                  9.5710644087274629E-004                  0.0000000000000000E+000                  0.0000000000000000E+000                  0.0000000000000000E+000                  0.0000000000000000E+000                  0.0000000000000000E+000                  0.0000000000000000E+000                  0.0000000000000000E+000                  0.0000000000000000E+000                  0.0000000000000000E+000                  0.0000000000000000E+000                 -1.8788302797861977E+001                 -9.8999999999999986E+001                  0.0000000000000000E+000                  0.0000000000000000E+000                 -9.8999999999999986E+001                 -9.8999999999999986E+001                  1.4993801645689059E+001                 -9.9000000000000000E+001                 -9.9000000000000000E+001                 -9.9000000000000000E+001 
                 9.9999698641138546E-001                  2.4085157957689638E+001                  1.2232340848295631E+002                  1.0630351255893000E+004                 -7.6174202384685303E+000                  3.8377680285797160E+000                  2.2023795282202485E+012                  2.0504996284427737E+001                  2.3295002868464455E+008                  1.4252398602195775E+000                  2.8724549329131360E-001                  1.2962514620777728E+000                  2.7202511385727504E-003                  8.5000496627254152E-001                  1.0624691419936502E+004                  5.6598359564973437E+000                  2.4466297851235943E+000                  1.2944991725734702E+000                  0.0000000000000000E+000                  2.2141563617033759E+005                  5.9775904005194691E-001                  3.5394649611605743E-027                  3.5394649611605743E-027                  0.0000000000000000E+000                  0.0000000000000000E+000                  1.4160202010306457E-028                  0.0000000000000000E+000                 -2.3768596002045076E+001                  6.9999999999999996E-001                  2.9797635251138618E-005                  2.7997020236474884E-001                  4.1193902129486445E-003                  1.2067031330276047E-003                  1.1203876416666529E-002                  2.5129237964844936E-003                  9.5710644087274629E-004                  0.0000000000000000E+000                  0.0000000000000000E+000                  0.0000000000000000E+000                  0.0000000000000000E+000                  0.0000000000000000E+000                  0.0000000000000000E+000                  0.0000000000000000E+000                  0.0000000000000000E+000                  0.0000000000000000E+000                  0.0000000000000000E+000                 -1.8419254716509815E+001                 -9.8999999999999986E+001                  0.0000000000000000E+000                  0.0000000000000000E+000                 -9.8999999999999986E+001                 -9.8999999999999986E+001                  1.5122387061843520E+001                 -9.9000000000000000E+001                 -9.9000000000000000E+001                 -9.9000000000000000E+001 
                 9.9999690908525385E-001                  2.4082563941944379E+001                  1.2232340943459809E+002                  1.0939216992634589E+004                 -7.6207001023469205E+000                  3.8526750121512290E+000                  2.2450295006565000E+012                  2.0583335348428758E+001                  2.6399971702216128E+008                  1.3760610284175099E+000                  2.5902086863255347E-001                  1.2938761287340581E+000                  4.1125058637934116E-003                  8.5000496627254152E-001                  1.0932724196330239E+004                  6.4927963043499988E+000                  2.8937145224614134E+000                  1.1995490421640327E+000                  0.0000000000000000E+000                  2.7094637246902072E+005                  8.4565231074999625E-001                  3.5128310539669776E-027                  3.5128310539669776E-027                  0.0000000000000000E+000                  0.0000000000000000E+000                  1.4053648757108043E-028                  0.0000000000000000E+000                 -2.2976832497245837E+001                  6.9999999999999996E-001                  2.9797635251138618E-005                  2.7997020236474884E-001                  4.1193902129486445E-003                  1.2067031330276047E-003                  1.1203876416666529E-002                  2.5129237964844936E-003                  9.5710644087274629E-004                  0.0000000000000000E+000                  0.0000000000000000E+000                  0.0000000000000000E+000                  0.0000000000000000E+000                  0.0000000000000000E+000                  0.0000000000000000E+000                  0.0000000000000000E+000                  0.0000000000000000E+000                  0.0000000000000000E+000                  0.0000000000000000E+000                 -1.7911015134310233E+001                 -9.8999999999999986E+001                  0.0000000000000000E+000                  0.0000000000000000E+000                 -9.8999999999999986E+001                 -9.8999999999999986E+001                  1.5219174543429501E+001                 -9.9000000000000000E+001                 -9.9000000000000000E+001                 -9.9000000000000000E+001 
                 9.9999675443299052E-001                  2.4077334882873867E+001                  1.2232341127448080E+002                  1.1287685520560184E+004                 -7.6218406487208492E+000                  3.8663863238884795E+000                  2.2926047353377471E+012                  2.0664261995369721E+001                  3.0204769858698231E+008                  1.3331598154663580E+000                  2.3253018791547256E-001                  1.2908253482015470E+000                  5.9351098130875661E-003                  8.5000496627254152E-001                  1.1280318752014407E+004                  7.3667685457774956E+000                  3.9525371157454638E+000                  1.0067822896705410E+000                  0.0000000000000000E+000                  3.4241424981712655E+005                  1.2026559571945388E+000                  3.5036163708883747E-027                  3.5036163708883747E-027                  0.0000000000000000E+000                  0.0000000000000000E+000                  1.4016783927172261E-028                  0.0000000000000000E+000                 -2.3835449044357546E+001                  6.9999999999999996E-001                  2.9797635251138618E-005                  2.7997020236474884E-001                  4.1193902129486445E-003                  1.2067031330276047E-003                  1.1203876416666529E-002                  2.5129237964844936E-003                  9.5710644087274629E-004                  0.0000000000000000E+000                  0.0000000000000000E+000                  0.0000000000000000E+000                  0.0000000000000000E+000                  0.0000000000000000E+000                  0.0000000000000000E+000                  0.0000000000000000E+000                  0.0000000000000000E+000                  0.0000000000000000E+000                  0.0000000000000000E+000                 -1.7470587000254881E+001                 -9.8999999999999986E+001                  0.0000000000000000E+000                  0.0000000000000000E+000                 -9.8999999999999986E+001                 -9.8999999999999986E+001                  1.5345104188811202E+001                 -9.9000000000000000E+001                 -9.9000000000000000E+001                 -9.9000000000000000E+001 
                 9.9999664758976670E-001                  2.4073711497958929E+001                  1.2232341259308370E+002                  1.1572615234543584E+004                 -7.6216638336318514E+000                  3.8760699815619173E+000                  2.3324199193785356E+012                  2.0728122029931527E+001                  3.3567298353859544E+008                  1.3052704658069223E+000                  2.1425917667420380E-001                  1.2880015005197722E+000                  7.6311748629287477E-003                  8.5000496627254152E-001                  1.1564561233977449E+004                  8.0540005661343397E+000                  4.8336310087235868E+000                  8.9444023306824305E-001                  0.0000000000000000E+000                  3.6085164092238806E+005                  1.5715038713321983E+000                  3.5050433075091753E-027                  3.5050433075091753E-027                  0.0000000000000000E+000                  0.0000000000000000E+000                  1.4022492617900552E-028                  0.0000000000000000E+000                 -2.3978968926568026E+001                  6.9999999999999996E-001                  2.9797635251138618E-005                  2.7997020236474884E-001                  4.1193902129486445E-003                  1.2067031330276047E-003                  1.1203876416666529E-002                  2.5129237964844936E-003                  9.5710644087274629E-004                  0.0000000000000000E+000                  0.0000000000000000E+000                  0.0000000000000000E+000                  0.0000000000000000E+000                  0.0000000000000000E+000                  0.0000000000000000E+000                  0.0000000000000000E+000                  0.0000000000000000E+000                  0.0000000000000000E+000                  0.0000000000000000E+000                 -1.7194217744211805E+001                 -9.8999999999999986E+001                  0.0000000000000000E+000                  0.0000000000000000E+000                 -9.8999999999999986E+001                 -9.8999999999999986E+001                  1.5381509795901827E+001                 -9.9000000000000000E+001                 -9.9000000000000000E+001                 -9.9000000000000000E+001 
                 9.9999654074654287E-001                  2.4070088497550078E+001                  1.2232341391962626E+002                  1.1936480139282899E+004                 -7.6203302958872534E+000                  3.8868360638158688E+000                  2.3841477666448862E+012                  2.0805513750859589E+001                  3.8071914577423632E+008                  1.2772303898555122E+000                  1.9496186569404217E-001                  1.2840849147314930E+000                  1.0017846901322376E-002                  8.5000496627254152E-001                  1.1927586572208584E+004                  8.8935670743164064E+000                  5.8856135453497069E+000                  8.0025087083976443E-001                  0.0000000000000000E+000                  3.6931860567661125E+005                  2.1326756535127451E+000                  3.5158239882529231E-027                  3.5158239882529238E-027                  0.0000000000000000E+000                  0.0000000000000000E+000                  1.4065622474762702E-028                  0.0000000000000000E+000                 -2.3999823560886295E+001                  6.9999999999999996E-001                  2.9797635251138618E-005                  2.7997020236474884E-001                  4.1193902129486445E-003                  1.2067031330276047E-003                  1.1203876416666529E-002                  2.5129237964844936E-003                  9.5710644087274629E-004                  0.0000000000000000E+000                  0.0000000000000000E+000                  0.0000000000000000E+000                  0.0000000000000000E+000                  0.0000000000000000E+000                  0.0000000000000000E+000                  0.0000000000000000E+000                  0.0000000000000000E+000                  0.0000000000000000E+000                  0.0000000000000000E+000                 -1.6930983697206504E+001                 -9.8999999999999986E+001                  0.0000000000000000E+000                  0.0000000000000000E+000                 -9.8999999999999986E+001                 -9.8999999999999986E+001                  1.5403718765008769E+001                 -9.9000000000000000E+001                 -9.9000000000000000E+001                 -9.9000000000000000E+001 
                 9.9999637486913462E-001                  2.4064478771020699E+001                  1.2232341598091573E+002                  1.2347958288223484E+004                 -7.6173125508512927E+000                  3.8969520609177595E+000                  2.4413924588224385E+012                  2.0887222398651669E+001                  4.3145863792764032E+008                  1.2540566971835996E+000                  1.7821021854722929E-001                  1.2794803082023891E+000                  1.2829994994394713E-002                  8.5000496627254152E-001                  1.2338196261926587E+004                  9.7620262968968436E+000                  7.6899298678147741E+000                  6.8759442647995939E-001                  0.0000000000000000E+000                  3.7056140188530640E+005                  2.8495952417196300E+000                  3.5403428468178594E-027                  3.5403428468178594E-027                  0.0000000000000000E+000                  0.0000000000000000E+000                  1.4163714133857836E-028                  0.0000000000000000E+000                 -2.3998975234753786E+001                  6.9999999999999996E-001                  2.9797635251138618E-005                  2.7997020236474884E-001                  4.1193902129486445E-003                  1.2067031330276047E-003                  1.1203876416666529E-002                  2.5129237964844936E-003                  9.5710644087274629E-004                  0.0000000000000000E+000                  0.0000000000000000E+000                  0.0000000000000000E+000                  0.0000000000000000E+000                  0.0000000000000000E+000                  0.0000000000000000E+000                  0.0000000000000000E+000                  0.0000000000000000E+000                  0.0000000000000000E+000                  0.0000000000000000E+000                 -1.6712265939820988E+001                 -9.8999999999999986E+001                  0.0000000000000000E+000                  0.0000000000000000E+000                 -9.8999999999999986E+001                 -9.8999999999999986E+001                  1.5421381028493128E+001                 -9.9000000000000000E+001                 -9.9000000000000000E+001                 -9.9000000000000000E+001 
                 9.9999623262663107E-001                  2.4059699588908313E+001                  1.2232341774844163E+002                  1.2886695306430633E+004                 -7.6124199515402147E+000                  3.9083746059934561E+000                  2.5181222243766831E+012                  2.0995658623793215E+001                  4.9971284656662714E+008                  1.2315562358186780E+000                  1.6122086376840400E-001                  1.2729561915665770E+000                  1.6806603405903411E-002                  8.5000496627254152E-001                  1.2875850291518247E+004                  1.0845014912384883E+001                  9.4221896237094995E+000                  6.1445624604862492E-001                  0.0000000000000000E+000                  3.6635430695303361E+005                  3.9623753775939847E+000                  3.5804585895908298E-027                  3.5804585895908298E-027                  0.0000000000000000E+000                  0.0000000000000000E+000                  1.4324203650692989E-028                  0.0000000000000000E+000                 -2.4857975632886593E+001                  6.9999999999999996E-001                  2.9797635251138618E-005                  2.7997020236474884E-001                  4.1193902129486445E-003                  1.2067031330276047E-003                  1.1203876416666529E-002                  2.5129237964844936E-003                  9.5710644087274629E-004                  0.0000000000000000E+000                  0.0000000000000000E+000                  0.0000000000000000E+000                  0.0000000000000000E+000                  0.0000000000000000E+000                  0.0000000000000000E+000                  0.0000000000000000E+000                  0.0000000000000000E+000                  0.0000000000000000E+000                  0.0000000000000000E+000                 -1.6473124511295055E+001                 -9.8999999999999986E+001                  0.0000000000000000E+000                  0.0000000000000000E+000                 -9.8999999999999986E+001                 -9.8999999999999986E+001                  1.5428116951217627E+001                 -9.9000000000000000E+001                 -9.9000000000000000E+001                 -9.9000000000000000E+001 
                 9.9999597177652932E-001                  2.4051028664611671E+001                  1.2232342110582135E+002                  1.3723584505057685E+004                 -7.6027730765479484E+000                  3.9225286916218822E+000                  2.6343967862579780E+012                  2.1150675127335642E+001                  6.0213218547541654E+008                  1.2089910712759413E+000                  1.4327901880084890E-001                  1.2626926204420448E+000                  2.3153747402156748E-002                  8.5000496627254152E-001                  1.3711229398480817E+004                  1.2355106576867051E+001                  1.3033748489029657E+001                  5.1679218419421680E-001                  0.0000000000000000E+000                  3.5504359504749579E+005                  5.9775866597539684E+000                  3.6608926243242318E-027                  3.6608926243242318E-027                  0.0000000000000000E+000                  0.0000000000000000E+000                  1.4645993015146016E-028                  0.0000000000000000E+000                 -2.5387209153045923E+001                  6.9999999999999996E-001                  2.9797635251138618E-005                  2.7997020236474884E-001                  4.1193902129486445E-003                  1.2067031330276047E-003                  1.1203876416666529E-002                  2.5129237964844936E-003                  9.5710644087274629E-004                  0.0000000000000000E+000                  0.0000000000000000E+000                  0.0000000000000000E+000                  0.0000000000000000E+000                  0.0000000000000000E+000                  0.0000000000000000E+000                  0.0000000000000000E+000                  0.0000000000000000E+000                  0.0000000000000000E+000                  0.0000000000000000E+000                 -1.6177954136340553E+001                 -9.8999999999999986E+001                  0.0000000000000000E+000                  0.0000000000000000E+000                 -9.8999999999999986E+001                 -9.8999999999999986E+001                  1.5432496388401455E+001                 -9.9000000000000000E+001                 -9.9000000000000000E+001                 -9.9000000000000000E+001 
                 9.9999560735329263E-001                  2.4039170860555718E+001                  1.2232342589614352E+002                  1.4724093449173060E+004                 -7.5894085274809946E+000                  3.9356199541621955E+000                  2.7660969757115737E+012                  2.1311213480345206E+001                  7.1516912743267727E+008                  1.1928620566759025E+000                  1.2973371859200866E-001                  1.2508460524551825E+000                  3.0727283845502065E-002                  8.5000496627254152E-001                  1.4710155093380223E+004                  1.3938355792837710E+001                  1.8660453056098401E+001                  4.2831059316976816E-001                  0.0000000000000000E+000                  3.3962806667869975E+005                  8.7429109945676355E+000                  3.7753184528435538E-027                  3.7753184528435546E-027                  0.0000000000000000E+000                  0.0000000000000000E+000                  1.5103772048093101E-028                  0.0000000000000000E+000                 -2.5520973628356010E+001                  6.9999999999999996E-001                  2.9797635251138618E-005                  2.7997020236474884E-001                  4.1193902129486445E-003                  1.2067031330276047E-003                  1.1203876416666529E-002                  2.5129237964844936E-003                  9.5710644087274629E-004                  0.0000000000000000E+000                  0.0000000000000000E+000                  0.0000000000000000E+000                  0.0000000000000000E+000                  0.0000000000000000E+000                  0.0000000000000000E+000                  0.0000000000000000E+000                  0.0000000000000000E+000                  0.0000000000000000E+000                  0.0000000000000000E+000                 -1.5909390197839835E+001                 -9.8999999999999986E+001                  0.0000000000000000E+000                  0.0000000000000000E+000                 -9.8999999999999986E+001                 -9.8999999999999986E+001                  1.5433550076446847E+001                 -9.9000000000000000E+001                 -9.9000000000000000E+001                 -9.9000000000000000E+001 
                 9.9999522572917365E-001                  2.4027117685803681E+001                  1.2232343093900167E+002                  1.5603564803368468E+004                 -7.5768999358328477E+000                  3.9448623234075684E+000                  2.8750081169179033E+012                  2.1436643115736466E+001                  8.0562086894592440E+008                  1.1838462209596203E+000                  1.2182901163891169E-001                  1.2409466030853022E+000                  3.7163312496852480E-002                  8.5000496627254152E-001                  1.5588387974987079E+004                  1.5176828381388717E+001                  2.5166067117455825E+001                  3.6803617229092084E-001                  0.0000000000000000E+000                  3.2635380801566236E+005                  1.1416223240538729E+001                  3.8856540403496336E-027                  3.8856540403496329E-027                  0.0000000000000000E+000                  0.0000000000000000E+000                  1.5545187410357435E-028                  0.0000000000000000E+000                 -2.4593821145580133E+001                  6.9999999999999996E-001                  2.9797635251138618E-005                  2.7997020236474884E-001                  4.1193902129486445E-003                  1.2067031330276047E-003                  1.1203876416666529E-002                  2.5129237964844936E-003                  9.5710644087274629E-004                  0.0000000000000000E+000                  0.0000000000000000E+000                  0.0000000000000000E+000                  0.0000000000000000E+000                  0.0000000000000000E+000                  0.0000000000000000E+000                  0.0000000000000000E+000                  0.0000000000000000E+000                  0.0000000000000000E+000                  0.0000000000000000E+000                 -1.5722555754752005E+001                 -9.8999999999999986E+001                  0.0000000000000000E+000                  0.0000000000000000E+000                 -9.8999999999999986E+001                 -9.8999999999999986E+001                  1.5433515760814565E+001                 -9.9000000000000000E+001                 -9.9000000000000000E+001                 -9.9000000000000000E+001 
                 9.9999495287379059E-001                  2.4018737398602873E+001                  1.2232343441358103E+002                  1.6337899517844953E+004                 -7.5664761399032185E+000                  3.9515861686810321E+000                  2.9636686869166416E+012                  2.1536198594254628E+001                  8.7722064527928531E+008                  1.1783261925275359E+000                  1.1683514356250529E-001                  1.2328635994384816E+000                  4.2468332828445227E-002                  8.5000496627254152E-001                  1.6321753091928689E+004                  1.6146425916263464E+001                  3.0256886764008399E+001                  3.3670959468127409E-001                  0.0000000000000000E+000                  3.1852107683131460E+005                  1.3838173183067507E+001                  3.9800595617364829E-027                  3.9800595617364829E-027                  0.0000000000000000E+000                  0.0000000000000000E+000                  1.5922871966761209E-028                  0.0000000000000000E+000                 -2.4484183891891593E+001                  6.9999999999999996E-001                  2.9797635251138618E-005                  2.7997020236474884E-001                  4.1193902129486445E-003                  1.2067031330276047E-003                  1.1203876416666529E-002                  2.5129237964844936E-003                  9.5710644087274629E-004                  0.0000000000000000E+000                  0.0000000000000000E+000                  0.0000000000000000E+000                  0.0000000000000000E+000                  0.0000000000000000E+000                  0.0000000000000000E+000                  0.0000000000000000E+000                  0.0000000000000000E+000                  0.0000000000000000E+000                  0.0000000000000000E+000                 -1.5588365020748842E+001                 -9.8999999999999986E+001                  0.0000000000000000E+000                  0.0000000000000000E+000                 -9.8999999999999986E+001                 -9.8999999999999986E+001                  1.5433524615553340E+001                 -9.9000000000000000E+001                 -9.9000000000000000E+001                 -9.9000000000000000E+001 
                 9.9999468001840730E-001                  2.4010550212342462E+001                  1.2232343787267098E+002                  1.7494173464523705E+004                 -7.5505320959505475E+000                  3.9609202789458626E+000                  3.1016221144913271E+012                  2.1689077433194289E+001                  9.8515876278031766E+008                  1.1719288987165357E+000                  1.1084073529477288E-001                  1.2203153792009984E+000                  5.0804978384767600E-002                  8.5000496627254152E-001                  1.7476577509414481E+004                  1.7595955109223741E+001                  3.5858662388191412E+001                  3.1172719446656044E-001                  0.0000000000000000E+000                  3.1180937167371280E+005                  1.8016696751860906E+001                  4.1289171613635917E-027                  4.1289171613635917E-027                  0.0000000000000000E+000                  0.0000000000000000E+000                  1.6518400868637632E-028                  0.0000000000000000E+000                 -2.4149742837848464E+001                  6.9999999999999996E-001                  2.9797635251138618E-005                  2.7997020236474884E-001                  4.1193902129486445E-003                  1.2067031330276047E-003                  1.1203876416666529E-002                  2.5129237964844936E-003                  9.5710644087274629E-004                  0.0000000000000000E+000                  0.0000000000000000E+000                  0.0000000000000000E+000                  0.0000000000000000E+000                  0.0000000000000000E+000                  0.0000000000000000E+000                  0.0000000000000000E+000                  0.0000000000000000E+000                  0.0000000000000000E+000                  0.0000000000000000E+000                 -1.5404626332579181E+001                 -9.8999999999999986E+001                  0.0000000000000000E+000                  0.0000000000000000E+000                 -9.8999999999999986E+001                 -9.8999999999999986E+001                  1.5433773159370300E+001                 -9.9000000000000000E+001                 -9.9000000000000000E+001                 -9.9000000000000000E+001 
                 9.9999409477542522E-001                  2.3993604925296285E+001                  1.2232344519067129E+002                  1.9133104538137297E+004                 -7.5279163901791506E+000                  3.9715144974176333E+000                  3.2790648872320552E+012                  2.1878860735933014E+001                  1.1171458103199461E+009                  1.1663627300302410E+000                  1.0531391822146313E-001                  1.2043669243042183E+000                  6.1571183117089062E-002                  8.5000496627254152E-001                  1.9113705074650032E+004                  1.9399463487264040E+001                  4.8895474582830268E+001                  2.7225926055088984E-001                  0.0000000000000000E+000                  3.0010612960562529E+005                  2.4206395611069599E+001                  4.3496626947296817E-027                  4.3496626947296817E-027                  0.0000000000000000E+000                  0.0000000000000000E+000                  1.7401529075791654E-028                  0.0000000000000000E+000                 -2.3709885612054496E+001                  6.9999999999999996E-001                  2.9797635251138618E-005                  2.7997020236474884E-001                  4.1193902129486445E-003                  1.2067031330276047E-003                  1.1203876416666529E-002                  2.5129237964844936E-003                  9.5710644087274629E-004                  0.0000000000000000E+000                  0.0000000000000000E+000                  0.0000000000000000E+000                  0.0000000000000000E+000                  0.0000000000000000E+000                  0.0000000000000000E+000                  0.0000000000000000E+000                  0.0000000000000000E+000                  0.0000000000000000E+000                  0.0000000000000000E+000                 -1.5196987743385547E+001                 -9.8999999999999986E+001                  0.0000000000000000E+000                  0.0000000000000000E+000                 -9.8999999999999986E+001                 -9.8999999999999986E+001                  1.5434807962276061E+001                 -9.9000000000000000E+001                 -9.9000000000000000E+001                 -9.9000000000000000E+001 
                 9.9999346715793258E-001                  2.3976330188151987E+001                  1.2232345289559242E+002                  2.0895740031323803E+004                 -7.5045357323362962E+000                  3.9808360814351338E+000                  3.4539060761144033E+012                  2.2059867384826070E+001                  1.2399862285893474E+009                  1.1627134061342086E+000                  1.0142219341136893E-001                  1.1889303424039623E+000                  7.2205460208918687E-002                  8.5000496627254152E-001                  2.0874601439379410E+004                  2.1138591944394104E+001                  6.4054758398735601E+001                  2.4342419550965788E-001                  0.0000000000000000E+000                  2.9031168912885309E+005                  3.1235962404498189E+001                  4.5902904862154817E-027                  4.5902904862154817E-027                  0.0000000000000000E+000                  0.0000000000000000E+000                  1.8364199472091277E-028                  0.0000000000000000E+000                 -2.3040719869052804E+001                  6.9999999999999996E-001                  2.9797635251138618E-005                  2.7997020236474884E-001                  4.1193902129486445E-003                  1.2067031330276047E-003                  1.1203876416666529E-002                  2.5129237964844936E-003                  9.5710644087274629E-004                  0.0000000000000000E+000                  0.0000000000000000E+000                  0.0000000000000000E+000                  0.0000000000000000E+000                  0.0000000000000000E+000                  0.0000000000000000E+000                  0.0000000000000000E+000                  0.0000000000000000E+000                  0.0000000000000000E+000                  0.0000000000000000E+000                 -1.5016065614491906E+001                 -9.8999999999999986E+001                  0.0000000000000000E+000                  0.0000000000000000E+000                 -9.8999999999999986E+001                 -9.8999999999999986E+001                  1.5436026098863195E+001                 -9.9000000000000000E+001                 -9.9000000000000000E+001                 -9.9000000000000000E+001 
                 9.9999279412146802E-001                  2.3958750722234608E+001                  1.2232346092490447E+002                  2.2791451350944928E+004                 -7.4805388417151679E+000                  3.9891994801399999E+000                  3.6236028997201294E+012                  2.2226512520054531E+001                  1.3525207037968652E+009                  1.1603119764140577E+000                  9.8649046694994913E-002                  1.1742420800616413E+000                  8.2683931300998853E-002                  8.5000496627254152E-001                  2.2768620103018569E+004                  2.2831247926357747E+001                  8.1757974255183953E+001                  2.2162804471867531E-001                  0.0000000000000000E+000                  2.8186385371799179E+005                  3.9073290175231250E+001                  4.8511109478048623E-027                  4.8511109478048623E-027                  0.0000000000000000E+000                  0.0000000000000000E+000                  1.9407653910881286E-028                  0.0000000000000000E+000                 -2.2160838041619030E+001                  6.9999999999999996E-001                  2.9797635251138618E-005                  2.7997020236474884E-001                  4.1193902129486445E-003                  1.2067031330276047E-003                  1.1203876416666529E-002                  2.5129237964844936E-003                  9.5710644087274629E-004                  0.0000000000000000E+000                  0.0000000000000000E+000                  0.0000000000000000E+000                  0.0000000000000000E+000                  0.0000000000000000E+000                  0.0000000000000000E+000                  0.0000000000000000E+000                  0.0000000000000000E+000                  0.0000000000000000E+000                  0.0000000000000000E+000                 -1.4854121525723677E+001                 -9.8999999999999986E+001                  0.0000000000000000E+000                  0.0000000000000000E+000                 -9.8999999999999986E+001                 -9.8999999999999986E+001                  1.5437457693356130E+001                 -9.9000000000000000E+001                 -9.9000000000000000E+001                 -9.9000000000000000E+001 
                 9.9999207240403465E-001                  2.3940886674741755E+001                  1.2232346920617694E+002                  2.4830316806135048E+004                 -7.4560814566692271E+000                  3.9968214890028646E+000                  3.7879081116578916E+012                  2.2378163218782667E+001                  1.4552880329459476E+009                  1.1587478151883119E+000                  9.6640461727606569E-002                  1.1603051468527472E+000                  9.3038229231012029E-002                  8.5000496627254152E-001                  2.4805825176376191E+004                  2.4491629758856092E+001                  1.0219890131657731E+002                  2.0471269081144744E-001                  0.0000000000000000E+000                  2.7439676968780410E+005                  4.7680766795232465E+001                  5.1321925041302403E-027                  5.1321925041302403E-027                  0.0000000000000000E+000                  0.0000000000000000E+000                  2.0532166135970707E-028                  0.0000000000000000E+000                 -2.1190382129449368E+001                  6.9999999999999996E-001                  2.9797635251138618E-005                  2.7997020236474884E-001                  4.1193902129486445E-003                  1.2067031330276047E-003                  1.1203876416666529E-002                  2.5129237964844936E-003                  9.5710644087274629E-004                  0.0000000000000000E+000                  0.0000000000000000E+000                  0.0000000000000000E+000                  0.0000000000000000E+000                  0.0000000000000000E+000                  0.0000000000000000E+000                  0.0000000000000000E+000                  0.0000000000000000E+000                  0.0000000000000000E+000                  0.0000000000000000E+000                 -1.4706103647207357E+001                 -9.8999999999999986E+001                  0.0000000000000000E+000                  0.0000000000000000E+000                 -9.8999999999999986E+001                 -9.8999999999999986E+001                  1.5438927595516539E+001                 -9.9000000000000000E+001                 -9.9000000000000000E+001                 -9.9000000000000000E+001 
                 9.9999129851095492E-001                  2.3922752856450511E+001                  1.2232347769726705E+002                  2.7023174246485698E+004                 -7.4313539428769424E+000                  4.0038533919808454E+000                  3.9493527519782456E+012                  2.2520967717919010E+001                  1.5504778463874545E+009                  1.1577480444228971E+000                  9.5142947812211831E-002                  1.1468966940503529E+000                  1.0320801222608510E-001                  8.5000496627254152E-001                  2.6997043892237860E+004                  2.6130354247838611E+001                  1.2557022825173513E+002                  1.9120463698399709E-001                  0.0000000000000000E+000                  2.6765734465215105E+005                  5.7016413644261874E+001                  5.4329407805109270E-027                  5.4329407805109270E-027                  0.0000000000000000E+000                  0.0000000000000000E+000                  2.1735358255322729E-028                  0.0000000000000000E+000                 -2.0269301806897911E+001                  6.9999999999999996E-001                  2.9797635251138618E-005                  2.7997020236474884E-001                  4.1193902129486445E-003                  1.2067031330276047E-003                  1.1203876416666529E-002                  2.5129237964844936E-003                  9.5710644087274629E-004                  0.0000000000000000E+000                  0.0000000000000000E+000                  0.0000000000000000E+000                  0.0000000000000000E+000                  0.0000000000000000E+000                  0.0000000000000000E+000                  0.0000000000000000E+000                  0.0000000000000000E+000                  0.0000000000000000E+000                  0.0000000000000000E+000                 -1.4569767561970632E+001                 -9.8999999999999986E+001                  0.0000000000000000E+000                  0.0000000000000000E+000                 -9.8999999999999986E+001                 -9.8999999999999986E+001                  1.5440284735712627E+001                 -9.9000000000000000E+001                 -9.9000000000000000E+001                 -9.9000000000000000E+001 
                 9.9999046869946229E-001                  2.3904356856793587E+001                  1.2232348640613957E+002                  2.9381678835954670E+004                 -7.4064584052578342E+000                  4.0104040847971785E+000                  4.1091790595778281E+012                  2.2658978563143727E+001                  1.6390355300578158E+009                  1.1571542179590706E+000                  9.4019585324036176E-002                  1.1339194717388470E+000                  1.1311119210823511E-001                  8.5000496627254152E-001                  2.9353923399005918E+004                  2.7755436948750042E+001                  1.5209490690555037E+002                  1.8014627050611232E-001                  0.0000000000000000E+000                  2.6146409310513627E+005                  6.7058022412269210E+001                  5.7535407097160075E-027                  5.7535407097160075E-027                  0.0000000000000000E+000                  0.0000000000000000E+000                  2.3017970122389958E-028                  0.0000000000000000E+000                 -1.9354116288891404E+001                  6.9999999999999996E-001                  2.9797635251138618E-005                  2.7997020236474884E-001                  4.1193902129486445E-003                  1.2067031330276047E-003                  1.1203876416666529E-002                  2.5129237964844936E-003                  9.5710644087274629E-004                  0.0000000000000000E+000                  0.0000000000000000E+000                  0.0000000000000000E+000                  0.0000000000000000E+000                  0.0000000000000000E+000                  0.0000000000000000E+000                  0.0000000000000000E+000                  0.0000000000000000E+000                  0.0000000000000000E+000                  0.0000000000000000E+000                 -1.4443432478563505E+001                 -9.8999999999999986E+001                  0.0000000000000000E+000                  0.0000000000000000E+000                 -9.8999999999999986E+001                 -9.8999999999999986E+001                  1.5441478976571108E+001                 -9.9000000000000000E+001                 -9.9000000000000000E+001                 -9.9000000000000000E+001 
                 9.9998957896140639E-001                  2.3885702352569673E+001                  1.2232349532232746E+002                  3.1918366425124412E+004                 -7.3814053602141749E+000                  4.0165567488118956E+000                  4.2663391055075815E+012                  2.2791254548107407E+001                  1.7205859723097944E+009                  1.1568737837998742E+000                  9.3193850390779320E-002                  1.1214490557324353E+000                  1.2273763348801030E-001                  8.5000496627254152E-001                  3.1888992720404451E+004                  2.9373704719960159E+001                  1.8207034129907100E+002                  1.7096852538521001E-001                  0.0000000000000000E+000                  2.5569690360812977E+005                  7.7813131139115953E+001                  6.0952718983054301E-027                  6.0952718983054301E-027                  0.0000000000000000E+000                  0.0000000000000000E+000                  2.4385121010165855E-028                  0.0000000000000000E+000                 -1.8360215674434166E+001                  6.9999999999999996E-001                  2.9797635251138618E-005                  2.7997020236474884E-001                  4.1193902129486445E-003                  1.2067031330276047E-003                  1.1203876416666529E-002                  2.5129237964844936E-003                  9.5710644087274629E-004                  0.0000000000000000E+000                  0.0000000000000000E+000                  0.0000000000000000E+000                  0.0000000000000000E+000                  0.0000000000000000E+000                  0.0000000000000000E+000                  0.0000000000000000E+000                  0.0000000000000000E+000                  0.0000000000000000E+000                  0.0000000000000000E+000                 -1.4325252390090093E+001                 -9.8999999999999986E+001                  0.0000000000000000E+000                  0.0000000000000000E+000                 -9.8999999999999986E+001                 -9.8999999999999986E+001                  1.5442539758261351E+001                 -9.9000000000000000E+001                 -9.9000000000000000E+001                 -9.9000000000000000E+001 
                 9.9998862500415830E-001                  2.3866792836725921E+001                  1.2232350439113924E+002                  3.4646722224086676E+004                 -7.3561583971458990E+000                  4.0223773898128892E+000                  4.4186219385103086E+012                  2.2914093065775024E+001                  1.7945473224224296E+009                  1.1568387385403431E+000                  9.2607211868728445E-002                  1.1096182099908776E+000                  1.3217610576052649E-001                  8.5000496627254152E-001                  3.4615730817423144E+004                  3.0991406663531937E+001                  2.1586905615135331E+002                  1.6329643048956941E-001                  0.0000000000000000E+000                  2.5027762219159323E+005                  8.9304563893630132E+001                  6.4601867854807134E-027                  6.4601867854807134E-027                  0.0000000000000000E+000                  0.0000000000000000E+000                  2.5845022033616068E-028                  0.0000000000000000E+000                 -1.7253710578120472E+001                  6.9999999999999996E-001                  2.9797635251138618E-005                  2.7997020236474884E-001                  4.1193902129486445E-003                  1.2067031330276047E-003                  1.1203876416666529E-002                  2.5129237964844936E-003                  9.5710644087274629E-004                  0.0000000000000000E+000                  0.0000000000000000E+000                  0.0000000000000000E+000                  0.0000000000000000E+000                  0.0000000000000000E+000                  0.0000000000000000E+000                  0.0000000000000000E+000                  0.0000000000000000E+000                  0.0000000000000000E+000                  0.0000000000000000E+000                 -1.4213162117530221E+001                 -9.8999999999999986E+001                  0.0000000000000000E+000                  0.0000000000000000E+000                 -9.8999999999999986E+001                 -9.8999999999999986E+001                  1.5443469037593495E+001                 -9.9000000000000000E+001                 -9.9000000000000000E+001                 -9.9000000000000000E+001 
                 9.9998760222949135E-001                  2.3847633643434225E+001                  1.2232351352819278E+002                  3.7581252380038466E+004                 -7.3306962408375336E+000                  4.0279188732515356E+000                  4.5645867091941289E+012                  2.3024838981183755E+001                  1.8609481848556452E+009                  1.1569933315655698E+000                  9.2213052575238194E-002                  1.0984900742246433E+000                  1.4153205665802640E-001                  8.5000496627254152E-001                  3.7548638143056087E+004                  3.2614236982378394E+001                  2.5392338176544513E+002                  1.5683923716208217E-001                  0.0000000000000000E+000                  2.4514553759545996E+005                  1.0156682537680281E+002                  6.8503451312460892E-027                  6.8503451312460892E-027                  0.0000000000000000E+000                  0.0000000000000000E+000                  2.7405913595761724E-028                  0.0000000000000000E+000                 -1.6059879936309347E+001                  6.9999999999999996E-001                  2.9797635251138618E-005                  2.7997020236474884E-001                  4.1193902129486445E-003                  1.2067031330276047E-003                  1.1203876416666529E-002                  2.5129237964844936E-003                  9.5710644087274629E-004                  0.0000000000000000E+000                  0.0000000000000000E+000                  0.0000000000000000E+000                  0.0000000000000000E+000                  0.0000000000000000E+000                  0.0000000000000000E+000                  0.0000000000000000E+000                  0.0000000000000000E+000                  0.0000000000000000E+000                  0.0000000000000000E+000                 -1.4105365867938978E+001                 -9.8999999999999986E+001                  0.0000000000000000E+000                  0.0000000000000000E+000                 -9.8999999999999986E+001                 -9.8999999999999986E+001                  1.5444211338849582E+001                 -9.9000000000000000E+001                 -9.9000000000000000E+001                 -9.9000000000000000E+001 
                 9.9998650571263359E-001                  2.3828231367997102E+001                  1.2232352264622882E+002                  4.0737557688623187E+004                 -7.3051457024083319E+000                  4.0332228708283280E+000                  4.7075420724389736E+012                  2.3129483095362630E+001                  1.9216438286157222E+009                  1.1572897155970105E+000                  9.1961914686447516E-002                  1.0878094066782065E+000                  1.5069138454899447E-001                  8.5000496627254152E-001                  4.0703310635072012E+004                  3.4247053551174396E+001                  2.9668703550539055E+002                  1.5134002992561571E-001                  0.0000000000000000E+000                  2.4024782654467149E+005                  1.1461318337675590E+002                  7.2655481571250347E-027                  7.2655481571250347E-027                  0.0000000000000000E+000                  0.0000000000000000E+000                  2.9067000451160734E-028                  0.0000000000000000E+000                 -1.4980643774066209E+001                  6.9999999999999996E-001                  2.9797635251138618E-005                  2.7997020236474884E-001                  4.1193902129486445E-003                  1.2067031330276047E-003                  1.1203876416666529E-002                  2.5129237964844936E-003                  9.5710644087274629E-004                  0.0000000000000000E+000                  0.0000000000000000E+000                  0.0000000000000000E+000                  0.0000000000000000E+000                  0.0000000000000000E+000                  0.0000000000000000E+000                  0.0000000000000000E+000                  0.0000000000000000E+000                  0.0000000000000000E+000                  0.0000000000000000E+000                 -1.4002181989726704E+001                 -9.8999999999999986E+001                  0.0000000000000000E+000                  0.0000000000000000E+000                 -9.8999999999999986E+001                 -9.8999999999999986E+001                  1.5444688759244739E+001                 -9.9000000000000000E+001                 -9.9000000000000000E+001                 -9.9000000000000000E+001 
                 9.9998533018058766E-001                  2.3808587231188000E+001                  1.2232353176441904E+002                  4.4132416418246634E+004                 -7.2796362103857755E+000                  4.0383220256217482E+000                  4.8512628849631426E+012                  2.3235336187651555E+001                  1.9781526700670123E+009                  1.1577018610575642E+000                  9.1820941170475207E-002                  1.0773139145008326E+000                  1.5948333791245101E-001                  8.5000496627254152E-001                  4.4096522585729283E+004                  3.5893832517350482E+001                  3.4458612915472463E+002                  1.4658706631887861E-001                  0.0000000000000000E+000                  2.3554661981957752E+005                  1.2843159043150879E+002                  7.7051912689528329E-027                  7.7051912689528315E-027                  0.0000000000000000E+000                  0.0000000000000000E+000                  3.0825863823078276E-028                  0.0000000000000000E+000                 -1.4093788515350861E+001                  6.9999999999999996E-001                  2.9797635251138618E-005                  2.7997020236474884E-001                  4.1193902129486445E-003                  1.2067031330276047E-003                  1.1203876416666529E-002                  2.5129237964844936E-003                  9.5710644087274629E-004                  0.0000000000000000E+000                  0.0000000000000000E+000                  0.0000000000000000E+000                  0.0000000000000000E+000                  0.0000000000000000E+000                  0.0000000000000000E+000                  0.0000000000000000E+000                  0.0000000000000000E+000                  0.0000000000000000E+000                  0.0000000000000000E+000                 -1.3904298328872333E+001                 -9.8999999999999986E+001                  0.0000000000000000E+000                  0.0000000000000000E+000                 -9.8999999999999986E+001                 -9.8999999999999986E+001                  1.5444894733078957E+001                 -9.9000000000000000E+001                 -9.9000000000000000E+001                 -9.9000000000000000E+001 
                 9.9998406998818268E-001                  2.3788696671659281E+001                  1.2232354096061691E+002                  4.7783878307239778E+004                 -7.2540855830545174E+000                  4.0432434129754240E+000                  4.9930483065077949E+012                  2.3337352176838493E+001                  2.0296617786092427E+009                  1.1582135704046772E+000                  9.1781091920140001E-002                  1.0671764591882782E+000                  1.6804398819852046E-001                  8.5000496627254152E-001                  4.7746320054383250E+004                  3.7558252856524874E+001                  3.9805350179433719E+002                  1.4245577872263482E-001                  0.0000000000000000E+000                  2.3102575852186448E+005                  1.4301876906503819E+002                  8.1722147647057146E-027                  8.1722147647057146E-027                  0.0000000000000000E+000                  0.0000000000000000E+000                  3.2694266849101540E-028                  0.0000000000000000E+000                 -1.3120042450890937E+001                  6.9999999999999996E-001                  2.9797635251138618E-005                  2.7997020236474884E-001                  4.1193902129486445E-003                  1.2067031330276047E-003                  1.1203876416666529E-002                  2.5129237964844936E-003                  9.5710644087274629E-004                  0.0000000000000000E+000                  0.0000000000000000E+000                  0.0000000000000000E+000                  0.0000000000000000E+000                  0.0000000000000000E+000                  0.0000000000000000E+000                  0.0000000000000000E+000                  0.0000000000000000E+000                  0.0000000000000000E+000                  0.0000000000000000E+000                 -1.3810076097118467E+001                 -9.8999999999999986E+001                  0.0000000000000000E+000                  0.0000000000000000E+000                 -9.8999999999999986E+001                 -9.8999999999999986E+001                  1.5444950006350629E+001                 -9.9000000000000000E+001                 -9.9000000000000000E+001                 -9.9000000000000000E+001 
                 9.9998271909047387E-001                  2.3768558837818624E+001                  1.2232355013763110E+002                  5.1711363329457992E+004                 -7.2283868502385022E+000                  4.0480106023800442E+000                  5.1292432781847324E+012                  2.3428294307012472E+001                  2.0753087325411491E+009                  1.1588063428978517E+000                  9.1832354431905405E-002                  1.0576101922523460E+000                  1.7655242633687709E-001                  8.5000496627254152E-001                  5.1672119250658936E+004                  3.9244078799059452E+001                  4.5756956925708778E+002                  1.3887326829963570E-001                  0.0000000000000000E+000                  2.2667205820400859E+005                  1.5837577003789087E+002                  8.6705057180775373E-027                  8.6705057180775373E-027                  0.0000000000000000E+000                  0.0000000000000000E+000                  3.4687760396197581E-028                  0.0000000000000000E+000                 -1.1945392179125193E+001                  6.9999999999999996E-001                  2.9797635251138618E-005                  2.7997020236474884E-001                  4.1193902129486445E-003                  1.2067031330276047E-003                  1.1203876416666529E-002                  2.5129237964844936E-003                  9.5710644087274629E-004                  0.0000000000000000E+000                  0.0000000000000000E+000                  0.0000000000000000E+000                  0.0000000000000000E+000                  0.0000000000000000E+000                  0.0000000000000000E+000                  0.0000000000000000E+000                  0.0000000000000000E+000                  0.0000000000000000E+000                  0.0000000000000000E+000                 -1.3717978511549184E+001                 -9.8999999999999986E+001                  0.0000000000000000E+000                  0.0000000000000000E+000                 -9.8999999999999986E+001                 -9.8999999999999986E+001                  1.5444931873047068E+001                 -9.9000000000000000E+001                 -9.9000000000000000E+001                 -9.9000000000000000E+001 
                 9.9998127101319667E-001                  2.3748177924308770E+001                  1.2232355909407995E+002                  5.5935760806198188E+004                 -7.2025712670710273E+000                  4.0526436699952404E+000                  5.2606366884909873E+012                  2.3510427459157281E+001                  2.1158103770338888E+009                  1.1594726919474623E+000                  9.1958808438272005E-002                  1.0485361667993713E+000                  1.8497486547507339E-001                  8.5000496627254152E-001                  5.5894805855304832E+004                  4.0954950893354230E+001                  5.2363464192594063E+002                  1.3576144654799682E-001                  0.0000000000000000E+000                  2.2245904186553168E+005                  1.7449208243743354E+002                  9.2016591576629409E-027                  9.2016591576629395E-027                  0.0000000000000000E+000                  0.0000000000000000E+000                  3.6812725634224159E-028                  0.0000000000000000E+000                 -1.0789990157112165E+001                  6.9999999999999996E-001                  2.9797635251138618E-005                  2.7997020236474884E-001                  4.1193902129486445E-003                  1.2067031330276047E-003                  1.1203876416666529E-002                  2.5129237964844936E-003                  9.5710644087274629E-004                  0.0000000000000000E+000                  0.0000000000000000E+000                  0.0000000000000000E+000                  0.0000000000000000E+000                  0.0000000000000000E+000                  0.0000000000000000E+000                  0.0000000000000000E+000                  0.0000000000000000E+000                  0.0000000000000000E+000                  0.0000000000000000E+000                 -1.3628038731837023E+001                 -9.8999999999999986E+001                  0.0000000000000000E+000                  0.0000000000000000E+000                 -9.8999999999999986E+001                 -9.8999999999999986E+001                  1.5444742888730001E+001                 -9.9000000000000000E+001                 -9.9000000000000000E+001                 -9.9000000000000000E+001 
                 9.9997971882516901E-001                  2.3727556888462026E+001                  1.2232356776587642E+002                  6.0479535438519575E+004                 -7.1767230819122556E+000                  4.0571592304289297E+000                  5.3899297588774121E+012                  2.3589495864256268E+001                  2.1523120245229683E+009                  1.1602015291250265E+000                  9.2145064091845974E-002                  1.0397759899468766E+000                  1.9317397918005050E-001                  8.5000496627254152E-001                  6.0436841261025162E+004                  4.2694177494413253E+001                  5.9678253341207176E+002                  1.3303831935344523E-001                  0.0000000000000000E+000                  2.1836370984066621E+005                  1.9136981697459836E+002                  9.7660883747937313E-027                  9.7660883747937313E-027                  0.0000000000000000E+000                  0.0000000000000000E+000                  3.9070816001998088E-028                  0.0000000000000000E+000                 -9.7691699593582868E+000                  6.9999999999999996E-001                  2.9797635251138618E-005                  2.7997020236474884E-001                  4.1193902129486445E-003                  1.2067031330276047E-003                  1.1203876416666529E-002                  2.5129237964844936E-003                  9.5710644087274629E-004                  0.0000000000000000E+000                  0.0000000000000000E+000                  0.0000000000000000E+000                  0.0000000000000000E+000                  0.0000000000000000E+000                  0.0000000000000000E+000                  0.0000000000000000E+000                  0.0000000000000000E+000                  0.0000000000000000E+000                  0.0000000000000000E+000                 -1.3540760121283849E+001                 -9.8999999999999986E+001                  0.0000000000000000E+000                  0.0000000000000000E+000                 -9.8999999999999986E+001                 -9.8999999999999986E+001                  1.5444295817959652E+001                 -9.9000000000000000E+001                 -9.9000000000000000E+001                 -9.9000000000000000E+001 
                 9.9997805510784010E-001                  2.3706694847940096E+001                  1.2232357618139540E+002                  6.5366848793694058E+004                 -7.1509673496663266E+000                  4.0615711376338224E+000                  5.5210995232831270E+012                  2.3672740915344047E+001                  2.1857683029887047E+009                  1.1609765724678862E+000                  9.2380560106518725E-002                  1.0310961196209707E+000                  2.0091139121661258E-001                  8.5000496627254152E-001                  6.5322384000158476E+004                  4.4464793535580185E+001                  6.7762493751916747E+002                  1.3063825604560980E-001                  0.0000000000000000E+000                  2.1437750142857473E+005                  2.0902252265872241E+002                  1.0362937316165062E-026                  1.0362937316165062E-026                  0.0000000000000000E+000                  0.0000000000000000E+000                  4.1458606719827368E-028                  0.0000000000000000E+000                 -8.9717178262524087E+000                  6.9999999999999996E-001                  2.9797635251138618E-005                  2.7997020236474884E-001                  4.1193902129486445E-003                  1.2067031330276047E-003                  1.1203876416666529E-002                  2.5129237964844936E-003                  9.5710644087274629E-004                  0.0000000000000000E+000                  0.0000000000000000E+000                  0.0000000000000000E+000                  0.0000000000000000E+000                  0.0000000000000000E+000                  0.0000000000000000E+000                  0.0000000000000000E+000                  0.0000000000000000E+000                  0.0000000000000000E+000                  0.0000000000000000E+000                 -1.3457388552397070E+001                 -9.8999999999999986E+001                  0.0000000000000000E+000                  0.0000000000000000E+000                 -9.8999999999999986E+001                 -9.8999999999999986E+001                  1.5443631420680024E+001                 -9.9000000000000000E+001                 -9.9000000000000000E+001                 -9.9000000000000000E+001 
                 9.9997627192005012E-001                  2.3685584883539985E+001                  1.2232358446494325E+002                  7.0623698636228321E+004                 -7.1252172370386875E+000                  4.0658914555611050E+000                  5.6514373741756562E+012                  2.3754474864853588E+001                  2.2156533691661320E+009                  1.1617944263265467E+000                  9.2663353479636862E-002                  1.0226555137991100E+000                  2.0839138900720747E-001                  8.5000496627254152E-001                  7.0577428843737449E+004                  4.6269792490870742E+001                  7.6688628656788887E+002                  1.2852093294038991E-001                  0.0000000000000000E+000                  2.1050342437345936E+005                  2.2749171027997303E+002                  1.0996124940356186E-026                  1.0996124940356186E-026                  0.0000000000000000E+000                  0.0000000000000000E+000                  4.3991776215321275E-028                  0.0000000000000000E+000                 -8.1241575782383268E+000                  6.9999999999999996E-001                  2.9797635251138618E-005                  2.7997020236474884E-001                  4.1193902129486445E-003                  1.2067031330276047E-003                  1.1203876416666529E-002                  2.5129237964844936E-003                  9.5710644087274629E-004                  0.0000000000000000E+000                  0.0000000000000000E+000                  0.0000000000000000E+000                  0.0000000000000000E+000                  0.0000000000000000E+000                  0.0000000000000000E+000                  0.0000000000000000E+000                  0.0000000000000000E+000                  0.0000000000000000E+000                  0.0000000000000000E+000                 -1.3376464341563244E+001                 -9.8999999999999986E+001                  0.0000000000000000E+000                  0.0000000000000000E+000                 -9.8999999999999986E+001                 -9.8999999999999986E+001                  1.5442867260918563E+001                 -9.9000000000000000E+001                 -9.9000000000000000E+001                 -9.9000000000000000E+001 
                 9.9997436075895940E-001                  2.3664224141372731E+001                  1.2232359250426357E+002                  7.6278057390628368E+004                 -7.0992995240957253E+000                  4.0701310285769114E+000                  5.7753564018624941E+012                  2.3824110500338612E+001                  2.2410941668541813E+009                  1.1626570107679557E+000                  9.2988488514865963E-002                  1.0147573393061131E+000                  2.1604258921388722E-001                  8.5000496627254152E-001                  7.6229945121083714E+004                  4.8112269544654197E+001                  8.6544075331826912E+002                  1.2666081361136572E-001                  0.0000000000000000E+000                  2.0674383395740780E+005                  2.4684245124457019E+002                  1.1672511386553962E-026                  1.1672511386553962E-026                  0.0000000000000000E+000                  0.0000000000000000E+000                  4.6697769584785374E-028                  0.0000000000000000E+000                 -6.9562631336822296E+000                  6.9999999999999996E-001                  2.9797635251138618E-005                  2.7997020236474884E-001                  4.1193902129486445E-003                  1.2067031330276047E-003                  1.1203876416666529E-002                  2.5129237964844936E-003                  9.5710644087274629E-004                  0.0000000000000000E+000                  0.0000000000000000E+000                  0.0000000000000000E+000                  0.0000000000000000E+000                  0.0000000000000000E+000                  0.0000000000000000E+000                  0.0000000000000000E+000                  0.0000000000000000E+000                  0.0000000000000000E+000                  0.0000000000000000E+000                 -1.3295403409229912E+001                 -9.8999999999999986E+001                  0.0000000000000000E+000                  0.0000000000000000E+000                 -9.8999999999999986E+001                 -9.8999999999999986E+001                  1.5442091078308550E+001                 -9.9000000000000000E+001                 -9.9000000000000000E+001                 -9.9000000000000000E+001 
                 9.9997231252212726E-001                  2.3642618356862766E+001                  1.2232359988160479E+002                  8.2360007545414701E+004                 -7.0732957065548590E+000                  4.0742993859039132E+000                  5.8952651624744844E+012                  2.3885820826289592E+001                  2.2629227043089356E+009                  1.1635589685621173E+000                  9.3350930814235164E-002                  1.0072389722306454E+000                  2.2374792257564932E-001                  8.5000496627254152E-001                  8.2310012234543945E+004                  4.9995310870758431E+001                  9.7422692079028263E+002                  1.2502805925576368E-001                  0.0000000000000000E+000                  2.0307775510167505E+005                  2.6710964366576422E+002                  1.2392966744581426E-026                  1.2392966744581427E-026                  0.0000000000000000E+000                  0.0000000000000000E+000                  4.9580067763280126E-028                  0.0000000000000000E+000                 -5.8568437874851025E+000                  6.9999999999999996E-001                  2.9797635251138618E-005                  2.7997020236474884E-001                  4.1193902129486445E-003                  1.2067031330276047E-003                  1.1203876416666529E-002                  2.5129237964844936E-003                  9.5710644087274629E-004                  0.0000000000000000E+000                  0.0000000000000000E+000                  0.0000000000000000E+000                  0.0000000000000000E+000                  0.0000000000000000E+000                  0.0000000000000000E+000                  0.0000000000000000E+000                  0.0000000000000000E+000                  0.0000000000000000E+000                  0.0000000000000000E+000                 -1.3214965002004890E+001                 -9.8999999999999986E+001                  0.0000000000000000E+000                  0.0000000000000000E+000                 -9.8999999999999986E+001                 -9.8999999999999986E+001                  1.5441188686972680E+001                 -9.9000000000000000E+001                 -9.9000000000000000E+001                 -9.9000000000000000E+001 
                 9.9997011746866848E-001                  2.3620769466822864E+001                  1.2232360653820447E+002                  8.8901900523910226E+004                 -7.0473142218313178E+000                  4.0784048621900233E+000                  6.0148067667266875E+012                  2.3946096616609264E+001                  2.2820168321262403E+009                  1.1644928889583497E+000                  9.3753817114234847E-002                  9.9988235042625506E-001                  2.3126882326290865E-001                  8.5000496627254152E-001                  8.8849978551949433E+004                  5.1921971960800477E+001                  1.0941827483441723E+003                  1.2359483566313573E-001                  0.0000000000000000E+000                  1.9948373553282811E+005                  2.8831866587338669E+002                  1.3157220096673935E-026                  1.3157220096673935E-026                  0.0000000000000000E+000                  0.0000000000000000E+000                  5.2637586900477579E-028                  0.0000000000000000E+000                 -4.9976184751683732E+000                  6.9999999999999996E-001                  2.9797635251138618E-005                  2.7997020236474884E-001                  4.1193902129486445E-003                  1.2067031330276047E-003                  1.1203876416666529E-002                  2.5129237964844936E-003                  9.5710644087274629E-004                  0.0000000000000000E+000                  0.0000000000000000E+000                  0.0000000000000000E+000                  0.0000000000000000E+000                  0.0000000000000000E+000                  0.0000000000000000E+000                  0.0000000000000000E+000                  0.0000000000000000E+000                  0.0000000000000000E+000                  0.0000000000000000E+000                 -1.3136281366465463E+001                 -9.8999999999999986E+001                  0.0000000000000000E+000                  0.0000000000000000E+000                 -9.8999999999999986E+001                 -9.8999999999999986E+001                  1.5440031882429828E+001                 -9.9000000000000000E+001                 -9.9000000000000000E+001                 -9.9000000000000000E+001 
                 9.9996776517453512E-001                  2.3598674040509700E+001                  1.2232361262513608E+002                  9.5938536887223410E+004                 -7.0214364250331283E+000                  4.0824549082139168E+000                  6.1369254714745488E+012                  2.4009917450609358E+001                  2.2985998430829082E+009                  1.1654606564097063E+000                  9.4191508915057259E-002                  9.9253169635874505E-001                  2.3839927840655734E-001                  8.5000496627254152E-001                  9.5884641529057699E+004                  5.3895358165707286E+001                  1.2262621734548188E+003                  1.2234117739938941E-001                  0.0000000000000000E+000                  1.9596634585736014E+005                  3.1047660318358379E+002                  1.3965275227754615E-026                  1.3965275227754618E-026                  0.0000000000000000E+000                  0.0000000000000000E+000                  5.5870342138579862E-028                  0.0000000000000000E+000                 -4.3269687031984594E+000                  6.9999999999999996E-001                  2.9797635251138618E-005                  2.7997020236474884E-001                  4.1193902129486445E-003                  1.2067031330276047E-003                  1.1203876416666529E-002                  2.5129237964844936E-003                  9.5710644087274629E-004                  0.0000000000000000E+000                  0.0000000000000000E+000                  0.0000000000000000E+000                  0.0000000000000000E+000                  0.0000000000000000E+000                  0.0000000000000000E+000                  0.0000000000000000E+000                  0.0000000000000000E+000                  0.0000000000000000E+000                  0.0000000000000000E+000                 -1.3060220027180909E+001                 -9.8999999999999986E+001                  0.0000000000000000E+000                  0.0000000000000000E+000                 -9.8999999999999986E+001                 -9.8999999999999986E+001                  1.5438704408578426E+001                 -9.9000000000000000E+001                 -9.9000000000000000E+001                 -9.9000000000000000E+001 
                 9.9996524448350255E-001                  2.3576324401199297E+001                  1.2232361827251685E+002                  1.0350736352648262E+005                 -6.9955949011853518E+000                  4.0864560863038637E+000                  6.2593831287619248E+012                  2.4073252086648505E+001                  2.3125674353404274E+009                  1.1664622269554359E+000                  9.4654375751112615E-002                  9.8530217634447592E-001                  2.4528972808078345E-001                  8.5000496627254152E-001                  1.0345144495415771E+005                  5.5918572324905590E+001                  1.3714887592322179E+003                  1.2124576740576129E-001                  0.0000000000000000E+000                  1.9253748040003370E+005                  3.3361077002587388E+002                  1.4821726743470533E-026                  1.4821726743470533E-026                  0.0000000000000000E+000                  0.0000000000000000E+000                  5.9296714940566229E-028                  0.0000000000000000E+000                 -3.6363930099295878E+000                  6.9999999999999996E-001                  2.9797635251138618E-005                  2.7997020236474884E-001                  4.1193902129486445E-003                  1.2067031330276047E-003                  1.1203876416666529E-002                  2.5129237964844936E-003                  9.5710644087274629E-004                  0.0000000000000000E+000                  0.0000000000000000E+000                  0.0000000000000000E+000                  0.0000000000000000E+000                  0.0000000000000000E+000                  0.0000000000000000E+000                  0.0000000000000000E+000                  0.0000000000000000E+000                  0.0000000000000000E+000                  0.0000000000000000E+000                 -1.2985913538385127E+001                 -9.8999999999999986E+001                  0.0000000000000000E+000                  0.0000000000000000E+000                 -9.8999999999999986E+001                 -9.8999999999999986E+001                  1.5437345735850036E+001                 -9.9000000000000000E+001                 -9.9000000000000000E+001                 -9.9000000000000000E+001 
                 9.9996254345403390E-001                  2.3553716155615636E+001                  1.2232362335813599E+002                  1.1164867157580305E+005                 -6.9696097952552192E+000                  4.0904142351772688E+000                  6.3760318746064453E+012                  2.4126625311732454E+001                  2.3234827925341682E+009                  1.1674898127080968E+000                  9.5144405047955516E-002                  9.7848640963817624E-001                  2.5233206649853440E-001                  8.5000496627254152E-001                  1.1159067682718982E+005                  5.7994748613232048E+001                  1.5310780386621254E+003                  1.2029148962003675E-001                  0.0000000000000000E+000                  1.8920123442055957E+005                  3.5778218134455085E+002                  1.5735913744464990E-026                  1.5735913744464990E-026                  0.0000000000000000E+000                  0.0000000000000000E+000                  6.2954067888973990E-028                  0.0000000000000000E+000                 -2.5973883834409208E+000                  6.9999999999999996E-001                  2.9797635251138618E-005                  2.7997020236474884E-001                  4.1193902129486445E-003                  1.2067031330276047E-003                  1.1203876416666529E-002                  2.5129237964844936E-003                  9.5710644087274629E-004                  0.0000000000000000E+000                  0.0000000000000000E+000                  0.0000000000000000E+000                  0.0000000000000000E+000                  0.0000000000000000E+000                  0.0000000000000000E+000                  0.0000000000000000E+000                  0.0000000000000000E+000                  0.0000000000000000E+000                  0.0000000000000000E+000                 -1.2911399017067017E+001                 -9.8999999999999986E+001                  0.0000000000000000E+000                  0.0000000000000000E+000                 -9.8999999999999986E+001                 -9.8999999999999986E+001                  1.5436025129167373E+001                 -9.9000000000000000E+001                 -9.9000000000000000E+001                 -9.9000000000000000E+001 
                 9.9995964930715886E-001                  2.3530854304002190E+001                  1.2232362725038988E+002                  1.2040579041752688E+005                 -6.9435912447022963E+000                  4.0943347765090676E+000                  6.4906980307798379E+012                  2.4176026524809252E+001                  2.3317505088833532E+009                  1.1685442753725896E+000                  9.5665552717745975E-002                  9.7188517057887847E-001                  2.5925373946889102E-001                  8.5000496627254152E-001                  1.2034566323753653E+005                  6.0127179990351664E+001                  1.7062768042434507E+003                  1.1947014840322397E-001                  0.0000000000000000E+000                  1.8594062765823785E+005                  3.8298717323420658E+002                  1.6707783130288950E-026                  1.6707783130288950E-026                  0.0000000000000000E+000                  0.0000000000000000E+000                  6.6842188546876880E-028                  0.0000000000000000E+000                 -1.6483976147914317E+000                  6.9999999999999996E-001                  2.9797635251138618E-005                  2.7997020236474884E-001                  4.1193902129486445E-003                  1.2067031330276047E-003                  1.1203876416666529E-002                  2.5129237964844936E-003                  9.5710644087274629E-004                  0.0000000000000000E+000                  0.0000000000000000E+000                  0.0000000000000000E+000                  0.0000000000000000E+000                  0.0000000000000000E+000                  0.0000000000000000E+000                  0.0000000000000000E+000                  0.0000000000000000E+000                  0.0000000000000000E+000                  0.0000000000000000E+000                 -1.2838007094086816E+001                 -9.8999999999999986E+001                  0.0000000000000000E+000                  0.0000000000000000E+000                 -9.8999999999999986E+001                 -9.8999999999999986E+001                  1.5434642017795236E+001                 -9.9000000000000000E+001                 -9.9000000000000000E+001                 -9.9000000000000000E+001 
                 9.9995654837210768E-001                  2.3507738258482021E+001                  1.2232362989705106E+002                  1.2982532078598134E+005                 -6.9176321480292504E+000                  4.0982227196943297E+000                  6.6066870554946484E+012                  2.4226490249291704E+001                  2.3377963637096901E+009                  1.1696282432359206E+000                  9.6215816722973774E-002                  9.6534714032304991E-001                  2.6587002756376010E-001                  8.5000496627254152E-001                  1.2976300147997767E+005                  6.2319306003676310E+001                  1.8982484210773814E+003                  1.1877303998755674E-001                  0.0000000000000000E+000                  1.8273738826997759E+005                  4.0921694579852692E+002                  1.7737257471228715E-026                  1.7737257471228715E-026                  0.0000000000000000E+000                  0.0000000000000000E+000                  7.0960767144191043E-028                  0.0000000000000000E+000                 -9.7889952193797181E-001                  6.9999999999999996E-001                  2.9797635251138618E-005                  2.7997020236474884E-001                  4.1193902129486445E-003                  1.2067031330276047E-003                  1.1203876416666529E-002                  2.5129237964844936E-003                  9.5710644087274629E-004                  0.0000000000000000E+000                  0.0000000000000000E+000                  0.0000000000000000E+000                  0.0000000000000000E+000                  0.0000000000000000E+000                  0.0000000000000000E+000                  0.0000000000000000E+000                  0.0000000000000000E+000                  0.0000000000000000E+000                  0.0000000000000000E+000                 -1.2766513552225026E+001                 -9.8999999999999986E+001                  0.0000000000000000E+000                  0.0000000000000000E+000                 -9.8999999999999986E+001                 -9.8999999999999986E+001                  1.5433071218745228E+001                 -9.9000000000000000E+001                 -9.9000000000000000E+001                 -9.9000000000000000E+001 
                 9.9995322602377068E-001                  2.3484362492267678E+001                  1.2232363158099247E+002                  1.3995739818126988E+005                 -6.8916263493748957E+000                  4.1020825006514556E+000                  6.7203782466019082E+012                  2.4272608630072501E+001                  2.3415292972034674E+009                  1.1707361226531836E+000                  9.6787298062447860E-002                  9.5903895644799175E-001                  2.7251342092956360E-001                  8.5000496627254152E-001                  1.3989282358015602E+005                  6.4574601113842832E+001                  2.1083432397584916E+003                  1.1818582147756695E-001                  0.0000000000000000E+000                  1.7960134133672522E+005                  4.3651743772137246E+002                  1.8832201264622352E-026                  1.8832201264622352E-026                  0.0000000000000000E+000                  0.0000000000000000E+000                  7.5341266874448380E-028                  0.0000000000000000E+000                 -1.7331862307233781E-001                  6.9999999999999996E-001                  2.9797635251138618E-005                  2.7997020236474884E-001                  4.1193902129486445E-003                  1.2067031330276047E-003                  1.1203876416666529E-002                  2.5129237964844936E-003                  9.5710644087274629E-004                  0.0000000000000000E+000                  0.0000000000000000E+000                  0.0000000000000000E+000                  0.0000000000000000E+000                  0.0000000000000000E+000                  0.0000000000000000E+000                  0.0000000000000000E+000                  0.0000000000000000E+000                  0.0000000000000000E+000                  0.0000000000000000E+000                 -1.2695277021534698E+001                 -9.8999999999999986E+001                  0.0000000000000000E+000                  0.0000000000000000E+000                 -9.8999999999999986E+001                 -9.8999999999999986E+001                  1.5431411146533225E+001                 -9.9000000000000000E+001                 -9.9000000000000000E+001                 -9.9000000000000000E+001 
                 9.9994966661263995E-001                  2.3460727121427666E+001                  1.2232363190041613E+002                  1.5085596063509682E+005                 -6.8655461636628177E+000                  4.1059179983775707E+000                  6.8307430262378164E+012                  2.4313045155994185E+001                  2.3431597343026018E+009                  1.1718655776853153E+000                  9.7377369292004579E-002                  9.5298405920464291E-001                  2.7931070241752365E-001                  8.5000496627254152E-001                  1.5078906408475433E+005                  6.6896550342493285E+001                  2.3381489409713140E+003                  1.1769420879744388E-001                  0.0000000000000000E+000                  1.7653821590812100E+005                  4.6493338916422226E+002                  1.9998175884330671E-026                  1.9998175884330671E-026                  0.0000000000000000E+000                  0.0000000000000000E+000                  8.0005936913229002E-028                  0.0000000000000000E+000                  7.4234412592669097E-001                  6.9999999999999996E-001                  2.9797635251138618E-005                  2.7997020236474884E-001                  4.1193902129486445E-003                  1.2067031330276047E-003                  1.1203876416666529E-002                  2.5129237964844936E-003                  9.5710644087274629E-004                  0.0000000000000000E+000                  0.0000000000000000E+000                  0.0000000000000000E+000                  0.0000000000000000E+000                  0.0000000000000000E+000                  0.0000000000000000E+000                  0.0000000000000000E+000                  0.0000000000000000E+000                  0.0000000000000000E+000                  0.0000000000000000E+000                 -1.2623818878822458E+001                 -9.8999999999999986E+001                  0.0000000000000000E+000                  0.0000000000000000E+000                 -9.8999999999999986E+001                 -9.8999999999999986E+001                  1.5429736204328897E+001                 -9.9000000000000000E+001                 -9.9000000000000000E+001                 -9.9000000000000000E+001 
                 9.9994585339231312E-001                  2.3436833839308253E+001                  1.2232363043473035E+002                  1.6257902518113298E+005                 -6.8394793846099660E+000                  4.1097328131707958E+000                  6.9406651682583975E+012                  2.4352222357779539E+001                  2.3429783489191322E+009                  1.1730186742285027E+000                  9.7990888674004739E-002                  9.4703695891317452E-001                  2.8603954166177337E-001                  8.5000496627254152E-001                  1.6250973639033825E+005                  6.9288790794717556E+001                  2.5893100065076123E+003                  1.1729219536511762E-001                  0.0000000000000000E+000                  1.7353351539198824E+005                  4.9448631364766578E+002                  2.1235698226555770E-026                  2.1235698226555770E-026                  0.0000000000000000E+000                  0.0000000000000000E+000                  8.4956845187399425E-028                  0.0000000000000000E+000                  1.4821505618208248E+000                  6.9999999999999996E-001                  2.9797635251138618E-005                  2.7997020236474884E-001                  4.1193902129486445E-003                  1.2067031330276047E-003                  1.1203876416666529E-002                  2.5129237964844936E-003                  9.5710644087274629E-004                  0.0000000000000000E+000                  0.0000000000000000E+000                  0.0000000000000000E+000                  0.0000000000000000E+000                  0.0000000000000000E+000                  0.0000000000000000E+000                  0.0000000000000000E+000                  0.0000000000000000E+000                  0.0000000000000000E+000                  0.0000000000000000E+000                 -1.2553193001771941E+001                 -9.8999999999999986E+001                  0.0000000000000000E+000                  0.0000000000000000E+000                 -9.8999999999999986E+001                 -9.8999999999999986E+001                  1.5427955034975980E+001                 -9.9000000000000000E+001                 -9.9000000000000000E+001                 -9.9000000000000000E+001 
                 9.9994176845110960E-001                  2.3412679604432714E+001                  1.2232362729984379E+002                  1.7518899177933094E+005                 -6.8134707125186154E+000                  4.1135304413720526E+000                  7.0519430673526025E+012                  2.4392587413354619E+001                  2.3409214495239100E+009                  1.1742017931333057E+000                  9.8629946051905781E-002                  9.4112944849072455E-001                  2.9253182750204371E-001                  8.5000496627254152E-001                  1.7511723656020261E+005                  7.1755219128337032E+001                  2.8635507964719686E+003                  1.1697888288376931E-001                  0.0000000000000000E+000                  1.7058267490185544E+005                  5.2521030335474950E+002                  2.2546797376872436E-026                  2.2546797376872438E-026                  0.0000000000000000E+000                  0.0000000000000000E+000                  9.0202109381978558E-028                  0.0000000000000000E+000                  2.0637902188015840E+000                  6.9999999999999996E-001                  2.9797635251138618E-005                  2.7997020236474884E-001                  4.1193902129486445E-003                  1.2067031330276047E-003                  1.1203876416666529E-002                  2.5129237964844936E-003                  9.5710644087274629E-004                  0.0000000000000000E+000                  0.0000000000000000E+000                  0.0000000000000000E+000                  0.0000000000000000E+000                  0.0000000000000000E+000                  0.0000000000000000E+000                  0.0000000000000000E+000                  0.0000000000000000E+000                  0.0000000000000000E+000                  0.0000000000000000E+000                 -1.2483979178482123E+001                 -9.8999999999999986E+001                  0.0000000000000000E+000                  0.0000000000000000E+000                 -9.8999999999999986E+001                 -9.8999999999999986E+001                  1.5426052428479807E+001                 -9.9000000000000000E+001                 -9.9000000000000000E+001                 -9.9000000000000000E+001 
                 9.9993739263399484E-001                  2.3388258853682256E+001                  1.2232362262390937E+002                  1.8875298597755935E+005                 -6.7874898092041160E+000                  4.1173142978136248E+000                  7.1637416909813984E+012                  2.4433040002070943E+001                  2.3368513679772711E+009                  1.1754183207690267E+000                  9.9299084775259214E-002                  9.3531161430333931E-001                  2.9883177341890410E-001                  8.5000496627254152E-001                  1.8867868595924583E+005                  7.4300018313522756E+001                  3.1628410034242174E+003                  1.1675371782955397E-001                  0.0000000000000000E+000                  1.6769558483309639E+005                  5.5717354227640999E+002                  2.3937329104235457E-026                  2.3937329104235457E-026                  0.0000000000000000E+000                  0.0000000000000000E+000                  9.5765156447737285E-028                  0.0000000000000000E+000                  2.6650139911375081E+000                  6.9999999999999996E-001                  2.9797635251138618E-005                  2.7997020236474884E-001                  4.1193902129486445E-003                  1.2067031330276047E-003                  1.1203876416666529E-002                  2.5129237964844936E-003                  9.5710644087274629E-004                  0.0000000000000000E+000                  0.0000000000000000E+000                  0.0000000000000000E+000                  0.0000000000000000E+000                  0.0000000000000000E+000                  0.0000000000000000E+000                  0.0000000000000000E+000                  0.0000000000000000E+000                  0.0000000000000000E+000                  0.0000000000000000E+000                 -1.2415948021036098E+001                 -9.8999999999999986E+001                  0.0000000000000000E+000                  0.0000000000000000E+000                 -9.8999999999999986E+001                 -9.8999999999999986E+001                  1.5424126919800797E+001                 -9.9000000000000000E+001                 -9.9000000000000000E+001                 -9.9000000000000000E+001 
                 9.9993270545218116E-001                  2.3363567624941552E+001                  1.2232361615613306E+002                  2.0334322874965006E+005                 -6.7614458325331448E+000                  4.1210874495340262E+000                  7.2728408176882695E+012                  2.4468805505537702E+001                  2.3310788781160460E+009                  1.1766573285632220E+000                  9.9987481034816084E-002                  9.2971334790297533E-001                  3.0525229193068215E-001                  8.5000496627254152E-001                  2.0326630126580814E+005                  7.6927483841913840E+001                  3.4895162058484761E+003                  1.1660762753409856E-001                  0.0000000000000000E+000                  1.6487732843323812E+005                  5.9048416752972832E+002                  2.5417329430349842E-026                  2.5417329430349839E-026                  0.0000000000000000E+000                  0.0000000000000000E+000                  1.0168613711264833E-027                  0.0000000000000000E+000                  3.4430077935464087E+000                  6.9999999999999996E-001                  2.9797635251138618E-005                  2.7997020236474884E-001                  4.1193902129486445E-003                  1.2067031330276047E-003                  1.1203876416666529E-002                  2.5129237964844936E-003                  9.5710644087274629E-004                  0.0000000000000000E+000                  0.0000000000000000E+000                  0.0000000000000000E+000                  0.0000000000000000E+000                  0.0000000000000000E+000                  0.0000000000000000E+000                  0.0000000000000000E+000                  0.0000000000000000E+000                  0.0000000000000000E+000                  0.0000000000000000E+000                 -1.2347770025414352E+001                 -9.8999999999999986E+001                  0.0000000000000000E+000                  0.0000000000000000E+000                 -9.8999999999999986E+001                 -9.8999999999999986E+001                  1.5422235649973082E+001                 -9.9000000000000000E+001                 -9.9000000000000000E+001                 -9.9000000000000000E+001 
                 9.9992768498730522E-001                  2.3338607094267754E+001                  1.2232360720607943E+002                  2.1903741102490388E+005                 -6.7353401345850301E+000                  4.1248523923319897E+000                  7.3791554386385820E+012                  2.4500095961650423E+001                  2.3239030481475334E+009                  1.1779123028292178E+000                  1.0068712879814265E-001                  9.2432338968746419E-001                  3.1182992830347034E-001                  8.5000496627254152E-001                  2.1895776918238896E+005                  7.9641842514912426E+001                  3.8461455502076333E+003                  1.1652450721265370E-001                  0.0000000000000000E+000                  1.6211999319875776E+005                  6.2522024662797912E+002                  2.6992692153942673E-026                  2.6992692153942673E-026                  0.0000000000000000E+000                  0.0000000000000000E+000                  1.0798863047174348E-027                  0.0000000000000000E+000                  4.2742332215032039E+000                  6.9999999999999996E-001                  2.9797635251138618E-005                  2.7997020236474884E-001                  4.1193902129486445E-003                  1.2067031330276047E-003                  1.1203876416666529E-002                  2.5129237964844936E-003                  9.5710644087274629E-004                  0.0000000000000000E+000                  0.0000000000000000E+000                  0.0000000000000000E+000                  0.0000000000000000E+000                  0.0000000000000000E+000                  0.0000000000000000E+000                  0.0000000000000000E+000                  0.0000000000000000E+000                  0.0000000000000000E+000                  0.0000000000000000E+000                 -1.2279266990083631E+001                 -9.8999999999999986E+001                  0.0000000000000000E+000                  0.0000000000000000E+000                 -9.8999999999999986E+001                 -9.8999999999999986E+001                  1.5420330183880790E+001                 -9.9000000000000000E+001                 -9.9000000000000000E+001                 -9.9000000000000000E+001 
                 9.9992230779712832E-001                  2.3313378472696382E+001                  1.2232359530579586E+002                  2.3591908939996050E+005                 -6.7092744154238257E+000                  4.1286115548757092E+000                  7.4862463256101904E+012                  2.4532291651457097E+001                  2.3152039940036883E+009                  1.1791915217221733E+000                  1.0141092617312500E-001                  9.1898825138490292E-001                  3.1822269802895153E-001                  8.5000496627254152E-001                  2.3583664181307092E+005                  8.2447586889568896E+001                  4.2352428009839787E+003                  1.1650376219777978E-001                  0.0000000000000000E+000                  1.5940986223206981E+005                  6.6140792371504688E+002                  2.8663077036463901E-026                  2.8663077036463901E-026                  0.0000000000000000E+000                  0.0000000000000000E+000                  1.1467127534569925E-027                  0.0000000000000000E+000                  4.8771726421398629E+000                  6.9999999999999996E-001                  2.9797635251138618E-005                  2.7997020236474884E-001                  4.1193902129486445E-003                  1.2067031330276047E-003                  1.1203876416666529E-002                  2.5129237964844936E-003                  9.5710644087274629E-004                  0.0000000000000000E+000                  0.0000000000000000E+000                  0.0000000000000000E+000                  0.0000000000000000E+000                  0.0000000000000000E+000                  0.0000000000000000E+000                  0.0000000000000000E+000                  0.0000000000000000E+000                  0.0000000000000000E+000                  0.0000000000000000E+000                 -1.2211937990237274E+001                 -9.8999999999999986E+001                  0.0000000000000000E+000                  0.0000000000000000E+000                 -9.8999999999999986E+001                 -9.8999999999999986E+001                  1.5418316658556051E+001                 -9.9000000000000000E+001                 -9.9000000000000000E+001                 -9.9000000000000000E+001 
                 9.9991654881873715E-001                  2.3287877139655933E+001                  1.2232358076268629E+002                  2.5407813840232370E+005                 -6.6832705376408388E+000                  4.1323676495373665E+000                  7.5950787011261963E+012                  2.4565778771008105E+001                  2.3047741830315995E+009                  1.1805090101591835E+000                  1.0216758386942316E-001                  9.1366550511758637E-001                  3.2430301424040653E-001                  8.5000496627254152E-001                  2.5399278863771196E+005                  8.5349764611746636E+001                  4.6593832665335767E+003                  1.1655546724639435E-001                  0.0000000000000000E+000                  1.5674690910075186E+005                  6.9909710074929967E+002                  3.0432517574535393E-026                  3.0432517574535393E-026                  0.0000000000000000E+000                  0.0000000000000000E+000                  1.2175020839011359E-027                  0.0000000000000000E+000                  5.3508845197215757E+000                  6.9999999999999996E-001                  2.9797635251138618E-005                  2.7997020236474884E-001                  4.1193902129486445E-003                  1.2067031330276047E-003                  1.1203876416666529E-002                  2.5129237964844936E-003                  9.5710644087274629E-004                  0.0000000000000000E+000                  0.0000000000000000E+000                  0.0000000000000000E+000                  0.0000000000000000E+000                  0.0000000000000000E+000                  0.0000000000000000E+000                  0.0000000000000000E+000                  0.0000000000000000E+000                  0.0000000000000000E+000                  0.0000000000000000E+000                 -1.2146145710660090E+001                 -9.8999999999999986E+001                  0.0000000000000000E+000                  0.0000000000000000E+000                 -9.8999999999999986E+001                 -9.8999999999999986E+001                  1.5416211674810864E+001                 -9.9000000000000000E+001                 -9.9000000000000000E+001                 -9.9000000000000000E+001 
                 9.9991038125560672E-001                  2.3262097104485324E+001                  1.2232356367501502E+002                  2.7361124464660027E+005                 -6.6572830058147856E+000                  4.1361233115871263E+000                  7.7040243672507383E+012                  2.4597918093911538E+001                  2.2926749539971352E+009                  1.1818603268963637E+000                  1.0295071670928603E-001                  9.0841957935227780E-001                  3.3021180997937660E-001                  8.5000496627254152E-001                  2.7352289089885924E+005                  8.8353747741053397E+001                  5.1214976931247265E+003                  1.1667831422867542E-001                  0.0000000000000000E+000                  1.5414299735516467E+005                  7.3837043332249789E+002                  3.2309998422391181E-026                  3.2309998422391181E-026                  0.0000000000000000E+000                  0.0000000000000000E+000                  1.2926137416736688E-027                  0.0000000000000000E+000                  5.8949237852491132E+000                  6.9999999999999996E-001                  2.9797635251138618E-005                  2.7997020236474884E-001                  4.1193902129486445E-003                  1.2067031330276047E-003                  1.1203876416666529E-002                  2.5129237964844936E-003                  9.5710644087274629E-004                  0.0000000000000000E+000                  0.0000000000000000E+000                  0.0000000000000000E+000                  0.0000000000000000E+000                  0.0000000000000000E+000                  0.0000000000000000E+000                  0.0000000000000000E+000                  0.0000000000000000E+000                  0.0000000000000000E+000                  0.0000000000000000E+000                 -1.2081256448781510E+001                 -9.8999999999999986E+001                  0.0000000000000000E+000                  0.0000000000000000E+000                 -9.8999999999999986E+001                 -9.8999999999999986E+001                  1.5414127103007365E+001                 -9.9000000000000000E+001                 -9.9000000000000000E+001                 -9.9000000000000000E+001 
                 9.9990377645531792E-001                  2.3236034972740217E+001                  1.2232354351543023E+002                  2.9462242232812097E+005                 -6.6312354387665442E+000                  4.1398806416896781E+000                  7.8102562576465703E+012                  2.4624436541913514E+001                  2.2795178055116487E+009                  1.1832324779394028E+000                  1.0374621829816669E-001                  9.0336856306335944E-001                  3.3630647836662358E-001                  8.5000496627254152E-001                  2.9453095746341493E+005                  9.1464864706052694E+001                  5.6249257674653491E+003                  1.1685666798952665E-001                  0.0000000000000000E+000                  1.5160148419531382E+005                  7.7933075411772222E+002                  3.4308079120863972E-026                  3.4308079120863972E-026                  0.0000000000000000E+000                  0.0000000000000000E+000                  1.3725501915185034E-027                  0.0000000000000000E+000                  6.6105163933331790E+000                  6.9999999999999996E-001                  2.9797635251138618E-005                  2.7997020236474884E-001                  4.1193902129486445E-003                  1.2067031330276047E-003                  1.1203876416666529E-002                  2.5129237964844936E-003                  9.5710644087274629E-004                  0.0000000000000000E+000                  0.0000000000000000E+000                  0.0000000000000000E+000                  0.0000000000000000E+000                  0.0000000000000000E+000                  0.0000000000000000E+000                  0.0000000000000000E+000                  0.0000000000000000E+000                  0.0000000000000000E+000                  0.0000000000000000E+000                 -1.2016000665586411E+001                 -9.8999999999999986E+001                  0.0000000000000000E+000                  0.0000000000000000E+000                 -9.8999999999999986E+001                 -9.8999999999999986E+001                  1.5412100687104715E+001                 -9.9000000000000000E+001                 -9.9000000000000000E+001                 -9.9000000000000000E+001 
                 9.9989670378318585E-001                  2.3209691945063465E+001                  1.2232351930722398E+002                  3.1722354546502553E+005                 -6.6051458108215924E+000                  4.1436414127242926E+000                  7.9144090201650693E+012                  2.4646496862073004E+001                  2.2653896403040290E+009                  1.1846329240264439E+000                  1.0455943598127804E-001                  8.9847160806640258E-001                  3.4258778200587842E-001                  8.5000496627254152E-001                  3.1712885693369881E+005                  9.4688531326732004E+001                  6.1730847265652092E+003                  1.1708129831402489E-001                  0.0000000000000000E+000                  1.4911320593101994E+005                  8.2200906352936806E+002                  3.6433283233982561E-026                  3.6433283233982561E-026                  0.0000000000000000E+000                  0.0000000000000000E+000                  1.4575724191655687E-027                  0.0000000000000000E+000                  7.3500017081926279E+000                  6.9999999999999996E-001                  2.9797635251138618E-005                  2.7997020236474884E-001                  4.1193902129486445E-003                  1.2067031330276047E-003                  1.1203876416666529E-002                  2.5129237964844936E-003                  9.5710644087274629E-004                  0.0000000000000000E+000                  0.0000000000000000E+000                  0.0000000000000000E+000                  0.0000000000000000E+000                  0.0000000000000000E+000                  0.0000000000000000E+000                  0.0000000000000000E+000                  0.0000000000000000E+000                  0.0000000000000000E+000                  0.0000000000000000E+000                 -1.1950440417846881E+001                 -9.8999999999999986E+001                  0.0000000000000000E+000                  0.0000000000000000E+000                 -9.8999999999999986E+001                 -9.8999999999999986E+001                  1.5410067342617102E+001                 -9.9000000000000000E+001                 -9.9000000000000000E+001                 -9.9000000000000000E+001 
                 9.9988913049123262E-001                  2.3183068249601689E+001                  1.2232349048577322E+002                  3.4153494036110980E+005                 -6.5791137881648272E+000                  4.1474077851103770E+000                  8.0201537111871709E+012                  2.4669836242461400E+001                  2.2496811873544612E+009                  1.1860828021957979E+000                  1.0541066816159843E-001                  8.9356744962966461E-001                  3.4868263969580493E-001                  8.5000496627254152E-001                  3.4143690948815719E+005                  9.8030872952573361E+001                  6.7689917421218161E+003                  1.1736514244281272E-001                  0.0000000000000000E+000                  1.4666623812230036E+005                  8.6635106603847566E+002                  3.8685031553225403E-026                  3.8685031553225409E-026                  0.0000000000000000E+000                  0.0000000000000000E+000                  1.5476572524416117E-027                  0.0000000000000000E+000                  7.8452870939025585E+000                  6.9999999999999996E-001                  2.9797635251138618E-005                  2.7997020236474884E-001                  4.1193902129486445E-003                  1.2067031330276047E-003                  1.1203876416666529E-002                  2.5129237964844936E-003                  9.5710644087274629E-004                  0.0000000000000000E+000                  0.0000000000000000E+000                  0.0000000000000000E+000                  0.0000000000000000E+000                  0.0000000000000000E+000                  0.0000000000000000E+000                  0.0000000000000000E+000                  0.0000000000000000E+000                  0.0000000000000000E+000                  0.0000000000000000E+000                 -1.1885874501819512E+001                 -9.8999999999999986E+001                  0.0000000000000000E+000                  0.0000000000000000E+000                 -9.8999999999999986E+001                 -9.8999999999999986E+001                  1.5407943333619116E+001                 -9.9000000000000000E+001                 -9.9000000000000000E+001                 -9.9000000000000000E+001 
                 9.9988102157335279E-001                  2.3156158021177685E+001                  1.2232345754639161E+002                  3.6768606090904213E+005                 -6.5531412459574216E+000                  4.1511822466233212E+000                  8.1276116493465264E+012                  2.4694434873888177E+001                  2.2322954077180853E+009                  1.1875892915816801E+000                  1.0629943788237900E-001                  8.8866487220817714E-001                  3.5459166588203334E-001                  8.5000496627254152E-001                  3.6758456215383450E+005                  1.0149875520763375E+002                  7.4156128427397171E+003                  1.1771906065648731E-001                  0.0000000000000000E+000                  1.4426366186826065E+005                  9.1235268131582586E+002                  4.1070356408757933E-026                  4.1070356408757928E-026                  0.0000000000000000E+000                  0.0000000000000000E+000                  1.6430860310887696E-027                  0.0000000000000000E+000                  8.2464490971604878E+000                  6.9999999999999996E-001                  2.9797635251138618E-005                  2.7997020236474884E-001                  4.1193902129486445E-003                  1.2067031330276047E-003                  1.1203876416666529E-002                  2.5129237964844936E-003                  9.5710644087274629E-004                  0.0000000000000000E+000                  0.0000000000000000E+000                  0.0000000000000000E+000                  0.0000000000000000E+000                  0.0000000000000000E+000                  0.0000000000000000E+000                  0.0000000000000000E+000                  0.0000000000000000E+000                  0.0000000000000000E+000                  0.0000000000000000E+000                 -1.1822270650543052E+001                 -9.8999999999999986E+001                  0.0000000000000000E+000                  0.0000000000000000E+000                 -9.8999999999999986E+001                 -9.8999999999999986E+001                  1.5405765124096522E+001                 -9.9000000000000000E+001                 -9.9000000000000000E+001                 -9.9000000000000000E+001 
                 9.9987233960686095E-001                  2.3128955137754939E+001                  1.2232342047586236E+002                  3.9581618726540921E+005                 -6.5271751630192076E+000                  4.1549669717261901E+000                  8.2347668082809893E+012                  2.4717560513785802E+001                  2.2136754550853124E+009                  1.1891415917016073E+000                  1.0721372893159803E-001                  8.8385291576837832E-001                  3.6053931654172011E-001                  8.5000496627254152E-001                  3.9571108801550826E+005                  1.0509924990096272E+002                  8.1165055201688656E+003                  1.1813387643803275E-001                  0.0000000000000000E+000                  1.4191831609014704E+005                  9.6007261991581402E+002                  4.3602151182935769E-026                  4.3602151182935769E-026                  0.0000000000000000E+000                  0.0000000000000000E+000                  1.7443745757212386E-027                  0.0000000000000000E+000                  8.7555882547549420E+000                  6.9999999999999996E-001                  2.9797635251138618E-005                  2.7997020236474884E-001                  4.1193902129486445E-003                  1.2067031330276047E-003                  1.1203876416666529E-002                  2.5129237964844936E-003                  9.5710644087274629E-004                  0.0000000000000000E+000                  0.0000000000000000E+000                  0.0000000000000000E+000                  0.0000000000000000E+000                  0.0000000000000000E+000                  0.0000000000000000E+000                  0.0000000000000000E+000                  0.0000000000000000E+000                  0.0000000000000000E+000                  0.0000000000000000E+000                 -1.1758917315188484E+001                 -9.8999999999999986E+001                  0.0000000000000000E+000                  0.0000000000000000E+000                 -9.8999999999999986E+001                 -9.8999999999999986E+001                  1.5403646782215954E+001                 -9.9000000000000000E+001                 -9.9000000000000000E+001                 -9.9000000000000000E+001 
                 9.9986304459237896E-001                  2.3101456704097917E+001                  1.2232337833735974E+002                  4.2607513890293753E+005                 -6.5011609331363900E+000                  4.1587636007687241E+000                  8.3395251533777266E+012                  2.4736527058717460E+001                  2.1945903797887254E+009                  1.1907059453618418E+000                  1.0814377994289272E-001                  8.7920295460571452E-001                  3.6675270091700929E-001                  8.5000496627254152E-001                  4.2596629950452858E+005                  1.0883939840892128E+002                  8.8760203194953647E+003                  1.1859356924383423E-001                  0.0000000000000000E+000                  1.3963079425189379E+005                  1.0096361396917899E+003                  4.6295197019227338E-026                  4.6295197019227343E-026                  0.0000000000000000E+000                  0.0000000000000000E+000                  1.8521142298897214E-027                  0.0000000000000000E+000                  9.4115509128767201E+000                  6.9999999999999996E-001                  2.9797635251138618E-005                  2.7997020236474884E-001                  4.1193902129486445E-003                  1.2067031330276047E-003                  1.1203876416666529E-002                  2.5129237964844936E-003                  9.5710644087274629E-004                  0.0000000000000000E+000                  0.0000000000000000E+000                  0.0000000000000000E+000                  0.0000000000000000E+000                  0.0000000000000000E+000                  0.0000000000000000E+000                  0.0000000000000000E+000                  0.0000000000000000E+000                  0.0000000000000000E+000                  0.0000000000000000E+000                 -1.1695070411599474E+001                 -9.8999999999999986E+001                  0.0000000000000000E+000                  0.0000000000000000E+000                 -9.8999999999999986E+001                 -9.8999999999999986E+001                  1.5401603128902677E+001                 -9.9000000000000000E+001                 -9.9000000000000000E+001                 -9.9000000000000000E+001 
                 9.9985309378776255E-001                  2.3073663327488667E+001                  1.2232332984614170E+002                  4.5862404177100194E+005                 -6.4751295223507901E+000                  4.1625735345457171E+000                  8.4432300872795400E+012                  2.4753978503334622E+001                  2.1748767520739617E+009                  1.1922840408616933E+000                  1.0909160271360407E-001                  8.7465963351379594E-001                  3.7298444898311828E-001                  8.5000496627254152E-001                  4.5851131531129667E+005                  1.1272645970528659E+002                  9.6989032920701920E+003                  1.1909132554639570E-001                  0.0000000000000000E+000                  1.3738966594663460E+005                  1.0611150386319403E+003                  4.9156569112736092E-026                  4.9156569112736092E-026                  0.0000000000000000E+000                  0.0000000000000000E+000                  1.9665880482177826E-027                  0.0000000000000000E+000                  1.0044814716314397E+001                  6.9999999999999996E-001                  2.9797635251138618E-005                  2.7997020236474884E-001                  4.1193902129486445E-003                  1.2067031330276047E-003                  1.1203876416666529E-002                  2.5129237964844936E-003                  9.5710644087274629E-004                  0.0000000000000000E+000                  0.0000000000000000E+000                  0.0000000000000000E+000                  0.0000000000000000E+000                  0.0000000000000000E+000                  0.0000000000000000E+000                  0.0000000000000000E+000                  0.0000000000000000E+000                  0.0000000000000000E+000                  0.0000000000000000E+000                 -1.1631470423724544E+001                 -9.8999999999999986E+001                  0.0000000000000000E+000                  0.0000000000000000E+000                 -9.8999999999999986E+001                 -9.8999999999999986E+001                  1.5399555728363353E+001                 -9.9000000000000000E+001                 -9.9000000000000000E+001                 -9.9000000000000000E+001 
                 9.9984244152226298E-001                  2.3045573729656038E+001                  1.2232327444386512E+002                  4.9363620390408917E+005                 -6.4491616289048377E+000                  4.1663984788700983E+000                  8.5492366653013799E+012                  2.4774832294067146E+001                  2.1536052013711677E+009                  1.1939078710184012E+000                  1.1007192157335857E-001                  8.7010038731439132E-001                  3.7872587768328164E-001                  8.5000496627254152E-001                  4.9351943541922537E+005                  1.1676848486380972E+002                  1.0589746352988657E+004                  1.1963720307303741E-001                  0.0000000000000000E+000                  1.3518438125222002E+005                  1.1145391179246944E+003                  5.2187208426460433E-026                  5.2187208426460433E-026                  0.0000000000000000E+000                  0.0000000000000000E+000                  2.0878336754527341E-027                  0.0000000000000000E+000                  1.0453434065430272E+001                  6.9999999999999996E-001                  2.9797635251138618E-005                  2.7997020236474884E-001                  4.1193902129486445E-003                  1.2067031330276047E-003                  1.1203876416666529E-002                  2.5129237964844936E-003                  9.5710644087274629E-004                  0.0000000000000000E+000                  0.0000000000000000E+000                  0.0000000000000000E+000                  0.0000000000000000E+000                  0.0000000000000000E+000                  0.0000000000000000E+000                  0.0000000000000000E+000                  0.0000000000000000E+000                  0.0000000000000000E+000                  0.0000000000000000E+000                 -1.1569608338661743E+001                 -9.8999999999999986E+001                  0.0000000000000000E+000                  0.0000000000000000E+000                 -9.8999999999999986E+001                 -9.8999999999999986E+001                  1.5397437395295730E+001                 -9.9000000000000000E+001                 -9.9000000000000000E+001                 -9.9000000000000000E+001 
                 9.9983103899220194E-001                  2.3017181383742987E+001                  1.2232321272699285E+002                  5.3129808742114773E+005                 -6.4232425912473960E+000                  4.1702405040365171E+000                  8.6568786408391846E+012                  2.4796986288035818E+001                  2.1308582021200285E+009                  1.1955778964113906E+000                  1.1109142735035751E-001                  8.6555493263617123E-001                  3.8412081939516524E-001                  8.5000496627254152E-001                  5.3117711294624640E+005                  1.2097447490132878E+002                  1.1553729085165834E+004                  1.2024294050340502E-001                  0.0000000000000000E+000                  1.3301945774647058E+005                  1.1700583840288309E+003                  5.5398515184387527E-026                  5.5398515184387527E-026                  0.0000000000000000E+000                  0.0000000000000000E+000                  2.2163071959937040E-027                  0.0000000000000000E+000                  1.0823169278972005E+001                  6.9999999999999996E-001                  2.9797635251138618E-005                  2.7997020236474884E-001                  4.1193902129486445E-003                  1.2067031330276047E-003                  1.1203876416666529E-002                  2.5129237964844936E-003                  9.5710644087274629E-004                  0.0000000000000000E+000                  0.0000000000000000E+000                  0.0000000000000000E+000                  0.0000000000000000E+000                  0.0000000000000000E+000                  0.0000000000000000E+000                  0.0000000000000000E+000                  0.0000000000000000E+000                  0.0000000000000000E+000                  0.0000000000000000E+000                 -1.1509013276558177E+001                 -9.8999999999999986E+001                  0.0000000000000000E+000                  0.0000000000000000E+000                 -9.8999999999999986E+001                 -9.8999999999999986E+001                  1.5395296823545044E+001                 -9.9000000000000000E+001                 -9.9000000000000000E+001                 -9.9000000000000000E+001 
                 9.9981883404628247E-001                  2.2988480575633062E+001                  1.2232314433047233E+002                  5.7181029558759031E+005                 -6.3973239125734160E+000                  4.1741015031027482E+000                  8.7639487644334287E+012                  2.4816516676693592E+001                  2.1072963638174567E+009                  1.1972872792621654E+000                  1.1213889797072762E-001                  8.6110130651729155E-001                  3.8960645553554352E-001                  8.5000496627254152E-001                  5.7168494171884272E+005                  1.2535386874756533E+002                  1.2597330968852064E+004                  1.2090335650691550E-001                  0.0000000000000000E+000                  1.3090633196563034E+005                  1.2278921224013764E+003                  5.8807440172862519E-026                  5.8807440172862508E-026                  0.0000000000000000E+000                  0.0000000000000000E+000                  2.3526867534640896E-027                  0.0000000000000000E+000                  1.1317556721641612E+001                  6.9999999999999996E-001                  2.9797635251138618E-005                  2.7997020236474884E-001                  4.1193902129486445E-003                  1.2067031330276047E-003                  1.1203876416666529E-002                  2.5129237964844936E-003                  9.5710644087274629E-004                  0.0000000000000000E+000                  0.0000000000000000E+000                  0.0000000000000000E+000                  0.0000000000000000E+000                  0.0000000000000000E+000                  0.0000000000000000E+000                  0.0000000000000000E+000                  0.0000000000000000E+000                  0.0000000000000000E+000                  0.0000000000000000E+000                 -1.1448420246455548E+001                 -9.8999999999999986E+001                  0.0000000000000000E+000                  0.0000000000000000E+000                 -9.8999999999999986E+001                 -9.8999999999999986E+001                  1.5393232499416678E+001                 -9.9000000000000000E+001                 -9.9000000000000000E+001                 -9.9000000000000000E+001 
                 9.9980577097015055E-001                  2.2959468730863929E+001                  1.2232306778106438E+002                  6.1538859441889508E+005                 -6.3713760243547561E+000                  4.1779828896259863E+000                  8.8691979944698027E+012                  2.4830897147684986E+001                  2.0834900843269110E+009                  1.1990141089097166E+000                  1.1320434467800372E-001                  8.5677770944092257E-001                  3.9550454321577783E-001                  8.5000496627254152E-001                  6.1525867822520027E+005                  1.2991619369486378E+002                  1.3727892885232748E+004                  1.2160389950773050E-001                  0.0000000000000000E+000                  1.2884355680765296E+005                  1.2882530909005457E+003                  6.2430400204388358E-026                  6.2430400204388358E-026                  0.0000000000000000E+000                  0.0000000000000000E+000                  2.4976291290002958E-027                  0.0000000000000000E+000                  1.1907984121221970E+001                  6.9999999999999996E-001                  2.9797635251138618E-005                  2.7997020236474884E-001                  4.1193902129486445E-003                  1.2067031330276047E-003                  1.1203876416666529E-002                  2.5129237964844936E-003                  9.5710644087274629E-004                  0.0000000000000000E+000                  0.0000000000000000E+000                  0.0000000000000000E+000                  0.0000000000000000E+000                  0.0000000000000000E+000                  0.0000000000000000E+000                  0.0000000000000000E+000                  0.0000000000000000E+000                  0.0000000000000000E+000                  0.0000000000000000E+000                 -1.1387073060545108E+001                 -9.8999999999999986E+001                  0.0000000000000000E+000                  0.0000000000000000E+000                 -9.8999999999999986E+001                 -9.8999999999999986E+001                  1.5391238543366519E+001                 -9.9000000000000000E+001                 -9.9000000000000000E+001                 -9.9000000000000000E+001 
                 9.9979179025679787E-001                  2.2930145299741355E+001                  1.2232298158026830E+002                  6.6226504001925327E+005                 -6.3454391497236360E+000                  4.1818860660611614E+000                  8.9742947769235703E+012                  2.4842877485720365E+001                  2.0589848857376759E+009                  1.2007761344680594E+000                  1.1430078733951982E-001                  8.5252322076494580E-001                  4.0160260149543131E-001                  8.5000496627254152E-001                  6.6213036842734716E+005                  1.3467159190613467E+002                  1.4952262971861124E+004                  1.2234467063265614E-001                  0.0000000000000000E+000                  1.2682103811980202E+005                  1.3511643558372837E+003                  6.6274951999176424E-026                  6.6274951999176424E-026                  0.0000000000000000E+000                  0.0000000000000000E+000                  2.6514366414171863E-027                  0.0000000000000000E+000                  1.2438373544670933E+001                  6.9999999999999996E-001                  2.9797635251138618E-005                  2.7997020236474884E-001                  4.1193902129486445E-003                  1.2067031330276047E-003                  1.1203876416666529E-002                  2.5129237964844936E-003                  9.5710644087274629E-004                  0.0000000000000000E+000                  0.0000000000000000E+000                  0.0000000000000000E+000                  0.0000000000000000E+000                  0.0000000000000000E+000                  0.0000000000000000E+000                  0.0000000000000000E+000                  0.0000000000000000E+000                  0.0000000000000000E+000                  0.0000000000000000E+000                 -1.1325628400689244E+001                 -9.8999999999999986E+001                  0.0000000000000000E+000                  0.0000000000000000E+000                 -9.8999999999999986E+001                 -9.8999999999999986E+001                  1.5389242592609095E+001                 -9.9000000000000000E+001                 -9.9000000000000000E+001                 -9.9000000000000000E+001 
                 9.9977682834568449E-001                  2.2900507061818487E+001                  1.2232288522080688E+002                  7.1268925625456963E+005                 -6.3195841355574096E+000                  4.1858130985303896E+000                  9.0819568966166562E+012                  2.4857957962552426E+001                  2.0328002410909014E+009                  1.2026235976519377E+000                  1.1545309967704928E-001                  8.4823908126855363E-001                  4.0735706476656469E-001                  8.5000496627254152E-001                  7.1254962452301790E+005                  1.3963173155174596E+002                  1.6275777480296199E+004                  1.2314677397588988E-001                  0.0000000000000000E+000                  1.2483301502664736E+005                  1.4165201067191654E+003                  7.0343067682635359E-026                  7.0343067682635347E-026                  0.0000000000000000E+000                  0.0000000000000000E+000                  2.8141881887825840E-027                  0.0000000000000000E+000                  1.2761221024675892E+001                  6.9999999999999996E-001                  2.9797635251138618E-005                  2.7997020236474884E-001                  4.1193902129486445E-003                  1.2067031330276047E-003                  1.1203876416666529E-002                  2.5129237964844936E-003                  9.5710644087274629E-004                  0.0000000000000000E+000                  0.0000000000000000E+000                  0.0000000000000000E+000                  0.0000000000000000E+000                  0.0000000000000000E+000                  0.0000000000000000E+000                  0.0000000000000000E+000                  0.0000000000000000E+000                  0.0000000000000000E+000                  0.0000000000000000E+000                 -1.1265394105530525E+001                 -9.8999999999999986E+001                  0.0000000000000000E+000                  0.0000000000000000E+000                 -9.8999999999999986E+001                 -9.8999999999999986E+001                  1.5387209424450296E+001                 -9.9000000000000000E+001                 -9.9000000000000000E+001                 -9.9000000000000000E+001 
                 9.9976081734334699E-001                  2.2870545869877901E+001                  1.2232277942841166E+002                  7.6692982270540076E+005                 -6.2937754541621720E+000                  4.1897663612905260E+000                  9.1909742709655273E+012                  2.4874550895672758E+001                  2.0053295445816593E+009                  1.2045389494161918E+000                  1.1665437093384497E-001                  8.4396346631194019E-001                  4.1287818150532196E-001                  8.5000496627254152E-001                  7.6678501316515182E+005                  1.4480954024899845E+002                  1.7703793123243577E+004                  1.2402004345004271E-001                  0.0000000000000000E+000                  1.2288709850524731E+005                  1.4843465989475046E+003                  7.4653010756512853E-026                  7.4653010756512853E-026                  0.0000000000000000E+000                  0.0000000000000000E+000                  2.9866144320232846E-027                  0.0000000000000000E+000                  1.3096807782122251E+001                  6.9999999999999996E-001                  2.9797635251138618E-005                  2.7997020236474884E-001                  4.1193902129486445E-003                  1.2067031330276047E-003                  1.1203876416666529E-002                  2.5129237964844936E-003                  9.5710644087274629E-004                  0.0000000000000000E+000                  0.0000000000000000E+000                  0.0000000000000000E+000                  0.0000000000000000E+000                  0.0000000000000000E+000                  0.0000000000000000E+000                  0.0000000000000000E+000                  0.0000000000000000E+000                  0.0000000000000000E+000                  0.0000000000000000E+000                 -1.1206108568580722E+001                 -9.8999999999999986E+001                  0.0000000000000000E+000                  0.0000000000000000E+000                 -9.8999999999999986E+001                 -9.8999999999999986E+001                  1.5385207893808001E+001                 -9.9000000000000000E+001                 -9.9000000000000000E+001                 -9.9000000000000000E+001 
                 9.9974368473635800E-001                  2.2840255856514919E+001                  1.2232266324808198E+002                  8.2527566995418584E+005                 -6.2679616576768895E+000                  4.1937476464008112E+000                  9.2992168030268320E+012                  2.4889294988578346E+001                  1.9774979279519448E+009                  1.2064872799657684E+000                  1.1788223348016409E-001                  8.3976824725510113E-001                  4.1856362599034236E-001                  8.5000496627254152E-001                  8.2512545183670032E+005                  1.5021811748547566E+002                  1.9242753299332082E+004                  1.2494647488405305E-001                  0.0000000000000000E+000                  1.2099342872155359E+005                  1.5546881151065340E+003                  7.9228053887966708E-026                  7.9228053887966697E-026                  0.0000000000000000E+000                  0.0000000000000000E+000                  3.1696464318300096E-027                  0.0000000000000000E+000                  1.3587594068113944E+001                  6.9999999999999996E-001                  2.9797635251138618E-005                  2.7997020236474884E-001                  4.1193902129486445E-003                  1.2067031330276047E-003                  1.1203876416666529E-002                  2.5129237964844936E-003                  9.5710644087274629E-004                  0.0000000000000000E+000                  0.0000000000000000E+000                  0.0000000000000000E+000                  0.0000000000000000E+000                  0.0000000000000000E+000                  0.0000000000000000E+000                  0.0000000000000000E+000                  0.0000000000000000E+000                  0.0000000000000000E+000                  0.0000000000000000E+000                 -1.1146790048735253E+001                 -9.8999999999999986E+001                  0.0000000000000000E+000                  0.0000000000000000E+000                 -9.8999999999999986E+001                 -9.8999999999999986E+001                  1.5383325138168006E+001                 -9.9000000000000000E+001                 -9.9000000000000000E+001                 -9.9000000000000000E+001 
                 9.9972535309866739E-001                  2.2809634693940769E+001                  1.2232253427843020E+002                  8.8803755652910308E+005                 -6.2421378906205973E+000                  4.1977581213805246E+000                  9.4064599454069082E+012                  2.4901503147003854E+001                  1.9496429471250567E+009                  1.2084652993290528E+000                  1.1912720109981298E-001                  8.3566498681597989E-001                  4.2454990909318835E-001                  8.5000496627254152E-001                  8.8788168592626252E+005                  1.5587060284052612E+002                  2.0899005743384627E+004                  1.2590681287665123E-001                  0.0000000000000000E+000                  1.1914627207049975E+005                  1.6275017668255650E+003                  8.4085509724097660E-026                  8.4085509724097660E-026                  0.0000000000000000E+000                  0.0000000000000000E+000                  3.3639768086521043E-027                  0.0000000000000000E+000                  1.4121214854081558E+001                  6.9999999999999996E-001                  2.9797635251138618E-005                  2.7997020236474884E-001                  4.1193902129486445E-003                  1.2067031330276047E-003                  1.1203876416666529E-002                  2.5129237964844936E-003                  9.5710644087274629E-004                  0.0000000000000000E+000                  0.0000000000000000E+000                  0.0000000000000000E+000                  0.0000000000000000E+000                  0.0000000000000000E+000                  0.0000000000000000E+000                  0.0000000000000000E+000                  0.0000000000000000E+000                  0.0000000000000000E+000                  0.0000000000000000E+000                 -1.1086994452769778E+001                 -9.8999999999999986E+001                  0.0000000000000000E+000                  0.0000000000000000E+000                 -9.8999999999999986E+001                 -9.8999999999999986E+001                  1.5381523268153314E+001                 -9.9000000000000000E+001                 -9.9000000000000000E+001                 -9.9000000000000000E+001 
                 9.9970573976944277E-001                  2.2778680438826527E+001                  1.2232239087251101E+002                  9.5554972521226748E+005                 -6.2163374497363888E+000                  4.2017991123295824E+000                  9.5141997741474629E+012                  2.4912946508426252E+001                  1.9211944814373138E+009                  1.2104992080088546E+000                  1.2041038999844350E-001                  8.3159697711829306E-001                  4.3058442654734647E-001                  8.5000496627254152E-001                  9.5538794396517018E+005                  1.6178124709724557E+002                  2.2678007801643453E+004                  1.2690632169870525E-001                  0.0000000000000000E+000                  1.1733382141275238E+005                  1.7026671801444263E+003                  8.9236091726145551E-026                  8.9236091726145551E-026                  0.0000000000000000E+000                  0.0000000000000000E+000                  3.5700341718357622E-027                  0.0000000000000000E+000                  1.4585853844054016E+001                  6.9999999999999996E-001                  2.9797635251138618E-005                  2.7997020236474884E-001                  4.1193902129486445E-003                  1.2067031330276047E-003                  1.1203876416666529E-002                  2.5129237964844936E-003                  9.5710644087274629E-004                  0.0000000000000000E+000                  0.0000000000000000E+000                  0.0000000000000000E+000                  0.0000000000000000E+000                  0.0000000000000000E+000                  0.0000000000000000E+000                  0.0000000000000000E+000                  0.0000000000000000E+000                  0.0000000000000000E+000                  0.0000000000000000E+000                 -1.1027377595091474E+001                 -9.8999999999999986E+001                  0.0000000000000000E+000                  0.0000000000000000E+000                 -9.8999999999999986E+001                 -9.8999999999999986E+001                  1.5379720125442065E+001                 -9.9000000000000000E+001                 -9.9000000000000000E+001                 -9.9000000000000000E+001 
                 9.9968475649551636E-001                  2.2747388777470800E+001                  1.2232223240187315E+002                  1.0281717327055633E+006                 -6.1906058713272856E+000                  4.2058729040698690E+000                  9.6241266974621328E+012                  2.4926415472493389E+001                  1.8912838922100484E+009                  1.2126287092175452E+000                  1.2176757934166685E-001                  8.2750722202993965E-001                  4.3627605772785094E-001                  8.5000496627254152E-001                  1.0280037659452260E+006                  1.6796676033731100E+002                  2.4585156929453682E+004                  1.2797528805303160E-001                  0.0000000000000000E+000                  1.1555320533520468E+005                  1.7801525611363581E+003                  9.4687264917624106E-026                  9.4687264917624118E-026                  0.0000000000000000E+000                  0.0000000000000000E+000                  3.7881171717223697E-027                  0.0000000000000000E+000                  1.4921699170575595E+001                  6.9999999999999996E-001                  2.9797635251138618E-005                  2.7997020236474884E-001                  4.1193902129486445E-003                  1.2067031330276047E-003                  1.1203876416666529E-002                  2.5129237964844936E-003                  9.5710644087274629E-004                  0.0000000000000000E+000                  0.0000000000000000E+000                  0.0000000000000000E+000                  0.0000000000000000E+000                  0.0000000000000000E+000                  0.0000000000000000E+000                  0.0000000000000000E+000                  0.0000000000000000E+000                  0.0000000000000000E+000                  0.0000000000000000E+000                 -1.0968968280655975E+001                 -9.8999999999999986E+001                  0.0000000000000000E+000                  0.0000000000000000E+000                 -9.8999999999999986E+001                 -9.8999999999999986E+001                  1.5377904528181134E+001                 -9.9000000000000000E+001                 -9.9000000000000000E+001                 -9.9000000000000000E+001 
                 9.9966230905674935E-001                  2.2715752015662400E+001                  1.2232205897005616E+002                  1.1062904079798101E+006                 -6.1649227227888801E+000                  4.2099821247390894E+000                  9.7351871251021699E+012                  2.4939867882634665E+001                  1.8603691589444103E+009                  1.2148445911849035E+000                  1.2318282938355622E-001                  8.2344795959957873E-001                  4.4185853182764362E-001                  8.5000496627254152E-001                  1.1061159622959835E+006                  1.7444568382660157E+002                  2.6628452398370839E+004                  1.2912461869907779E-001                  0.0000000000000000E+000                  1.1381195115673098E+005                  1.8602263982127520E+003                  1.0046035631870439E-025                  1.0046035631870439E-025                  0.0000000000000000E+000                  0.0000000000000000E+000                  4.0190790302493313E-027                  0.0000000000000000E+000                  1.5256842687967625E+001                  6.9999999999999996E-001                  2.9797635251138618E-005                  2.7997020236474884E-001                  4.1193902129486445E-003                  1.2067031330276047E-003                  1.1203876416666529E-002                  2.5129237964844936E-003                  9.5710644087274629E-004                  0.0000000000000000E+000                  0.0000000000000000E+000                  0.0000000000000000E+000                  0.0000000000000000E+000                  0.0000000000000000E+000                  0.0000000000000000E+000                  0.0000000000000000E+000                  0.0000000000000000E+000                  0.0000000000000000E+000                  0.0000000000000000E+000                 -1.0911304020109302E+001                 -9.8999999999999986E+001                  0.0000000000000000E+000                  0.0000000000000000E+000                 -9.8999999999999986E+001                 -9.8999999999999986E+001                  1.5376141336282217E+001                 -9.9000000000000000E+001                 -9.9000000000000000E+001                 -9.9000000000000000E+001 
                 9.9963829688091854E-001                  2.2683763799491810E+001                  1.2232186928204571E+002                  1.1903218677097072E+006                 -6.1392437567805986E+000                  4.2141285262665296E+000                  9.8455659403206309E+012                  2.4949630693866570E+001                  1.8294199699358659E+009                  1.2171081934278096E+000                  1.2462299180262684E-001                  8.1948008529977256E-001                  4.4776552453897628E-001                  8.5000496627254152E-001                  1.1901406311395862E+006                  1.8123657012110462E+002                  2.8819407782163886E+004                  1.3032697264197002E-001                  0.0000000000000000E+000                  1.1211807008847300E+005                  1.9432674832976850E+003                  1.0658455224350636E-025                  1.0658455224350636E-025                  0.0000000000000000E+000                  0.0000000000000000E+000                  4.2640873931200247E-027                  0.0000000000000000E+000                  1.5713675934858479E+001                  6.9999999999999996E-001                  2.9797635251138618E-005                  2.7997020236474884E-001                  4.1193902129486445E-003                  1.2067031330276047E-003                  1.1203876416666529E-002                  2.5129237964844936E-003                  9.5710644087274629E-004                  0.0000000000000000E+000                  0.0000000000000000E+000                  0.0000000000000000E+000                  0.0000000000000000E+000                  0.0000000000000000E+000                  0.0000000000000000E+000                  0.0000000000000000E+000                  0.0000000000000000E+000                  0.0000000000000000E+000                  0.0000000000000000E+000                 -1.0853280050862706E+001                 -9.8999999999999986E+001                  0.0000000000000000E+000                  0.0000000000000000E+000                 -9.8999999999999986E+001                 -9.8999999999999986E+001                  1.5374497148513434E+001                 -9.9000000000000000E+001                 -9.9000000000000000E+001                 -9.9000000000000000E+001 
                 9.9961261264151402E-001                  2.2651420977472107E+001                  1.2232166030999718E+002                  1.2807136667539703E+006                 -6.1135697261624289E+000                  4.2183134094858330E+000                  9.9555204465880332E+012                  2.4956003470140921E+001                  1.7984301108987684E+009                  1.2194100757661086E+000                  1.2609903632065475E-001                  8.1558584842038750E-001                  4.5386023259533670E-001                  8.5000496627254152E-001                  1.2805253081914159E+006                  1.8835856255448854E+002                  3.1170870531046356E+004                  1.3156842493057902E-001                  0.0000000000000000E+000                  1.1046666811569204E+005                  2.0295898986220116E+003                  1.1308096041617965E-025                  1.1308096041617967E-025                  0.0000000000000000E+000                  0.0000000000000000E+000                  4.5239867089807493E-027                  0.0000000000000000E+000                  1.6214058783003580E+001                  6.9999999999999996E-001                  2.9797635251138618E-005                  2.7997020236474884E-001                  4.1193902129486445E-003                  1.2067031330276047E-003                  1.1203876416666529E-002                  2.5129237964844936E-003                  9.5710644087274629E-004                  0.0000000000000000E+000                  0.0000000000000000E+000                  0.0000000000000000E+000                  0.0000000000000000E+000                  0.0000000000000000E+000                  0.0000000000000000E+000                  0.0000000000000000E+000                  0.0000000000000000E+000                  0.0000000000000000E+000                  0.0000000000000000E+000                 -1.0795098241357177E+001                 -9.8999999999999986E+001                  0.0000000000000000E+000                  0.0000000000000000E+000                 -9.8999999999999986E+001                 -9.8999999999999986E+001                  1.5372942219139373E+001                 -9.9000000000000000E+001                 -9.9000000000000000E+001                 -9.9000000000000000E+001 
                 9.9958514181217406E-001                  2.2618720355013469E+001                  1.2232142968455697E+002                  1.3779472018764180E+006                 -6.0879420695140514E+000                  4.2225387117863376E+000                  1.0066617283516564E+013                  2.4962577368795909E+001                  1.7666685644276965E+009                  1.2217861267933603E+000                  1.2763921649556720E-001                  8.1171327240669333E-001                  4.5969494534139815E-001                  8.5000496627254152E-001                  1.3777513685609084E+006                  1.9583331550949967E+002                  3.3695226423097120E+004                  1.3286917579700649E-001                  0.0000000000000000E+000                  1.0884699763473013E+005                  2.1194110228460718E+003                  1.1996068235925120E-025                  1.1996068235925120E-025                  0.0000000000000000E+000                  0.0000000000000000E+000                  4.7992211121988612E-027                  0.0000000000000000E+000                  1.6622481261082321E+001                  6.9999999999999996E-001                  2.9797635251138618E-005                  2.7997020236474884E-001                  4.1193902129486445E-003                  1.2067031330276047E-003                  1.1203876416666529E-002                  2.5129237964844936E-003                  9.5710644087274629E-004                  0.0000000000000000E+000                  0.0000000000000000E+000                  0.0000000000000000E+000                  0.0000000000000000E+000                  0.0000000000000000E+000                  0.0000000000000000E+000                  0.0000000000000000E+000                  0.0000000000000000E+000                  0.0000000000000000E+000                  0.0000000000000000E+000                 -1.0737907238838417E+001                 -9.8999999999999986E+001                  0.0000000000000000E+000                  0.0000000000000000E+000                 -9.8999999999999986E+001                 -9.8999999999999986E+001                  1.5371404568154412E+001                 -9.9000000000000000E+001                 -9.9000000000000000E+001                 -9.9000000000000000E+001 
                 9.9955576218141862E-001                  2.2585655572670653E+001                  1.2232117682120909E+002                  1.4825403512951985E+006                 -6.0623943949294619E+000                  4.2268071616981118E+000                  1.0179870338002115E+013                  2.4972357176293748E+001                  1.7335670844593170E+009                  1.2242849529931528E+000                  1.2926142972608468E-001                  8.0782645820360233E-001                  4.6499884595266200E-001                  8.5000496627254152E-001                  1.4823366656719085E+006                  2.0368562329012659E+002                  3.6404337294395060E+004                  1.3425419117851939E-001                  0.0000000000000000E+000                  1.0725828522222865E+005                  2.2129307280250514E+003                  1.2723569295203240E-025                  1.2723569295203240E-025                  0.0000000000000000E+000                  0.0000000000000000E+000                  5.0902696771927792E-027                  0.0000000000000000E+000                  1.6914527522309797E+001                  6.9999999999999996E-001                  2.9797635251138618E-005                  2.7997020236474884E-001                  4.1193902129486445E-003                  1.2067031330276047E-003                  1.1203876416666529E-002                  2.5129237964844936E-003                  9.5710644087274629E-004                  0.0000000000000000E+000                  0.0000000000000000E+000                  0.0000000000000000E+000                  0.0000000000000000E+000                  0.0000000000000000E+000                  0.0000000000000000E+000                  0.0000000000000000E+000                  0.0000000000000000E+000                  0.0000000000000000E+000                  0.0000000000000000E+000                 -1.0682308844482595E+001                 -9.8999999999999986E+001                  0.0000000000000000E+000                  0.0000000000000000E+000                 -9.8999999999999986E+001                 -9.8999999999999986E+001                  1.5369887052010164E+001                 -9.9000000000000000E+001                 -9.9000000000000000E+001                 -9.9000000000000000E+001 
                 9.9952434335033125E-001                  2.2552217560265820E+001                  1.2232090165595540E+002                  1.5950502728958386E+006                 -6.0368939569880053E+000                  4.2311215576936956E+000                  1.0294223110626281E+013                  2.4983365975405484E+001                  1.6996764668413548E+009                  1.2268912668376990E+000                  1.3095211528237241E-001                  8.0395570510647629E-001                  4.7012464771328399E-001                  8.5000496627254152E-001                  1.5948383304409753E+006                  2.1194245486335035E+002                  3.9310154733968899E+004                  1.3572572413343079E-001                  0.0000000000000000E+000                  1.0570952345122637E+005                  2.3103389239303224E+003                  1.3493741072502411E-025                  1.3493741072502411E-025                  0.0000000000000000E+000                  0.0000000000000000E+000                  5.3983893530944405E-027                  0.0000000000000000E+000                  1.7251495384454298E+001                  6.9999999999999996E-001                  2.9797635251138618E-005                  2.7997020236474884E-001                  4.1193902129486445E-003                  1.2067031330276047E-003                  1.1203876416666529E-002                  2.5129237964844936E-003                  9.5710644087274629E-004                  0.0000000000000000E+000                  0.0000000000000000E+000                  0.0000000000000000E+000                  0.0000000000000000E+000                  0.0000000000000000E+000                  0.0000000000000000E+000                  0.0000000000000000E+000                  0.0000000000000000E+000                  0.0000000000000000E+000                  0.0000000000000000E+000                 -1.0627456005819582E+001                 -9.8999999999999986E+001                  0.0000000000000000E+000                  0.0000000000000000E+000                 -9.8999999999999986E+001                 -9.8999999999999986E+001                  1.5368465859877690E+001                 -9.9000000000000000E+001                 -9.9000000000000000E+001                 -9.9000000000000000E+001 
                 9.9949074621365663E-001                  2.2518399598375240E+001                  1.2232060155131501E+002                  1.7160762942672248E+006                 -6.0114044626239336E+000                  4.2354838655160254E+000                  1.0408136611911365E+013                  2.4992167925258155E+001                  1.6660478193935754E+009                  1.2295464900729676E+000                  1.3267787654998195E-001                  8.0016082682795409E-001                  4.7573278477826908E-001                  8.5000496627254152E-001                  1.7158556629328434E+006                  2.2063133438146349E+002                  4.2423314666364400E+004                  1.3725772428046951E-001                  0.0000000000000000E+000                  1.0420650301207037E+005                  2.4116241967115302E+003                  1.4310193592617187E-025                  1.4310193592617189E-025                  0.0000000000000000E+000                  0.0000000000000000E+000                  5.7250243887149182E-027                  0.0000000000000000E+000                  1.7710620473358865E+001                  6.9999999999999996E-001                  2.9797635251138618E-005                  2.7997020236474884E-001                  4.1193902129486445E-003                  1.2067031330276047E-003                  1.1203876416666529E-002                  2.5129237964844936E-003                  9.5710644087274629E-004                  0.0000000000000000E+000                  0.0000000000000000E+000                  0.0000000000000000E+000                  0.0000000000000000E+000                  0.0000000000000000E+000                  0.0000000000000000E+000                  0.0000000000000000E+000                  0.0000000000000000E+000                  0.0000000000000000E+000                  0.0000000000000000E+000                 -1.0571992534682726E+001                 -9.8999999999999986E+001                  0.0000000000000000E+000                  0.0000000000000000E+000                 -9.8999999999999986E+001                 -9.8999999999999986E+001                  1.5367191079946473E+001                 -9.9000000000000000E+001                 -9.9000000000000000E+001                 -9.9000000000000000E+001 
                 9.9945482240956196E-001                  2.2484197729514221E+001                  1.2232027212385766E+002                  1.8462630363000827E+006                 -5.9859455052155974E+000                  4.2398956439943936E+000                  1.0522068811868029E+013                  2.4999087795870214E+001                  1.6325860745609961E+009                  1.2322587438121833E+000                  1.3445191289568381E-001                  7.9642936743858272E-001                  4.8178161260860675E-001                  8.5000496627254152E-001                  1.8460332551993513E+006                  2.2978110073136790E+002                  4.5751021230367973E+004                  1.3883757962093035E-001                  0.0000000000000000E+000                  1.0274218095575308E+005                  2.5165633541373040E+003                  1.5175002669408729E-025                  1.5175002669408729E-025                  0.0000000000000000E+000                  0.0000000000000000E+000                  6.0710052469685228E-027                  0.0000000000000000E+000                  1.8165659874588183E+001                  6.9999999999999996E-001                  2.9797635251138618E-005                  2.7997020236474884E-001                  4.1193902129486445E-003                  1.2067031330276047E-003                  1.1203876416666529E-002                  2.5129237964844936E-003                  9.5710644087274629E-004                  0.0000000000000000E+000                  0.0000000000000000E+000                  0.0000000000000000E+000                  0.0000000000000000E+000                  0.0000000000000000E+000                  0.0000000000000000E+000                  0.0000000000000000E+000                  0.0000000000000000E+000                  0.0000000000000000E+000                  0.0000000000000000E+000                 -1.0516030207003872E+001                 -9.8999999999999986E+001                  0.0000000000000000E+000                  0.0000000000000000E+000                 -9.8999999999999986E+001                 -9.8999999999999986E+001                  1.5366014666481616E+001                 -9.9000000000000000E+001                 -9.9000000000000000E+001                 -9.9000000000000000E+001 
                 9.9941641371192647E-001                  2.2449606426371719E+001                  1.2231991086004744E+002                  1.9863039184013852E+006                 -5.9605481051211688E+000                  4.2443592811090962E+000                  1.0637487190607232E+013                  2.5006405838370817E+001                  1.5984734319218690E+009                  1.2350864620684012E+000                  1.3631193931832553E-001                  7.9271158242673490E-001                  4.8772491332518381E-001                  8.5000496627254152E-001                  1.9860644937553748E+006                  2.3942464601042548E+002                  4.9297390455593224E+004                  1.4049147837533363E-001                  0.0000000000000000E+000                  1.0130615536186173E+005                  2.6248720069524338E+003                  1.6089818313788005E-025                  1.6089818313788005E-025                  0.0000000000000000E+000                  0.0000000000000000E+000                  6.4369920414132521E-027                  0.0000000000000000E+000                  1.8535923709843924E+001                  6.9999999999999996E-001                  2.9797635251138618E-005                  2.7997020236474884E-001                  4.1193902129486445E-003                  1.2067031330276047E-003                  1.1203876416666529E-002                  2.5129237964844936E-003                  9.5710644087274629E-004                  0.0000000000000000E+000                  0.0000000000000000E+000                  0.0000000000000000E+000                  0.0000000000000000E+000                  0.0000000000000000E+000                  0.0000000000000000E+000                  0.0000000000000000E+000                  0.0000000000000000E+000                  0.0000000000000000E+000                  0.0000000000000000E+000                 -1.0460709027264592E+001                 -9.8999999999999986E+001                  0.0000000000000000E+000                  0.0000000000000000E+000                 -9.8999999999999986E+001                 -9.8999999999999986E+001                  1.5364869866716411E+001                 -9.9000000000000000E+001                 -9.9000000000000000E+001                 -9.9000000000000000E+001 
                 9.9937535137595945E-001                  2.2414617578094077E+001                  1.2231951676444962E+002                  2.1369449404861238E+006                 -5.9352189057902240E+000                  4.2488779678562647E+000                  1.0754923149504049E+013                  2.5014922034264146E+001                  1.5634670489044936E+009                  1.2380624336766690E+000                  1.3826732829413796E-001                  7.8900238081791474E-001                  4.9327383942894909E-001                  8.5000496627254152E-001                  2.1366953410493736E+006                  2.4959943675034935E+002                  5.3065590223059808E+004                  1.4224471720603105E-001                  0.0000000000000000E+000                  9.9899802410065327E+004                  2.7363539775755385E+003                  1.7057130262199726E-025                  1.7057130262199726E-025                  0.0000000000000000E+000                  0.0000000000000000E+000                  6.8239808313890307E-027                  0.0000000000000000E+000                  1.8868153435420105E+001                  6.9999999999999996E-001                  2.9797635251138618E-005                  2.7997020236474884E-001                  4.1193902129486445E-003                  1.2067031330276047E-003                  1.1203876416666529E-002                  2.5129237964844936E-003                  9.5710644087274629E-004                  0.0000000000000000E+000                  0.0000000000000000E+000                  0.0000000000000000E+000                  0.0000000000000000E+000                  0.0000000000000000E+000                  0.0000000000000000E+000                  0.0000000000000000E+000                  0.0000000000000000E+000                  0.0000000000000000E+000                  0.0000000000000000E+000                 -1.0406629090643138E+001                 -9.8999999999999986E+001                  0.0000000000000000E+000                  0.0000000000000000E+000                 -9.8999999999999986E+001                 -9.8999999999999986E+001                  1.5363779039781392E+001                 -9.9000000000000000E+001                 -9.9000000000000000E+001                 -9.9000000000000000E+001 
                 9.9933145546749880E-001                  2.2379222362006693E+001                  1.2231908792262107E+002                  2.2989886426052446E+006                 -5.9099455353929127E+000                  4.2534548468807749E+000                  1.0873543622215654E+013                  2.5023054409150863E+001                  1.5280317611208467E+009                  1.2411692538648997E+000                  1.4030631129355642E-001                  7.8532554319416681E-001                  4.9860824121671932E-001                  8.5000496627254152E-001                  2.2987282964808038E+006                  2.6034612444097382E+002                  5.7059875639649166E+004                  1.4409582702673654E-001                  0.0000000000000000E+000                  9.8531513217458472E+004                  2.8509453198378110E+003                  1.8080300917233972E-025                  1.8080300917233969E-025                  0.0000000000000000E+000                  0.0000000000000000E+000                  7.2333168004424428E-027                  0.0000000000000000E+000                  1.9229015230020646E+001                  6.9999999999999996E-001                  2.9797635251138618E-005                  2.7997020236474884E-001                  4.1193902129486445E-003                  1.2067031330276047E-003                  1.1203876416666529E-002                  2.5129237964844936E-003                  9.5710644087274629E-004                  0.0000000000000000E+000                  0.0000000000000000E+000                  0.0000000000000000E+000                  0.0000000000000000E+000                  0.0000000000000000E+000                  0.0000000000000000E+000                  0.0000000000000000E+000                  0.0000000000000000E+000                  0.0000000000000000E+000                  0.0000000000000000E+000                 -1.0353484114137975E+001                 -9.8999999999999986E+001                  0.0000000000000000E+000                  0.0000000000000000E+000                 -9.8999999999999986E+001                 -9.8999999999999986E+001                  1.5362809402929601E+001                 -9.9000000000000000E+001                 -9.9000000000000000E+001                 -9.9000000000000000E+001 
                 9.9928453416923790E-001                  2.2343412801508549E+001                  1.2231862075712213E+002                  2.4732983052784861E+006                 -5.8847052429537321E+000                  4.2580923983234378E+000                  1.0991997723928189E+013                  2.5028139540678474E+001                  1.4930012430795729E+009                  1.2443435370934823E+000                  1.4240287838675803E-001                  7.8171209061300817E-001                  5.0428438744506088E-001                  8.5000496627254152E-001                  2.4730265979684656E+006                  2.7170731002050525E+002                  6.1288416986293734E+004                  1.4602406593357839E-001                  0.0000000000000000E+000                  9.7204042169869572E+004                  2.9688876141549595E+003                  1.9163419076386502E-025                  1.9163419076386500E-025                  0.0000000000000000E+000                  0.0000000000000000E+000                  7.6666357381518100E-027                  0.0000000000000000E+000                  1.9661426836359315E+001                  6.9999999999999996E-001                  2.9797635251138618E-005                  2.7997020236474884E-001                  4.1193902129486445E-003                  1.2067031330276047E-003                  1.1203876416666529E-002                  2.5129237964844936E-003                  9.5710644087274629E-004                  0.0000000000000000E+000                  0.0000000000000000E+000                  0.0000000000000000E+000                  0.0000000000000000E+000                  0.0000000000000000E+000                  0.0000000000000000E+000                  0.0000000000000000E+000                  0.0000000000000000E+000                  0.0000000000000000E+000                  0.0000000000000000E+000                 -1.0300155294233335E+001                 -9.8999999999999986E+001                  0.0000000000000000E+000                  0.0000000000000000E+000                 -9.8999999999999986E+001                 -9.8999999999999986E+001                  1.5361985071790711E+001                 -9.9000000000000000E+001                 -9.9000000000000000E+001                 -9.9000000000000000E+001 
                 9.9923438303581869E-001                  2.2307182688528691E+001                  1.2231811020570916E+002                  2.6608024947764566E+006                 -5.8595034685856913E+000                  4.2627926804530336E+000                  1.1110667910516189E+013                  2.5030764845497892E+001                  1.4583457412348533E+009                  1.2475870672094829E+000                  1.4456038120686576E-001                  7.7815138056407052E-001                  5.1030818968844649E-001                  8.5000496627254152E-001                  2.6605187666100990E+006                  2.8372816635768896E+002                  6.5763083997297974E+004                  1.4801628503176956E-001                  0.0000000000000000E+000                  9.5911854117603783E+004                  3.0904477504440251E+003                  2.0309655992915981E-025                  2.0309655992915981E-025                  0.0000000000000000E+000                  0.0000000000000000E+000                  8.1252063556845696E-027                  0.0000000000000000E+000                  2.0120250510430537E+001                  6.9999999999999996E-001                  2.9797635251138618E-005                  2.7997020236474884E-001                  4.1193902129486445E-003                  1.2067031330276047E-003                  1.1203876416666529E-002                  2.5129237964844936E-003                  9.5710644087274629E-004                  0.0000000000000000E+000                  0.0000000000000000E+000                  0.0000000000000000E+000                  0.0000000000000000E+000                  0.0000000000000000E+000                  0.0000000000000000E+000                  0.0000000000000000E+000                  0.0000000000000000E+000                  0.0000000000000000E+000                  0.0000000000000000E+000                 -1.0246540042496065E+001                 -9.8999999999999986E+001                  0.0000000000000000E+000                  0.0000000000000000E+000                 -9.8999999999999986E+001                 -9.8999999999999986E+001                  1.5361273560652592E+001                 -9.9000000000000000E+001                 -9.9000000000000000E+001                 -9.9000000000000000E+001 
                 9.9918078417587253E-001                  2.2270525280625918E+001                  1.2231755182213493E+002                  2.8625000794719364E+006                 -5.8343760839768954E+000                  4.2675584357293275E+000                  1.1231262039566127E+013                  2.5034319374566387E+001                  1.4231709659072080E+009                  1.2509802876711380E+000                  1.4681762483617483E-001                  7.7460123155754501E-001                  5.1602838119416894E-001                  8.5000496627254152E-001                  2.8622036199032213E+006                  2.9645956871520104E+002                  7.0494664365701494E+004                  1.5009410077125671E-001                  0.0000000000000000E+000                  9.4646441285461871E+004                  3.2157605761560458E+003                  2.1520802955974930E-025                  2.1520802955974930E-025                  0.0000000000000000E+000                  0.0000000000000000E+000                  8.6097452872493298E-027                  0.0000000000000000E+000                  2.0497506338675777E+001                  6.9999999999999996E-001                  2.9797635251138618E-005                  2.7997020236474884E-001                  4.1193902129486445E-003                  1.2067031330276047E-003                  1.1203876416666529E-002                  2.5129237964844936E-003                  9.5710644087274629E-004                  0.0000000000000000E+000                  0.0000000000000000E+000                  0.0000000000000000E+000                  0.0000000000000000E+000                  0.0000000000000000E+000                  0.0000000000000000E+000                  0.0000000000000000E+000                  0.0000000000000000E+000                  0.0000000000000000E+000                  0.0000000000000000E+000                 -1.0193948028874917E+001                 -9.8999999999999986E+001                  0.0000000000000000E+000                  0.0000000000000000E+000                 -9.8999999999999986E+001                 -9.8999999999999986E+001                  1.5360623644857025E+001                 -9.9000000000000000E+001                 -9.9000000000000000E+001                 -9.9000000000000000E+001 
                 9.9912350537839190E-001                  2.2233430659475466E+001                  1.2231694391306999E+002                  3.0794656829752573E+006                 -5.8093325934789952E+000                  4.2723933244061110E+000                  1.1353870594397607E+013                  2.5039395820613102E+001                  1.3873925848381152E+009                  1.2545436486454946E+000                  1.4919039553203362E-001                  7.7106328692764348E-001                  5.2131116538324573E-001                  8.5000496627254152E-001                  3.0791557234213576E+006                  3.0995955389977104E+002                  7.5493003548192093E+004                  1.5228640332230672E-001                  0.0000000000000000E+000                  9.3408003496547070E+004                  3.3450753794042439E+003                  2.2799808995896897E-025                  2.2799808995896897E-025                  0.0000000000000000E+000                  0.0000000000000000E+000                  9.1214323401405505E-027                  0.0000000000000000E+000                  2.0823828456893150E+001                  6.9999999999999996E-001                  2.9797635251138618E-005                  2.7997020236474884E-001                  4.1193902129486445E-003                  1.2067031330276047E-003                  1.1203876416666529E-002                  2.5129237964844936E-003                  9.5710644087274629E-004                  0.0000000000000000E+000                  0.0000000000000000E+000                  0.0000000000000000E+000                  0.0000000000000000E+000                  0.0000000000000000E+000                  0.0000000000000000E+000                  0.0000000000000000E+000                  0.0000000000000000E+000                  0.0000000000000000E+000                  0.0000000000000000E+000                 -1.0142798860437297E+001                 -9.8999999999999986E+001                  0.0000000000000000E+000                  0.0000000000000000E+000                 -9.8999999999999986E+001                 -9.8999999999999986E+001                  1.5360046021523415E+001                 -9.9000000000000000E+001                 -9.9000000000000000E+001                 -9.9000000000000000E+001 
                 9.9906229922064138E-001                  2.2195887864445041E+001                  1.2231628398075792E+002                  3.3128553946476215E+006                 -5.7843581373933555E+000                  4.2773010299755914E+000                  1.1477695336413920E+013                  2.5044880640471550E+001                  1.3515947159604523E+009                  1.2582443228109350E+000                  1.5166516420762541E-001                  7.6755927915410616E-001                  5.2651316082168720E-001                  8.5000496627254152E-001                  3.3125311029356173E+006                  3.2429171200424292E+002                  8.0770130939751689E+004                  1.5459394125319104E-001                  0.0000000000000000E+000                  9.2205245435798264E+004                  3.4787729669425703E+003                  2.4151030878241087E-025                  2.4151030878241083E-025                  0.0000000000000000E+000                  0.0000000000000000E+000                  9.6620105088999770E-027                  0.0000000000000000E+000                  2.1189146791526014E+001                  6.9999999999999996E-001                  2.9797635251138618E-005                  2.7997020236474884E-001                  4.1193902129486445E-003                  1.2067031330276047E-003                  1.1203876416666529E-002                  2.5129237964844936E-003                  9.5710644087274629E-004                  0.0000000000000000E+000                  0.0000000000000000E+000                  0.0000000000000000E+000                  0.0000000000000000E+000                  0.0000000000000000E+000                  0.0000000000000000E+000                  0.0000000000000000E+000                  0.0000000000000000E+000                  0.0000000000000000E+000                  0.0000000000000000E+000                 -1.0092292865654635E+001                 -9.8999999999999986E+001                  0.0000000000000000E+000                  0.0000000000000000E+000                 -9.8999999999999986E+001                 -9.8999999999999986E+001                  1.5359611424852780E+001                 -9.9000000000000000E+001                 -9.9000000000000000E+001                 -9.9000000000000000E+001 
                 9.9899690214423253E-001                  2.2157886998955789E+001                  1.2231556649133775E+002                  3.5639097949634539E+006                 -5.7594340476063328E+000                  4.2822844239502915E+000                  1.1602099595427482E+013                  2.5049625672382135E+001                  1.3163668588157182E+009                  1.2620314504954595E+000                  1.5421119875922459E-001                  7.6410362059869352E-001                  5.3205916370292539E-001                  8.5000496627254152E-001                  3.5635702717869901E+006                  3.3952317646395443E+002                  8.6339463753662014E+004                  1.5699310889492818E-001                  0.0000000000000000E+000                  9.1040472286978693E+004                  3.6172075326162212E+003                  2.5579412938550560E-025                  2.5579412938550560E-025                  0.0000000000000000E+000                  0.0000000000000000E+000                  1.0233457854946783E-026                  0.0000000000000000E+000                  2.1618293669456534E+001                  6.9999999999999996E-001                  2.9797635251138618E-005                  2.7997020236474884E-001                  4.1193902129486445E-003                  1.2067031330276047E-003                  1.1203876416666529E-002                  2.5129237964844936E-003                  9.5710644087274629E-004                  0.0000000000000000E+000                  0.0000000000000000E+000                  0.0000000000000000E+000                  0.0000000000000000E+000                  0.0000000000000000E+000                  0.0000000000000000E+000                  0.0000000000000000E+000                  0.0000000000000000E+000                  0.0000000000000000E+000                  0.0000000000000000E+000                 -1.0041564751442293E+001                 -9.8999999999999986E+001                  0.0000000000000000E+000                  0.0000000000000000E+000                 -9.8999999999999986E+001                 -9.8999999999999986E+001                  1.5359344747336987E+001                 -9.9000000000000000E+001                 -9.9000000000000000E+001                 -9.9000000000000000E+001 
                 9.9892703509040159E-001                  2.2119420535532015E+001                  1.2231478443589890E+002                  3.8339663554218765E+006                 -5.7345598906553885E+000                  4.2873458090655632E+000                  1.1726967153786678E+013                  2.5053545315064476E+001                  1.2817857343406210E+009                  1.2658898008344530E+000                  1.5682218948900178E-001                  7.6069791852744528E-001                  5.3798942273090433E-001                  8.5000496627254152E-001                  3.8336106299486323E+006                  3.5572547324425068E+002                  9.2211728924890864E+004                  1.5946388881241721E-001                  0.0000000000000000E+000                  8.9906911524958603E+004                  3.7605153746874716E+003                  2.7089211335821552E-025                  2.7089211335821557E-025                  0.0000000000000000E+000                  0.0000000000000000E+000                  1.0837477123544133E-026                  0.0000000000000000E+000                  2.2079461113881372E+001                  6.9999999999999996E-001                  2.9797635251138618E-005                  2.7997020236474884E-001                  4.1193902129486445E-003                  1.2067031330276047E-003                  1.1203876416666529E-002                  2.5129237964844936E-003                  9.5710644087274629E-004                  0.0000000000000000E+000                  0.0000000000000000E+000                  0.0000000000000000E+000                  0.0000000000000000E+000                  0.0000000000000000E+000                  0.0000000000000000E+000                  0.0000000000000000E+000                  0.0000000000000000E+000                  0.0000000000000000E+000                  0.0000000000000000E+000                 -9.9907097432087895E+000                 -9.8999999999999986E+001                  0.0000000000000000E+000                  0.0000000000000000E+000                 -9.8999999999999986E+001                 -9.8999999999999986E+001                  1.5359205131792949E+001                 -9.9000000000000000E+001                 -9.9000000000000000E+001                 -9.9000000000000000E+001 
                 9.9885239759414035E-001                  2.2080479044684452E+001                  1.2231393116048864E+002                  4.1244669853740041E+006                 -5.7097665816645646E+000                  4.2924880574464144E+000                  1.1853391932365713E+013                  2.5059115873922426E+001                  1.2472747318336275E+009                  1.2698936176664770E+000                  1.5953771162731267E-001                  7.5731848633567278E-001                  5.4368468068760689E-001                  8.5000496627254152E-001                  4.1240940067354687E+006                  3.7297863853518669E+002                  9.8390838931115781E+004                  1.6202276041298508E-001                  0.0000000000000000E+000                  8.8797169825304940E+004                  3.9085299490931302E+003                  2.8682836803561630E-025                  2.8682836803561630E-025                  0.0000000000000000E+000                  0.0000000000000000E+000                  1.1475032767642228E-026                  0.0000000000000000E+000                  2.2487004871469196E+001                  6.9999999999999996E-001                  2.9797635251138618E-005                  2.7997020236474884E-001                  4.1193902129486445E-003                  1.2067031330276047E-003                  1.1203876416666529E-002                  2.5129237964844936E-003                  9.5710644087274629E-004                  0.0000000000000000E+000                  0.0000000000000000E+000                  0.0000000000000000E+000                  0.0000000000000000E+000                  0.0000000000000000E+000                  0.0000000000000000E+000                  0.0000000000000000E+000                  0.0000000000000000E+000                  0.0000000000000000E+000                  0.0000000000000000E+000                 -9.9408812680758540E+000                 -9.8999999999999986E+001                  0.0000000000000000E+000                  0.0000000000000000E+000                 -9.8999999999999986E+001                 -9.8999999999999986E+001                  1.5359146200075889E+001                 -9.9000000000000000E+001                 -9.9000000000000000E+001                 -9.9000000000000000E+001 
                 9.9877267134674685E-001                  2.2041051025583375E+001                  1.2231300288552941E+002                  4.4369598895951463E+006                 -5.6850663358765470E+000                  4.2977149232824363E+000                  1.1981872022853387E+013                  2.5066798857424246E+001                  1.2126889286858270E+009                  1.2740823276533846E+000                  1.6237479766649204E-001                  7.5396011853310707E-001                  5.4883262375822106E-001                  8.5000496627254152E-001                  4.4365685160892401E+006                  3.9137350590649936E+002                  1.0487418086630912E+005                  1.6469927901290105E-001                  0.0000000000000000E+000                  8.7710686447257802E+004                  4.0610595195177539E+003                  3.0363762052049448E-025                  3.0363762052049448E-025                  0.0000000000000000E+000                  0.0000000000000000E+000                  1.2147514101177186E-026                  0.0000000000000000E+000                  2.2841906104825632E+001                  6.9999999999999996E-001                  2.9797635251138618E-005                  2.7997020236474884E-001                  4.1193902129486445E-003                  1.2067031330276047E-003                  1.1203876416666529E-002                  2.5129237964844936E-003                  9.5710644087274629E-004                  0.0000000000000000E+000                  0.0000000000000000E+000                  0.0000000000000000E+000                  0.0000000000000000E+000                  0.0000000000000000E+000                  0.0000000000000000E+000                  0.0000000000000000E+000                  0.0000000000000000E+000                  0.0000000000000000E+000                  0.0000000000000000E+000                 -9.8926570659849951E+000                 -9.8999999999999986E+001                  0.0000000000000000E+000                  0.0000000000000000E+000                 -9.8999999999999986E+001                 -9.8999999999999986E+001                  1.5359170968854135E+001                 -9.9000000000000000E+001                 -9.9000000000000000E+001                 -9.9000000000000000E+001 
                 9.9868751747800089E-001                  2.2001123592499450E+001                  1.2231199576737630E+002                  4.7731106964690331E+006                 -5.6604368304458070E+000                  4.3030299955169147E+000                  1.2111405305794957E+013                  2.5073610200175743E+001                  1.1786071108269434E+009                  1.2784114328794325E+000                  1.6530587730031363E-001                  7.5066029768693154E-001                  5.5389795018870203E-001                  8.5000496627254152E-001                  4.7726996871096455E+006                  4.1100935938811517E+002                  1.1165799750120606E+005                  1.6748822158726015E-001                  0.0000000000000000E+000                  8.6653341741351047E+004                  4.2180351303645029E+003                  3.2138023452219913E-025                  3.2138023452219913E-025                  0.0000000000000000E+000                  0.0000000000000000E+000                  1.2857336071998829E-026                  0.0000000000000000E+000                  2.3245571272347767E+001                  6.9999999999999996E-001                  2.9797635251138618E-005                  2.7997020236474884E-001                  4.1193902129486445E-003                  1.2067031330276047E-003                  1.1203876416666529E-002                  2.5129237964844936E-003                  9.5710644087274629E-004                  0.0000000000000000E+000                  0.0000000000000000E+000                  0.0000000000000000E+000                  0.0000000000000000E+000                  0.0000000000000000E+000                  0.0000000000000000E+000                  0.0000000000000000E+000                  0.0000000000000000E+000                  0.0000000000000000E+000                  0.0000000000000000E+000                 -9.8451711431291820E+000                 -9.8999999999999986E+001                  0.0000000000000000E+000                  0.0000000000000000E+000                 -9.8999999999999986E+001                 -9.8999999999999986E+001                  1.5359332235689820E+001                 -9.9000000000000000E+001                 -9.9000000000000000E+001                 -9.9000000000000000E+001 
                 9.9859657532112700E-001                  2.1960685641458152E+001                  1.2231090118318329E+002                  5.1347111884246552E+006                 -5.6358685394031856E+000                  4.3084358044519497E+000                  1.2241455283621873E+013                  2.5077642268070392E+001                  1.1454581870328884E+009                  1.2828136020322614E+000                  1.6829461102351392E-001                  7.4743870837934545E-001                  5.5934243571047071E-001                  8.5000496627254152E-001                  5.1342791971775331E+006                  4.3199124712250483E+002                  1.1873942181360639E+005                  1.7035628230645233E-001                  0.0000000000000000E+000                  8.5626417676763478E+004                  4.3794335351324708E+003                  3.4011235753107730E-025                  3.4011235753107730E-025                  0.0000000000000000E+000                  0.0000000000000000E+000                  1.3606744951299653E-026                  0.0000000000000000E+000                  2.3699251402687270E+001                  6.9999999999999996E-001                  2.9797635251138618E-005                  2.7997020236474884E-001                  4.1193902129486445E-003                  1.2067031330276047E-003                  1.1203876416666529E-002                  2.5129237964844936E-003                  9.5710644087274629E-004                  0.0000000000000000E+000                  0.0000000000000000E+000                  0.0000000000000000E+000                  0.0000000000000000E+000                  0.0000000000000000E+000                  0.0000000000000000E+000                  0.0000000000000000E+000                  0.0000000000000000E+000                  0.0000000000000000E+000                  0.0000000000000000E+000                 -9.7975140150760680E+000                 -9.8999999999999986E+001                  0.0000000000000000E+000                  0.0000000000000000E+000                 -9.8999999999999986E+001                 -9.8999999999999986E+001                  1.5359648081113729E+001                 -9.9000000000000000E+001                 -9.9000000000000000E+001                 -9.9000000000000000E+001 
                 9.9849946108738152E-001                  2.1919726749538217E+001                  1.2230970949889297E+002                  5.5236888212456070E+006                 -5.6113718622560667E+000                  4.3139340013741228E+000                  1.2372698537552635E+013                  2.5079389583969242E+001                  1.1132800392743113E+009                  1.2872401074835813E+000                  1.7132414214211378E-001                  7.4427583451265011E-001                  5.6507310846802616E-001                  8.5000496627254152E-001                  5.5232343904705858E+006                  4.5443077502162350E+002                  1.2611761273539424E+005                  1.7327582176244030E-001                  0.0000000000000000E+000                  8.4622914260554913E+004                  4.5453864758746286E+003                  3.5987769430604741E-025                  3.5987769430604745E-025                  0.0000000000000000E+000                  0.0000000000000000E+000                  1.4397489218679187E-026                  0.0000000000000000E+000                  2.4141810268573479E+001                  6.9999999999999996E-001                  2.9797635251138618E-005                  2.7997020236474884E-001                  4.1193902129486445E-003                  1.2067031330276047E-003                  1.1203876416666529E-002                  2.5129237964844936E-003                  9.5710644087274629E-004                  0.0000000000000000E+000                  0.0000000000000000E+000                  0.0000000000000000E+000                  0.0000000000000000E+000                  0.0000000000000000E+000                  0.0000000000000000E+000                  0.0000000000000000E+000                  0.0000000000000000E+000                  0.0000000000000000E+000                  0.0000000000000000E+000                 -9.7499242088488778E+000                 -9.8999999999999986E+001                  0.0000000000000000E+000                  0.0000000000000000E+000                 -9.8999999999999986E+001                 -9.8999999999999986E+001                  1.5360073328066779E+001                 -9.9000000000000000E+001                 -9.9000000000000000E+001                 -9.9000000000000000E+001 
                 9.9839576644147898E-001                  2.1878235304730371E+001                  1.2230841330531999E+002                  5.9421171201656638E+006                 -5.5869611219791526E+000                  4.3195258933940019E+000                  1.2506043378683812E+013                  2.5081000756462025E+001                  1.0820499312424145E+009                  1.2916630346278324E+000                  1.7439018521647853E-001                  7.4114153903834168E-001                  5.7060694653200228E-001                  8.5000496627254152E-001                  5.9416386715491312E+006                  4.7844861653266253E+002                  1.3379615650196731E+005                  1.7623600585517399E-001                  0.0000000000000000E+000                  8.3636584738899575E+004                  4.7162286988679089E+003                  3.8071710561348443E-025                  3.8071710561348448E-025                  0.0000000000000000E+000                  0.0000000000000000E+000                  1.5231203575218438E-026                  0.0000000000000000E+000                  2.4548507614311038E+001                  6.9999999999999996E-001                  2.9797635251138618E-005                  2.7997020236474884E-001                  4.1193902129486445E-003                  1.2067031330276047E-003                  1.1203876416666529E-002                  2.5129237964844936E-003                  9.5710644087274629E-004                  0.0000000000000000E+000                  0.0000000000000000E+000                  0.0000000000000000E+000                  0.0000000000000000E+000                  0.0000000000000000E+000                  0.0000000000000000E+000                  0.0000000000000000E+000                  0.0000000000000000E+000                  0.0000000000000000E+000                  0.0000000000000000E+000                 -9.7032697362450833E+000                 -9.8999999999999986E+001                  0.0000000000000000E+000                  0.0000000000000000E+000                 -9.8999999999999986E+001                 -9.8999999999999986E+001                  1.5360571393447357E+001                 -9.9000000000000000E+001                 -9.9000000000000000E+001                 -9.9000000000000000E+001 
                 9.9828505700567949E-001                  2.1836198062465179E+001                  1.2230700611308201E+002                  6.3922268508772757E+006                 -5.5626461966344962E+000                  4.3252123977847212E+000                  1.2641979018544824E+013                  2.5084332553096743E+001                  1.0519461936795851E+009                  1.2960399155701050E+000                  1.7747231440183958E-001                  7.3801641041599186E-001                  5.7555664710095411E-001                  8.5000496627254152E-001                  6.3917226758613437E+006                  5.0417501593167577E+002                  1.4178525017761765E+005                  1.7922451510057105E-001                  0.0000000000000000E+000                  8.2665567561844815E+004                  4.8925752896093127E+003                  4.0267523207498986E-025                  4.0267523207498991E-025                  0.0000000000000000E+000                  0.0000000000000000E+000                  1.6109673941224042E-026                  0.0000000000000000E+000                  2.4918710909406450E+001                  6.9999999999999996E-001                  2.9797635251138618E-005                  2.7997020236474884E-001                  4.1193902129486445E-003                  1.2067031330276047E-003                  1.1203876416666529E-002                  2.5129237964844936E-003                  9.5710644087274629E-004                  0.0000000000000000E+000                  0.0000000000000000E+000                  0.0000000000000000E+000                  0.0000000000000000E+000                  0.0000000000000000E+000                  0.0000000000000000E+000                  0.0000000000000000E+000                  0.0000000000000000E+000                  0.0000000000000000E+000                  0.0000000000000000E+000                 -9.6582090385477457E+000                 -9.8999999999999986E+001                  0.0000000000000000E+000                  0.0000000000000000E+000                 -9.8999999999999986E+001                 -9.8999999999999986E+001                  1.5361141980138616E+001                 -9.9000000000000000E+001                 -9.9000000000000000E+001                 -9.9000000000000000E+001 
                 9.9816687080898581E-001                  2.1793600504892115E+001                  1.2230548123182244E+002                  6.8764179553103810E+006                 -5.5384174724085664E+000                  4.3309936032758234E+000                  1.2779996652262785E+013                  2.5088147633977730E+001                  1.0232167308322512E+009                  1.3003337368651839E+000                  1.8053963779723323E-001                  7.3491897511662907E-001                  5.8025785748012837E-001                  8.5000496627254152E-001                  6.8758862069705669E+006                  5.3174833981445397E+002                  1.5010412453039599E+005                  1.8221520153847562E-001                  0.0000000000000000E+000                  8.1708696005708698E+004                  5.0753306215756729E+003                  4.2581617790386351E-025                  4.2581617790386351E-025                  0.0000000000000000E+000                  0.0000000000000000E+000                  1.7035464909474688E-026                  0.0000000000000000E+000                  2.5299138489610829E+001                  6.9999999999999996E-001                  2.9797635251138618E-005                  2.7997020236474884E-001                  4.1193902129486445E-003                  1.2067031330276047E-003                  1.1203876416666529E-002                  2.5129237964844936E-003                  9.5710644087274629E-004                  0.0000000000000000E+000                  0.0000000000000000E+000                  0.0000000000000000E+000                  0.0000000000000000E+000                  0.0000000000000000E+000                  0.0000000000000000E+000                  0.0000000000000000E+000                  0.0000000000000000E+000                  0.0000000000000000E+000                  0.0000000000000000E+000                 -9.6142440805313569E+000                 -9.8999999999999986E+001                  0.0000000000000000E+000                  0.0000000000000000E+000                 -9.8999999999999986E+001                 -9.8999999999999986E+001                  1.5361791826582582E+001                 -9.9000000000000000E+001                 -9.9000000000000000E+001                 -9.9000000000000000E+001 
                 9.9804071666643979E-001                  2.1750428728476447E+001                  1.2230382869575537E+002                  7.3972722773718936E+006                 -5.5142538916437580E+000                  4.3368688042452259E+000                  1.2919177765591900E+013                  2.5090347087215910E+001                  9.9597215163283527E+008                  1.3045379828797550E+000                  1.8357475210629198E-001                  7.3188374778714604E-001                  5.8537323869810920E-001                  8.5000496627254152E-001                  7.3967109619860612E+006                  5.6131538583262216E+002                  1.5877425436131895E+005                  1.8518304382754164E-001                  0.0000000000000000E+000                  8.0763629787917162E+004                  5.2651380231500871E+003                  4.5022045186460340E-025                  4.5022045186460340E-025                  0.0000000000000000E+000                  0.0000000000000000E+000                  1.8011797363359353E-026                  0.0000000000000000E+000                  2.5741429381499046E+001                  6.9999999999999996E-001                  2.9797635251138618E-005                  2.7997020236474884E-001                  4.1193902129486445E-003                  1.2067031330276047E-003                  1.1203876416666529E-002                  2.5129237964844936E-003                  9.5710644087274629E-004                  0.0000000000000000E+000                  0.0000000000000000E+000                  0.0000000000000000E+000                  0.0000000000000000E+000                  0.0000000000000000E+000                  0.0000000000000000E+000                  0.0000000000000000E+000                  0.0000000000000000E+000                  0.0000000000000000E+000                  0.0000000000000000E+000                 -9.5701112594561035E+000                 -9.8999999999999986E+001                  0.0000000000000000E+000                  0.0000000000000000E+000                 -9.8999999999999986E+001                 -9.8999999999999986E+001                  1.5362514002771992E+001                 -9.9000000000000000E+001                 -9.9000000000000000E+001                 -9.9000000000000000E+001 
                 9.9790607243730522E-001                  2.1706670642462864E+001                  1.2230203411047380E+002                  7.9575672418058692E+006                 -5.4901511240035239E+000                  4.3428369575024259E+000                  1.3059323947122387E+013                  2.5091045354254447E+001                  9.7006476887097335E+008                  1.3086674575612522E+000                  1.8657457426691354E-001                  7.2892946447335660E-001                  5.9090015029780274E-001                  8.5000496627254152E-001                  7.9569742078517722E+006                  5.9303395409667542E+002                  1.6780970903130065E+005                  1.8811744613927700E-001                  0.0000000000000000E+000                  7.9826860413541988E+004                  5.4623392733772052E+003                  4.7595781514674828E-025                  4.7595781514674837E-025                  0.0000000000000000E+000                  0.0000000000000000E+000                  1.9041462212152511E-026                  0.0000000000000000E+000                  2.6213668464327913E+001                  6.9999999999999996E-001                  2.9797635251138618E-005                  2.7997020236474884E-001                  4.1193902129486445E-003                  1.2067031330276047E-003                  1.1203876416666529E-002                  2.5129237964844936E-003                  9.5710644087274629E-004                  0.0000000000000000E+000                  0.0000000000000000E+000                  0.0000000000000000E+000                  0.0000000000000000E+000                  0.0000000000000000E+000                  0.0000000000000000E+000                  0.0000000000000000E+000                  0.0000000000000000E+000                  0.0000000000000000E+000                  0.0000000000000000E+000                 -9.5257661430697311E+000                 -9.8999999999999986E+001                  0.0000000000000000E+000                  0.0000000000000000E+000                 -9.8999999999999986E+001                 -9.8999999999999986E+001                  1.5363279886683166E+001                 -9.9000000000000000E+001                 -9.9000000000000000E+001                 -9.9000000000000000E+001 
                 9.9776238315678489E-001                  2.1662314361554294E+001                  1.2230008383539631E+002                  8.5602907007088065E+006                 -5.4661216786774727E+000                  4.3488968331355586E+000                  1.3201130244153760E+013                  2.5092353368182224E+001                  9.4537133319162107E+008                  1.3127095740776289E+000                  1.8952968763218669E-001                  7.2604673752478410E-001                  5.9619570539424083E-001                  8.5000496627254152E-001                  8.5596636263220720E+006                  6.2707438673377214E+002                  1.7721644139765881E+005                  1.9101255860081892E-001                  0.0000000000000000E+000                  7.8895373416834234E+004                  5.6670491126523784E+003                  5.0308269199203004E-025                  5.0308269199203004E-025                  0.0000000000000000E+000                  0.0000000000000000E+000                  2.0126636785729693E-026                  0.0000000000000000E+000                  2.6639711337181378E+001                  6.9999999999999996E-001                  2.9797635251138618E-005                  2.7997020236474884E-001                  4.1193902129486445E-003                  1.2067031330276047E-003                  1.1203876416666529E-002                  2.5129237964844936E-003                  9.5710644087274629E-004                  0.0000000000000000E+000                  0.0000000000000000E+000                  0.0000000000000000E+000                  0.0000000000000000E+000                  0.0000000000000000E+000                  0.0000000000000000E+000                  0.0000000000000000E+000                  0.0000000000000000E+000                  0.0000000000000000E+000                  0.0000000000000000E+000                 -9.4824734661072654E+000                 -9.8999999999999986E+001                  0.0000000000000000E+000                  0.0000000000000000E+000                 -9.8999999999999986E+001                 -9.8999999999999986E+001                  1.5364055416428384E+001                 -9.9000000000000000E+001                 -9.9000000000000000E+001                 -9.9000000000000000E+001 
                 9.9760905909443465E-001                  2.1617346478685484E+001                  1.2229796896610860E+002                  9.2086569402509984E+006                 -5.4421660106826941E+000                  4.3550465892963066E+000                  1.3344997452559564E+013                  2.5095753689607072E+001                  9.2205748817420077E+008                  1.3166149743984052E+000                  1.9241046858222971E-001                  7.2322212421242016E-001                  6.0094057154047942E-001                  8.5000496627254152E-001                  9.2079933223588709E+006                  6.6361789212720623E+002                  1.8699820714906848E+005                  1.9384910801573088E-001                  0.0000000000000000E+000                  7.7968906899216425E+004                  5.8794832635413441E+003                  5.3166433193184257E-025                  5.3166433193184257E-025                  0.0000000000000000E+000                  0.0000000000000000E+000                  2.1270091523665853E-026                  0.0000000000000000E+000                  2.7034600677948056E+001                  6.9999999999999996E-001                  2.9797635251138618E-005                  2.7997020236474884E-001                  4.1193902129486445E-003                  1.2067031330276047E-003                  1.1203876416666529E-002                  2.5129237964844936E-003                  9.5710644087274629E-004                  0.0000000000000000E+000                  0.0000000000000000E+000                  0.0000000000000000E+000                  0.0000000000000000E+000                  0.0000000000000000E+000                  0.0000000000000000E+000                  0.0000000000000000E+000                  0.0000000000000000E+000                  0.0000000000000000E+000                  0.0000000000000000E+000                 -9.4406789168713150E+000                 -9.8999999999999986E+001                  0.0000000000000000E+000                  0.0000000000000000E+000                 -9.8999999999999986E+001                 -9.8999999999999986E+001                  1.5364834504583877E+001                 -9.9000000000000000E+001                 -9.9000000000000000E+001                 -9.9000000000000000E+001 
                 9.9744547375946180E-001                  2.1571753264179300E+001                  1.2229567911088395E+002                  9.9061236618381906E+006                 -5.4182724607859427E+000                  4.3612832492768510E+000                  1.3490612419202307E+013                  2.5100995073406267E+001                  9.0041081307174087E+008                  1.3203295052856983E+000                  1.9517608047847992E-001                  7.2045005643527027E-001                  6.0537132939196481E-001                  8.5000496627254152E-001                  9.9054208084760308E+006                  7.0285336215929590E+002                  1.9716560560194179E+005                  1.9659138152356345E-001                  0.0000000000000000E+000                  7.7047243101747881E+004                  6.1001249401018658E+003                  5.6179078534085574E-025                  5.6179078534085574E-025                  0.0000000000000000E+000                  0.0000000000000000E+000                  2.2475349023689899E-026                  0.0000000000000000E+000                  2.7450165444995175E+001                  6.9999999999999996E-001                  2.9797635251138618E-005                  2.7997020236474884E-001                  4.1193902129486445E-003                  1.2067031330276047E-003                  1.1203876416666529E-002                  2.5129237964844936E-003                  9.5710644087274629E-004                  0.0000000000000000E+000                  0.0000000000000000E+000                  0.0000000000000000E+000                  0.0000000000000000E+000                  0.0000000000000000E+000                  0.0000000000000000E+000                  0.0000000000000000E+000                  0.0000000000000000E+000                  0.0000000000000000E+000                  0.0000000000000000E+000                 -9.3998507499546733E+000                 -9.8999999999999986E+001                  0.0000000000000000E+000                  0.0000000000000000E+000                 -9.8999999999999986E+001                 -9.8999999999999986E+001                  1.5365624068676892E+001                 -9.9000000000000000E+001                 -9.9000000000000000E+001                 -9.9000000000000000E+001 
                 9.9727096181283226E-001                  2.1525521961663646E+001                  1.2229319875597463E+002                  1.0656410117944613E+007                 -5.3944294014670495E+000                  4.3676027414475778E+000                  1.3637518562718879E+013                  2.5106220772001066E+001                  8.8057059464133775E+008                  1.3238324075772212E+000                  1.9780035228640358E-001                  7.1773489961620773E-001                  6.1001721217627869E-001                  8.5000496627254152E-001                  1.0655665141235285E+007                  7.4497670932908977E+002                  2.0773838284440082E+005                  1.9920499765187935E-001                  0.0000000000000000E+000                  7.6126641806304615E+004                  6.3296071525828929E+003                  5.9355682905887415E-025                  5.9355682905887415E-025                  0.0000000000000000E+000                  0.0000000000000000E+000                  2.3746200986657880E-026                  0.0000000000000000E+000                  2.7898575863230231E+001                  6.9999999999999996E-001                  2.9797635251138618E-005                  2.7997020236474884E-001                  4.1193902129486445E-003                  1.2067031330276047E-003                  1.1203876416666529E-002                  2.5129237964844936E-003                  9.5710644087274629E-004                  0.0000000000000000E+000                  0.0000000000000000E+000                  0.0000000000000000E+000                  0.0000000000000000E+000                  0.0000000000000000E+000                  0.0000000000000000E+000                  0.0000000000000000E+000                  0.0000000000000000E+000                  0.0000000000000000E+000                  0.0000000000000000E+000                 -9.3591522923816228E+000                 -9.8999999999999986E+001                  0.0000000000000000E+000                  0.0000000000000000E+000                 -9.8999999999999986E+001                 -9.8999999999999986E+001                  1.5366402130680497E+001                 -9.9000000000000000E+001                 -9.9000000000000000E+001                 -9.9000000000000000E+001 
                 9.9708481683630545E-001                  2.1478640855136589E+001                  1.2229050984110214E+002                  1.1463516755237458E+007                 -5.3706304620974938E+000                  4.3740006571265058E+000                  1.3785734287225865E+013                  2.5109063523804082E+001                  8.6241701562388539E+008                  1.3271451452623999E+000                  2.0028971509692012E-001                  7.1509368006788132E-001                  6.1515167618652777E-001                  8.5000496627254152E-001                  1.1462726560090581E+007                  7.9019514687690014E+002                  2.1874182686173212E+005                  2.0167947295469818E-001                  0.0000000000000000E+000                  7.5202107207322159E+004                  6.5686015501323818E+003                  6.2705699486826672E-025                  6.2705699486826672E-025                  0.0000000000000000E+000                  0.0000000000000000E+000                  2.5086429309516631E-026                  0.0000000000000000E+000                  2.8370110001362224E+001                  6.9999999999999996E-001                  2.9797635251138618E-005                  2.7997020236474884E-001                  4.1193902129486445E-003                  1.2067031330276047E-003                  1.1203876416666529E-002                  2.5129237964844936E-003                  9.5710644087274629E-004                  0.0000000000000000E+000                  0.0000000000000000E+000                  0.0000000000000000E+000                  0.0000000000000000E+000                  0.0000000000000000E+000                  0.0000000000000000E+000                  0.0000000000000000E+000                  0.0000000000000000E+000                  0.0000000000000000E+000                  0.0000000000000000E+000                 -9.3181187495064108E+000                 -9.8999999999999986E+001                  0.0000000000000000E+000                  0.0000000000000000E+000                 -9.8999999999999986E+001                 -9.8999999999999986E+001                  1.5367127145748997E+001                 -9.9000000000000000E+001                 -9.9000000000000000E+001                 -9.9000000000000000E+001 
                 9.9688628892688713E-001                  2.1431098751512124E+001                  1.2228759358079084E+002                  1.2331746480871558E+007                 -5.3468790716314398E+000                  4.3804726317557208E+000                  1.3935910729866879E+013                  2.5109445897567419E+001                  8.4587421541535640E+008                  1.3302593482970853E+000                  2.0263990282510580E-001                  7.1252563043695427E-001                  6.2031024240896160E-001                  8.5000496627254152E-001                  1.2330907750718458E+007                  8.3873015310111759E+002                  2.3020156932935506E+005                  2.0401632739745501E-001                  0.0000000000000000E+000                  7.4271977504990311E+004                  6.8176612058570663E+003                  6.6237713747523444E-025                  6.6237713747523435E-025                  0.0000000000000000E+000                  0.0000000000000000E+000                  2.6499468748755379E-026                  0.0000000000000000E+000                  2.8834002335942266E+001                  6.9999999999999996E-001                  2.9797635251138618E-005                  2.7997020236474884E-001                  4.1193902129486445E-003                  1.2067031330276047E-003                  1.1203876416666529E-002                  2.5129237964844936E-003                  9.5710644087274629E-004                  0.0000000000000000E+000                  0.0000000000000000E+000                  0.0000000000000000E+000                  0.0000000000000000E+000                  0.0000000000000000E+000                  0.0000000000000000E+000                  0.0000000000000000E+000                  0.0000000000000000E+000                  0.0000000000000000E+000                  0.0000000000000000E+000                 -9.2774259562684787E+000                 -9.8999999999999986E+001                  0.0000000000000000E+000                  0.0000000000000000E+000                 -9.8999999999999986E+001                 -9.8999999999999986E+001                  1.5367775897213743E+001                 -9.9000000000000000E+001                 -9.9000000000000000E+001                 -9.9000000000000000E+001 
                 9.9667458217388594E-001                  2.1382883921472761E+001                  1.2228443288033570E+002                  1.3265727559774671E+007                 -5.3231826433422151E+000                  4.3870141352138612E+000                  1.4088797988523457E+013                  2.5109288018669048E+001                  8.3089681652890682E+008                  1.3331662776938906E+000                  2.0484442161057437E-001                  7.1001020991167785E-001                  6.2479730049451643E-001                  8.5000496627254152E-001                  1.3264836743238112E+007                  8.9081653655854495E+002                  2.4213508741398616E+005                  2.0621044459729163E-001                  0.0000000000000000E+000                  7.3337292188823572E+004                  7.0768955211305083E+003                  6.9960008742109853E-025                  6.9960008742109853E-025                  0.0000000000000000E+000                  0.0000000000000000E+000                  2.7988633074266240E-026                  0.0000000000000000E+000                  2.9269193578423121E+001                  6.9999999999999996E-001                  2.9797635251138618E-005                  2.7997020236474884E-001                  4.1193902129486445E-003                  1.2067031330276047E-003                  1.1203876416666529E-002                  2.5129237964844936E-003                  9.5710644087274629E-004                  0.0000000000000000E+000                  0.0000000000000000E+000                  0.0000000000000000E+000                  0.0000000000000000E+000                  0.0000000000000000E+000                  0.0000000000000000E+000                  0.0000000000000000E+000                  0.0000000000000000E+000                  0.0000000000000000E+000                  0.0000000000000000E+000                 -9.2381541939347933E+000                 -9.8999999999999986E+001                  0.0000000000000000E+000                  0.0000000000000000E+000                 -9.8999999999999986E+001                 -9.8999999999999986E+001                  1.5368346701872660E+001                 -9.9000000000000000E+001                 -9.9000000000000000E+001                 -9.9000000000000000E+001 
                 9.9644885205831546E-001                  2.1333983628620548E+001                  1.2228101195213459E+002                  1.4270438251643591E+007                 -5.2995370736773717E+000                  4.3936210938431017E+000                  1.4244353034081416E+013                  2.5110428865377177E+001                  8.1726503465292263E+008                  1.3359418546388917E+000                  2.0693933295667882E-001                  7.0753434239078805E-001                  6.2874279153168167E-001                  8.5000496627254152E-001                  1.4269491543517470E+007                  9.4670812612076509E+002                  2.5455238571384992E+005                  2.0827629041374751E-001                  0.0000000000000000E+000                  7.2398977119262185E+004                  7.3464146410313424E+003                  7.3883033345418000E-025                  7.3883033345418009E-025                  0.0000000000000000E+000                  0.0000000000000000E+000                  2.9558102527559369E-026                  0.0000000000000000E+000                  2.9713855325608229E+001                  6.9999999999999996E-001                  2.9797635251138618E-005                  2.7997020236474884E-001                  4.1193902129486445E-003                  1.2067031330276047E-003                  1.1203876416666529E-002                  2.5129237964844936E-003                  9.5710644087274629E-004                  0.0000000000000000E+000                  0.0000000000000000E+000                  0.0000000000000000E+000                  0.0000000000000000E+000                  0.0000000000000000E+000                  0.0000000000000000E+000                  0.0000000000000000E+000                  0.0000000000000000E+000                  0.0000000000000000E+000                  0.0000000000000000E+000                 -9.2001301343644375E+000                 -9.8999999999999986E+001                  0.0000000000000000E+000                  0.0000000000000000E+000                 -9.8999999999999986E+001                 -9.8999999999999986E+001                  1.5368844718284093E+001                 -9.9000000000000000E+001                 -9.9000000000000000E+001                 -9.9000000000000000E+001 
                 9.9620820271112132E-001                  2.1284385394623325E+001                  1.2227730951757822E+002                  1.5351233181771012E+007                 -5.2759301569357717E+000                  4.4002907194877743E+000                  1.4402094120220502E+013                  2.5112428519826651E+001                  8.0471259810631657E+008                  1.3386729349704356E+000                  2.0896889920258988E-001                  7.0510557610253644E-001                  6.3279954505730618E-001                  8.5000496627254152E-001                  1.5350226494429851E+007                  1.0066873411611820E+003                  2.6746460970635456E+005                  2.1025447221486726E-001                  0.0000000000000000E+000                  7.1459331676093861E+004                  7.6264839509445064E+003                  7.8019323450925003E-025                  7.8019323450925003E-025                  0.0000000000000000E+000                  0.0000000000000000E+000                  3.1212892295729153E-026                  0.0000000000000000E+000                  3.0212939757300528E+001                  6.9999999999999996E-001                  2.9797635251138618E-005                  2.7997020236474884E-001                  4.1193902129486445E-003                  1.2067031330276047E-003                  1.1203876416666529E-002                  2.5129237964844936E-003                  9.5710644087274629E-004                  0.0000000000000000E+000                  0.0000000000000000E+000                  0.0000000000000000E+000                  0.0000000000000000E+000                  0.0000000000000000E+000                  0.0000000000000000E+000                  0.0000000000000000E+000                  0.0000000000000000E+000                  0.0000000000000000E+000                  0.0000000000000000E+000                 -9.1623866844547290E+000                 -9.8999999999999986E+001                  0.0000000000000000E+000                  0.0000000000000000E+000                 -9.8999999999999986E+001                 -9.8999999999999986E+001                  1.5369285450370954E+001                 -9.9000000000000000E+001                 -9.9000000000000000E+001                 -9.9000000000000000E+001 
                 9.9595168400211176E-001                  2.1234077959278363E+001                  1.2227329664168322E+002                  1.6513871596631654E+007                 -5.2523559568711429E+000                  4.4070215265204151E+000                  1.4561778883783189E+013                  2.5113687105696471E+001                  7.9298459235215473E+008                  1.3414274115192699E+000                  2.1096978358969085E-001                  7.0273397745136656E-001                  6.3735597902969265E-001                  8.5000496627254152E-001                  1.6512800526679823E+007                  1.0710699518306869E+003                  2.8088576886759524E+005                  2.1218616081351629E-001                  0.0000000000000000E+000                  7.0522778302731676E+004                  7.9175353556212349E+003                  8.2381220311182124E-025                  8.2381220311182124E-025                  0.0000000000000000E+000                  0.0000000000000000E+000                  3.2957939696635836E-026                  0.0000000000000000E+000                  3.0764582227452124E+001                  6.9999999999999996E-001                  2.9797635251138618E-005                  2.7997020236474884E-001                  4.1193902129486445E-003                  1.2067031330276047E-003                  1.1203876416666529E-002                  2.5129237964844936E-003                  9.5710644087274629E-004                  0.0000000000000000E+000                  0.0000000000000000E+000                  0.0000000000000000E+000                  0.0000000000000000E+000                  0.0000000000000000E+000                  0.0000000000000000E+000                  0.0000000000000000E+000                  0.0000000000000000E+000                  0.0000000000000000E+000                  0.0000000000000000E+000                 -9.1242928778299852E+000                 -9.8999999999999986E+001                  0.0000000000000000E+000                  0.0000000000000000E+000                 -9.8999999999999986E+001                 -9.8999999999999986E+001                  1.5369691082025620E+001                 -9.9000000000000000E+001                 -9.9000000000000000E+001                 -9.9000000000000000E+001 
                 9.9567828845508910E-001                  2.1183050616711039E+001                  1.2226894166176331E+002                  1.7764547960460708E+007                 -5.2288225616755506E+000                  4.4138132938605992E+000                  1.4723801340309021E+013                  2.5113453518751129E+001                  7.8180037354539609E+008                  1.3442747536287292E+000                  2.1298418600961899E-001                  7.0041675164980699E-001                  6.4205461192709323E-001                  8.5000496627254152E-001                  1.7763407750304732E+007                  1.1402101559763414E+003                  2.9483935734191904E+005                  2.1411131013080562E-001                  0.0000000000000000E+000                  6.9593980094557279E+004                  8.2205502589676398E+003                  8.6979070877382012E-025                  8.6979070877382012E-025                  0.0000000000000000E+000                  0.0000000000000000E+000                  3.4797384195636996E-026                  0.0000000000000000E+000                  3.1324470514502742E+001                  6.9999999999999996E-001                  2.9797635251138618E-005                  2.7997020236474884E-001                  4.1193902129486445E-003                  1.2067031330276047E-003                  1.1203876416666529E-002                  2.5129237964844936E-003                  9.5710644087274629E-004                  0.0000000000000000E+000                  0.0000000000000000E+000                  0.0000000000000000E+000                  0.0000000000000000E+000                  0.0000000000000000E+000                  0.0000000000000000E+000                  0.0000000000000000E+000                  0.0000000000000000E+000                  0.0000000000000000E+000                  0.0000000000000000E+000                 -9.0862932183926013E+000                 -9.8999999999999986E+001                  0.0000000000000000E+000                  0.0000000000000000E+000                 -9.8999999999999986E+001                 -9.8999999999999986E+001                  1.5370080244882701E+001                 -9.9000000000000000E+001                 -9.9000000000000000E+001                 -9.9000000000000000E+001 
                 9.9538694797251903E-001                  2.1131291567306910E+001                  1.2226421637388282E+002                  1.9109925199845187E+007                 -5.2053416814533344E+000                  4.4206674222484432E+000                  1.4888891663493223E+013                  2.5112548937273711E+001                  7.7081598454040194E+008                  1.3473102031595283E+000                  2.1507137407407206E-001                  6.9814323281041635E-001                  6.4633349237752924E-001                  8.5000496627254152E-001                  1.9108710688940495E+007                  1.2145109046914783E+003                  3.0935819701524556E+005                  2.1608105615167722E-001                  0.0000000000000000E+000                  6.8677433153397360E+004                  8.5366748567978593E+003                  9.1822709144353510E-025                  9.1822709144353510E-025                  0.0000000000000000E+000                  0.0000000000000000E+000                  3.6735160041616142E-026                  0.0000000000000000E+000                  3.1873524034672727E+001                  6.9999999999999996E-001                  2.9797635251138618E-005                  2.7997020236474884E-001                  4.1193902129486445E-003                  1.2067031330276047E-003                  1.1203876416666529E-002                  2.5129237964844936E-003                  9.5710644087274629E-004                  0.0000000000000000E+000                  0.0000000000000000E+000                  0.0000000000000000E+000                  0.0000000000000000E+000                  0.0000000000000000E+000                  0.0000000000000000E+000                  0.0000000000000000E+000                  0.0000000000000000E+000                  0.0000000000000000E+000                  0.0000000000000000E+000                 -9.0492313745960899E+000                 -9.8999999999999986E+001                  0.0000000000000000E+000                  0.0000000000000000E+000                 -9.8999999999999986E+001                 -9.8999999999999986E+001                  1.5370477102195482E+001                 -9.9000000000000000E+001                 -9.9000000000000000E+001                 -9.9000000000000000E+001 
                 9.9507653044605782E-001                  2.1078787413848236E+001                  1.2225909342508395E+002                  2.0557170375931066E+007                 -5.1819203731894952E+000                  4.4275873409834956E+000                  1.5057394176131057E+013                  2.5111821404295277E+001                  7.5967197716374195E+008                  1.3506446471363227E+000                  2.1729884742570810E-001                  6.9590184629835261E-001                  6.5000005628146040E-001                  8.5000496627254152E-001                  2.0555875938408785E+007                  1.2944375222791753E+003                  3.2447479217558680E+005                  2.1815933633520210E-001                  0.0000000000000000E+000                  6.7778747842965604E+004                  8.8671825873241523E+003                  9.6923076028295274E-025                  9.6923076028295274E-025                  0.0000000000000000E+000                  0.0000000000000000E+000                  3.8775644325276579E-026                  0.0000000000000000E+000                  3.2434208713615611E+001                  6.9999999999999996E-001                  2.9797635251138618E-005                  2.7997020236474884E-001                  4.1193902129486445E-003                  1.2067031330276047E-003                  1.1203876416666529E-002                  2.5129237964844936E-003                  9.5710644087274629E-004                  0.0000000000000000E+000                  0.0000000000000000E+000                  0.0000000000000000E+000                  0.0000000000000000E+000                  0.0000000000000000E+000                  0.0000000000000000E+000                  0.0000000000000000E+000                  0.0000000000000000E+000                  0.0000000000000000E+000                  0.0000000000000000E+000                 -9.0134944382403130E+000                 -9.8999999999999986E+001                  0.0000000000000000E+000                  0.0000000000000000E+000                 -9.8999999999999986E+001                 -9.8999999999999986E+001                  1.5370926619816901E+001                 -9.9000000000000000E+001                 -9.9000000000000000E+001                 -9.9000000000000000E+001 
                 9.9474583627928836E-001                  2.1025523651089316E+001                  1.2225353983859543E+002                  2.2114011934372593E+007                 -5.1585568806245297E+000                  4.4345783367625442E+000                  1.5228789517743361E+013                  2.5110838693125135E+001                  7.4815708254825842E+008                  1.3543505122687935E+000                  2.1970913236737039E-001                  6.9368073439324218E-001                  6.5356669327573702E-001                  8.5000496627254152E-001                  2.2112631406826731E+007                  1.3805275458630595E+003                  3.4020449248383526E+005                  2.2040200932904222E-001                  0.0000000000000000E+000                  6.6904710966587401E+004                  9.2126810149194462E+003                  1.0229344674440386E-024                  1.0229344674440386E-024                  0.0000000000000000E+000                  0.0000000000000000E+000                  4.0924148011420797E-026                  0.0000000000000000E+000                  3.3037451518664760E+001                  6.9999999999999996E-001                  2.9797635251138618E-005                  2.7997020236474884E-001                  4.1193902129486445E-003                  1.2067031330276047E-003                  1.1203876416666529E-002                  2.5129237964844936E-003                  9.5710644087274629E-004                  0.0000000000000000E+000                  0.0000000000000000E+000                  0.0000000000000000E+000                  0.0000000000000000E+000                  0.0000000000000000E+000                  0.0000000000000000E+000                  0.0000000000000000E+000                  0.0000000000000000E+000                  0.0000000000000000E+000                  0.0000000000000000E+000                 -8.9783745168295113E+000                 -9.8999999999999986E+001                  0.0000000000000000E+000                  0.0000000000000000E+000                 -9.8999999999999986E+001                 -9.8999999999999986E+001                  1.5371487401843321E+001                 -9.9000000000000000E+001                 -9.9000000000000000E+001                 -9.9000000000000000E+001 
                 9.9439358636569186E-001                  2.0971484423670400E+001                  1.2224751422702276E+002                  2.3788745149353161E+007                 -5.1352500968317587E+000                  4.4416466973116870E+000                  1.5402586238474541E+013                  2.5109193149669462E+001                  7.3613140817266703E+008                  1.3584667420611476E+000                  2.2232779307916412E-001                  6.9147124296214135E-001                  6.5772373049037947E-001                  8.5000496627254152E-001                  2.3787271756636169E+007                  1.4733927169909948E+003                  3.5651678787408915E+005                  2.2284361406603195E-001                  0.0000000000000000E+000                  6.6060812812746692E+004                  9.5724106763904238E+003                  1.0794762963078241E-024                  1.0794762963078241E-024                  0.0000000000000000E+000                  0.0000000000000000E+000                  4.3186195349319846E-026                  0.0000000000000000E+000                  3.3686607312930171E+001                  6.9999999999999996E-001                  2.9797635251138618E-005                  2.7997020236474884E-001                  4.1193902129486445E-003                  1.2067031330276047E-003                  1.1203876416666529E-002                  2.5129237964844936E-003                  9.5710644087274629E-004                  0.0000000000000000E+000                  0.0000000000000000E+000                  0.0000000000000000E+000                  0.0000000000000000E+000                  0.0000000000000000E+000                  0.0000000000000000E+000                  0.0000000000000000E+000                  0.0000000000000000E+000                  0.0000000000000000E+000                  0.0000000000000000E+000                 -8.9428337654400529E+000                 -9.8999999999999986E+001                  0.0000000000000000E+000                  0.0000000000000000E+000                 -9.8999999999999986E+001                 -9.8999999999999986E+001                  1.5372205177841796E+001                 -9.9000000000000000E+001                 -9.9000000000000000E+001                 -9.9000000000000000E+001 
                 9.9401844249910309E-001                  2.0916656243491534E+001                  1.2224097089703713E+002                  2.5590274118991934E+007                 -5.1120106820927971E+000                  4.4487996502879508E+000                  1.5578911971658971E+013                  2.5107903942546344E+001                  7.2342772000345051E+008                  1.3630486815738148E+000                  2.2519278597136050E-001                  6.8927493841034526E-001                  6.6249709000475698E-001                  8.5000496627254152E-001                  2.5588700388604734E+007                  1.5737303871982349E+003                  3.7333278197013075E+005                  2.2551582007928711E-001                  0.0000000000000000E+000                  6.5250319234742841E+004                  9.9450016489436184E+003                  1.1389703632456014E-024                  1.1389703632456014E-024                  0.0000000000000000E+000                  0.0000000000000000E+000                  4.5566351749272239E-026                  0.0000000000000000E+000                  3.4356362895887763E+001                  6.9999999999999996E-001                  2.9797635251138618E-005                  2.7997020236474884E-001                  4.1193902129486445E-003                  1.2067031330276047E-003                  1.1203876416666529E-002                  2.5129237964844936E-003                  9.5710644087274629E-004                  0.0000000000000000E+000                  0.0000000000000000E+000                  0.0000000000000000E+000                  0.0000000000000000E+000                  0.0000000000000000E+000                  0.0000000000000000E+000                  0.0000000000000000E+000                  0.0000000000000000E+000                  0.0000000000000000E+000                  0.0000000000000000E+000                 -8.9068299591186033E+000                 -9.8999999999999986E+001                  0.0000000000000000E+000                  0.0000000000000000E+000                 -9.8999999999999986E+001                 -9.8999999999999986E+001                  1.5373106706831267E+001                 -9.9000000000000000E+001                 -9.9000000000000000E+001                 -9.9000000000000000E+001 
                 9.9361897936221844E-001                  2.0861022687984004E+001                  1.2223386485801809E+002                  2.7528197321136836E+007                 -5.0888579122927373E+000                  4.4560461628896482E+000                  1.5758338136359613E+013                  2.5108720628140929E+001                  7.0981652299783647E+008                  1.3682063934030615E+000                  2.2837090438447241E-001                  6.8711204883416777E-001                  6.6705752540201213E-001                  8.5000496627254152E-001                  2.7526514971025985E+007                  1.6823501108508906E+003                  3.9053951339030755E+005                  2.2847078993153858E-001                  0.0000000000000000E+000                  6.4475236945063247E+004                  1.0328565551567706E+004                  1.2015074045616152E-024                  1.2015074045616152E-024                  0.0000000000000000E+000                  0.0000000000000000E+000                  4.8068247264194081E-026                  0.0000000000000000E+000                  3.5016646225701763E+001                  6.9999999999999996E-001                  2.9797635251138618E-005                  2.7997020236474884E-001                  4.1193902129486445E-003                  1.2067031330276047E-003                  1.1203876416666529E-002                  2.5129237964844936E-003                  9.5710644087274629E-004                  0.0000000000000000E+000                  0.0000000000000000E+000                  0.0000000000000000E+000                  0.0000000000000000E+000                  0.0000000000000000E+000                  0.0000000000000000E+000                  0.0000000000000000E+000                  0.0000000000000000E+000                  0.0000000000000000E+000                  0.0000000000000000E+000                 -8.8716506469229035E+000                 -9.8999999999999986E+001                  0.0000000000000000E+000                  0.0000000000000000E+000                 -9.8999999999999986E+001                 -9.8999999999999986E+001                  1.5374214090414908E+001                 -9.9000000000000000E+001                 -9.9000000000000000E+001                 -9.9000000000000000E+001 
                 9.9319368809996922E-001                  2.0804564440485017E+001                  1.2222615396448110E+002                  2.9612842072998263E+007                 -5.0658032354133500E+000                  4.4633973876881186E+000                  1.5941139074076496E+013                  2.5112110382990416E+001                  6.9505730876185763E+008                  1.3740627645322880E+000                  2.3193225717798593E-001                  6.8500391400666727E-001                  6.7087334051177472E-001                  8.5000496627254152E-001                  2.9611041870830622E+007                  1.8002021676415661E+003                  4.0799879302326485E+005                  2.3177722112204363E-001                  0.0000000000000000E+000                  6.3738060720834619E+004                  1.0721299887976314E+004                  1.2671958387253332E-024                  1.2671958387253332E-024                  0.0000000000000000E+000                  0.0000000000000000E+000                  5.0696219350654510E-026                  0.0000000000000000E+000                  3.5682982792685102E+001                  6.9999999999999996E-001                  2.9797635251138618E-005                  2.7997020236474884E-001                  4.1193902129486445E-003                  1.2067031330276047E-003                  1.1203876416666529E-002                  2.5129237964844936E-003                  9.5710644087274629E-004                  0.0000000000000000E+000                  0.0000000000000000E+000                  0.0000000000000000E+000                  0.0000000000000000E+000                  0.0000000000000000E+000                  0.0000000000000000E+000                  0.0000000000000000E+000                  0.0000000000000000E+000                  0.0000000000000000E+000                  0.0000000000000000E+000                 -8.8381800169861293E+000                 -9.8999999999999986E+001                  0.0000000000000000E+000                  0.0000000000000000E+000                 -9.8999999999999986E+001                 -9.8999999999999986E+001                  1.5375562561688280E+001                 -9.9000000000000000E+001                 -9.9000000000000000E+001                 -9.9000000000000000E+001 
                 9.9274097192896660E-001                  2.0747260159386663E+001                  1.2221778964030086E+002                  3.1855320637892015E+007                 -5.0428508218973853E+000                  4.4708659934469415E+000                  1.6127031338689330E+013                  2.5116294178262173E+001                  6.7915308389047742E+008                  1.3806640968150579E+000                  2.3590027313101405E-001                  6.8295584630425921E-001                  6.7422831904686387E-001                  8.5000496627254152E-001                  3.1853392244194895E+007                  1.9283936971220082E+003                  4.2555475746442535E+005                  2.3548266004532908E-001                  0.0000000000000000E+000                  6.3043707541193791E+004                  1.1121305376378366E+004                  1.3361650935159827E-024                  1.3361650935159827E-024                  0.0000000000000000E+000                  0.0000000000000000E+000                  5.3455445976680470E-026                  0.0000000000000000E+000                  3.6385662795614543E+001                  6.9999999999999996E-001                  2.9797635251138618E-005                  2.7997020236474884E-001                  4.1193902129486445E-003                  1.2067031330276047E-003                  1.1203876416666529E-002                  2.5129237964844936E-003                  9.5710644087274629E-004                  0.0000000000000000E+000                  0.0000000000000000E+000                  0.0000000000000000E+000                  0.0000000000000000E+000                  0.0000000000000000E+000                  0.0000000000000000E+000                  0.0000000000000000E+000                  0.0000000000000000E+000                  0.0000000000000000E+000                  0.0000000000000000E+000                 -8.8060903574202740E+000                 -9.8999999999999986E+001                  0.0000000000000000E+000                  0.0000000000000000E+000                 -9.8999999999999986E+001                 -9.8999999999999986E+001                  1.5377210897162440E+001                 -9.9000000000000000E+001                 -9.9000000000000000E+001                 -9.9000000000000000E+001 
                 9.9225914154576744E-001                  2.0689087343797386E+001                  1.2220871210030847E+002                  3.4267590496618889E+007                 -5.0200078396266727E+000                  4.4784648644760061E+000                  1.6315615356374295E+013                  2.5118442567195501E+001                  6.6230406009628749E+008                  1.3879901045284433E+000                  2.4026418993324927E-001                  6.8095557560569575E-001                  6.7775138003660540E-001                  8.5000496627254152E-001                  3.4265522303030409E+007                  2.0681935884786662E+003                  4.4302553834549285E+005                  2.3959363849791676E-001                  0.0000000000000000E+000                  6.2396266424677859E+004                  1.1526176496727623E+004                  1.4085375668817463E-024                  1.4085375668817462E-024                  0.0000000000000000E+000                  0.0000000000000000E+000                  5.6350823870567159E-026                  0.0000000000000000E+000                  3.7125277585433082E+001                  6.9999999999999996E-001                  2.9797635251138618E-005                  2.7997020236474884E-001                  4.1193902129486445E-003                  1.2067031330276047E-003                  1.1203876416666529E-002                  2.5129237964844936E-003                  9.5710644087274629E-004                  0.0000000000000000E+000                  0.0000000000000000E+000                  0.0000000000000000E+000                  0.0000000000000000E+000                  0.0000000000000000E+000                  0.0000000000000000E+000                  0.0000000000000000E+000                  0.0000000000000000E+000                  0.0000000000000000E+000                  0.0000000000000000E+000                 -8.7745223605922185E+000                 -9.8999999999999986E+001                  0.0000000000000000E+000                  0.0000000000000000E+000                 -9.8999999999999986E+001                 -9.8999999999999986E+001                  1.5379208481221688E+001                 -9.9000000000000000E+001                 -9.9000000000000000E+001                 -9.9000000000000000E+001 
                 9.9174641032432631E-001                  2.0630021868123311E+001                  1.2219885604410433E+002                  3.6862519700283296E+007                 -4.9972839544168597E+000                  4.4862069289343367E+000                  1.6506871019282734E+013                  2.5116732424191984E+001                  6.4461421293666232E+008                  1.3960565782337979E+000                  2.4503844170396039E-001                  6.7899035273992581E-001                  6.8172304414713270E-001                  8.5000496627254152E-001                  3.6860298644607358E+007                  2.2210556759388332E+003                  4.6020329652537778E+005                  2.4411120242091491E-001                  0.0000000000000000E+000                  6.1794868539495961E+004                  1.1933265194521451E+004                  1.4844275290268671E-024                  1.4844275290268673E-024                  0.0000000000000000E+000                  0.0000000000000000E+000                  5.9386924597097097E-026                  0.0000000000000000E+000                  3.7898057695002457E+001                  6.9999999999999996E-001                  2.9797635251138618E-005                  2.7997020236474884E-001                  4.1193902129486445E-003                  1.2067031330276047E-003                  1.1203876416666529E-002                  2.5129237964844936E-003                  9.5710644087274629E-004                  0.0000000000000000E+000                  0.0000000000000000E+000                  0.0000000000000000E+000                  0.0000000000000000E+000                  0.0000000000000000E+000                  0.0000000000000000E+000                  0.0000000000000000E+000                  0.0000000000000000E+000                  0.0000000000000000E+000                  0.0000000000000000E+000                 -8.7431559493231354E+000                 -9.8999999999999986E+001                  0.0000000000000000E+000                  0.0000000000000000E+000                 -9.8999999999999986E+001                 -9.8999999999999986E+001                  1.5381564235144388E+001                 -9.9000000000000000E+001                 -9.9000000000000000E+001                 -9.9000000000000000E+001 
                 9.9120088928502925E-001                  2.0570037544450024E+001                  1.2218815140190176E+002                  3.9653957546283565E+007                 -4.9746946639917944E+000                  4.4941059578248090E+000                  1.6701093733715750E+013                  2.5113468272856068E+001                  6.2610537590639186E+008                  1.4049400009470459E+000                  2.5026209872005306E-001                  6.7705644928187858E-001                  6.8575800048076752E-001                  8.5000496627254152E-001                  3.9651568879552327E+007                  2.3886667312385680E+003                  4.7685900110217137E+005                  2.4906153378558260E-001                  0.0000000000000000E+000                  6.1236336392831479E+004                  1.2339651715562532E+004                  1.5639263222174372E-024                  1.5639263222174371E-024                  0.0000000000000000E+000                  0.0000000000000000E+000                  6.2567402451823318E-026                  0.0000000000000000E+000                  3.8688488151878616E+001                  6.9999999999999996E-001                  2.9797635251138618E-005                  2.7997020236474884E-001                  4.1193902129486445E-003                  1.2067031330276047E-003                  1.1203876416666529E-002                  2.5129237964844936E-003                  9.5710644087274629E-004                  0.0000000000000000E+000                  0.0000000000000000E+000                  0.0000000000000000E+000                  0.0000000000000000E+000                  0.0000000000000000E+000                  0.0000000000000000E+000                  0.0000000000000000E+000                  0.0000000000000000E+000                  0.0000000000000000E+000                  0.0000000000000000E+000                 -8.7126136425970770E+000                 -9.8999999999999986E+001                  0.0000000000000000E+000                  0.0000000000000000E+000                 -9.8999999999999986E+001                 -9.8999999999999986E+001                  1.5384270216784126E+001                 -9.9000000000000000E+001                 -9.9000000000000000E+001                 -9.9000000000000000E+001 
                 9.9062058194508174E-001                  2.0509105189377046E+001                  1.2217652665459981E+002                  4.2656810804967083E+007                 -4.9522604258711516E+000                  4.5021770367921290E+000                  1.6898289290452084E+013                  2.5112681396325137E+001                  6.0682949349516165E+008                  1.4147407794410845E+000                  2.5597842546833227E-001                  6.7515726113057639E-001                  6.8928350459823018E-001                  8.5000496627254152E-001                  4.2654237804430857E+007                  2.5730005362281167E+003                  4.9273429831057315E+005                  2.5448562528147473E-001                  0.0000000000000000E+000                  6.0719148979235295E+004                  1.2741802911058467E+004                  1.6470993420757004E-024                  1.6470993420757006E-024                  0.0000000000000000E+000                  0.0000000000000000E+000                  6.5894873692860694E-026                  0.0000000000000000E+000                  3.9474729604646498E+001                  6.9999999999999996E-001                  2.9797635251138618E-005                  2.7997020236474884E-001                  4.1193902129486445E-003                  1.2067031330276047E-003                  1.1203876416666529E-002                  2.5129237964844936E-003                  9.5710644087274629E-004                  0.0000000000000000E+000                  0.0000000000000000E+000                  0.0000000000000000E+000                  0.0000000000000000E+000                  0.0000000000000000E+000                  0.0000000000000000E+000                  0.0000000000000000E+000                  0.0000000000000000E+000                  0.0000000000000000E+000                  0.0000000000000000E+000                 -8.6837441029031410E+000                 -9.8999999999999986E+001                  0.0000000000000000E+000                  0.0000000000000000E+000                 -9.8999999999999986E+001                 -9.8999999999999986E+001                  1.5387333245972771E+001                 -9.9000000000000000E+001                 -9.9000000000000000E+001                 -9.9000000000000000E+001 
                 9.9000337917614256E-001                  2.0447191755270271E+001                  1.2216391155371583E+002                  4.5887126116684407E+007                 -4.9299951055987439E+000                  4.5104359998486760E+000                  1.7098177714900238E+013                  2.5115677022841322E+001                  5.8697619384979475E+008                  1.4254906054944958E+000                  2.6218951564732279E-001                  6.7330780240593080E-001                  6.9218816004780437E-001                  8.5000496627254152E-001                  4.5884349757002741E+007                  2.7763596816686718E+003                  5.0753670867221022E+005                  2.6040655420020914E-001                  0.0000000000000000E+000                  6.0243810480485641E+004                  1.3135556016278444E+004                  1.7340260218837438E-024                  1.7340260218837442E-024                  0.0000000000000000E+000                  0.0000000000000000E+000                  6.9372516177651846E-026                  0.0000000000000000E+000                  4.0264211886438311E+001                  6.9999999999999996E-001                  2.9797635251138618E-005                  2.7997020236474884E-001                  4.1193902129486445E-003                  1.2067031330276047E-003                  1.1203876416666529E-002                  2.5129237964844936E-003                  9.5710644087274629E-004                  0.0000000000000000E+000                  0.0000000000000000E+000                  0.0000000000000000E+000                  0.0000000000000000E+000                  0.0000000000000000E+000                  0.0000000000000000E+000                  0.0000000000000000E+000                  0.0000000000000000E+000                  0.0000000000000000E+000                  0.0000000000000000E+000                 -8.6567936944785586E+000                 -9.8999999999999986E+001                  0.0000000000000000E+000                  0.0000000000000000E+000                 -9.8999999999999986E+001                 -9.8999999999999986E+001                  1.5390779586251966E+001                 -9.9000000000000000E+001                 -9.9000000000000000E+001                 -9.9000000000000000E+001 
                 9.8934705395783618E-001                  2.0384261066286697E+001                  1.2215022853273558E+002                  4.9362178943584852E+007                 -4.9079003895433431E+000                  4.5188977278840659E+000                  1.7300705048948117E+013                  2.5119213067898599E+001                  5.6689510994519758E+008                  1.4370890602091397E+000                  2.6883089922933889E-001                  6.7153671597454312E-001                  6.9506954962137169E-001                  8.5000496627254152E-001                  4.9359177552134514E+007                  3.0013914503353135E+003                  5.2094303499484318E+005                  2.6679363310784898E-001                  0.0000000000000000E+000                  5.9810430397538112E+004                  1.3515848276523002E+004                  1.8248284830718697E-024                  1.8248284830718697E-024                  0.0000000000000000E+000                  0.0000000000000000E+000                  7.3005215572121158E-026                  0.0000000000000000E+000                  4.1096678546493429E+001                  6.9999999999999996E-001                  2.9797635251138618E-005                  2.7997020236474884E-001                  4.1193902129486445E-003                  1.2067031330276047E-003                  1.1203876416666529E-002                  2.5129237964844936E-003                  9.5710644087274629E-004                  0.0000000000000000E+000                  0.0000000000000000E+000                  0.0000000000000000E+000                  0.0000000000000000E+000                  0.0000000000000000E+000                  0.0000000000000000E+000                  0.0000000000000000E+000                  0.0000000000000000E+000                  0.0000000000000000E+000                  0.0000000000000000E+000                 -8.6309995163917055E+000                 -9.8999999999999986E+001                  0.0000000000000000E+000                  0.0000000000000000E+000                 -9.8999999999999986E+001                 -9.8999999999999986E+001                  1.5394634770179717E+001                 -9.9000000000000000E+001                 -9.9000000000000000E+001                 -9.9000000000000000E+001 
                 9.8864925587129449E-001                  2.0320275432334441E+001                  1.2213538011435814E+002                  5.3100569103815101E+007                 -4.8859773414501282E+000                  4.5275749432917145E+000                  1.7505959091401900E+013                  2.5120239335727426E+001                  5.4696060870581925E+008                  1.4494049049438797E+000                  2.7583079640380864E-001                  6.6986567231332650E-001                  6.9859022626834621E-001                  8.5000496627254152E-001                  5.3097317995021880E+007                  3.2511087932206715E+003                  5.3260686511069280E+005                  2.7357815404341074E-001                  0.0000000000000000E+000                  5.9415379183694291E+004                  1.3876722851780407E+004                  1.9196323072925917E-024                  1.9196323072925917E-024                  0.0000000000000000E+000                  0.0000000000000000E+000                  7.6797995974026090E-026                  0.0000000000000000E+000                  4.1990654919450584E+001                  6.9999999999999996E-001                  2.9797635251138618E-005                  2.7997020236474884E-001                  4.1193902129486445E-003                  1.2067031330276047E-003                  1.1203876416666529E-002                  2.5129237964844936E-003                  9.5710644087274629E-004                  0.0000000000000000E+000                  0.0000000000000000E+000                  0.0000000000000000E+000                  0.0000000000000000E+000                  0.0000000000000000E+000                  0.0000000000000000E+000                  0.0000000000000000E+000                  0.0000000000000000E+000                  0.0000000000000000E+000                  0.0000000000000000E+000                 -8.6054035110685234E+000                 -9.8999999999999986E+001                  0.0000000000000000E+000                  0.0000000000000000E+000                 -9.8999999999999986E+001                 -9.8999999999999986E+001                  1.5398889560633277E+001                 -9.9000000000000000E+001                 -9.9000000000000000E+001                 -9.9000000000000000E+001 
                 9.8790750540420091E-001                  2.0255195670575631E+001                  1.2211925309248016E+002                  5.7122323625335209E+007                 -4.8642392223163089E+000                  4.5364784311562074E+000                  1.7714181762036281E+013                  2.5119275016675051E+001                  5.2738654670776701E+008                  1.4623501324090524E+000                  2.8313926950293367E-001                  6.6827361093808846E-001                  7.0249170145222850E-001                  8.5000496627254152E-001                  5.7118794675748944E+007                  3.5289495862617218E+003                  5.4214933009561035E+005                  2.8069835455017478E-001                  0.0000000000000000E+000                  5.9050854362218306E+004                  1.4210267225882539E+004                  2.0185072021910425E-024                  2.0185072021910425E-024                  0.0000000000000000E+000                  0.0000000000000000E+000                  8.0753646151084910E-026                  0.0000000000000000E+000                  4.2904755312831952E+001                  6.9999999999999996E-001                  2.9797635251138618E-005                  2.7997020236474884E-001                  4.1193902129486445E-003                  1.2067031330276047E-003                  1.1203876416666529E-002                  2.5129237964844936E-003                  9.5710644087274629E-004                  0.0000000000000000E+000                  0.0000000000000000E+000                  0.0000000000000000E+000                  0.0000000000000000E+000                  0.0000000000000000E+000                  0.0000000000000000E+000                  0.0000000000000000E+000                  0.0000000000000000E+000                  0.0000000000000000E+000                  0.0000000000000000E+000                 -8.5804540990339770E+000                 -9.8999999999999986E+001                  0.0000000000000000E+000                  0.0000000000000000E+000                 -9.8999999999999986E+001                 -9.8999999999999986E+001                  1.5403493100470756E+001                 -9.9000000000000000E+001                 -9.9000000000000000E+001                 -9.9000000000000000E+001 
                 9.8711918826458145E-001                  2.0188979182475801E+001                  1.2210174051390096E+002                  6.1449008523331128E+007                 -4.8427011230785473E+000                  4.5456174075789058E+000                  1.7925610317139785E+013                  2.5118123995899214E+001                  5.0835402302963394E+008                  1.4758655681243469E+000                  2.9070664594062989E-001                  6.6673015758113108E-001                  7.0584593075580115E-001                  8.5000496627254152E-001                  6.1445169671411872E+007                  3.8388519192577783E+003                  5.4914368860045052E+005                  2.8810401083415793E-001                  0.0000000000000000E+000                  5.8709307402798775E+004                  1.4506439432404763E+004                  2.1215030610070321E-024                  2.1215030610070325E-024                  0.0000000000000000E+000                  0.0000000000000000E+000                  8.4874162163702338E-026                  0.0000000000000000E+000                  4.3822095577723282E+001                  6.9999999999999996E-001                  2.9797635251138618E-005                  2.7997020236474884E-001                  4.1193902129486445E-003                  1.2067031330276047E-003                  1.1203876416666529E-002                  2.5129237964844936E-003                  9.5710644087274629E-004                  0.0000000000000000E+000                  0.0000000000000000E+000                  0.0000000000000000E+000                  0.0000000000000000E+000                  0.0000000000000000E+000                  0.0000000000000000E+000                  0.0000000000000000E+000                  0.0000000000000000E+000                  0.0000000000000000E+000                  0.0000000000000000E+000                 -8.5576358955584748E+000                 -9.8999999999999986E+001                  0.0000000000000000E+000                  0.0000000000000000E+000                 -9.8999999999999986E+001                 -9.8999999999999986E+001                  1.5408397078699180E+001                 -9.9000000000000000E+001                 -9.9000000000000000E+001                 -9.9000000000000000E+001 
                 9.8628154977606586E-001                  2.0121579475635979E+001                  1.2208273439400705E+002                  6.6103849593450435E+007                 -4.8213665435683239E+000                  4.5549989673066271E+000                  1.8140323070572395E+013                  2.5118602212502125E+001                  4.9007253734678292E+008                  1.4898229949896846E+000                  2.9844696766650020E-001                  6.6525201201423156E-001                  7.0827985018378559E-001                  8.5000496627254152E-001                  6.6099664283761919E+007                  4.1853096885150999E+003                  5.5315697761361510E+005                  2.9572745020919500E-001                  0.0000000000000000E+000                  5.8385381524813645E+004                  1.4754811422827725E+004                  2.2287153731389310E-024                  2.2287153731389314E-024                  0.0000000000000000E+000                  0.0000000000000000E+000                  8.9163364220434383E-026                  0.0000000000000000E+000                  4.4767470850543916E+001                  6.9999999999999996E-001                  2.9797635251138618E-005                  2.7997020236474884E-001                  4.1193902129486445E-003                  1.2067031330276047E-003                  1.1203876416666529E-002                  2.5129237964844936E-003                  9.5710644087274629E-004                  0.0000000000000000E+000                  0.0000000000000000E+000                  0.0000000000000000E+000                  0.0000000000000000E+000                  0.0000000000000000E+000                  0.0000000000000000E+000                  0.0000000000000000E+000                  0.0000000000000000E+000                  0.0000000000000000E+000                  0.0000000000000000E+000                 -8.5375010562141611E+000                 -9.8999999999999986E+001                  0.0000000000000000E+000                  0.0000000000000000E+000                 -9.8999999999999986E+001                 -9.8999999999999986E+001                  1.5413575830077155E+001                 -9.9000000000000000E+001                 -9.9000000000000000E+001                 -9.9000000000000000E+001 
                 9.8539168929440935E-001                  2.0052947770272961E+001                  1.2206210776876030E+002                  7.1111861529977828E+007                 -4.8002290658012967E+000                  4.5646268031297499E+000                  1.8358236335665613E+013                  2.5122651805809976E+001                  4.7279144786057973E+008                  1.5039861570064117E+000                  3.0622981493103890E-001                  6.6388686836167321E-001                  7.1026012807042394E-001                  8.5000496627254152E-001                  7.1107288132561609E+007                  4.5733974162235963E+003                  5.5387960987746809E+005                  3.0346064211059803E-001                  0.0000000000000000E+000                  5.8073614829138998E+004                  1.4948943486559598E+004                  2.3402894452778632E-024                  2.3402894452778632E-024                  0.0000000000000000E+000                  0.0000000000000000E+000                  9.3627065551307239E-026                  0.0000000000000000E+000                  4.5763105709330155E+001                  6.9999999999999996E-001                  2.9797635251138618E-005                  2.7997020236474884E-001                  4.1193902129486445E-003                  1.2067031330276047E-003                  1.1203876416666529E-002                  2.5129237964844936E-003                  9.5710644087274629E-004                  0.0000000000000000E+000                  0.0000000000000000E+000                  0.0000000000000000E+000                  0.0000000000000000E+000                  0.0000000000000000E+000                  0.0000000000000000E+000                  0.0000000000000000E+000                  0.0000000000000000E+000                  0.0000000000000000E+000                  0.0000000000000000E+000                 -8.5192758086929565E+000                 -9.8999999999999986E+001                  0.0000000000000000E+000                  0.0000000000000000E+000                 -9.8999999999999986E+001                 -9.8999999999999986E+001                  1.5418998738145355E+001                 -9.9000000000000000E+001                 -9.9000000000000000E+001                 -9.9000000000000000E+001 
                 9.8444655460407748E-001                  1.9983034494632339E+001                  1.2203971267462214E+002                  7.6499985756450057E+007                 -4.7792813461468935E+000                  4.5745004225442010E+000                  1.8579281525884418E+013                  2.5128629397628217E+001                  4.5671450544298708E+008                  1.5180989413800083E+000                  3.1392147608737841E-001                  6.6264049670037872E-001                  7.1231627082455828E-001                  8.5000496627254152E-001                  7.6494976959576115E+007                  5.0087968739424296E+003                  5.5122747381225205E+005                  3.1117102847983247E-001                  0.0000000000000000E+000                  5.7767036540626512E+004                  1.5086973621686137E+004                  2.4563820854548958E-024                  2.4563820854548954E-024                  0.0000000000000000E+000                  0.0000000000000000E+000                  9.8271539516126332E-026                  0.0000000000000000E+000                  4.6810051278369265E+001                  6.9999999999999996E-001                  2.9797635251138618E-005                  2.7997020236474884E-001                  4.1193902129486445E-003                  1.2067031330276047E-003                  1.1203876416666529E-002                  2.5129237964844936E-003                  9.5710644087274629E-004                  0.0000000000000000E+000                  0.0000000000000000E+000                  0.0000000000000000E+000                  0.0000000000000000E+000                  0.0000000000000000E+000                  0.0000000000000000E+000                  0.0000000000000000E+000                  0.0000000000000000E+000                  0.0000000000000000E+000                  0.0000000000000000E+000                 -8.5021847744670573E+000                 -9.8999999999999986E+001                  0.0000000000000000E+000                  0.0000000000000000E+000                 -9.8999999999999986E+001                 -9.8999999999999986E+001                  1.5424612623286698E+001                 -9.9000000000000000E+001                 -9.9000000000000000E+001                 -9.9000000000000000E+001 
                 9.8344293635139346E-001                  1.9911789455635883E+001                  1.2201538775765927E+002                  8.2297238498880193E+007                 -4.7585164775413418E+000                  4.5846152594763891E+000                  1.8803525031873660E+013                  2.5130536422198922E+001                  4.4195304264729095E+008                  1.5319237873169307E+000                  3.2139909070858452E-001                  6.6147255613440104E-001                  7.1469958917101639E-001                  8.5000496627254152E-001                  8.2291740650388986E+007                  5.4978484912007434E+003                  5.4523805706723523E+005                  3.1872973613908012E-001                  0.0000000000000000E+000                  5.7457506053986937E+004                  1.5165469382130475E+004                  2.5771552253464414E-024                  2.5771552253464414E-024                  0.0000000000000000E+000                  0.0000000000000000E+000                  1.0310326445448797E-025                  0.0000000000000000E+000                  4.7903851654867005E+001                  6.9999999999999996E-001                  2.9797635251138618E-005                  2.7997020236474884E-001                  4.1193902129486445E-003                  1.2067031330276047E-003                  1.1203876416666529E-002                  2.5129237964844936E-003                  9.5710644087274629E-004                  0.0000000000000000E+000                  0.0000000000000000E+000                  0.0000000000000000E+000                  0.0000000000000000E+000                  0.0000000000000000E+000                  0.0000000000000000E+000                  0.0000000000000000E+000                  0.0000000000000000E+000                  0.0000000000000000E+000                  0.0000000000000000E+000                 -8.4859541271096219E+000                 -9.8999999999999986E+001                  0.0000000000000000E+000                  0.0000000000000000E+000                 -9.8999999999999986E+001                 -9.8999999999999986E+001                  1.5430348577999800E+001                 -9.9000000000000000E+001                 -9.9000000000000000E+001                 -9.9000000000000000E+001 
                 9.8237746256226610E-001                  1.9839161802368530E+001                  1.2198896020769547E+002                  8.8534870066850364E+007                 -4.7379286558061375E+000                  4.5949630518449549E+000                  1.9031285816961887E+013                  2.5127574558443730E+001                  4.2856693096015763E+008                  1.5452312243406685E+000                  3.2855295397921458E-001                  6.6037094649140815E-001                  7.1731613277513939E-001                  8.5000496627254152E-001                  8.8528822454616189E+007                  6.0476122341699274E+003                  5.3573767775107943E+005                  3.2602003933074458E-001                  0.0000000000000000E+000                  5.7137540596151572E+004                  1.5166989565305110E+004                  2.7027716999370093E-024                  2.7027716999370093E-024                  0.0000000000000000E+000                  0.0000000000000000E+000                  1.0812875484436147E-025                  0.0000000000000000E+000                  4.9033942555620392E+001                  6.9999999999999996E-001                  2.9797635251138618E-005                  2.7997020236474884E-001                  4.1193902129486445E-003                  1.2067031330276047E-003                  1.1203876416666529E-002                  2.5129237964844936E-003                  9.5710644087274629E-004                  0.0000000000000000E+000                  0.0000000000000000E+000                  0.0000000000000000E+000                  0.0000000000000000E+000                  0.0000000000000000E+000                  0.0000000000000000E+000                  0.0000000000000000E+000                  0.0000000000000000E+000                  0.0000000000000000E+000                  0.0000000000000000E+000                 -8.4707006841224430E+000                 -9.8999999999999986E+001                  0.0000000000000000E+000                  0.0000000000000000E+000                 -9.8999999999999986E+001                 -9.8999999999999986E+001                  1.5436140443314050E+001                 -9.9000000000000000E+001                 -9.9000000000000000E+001                 -9.9000000000000000E+001 
                 9.8124659326439023E-001                  1.9765099873415725E+001                  1.2196024890315233E+002                  9.5246536203664020E+007                 -4.7175142857979946E+000                  4.6055323695407768E+000                  1.9263184717025633E+013                  2.5125900273625206E+001                  4.1655571323425257E+008                  1.5578034743867362E+000                  3.3529384261619644E-001                  6.5936163266539838E-001                  7.1978499913634142E-001                  8.5000496627254152E-001                  9.5239870266619474E+007                  6.6659370445517407E+003                  5.2230436209174606E+005                  3.3294203896666674E-001                  0.0000000000000000E+000                  5.6801339022104468E+004                  1.5069685381444022E+004                  2.8333869001898207E-024                  2.8333869001898210E-024                  0.0000000000000000E+000                  0.0000000000000000E+000                  1.1335422735366936E-025                  0.0000000000000000E+000                  5.0184571599143879E+001                  6.9999999999999996E-001                  2.9797635251138618E-005                  2.7997020236474884E-001                  4.1193902129486445E-003                  1.2067031330276047E-003                  1.1203876416666529E-002                  2.5129237964844936E-003                  9.5710644087274629E-004                  0.0000000000000000E+000                  0.0000000000000000E+000                  0.0000000000000000E+000                  0.0000000000000000E+000                  0.0000000000000000E+000                  0.0000000000000000E+000                  0.0000000000000000E+000                  0.0000000000000000E+000                  0.0000000000000000E+000                  0.0000000000000000E+000                 -8.4568173127714914E+000                 -9.8999999999999986E+001                  0.0000000000000000E+000                  0.0000000000000000E+000                 -9.8999999999999986E+001                 -9.8999999999999986E+001                  1.5441934047990221E+001                 -9.9000000000000000E+001                 -9.9000000000000000E+001                 -9.9000000000000000E+001 
                 9.8004661532575310E-001                  1.9689550840489542E+001                  1.2192906810835119E+002                  1.0246848270883158E+008                 -4.6972597191454604E+000                  4.6163086407575191E+000                  1.9499612713589582E+013                  2.5126884251222918E+001                  4.0594320103293175E+008                  1.5693962663265852E+000                  3.4151282679859396E-001                  6.5845987525220373E-001                  7.2181083486931175E-001                  8.5000496627254152E-001                  1.0246112120923570E+008                  7.3614995958748696E+003                  5.0488360526046361E+005                  3.3939688864127282E-001                  0.0000000000000000E+000                  5.6445281512446170E+004                  1.4872607944756635E+004                  2.9692299555371521E-024                  2.9692299555371525E-024                  0.0000000000000000E+000                  0.0000000000000000E+000                  1.1878884867723097E-025                  0.0000000000000000E+000                  5.1375864075162703E+001                  6.9999999999999996E-001                  2.9797635251138618E-005                  2.7997020236474884E-001                  4.1193902129486445E-003                  1.2067031330276047E-003                  1.1203876416666529E-002                  2.5129237964844936E-003                  9.5710644087274629E-004                  0.0000000000000000E+000                  0.0000000000000000E+000                  0.0000000000000000E+000                  0.0000000000000000E+000                  0.0000000000000000E+000                  0.0000000000000000E+000                  0.0000000000000000E+000                  0.0000000000000000E+000                  0.0000000000000000E+000                  0.0000000000000000E+000                 -8.4445785522891850E+000                 -9.8999999999999986E+001                  0.0000000000000000E+000                  0.0000000000000000E+000                 -9.8999999999999986E+001                 -9.8999999999999986E+001                  1.5447691994591059E+001                 -9.9000000000000000E+001                 -9.9000000000000000E+001                 -9.9000000000000000E+001 
                 9.7877363751341084E-001                  1.9612462499815322E+001                  1.2189520524550132E+002                  1.1023974175620718E+008                 -4.6771403441173440E+000                  4.6272735754051419E+000                  1.9740622006848410E+013                  2.5126564927761837E+001                  3.9677539920888817E+008                  1.5797529155256775E+000                  3.4708515606605078E-001                  6.5766378194176423E-001                  7.2314919052645954E-001                  8.5000496627254152E-001                  1.1023159797623979E+008                  8.1437799673960426E+003                  4.8422108334263845E+005                  3.4526790777287492E-001                  0.0000000000000000E+000                  5.6066016265745624E+004                  1.4598162697153100E+004                  3.1106269610492577E-024                  3.1106269610492573E-024                  0.0000000000000000E+000                  0.0000000000000000E+000                  1.2444566477728613E-025                  0.0000000000000000E+000                  5.2635120290289080E+001                  6.9999999999999996E-001                  2.9797635251138618E-005                  2.7997020236474884E-001                  4.1193902129486445E-003                  1.2067031330276047E-003                  1.1203876416666529E-002                  2.5129237964844936E-003                  9.5710644087274629E-004                  0.0000000000000000E+000                  0.0000000000000000E+000                  0.0000000000000000E+000                  0.0000000000000000E+000                  0.0000000000000000E+000                  0.0000000000000000E+000                  0.0000000000000000E+000                  0.0000000000000000E+000                  0.0000000000000000E+000                  0.0000000000000000E+000                 -8.4342022254265867E+000                 -9.8999999999999986E+001                  0.0000000000000000E+000                  0.0000000000000000E+000                 -9.8999999999999986E+001                 -9.8999999999999986E+001                  1.5453373628284799E+001                 -9.9000000000000000E+001                 -9.9000000000000000E+001                 -9.9000000000000000E+001 
                 9.7742358565956444E-001                  1.9533785421648755E+001                  1.2185841185856809E+002                  1.1860233998477235E+008                 -4.6571355458304087E+000                  4.6384058280630249E+000                  1.9986320349781305E+013                  2.5124069564972917E+001                  3.8900290024021959E+008                  1.5887084306959620E+000                  3.5194656417624764E-001                  6.5694246189164596E-001                  7.2421870064376415E-001                  8.5000496627254152E-001                  1.1859331689991280E+008                  9.0230848595563348E+003                  4.6131186444738170E+005                  3.5045969497057927E-001                  0.0000000000000000E+000                  5.5658908764819185E+004                  1.4260933267198270E+004                  3.2579085220270880E-024                  3.2579085220270880E-024                  0.0000000000000000E+000                  0.0000000000000000E+000                  1.3033790205529069E-025                  0.0000000000000000E+000                  5.3960764872539968E+001                  6.9999999999999996E-001                  2.9797635251138618E-005                  2.7997020236474884E-001                  4.1193902129486445E-003                  1.2067031330276047E-003                  1.1203876416666529E-002                  2.5129237964844936E-003                  9.5710644087274629E-004                  0.0000000000000000E+000                  0.0000000000000000E+000                  0.0000000000000000E+000                  0.0000000000000000E+000                  0.0000000000000000E+000                  0.0000000000000000E+000                  0.0000000000000000E+000                  0.0000000000000000E+000                  0.0000000000000000E+000                  0.0000000000000000E+000                 -8.4250405763412246E+000                 -9.8999999999999986E+001                  0.0000000000000000E+000                  0.0000000000000000E+000                 -9.8999999999999986E+001                 -9.8999999999999986E+001                  1.5458919196805599E+001                 -9.9000000000000000E+001                 -9.9000000000000000E+001                 -9.9000000000000000E+001 
                 9.7599219784973534E-001                  1.9453472548810975E+001                  1.2181841930735256E+002                  1.2760152294288208E+008                 -4.6372283586794421E+000                  4.6496826405866685E+000                  2.0237229542295867E+013                  2.5121312032184679E+001                  3.8251764881999922E+008                  1.5961553249705172E+000                  3.5607545642730631E-001                  6.5625805935966441E-001                  7.2583668633047982E-001                  8.5000496627254152E-001                  1.2759151229255030E+008                  1.0010650331783767E+004                  4.3656173088853055E+005                  3.5492892311596735E-001                  0.0000000000000000E+000                  5.5220752559098255E+004                  1.3848919520731930E+004                  3.4114086415496302E-024                  3.4114086415496309E-024                  0.0000000000000000E+000                  0.0000000000000000E+000                  1.3647892284645787E-025                  0.0000000000000000E+000                  5.5346473349979696E+001                  6.9999999999999996E-001                  2.9797635251138618E-005                  2.7997020236474884E-001                  4.1193902129486445E-003                  1.2067031330276047E-003                  1.1203876416666529E-002                  2.5129237964844936E-003                  9.5710644087274629E-004                  0.0000000000000000E+000                  0.0000000000000000E+000                  0.0000000000000000E+000                  0.0000000000000000E+000                  0.0000000000000000E+000                  0.0000000000000000E+000                  0.0000000000000000E+000                  0.0000000000000000E+000                  0.0000000000000000E+000                  0.0000000000000000E+000                 -8.4159304521389551E+000                 -9.8999999999999986E+001                  0.0000000000000000E+000                  0.0000000000000000E+000                 -9.8999999999999986E+001                 -9.8999999999999986E+001                  1.5464277321726993E+001                 -9.9000000000000000E+001                 -9.9000000000000000E+001                 -9.9000000000000000E+001 
                 9.7447501963874739E-001                  1.9371478795218167E+001                  1.2177494123826038E+002                  1.3728599707748204E+008                 -4.6173967113474852E+000                  4.6610806840656300E+000                  2.0494443297614391E+013                  2.5120387638564903E+001                  3.7724273109689623E+008                  1.6020379014672150E+000                  3.5945989642910448E-001                  6.5563190327722543E-001                  7.2791864174282050E-001                  8.5000496627254152E-001                  1.3727487836587492E+008                  1.1118711607142186E+004                  4.0999002647243330E+005                  3.5865896514809426E-001                  0.0000000000000000E+000                  5.4751063739493911E+004                  1.3353159083610881E+004                  3.5715332391594432E-024                  3.5715332391594424E-024                  0.0000000000000000E+000                  0.0000000000000000E+000                  1.4288496662072061E-025                  0.0000000000000000E+000                  5.6804749321631888E+001                  6.9999999999999996E-001                  2.9797635251138618E-005                  2.7997020236474884E-001                  4.1193902129486445E-003                  1.2067031330276047E-003                  1.1203876416666529E-002                  2.5129237964844936E-003                  9.5710644087274629E-004                  0.0000000000000000E+000                  0.0000000000000000E+000                  0.0000000000000000E+000                  0.0000000000000000E+000                  0.0000000000000000E+000                  0.0000000000000000E+000                  0.0000000000000000E+000                  0.0000000000000000E+000                  0.0000000000000000E+000                  0.0000000000000000E+000                 -8.4068084779795829E+000                 -9.8999999999999986E+001                  0.0000000000000000E+000                  0.0000000000000000E+000                 -9.8999999999999986E+001                 -9.8999999999999986E+001                  1.5469418702760930E+001                 -9.9000000000000000E+001                 -9.9000000000000000E+001                 -9.9000000000000000E+001 
                 9.7286739940276257E-001                  1.9287762278989319E+001                  1.2172765749938739E+002                  1.4770818675940418E+008                 -4.5976176274761960E+000                  4.6725761752565376E+000                  2.0758415429763215E+013                  2.5121263898379699E+001                  3.7311573920435685E+008                  1.6063178309930137E+000                  3.6208581002160156E-001                  6.5507959631764079E-001                  7.3019037810428655E-001                  8.5000496627254152E-001                  1.4769582624825788E+008                  1.2360511146312172E+004                  3.8209762257059233E+005                  3.6163708050398907E-001                  0.0000000000000000E+000                  5.4250450555956711E+004                  1.2794169230112415E+004                  3.7387363698019717E-024                  3.7387363698019717E-024                  0.0000000000000000E+000                  0.0000000000000000E+000                  1.4957419858293433E-025                  0.0000000000000000E+000                  5.8321433464788051E+001                  6.9999999999999996E-001                  2.9797635251138618E-005                  2.7997020236474884E-001                  4.1193902129486445E-003                  1.2067031330276047E-003                  1.1203876416666529E-002                  2.5129237964844936E-003                  9.5710644087274629E-004                  0.0000000000000000E+000                  0.0000000000000000E+000                  0.0000000000000000E+000                  0.0000000000000000E+000                  0.0000000000000000E+000                  0.0000000000000000E+000                  0.0000000000000000E+000                  0.0000000000000000E+000                  0.0000000000000000E+000                  0.0000000000000000E+000                 -8.3978431235793831E+000                 -9.8999999999999986E+001                  0.0000000000000000E+000                  0.0000000000000000E+000                 -9.8999999999999986E+001                 -9.8999999999999986E+001                  1.5474318664297678E+001                 -9.9000000000000000E+001                 -9.9000000000000000E+001                 -9.9000000000000000E+001 
                 9.7116448393131594E-001                  1.9202284856552630E+001                  1.2167623360307900E+002                  1.5892450775687879E+008                 -4.5778749860270516E+000                  4.6841440258147706E+000                  2.1029033187876707E+013                  2.5122289199381939E+001                  3.7015500615336680E+008                  1.6088420040059535E+000                  3.6388690539764423E-001                  6.5454931896559909E-001                  7.3160073848193075E-001                  8.5000496627254152E-001                  1.5891075759431219E+008                  1.3750162566592031E+004                  3.5387661631669628E+005                  3.6382400775015566E-001                  0.0000000000000000E+000                  5.3719633019405584E+004                  1.2200227949364817E+004                  3.9134555911974997E-024                  3.9134555911974997E-024                  0.0000000000000000E+000                  0.0000000000000000E+000                  1.5656412393997023E-025                  0.0000000000000000E+000                  5.9856766059436595E+001                  6.9999999999999996E-001                  2.9797635251138618E-005                  2.7997020236474884E-001                  4.1193902129486445E-003                  1.2067031330276047E-003                  1.1203876416666529E-002                  2.5129237964844936E-003                  9.5710644087274629E-004                  0.0000000000000000E+000                  0.0000000000000000E+000                  0.0000000000000000E+000                  0.0000000000000000E+000                  0.0000000000000000E+000                  0.0000000000000000E+000                  0.0000000000000000E+000                  0.0000000000000000E+000                  0.0000000000000000E+000                  0.0000000000000000E+000                 -8.3903859955034239E+000                 -9.8999999999999986E+001                  0.0000000000000000E+000                  0.0000000000000000E+000                 -9.8999999999999986E+001                 -9.8999999999999986E+001                  1.5478950906669386E+001                 -9.9000000000000000E+001                 -9.9000000000000000E+001                 -9.9000000000000000E+001 
                 9.6936121426017019E-001                  1.9115011133203076E+001                  1.2162034572435691E+002                  1.7099566265566662E+008                 -4.5581501092529608E+000                  4.6957569736812932E+000                  2.1307005310503957E+013                  2.5124275807601844E+001                  3.6840037194378513E+008                  1.6094558927590770E+000                  3.6479635908467006E-001                  6.5402619738632628E-001                  7.3181449718019809E-001                  8.5000496627254152E-001                  1.7098036025305298E+008                  1.5302402613626269E+004                  3.2617059633989574E+005                  3.6515328436052841E-001                  0.0000000000000000E+000                  5.3158245503988044E+004                  1.1588813458616671E+004                  4.0961910047725744E-024                  4.0961910047725744E-024                  0.0000000000000000E+000                  0.0000000000000000E+000                  1.6387475006117921E-025                  0.0000000000000000E+000                  6.1418919373670320E+001                  6.9999999999999996E-001                  2.9797635251138618E-005                  2.7997020236474884E-001                  4.1193902129486445E-003                  1.2067031330276047E-003                  1.1203876416666529E-002                  2.5129237964844936E-003                  9.5710644087274629E-004                  0.0000000000000000E+000                  0.0000000000000000E+000                  0.0000000000000000E+000                  0.0000000000000000E+000                  0.0000000000000000E+000                  0.0000000000000000E+000                  0.0000000000000000E+000                  0.0000000000000000E+000                  0.0000000000000000E+000                  0.0000000000000000E+000                 -8.3847601555671218E+000                 -9.8999999999999986E+001                  0.0000000000000000E+000                  0.0000000000000000E+000                 -9.8999999999999986E+001                 -9.8999999999999986E+001                  1.5483285101812783E+001                 -9.9000000000000000E+001                 -9.9000000000000000E+001                 -9.9000000000000000E+001 
                 9.6745232142184190E-001                  1.9025909261184829E+001                  1.2155964031137367E+002                  1.8398695666390309E+008                 -4.5384150541416179E+000                  4.7073855087693008E+000                  2.1593011963531594E+013                  2.5128276908792778E+001                  3.6791450989083666E+008                  1.6080121286545479E+000                  3.6474337011701941E-001                  6.5356367557872919E-001                  7.3234553458544649E-001                  8.5000496627254152E-001                  1.8396992434560207E+008                  1.7032318301028325E+004                  2.9945913608750782E+005                  3.6555621992127607E-001                  0.0000000000000000E+000                  5.2564397250448797E+004                  1.0968961410317506E+004                  4.2875809541754737E-024                  4.2875809541754737E-024                  0.0000000000000000E+000                  0.0000000000000000E+000                  1.7153161492013784E-025                  0.0000000000000000E+000                  6.3023117863931368E+001                  6.9999999999999996E-001                  2.9797635251138618E-005                  2.7997020236474884E-001                  4.1193902129486445E-003                  1.2067031330276047E-003                  1.1203876416666529E-002                  2.5129237964844936E-003                  9.5710644087274629E-004                  0.0000000000000000E+000                  0.0000000000000000E+000                  0.0000000000000000E+000                  0.0000000000000000E+000                  0.0000000000000000E+000                  0.0000000000000000E+000                  0.0000000000000000E+000                  0.0000000000000000E+000                  0.0000000000000000E+000                  0.0000000000000000E+000                 -8.3787373928785449E+000                 -9.8999999999999986E+001                  0.0000000000000000E+000                  0.0000000000000000E+000                 -9.8999999999999986E+001                 -9.8999999999999986E+001                  1.5487277566314768E+001                 -9.9000000000000000E+001                 -9.9000000000000000E+001                 -9.9000000000000000E+001 
                 9.6543232217494812E-001                  1.8934953212137078E+001                  1.2149372371253529E+002                  1.9796863001876310E+008                 -4.5186405964384129E+000                  4.7189983376404534E+000                  2.1887314080062340E+013                  2.5130848981563219E+001                  3.6873577540128249E+008                  1.6044674328202473E+000                  3.6369174395898907E-001                  6.5314409092680981E-001                  7.3361259724941807E-001                  8.5000496627254152E-001                  1.9794967496240136E+008                  1.8955056361730032E+004                  2.7400344749476126E+005                  3.6497892189734304E-001                  0.0000000000000000E+000                  5.1935324193136323E+004                  1.0346891694857892E+004                  4.4883450111710210E-024                  4.4883450111710210E-024                  0.0000000000000000E+000                  0.0000000000000000E+000                  1.7956350615312328E-025                  0.0000000000000000E+000                  6.4667686713963263E+001                  6.9999999999999996E-001                  2.9797635251138618E-005                  2.7997020236474884E-001                  4.1193902129486445E-003                  1.2067031330276047E-003                  1.1203876416666529E-002                  2.5129237964844936E-003                  9.5710644087274629E-004                  0.0000000000000000E+000                  0.0000000000000000E+000                  0.0000000000000000E+000                  0.0000000000000000E+000                  0.0000000000000000E+000                  0.0000000000000000E+000                  0.0000000000000000E+000                  0.0000000000000000E+000                  0.0000000000000000E+000                  0.0000000000000000E+000                 -8.3716388663393815E+000                 -9.8999999999999986E+001                  0.0000000000000000E+000                  0.0000000000000000E+000                 -9.8999999999999986E+001                 -9.8999999999999986E+001                  1.5490869121622168E+001                 -9.9000000000000000E+001                 -9.9000000000000000E+001                 -9.9000000000000000E+001 
                 9.6329551464423058E-001                  1.8842123558680910E+001                  1.2142217588859617E+002                  2.1301621013231975E+008                 -4.4988016267696702E+000                  4.7305635748136607E+000                  2.2190224248185887E+013                  2.5128650051084470E+001                  3.7087976859432501E+008                  1.5988927913238273E+000                  3.6164593139198642E-001                  6.5270168706315101E-001                  7.3534204487379595E-001                  8.5000496627254152E-001                  2.1299512452915230E+008                  2.1085603167453748E+004                  2.4999705104579360E+005                  3.6340510915732888E-001                  0.0000000000000000E+000                  5.1269162176944017E+004                  9.7303945805227213E+003                  4.6992353888628176E-024                  4.6992353888628176E-024                  0.0000000000000000E+000                  0.0000000000000000E+000                  1.8800051726644670E-025                  0.0000000000000000E+000                  6.6346930444120801E+001                  6.9999999999999996E-001                  2.9797635251138618E-005                  2.7997020236474884E-001                  4.1193902129486445E-003                  1.2067031330276047E-003                  1.1203876416666529E-002                  2.5129237964844936E-003                  9.5710644087274629E-004                  0.0000000000000000E+000                  0.0000000000000000E+000                  0.0000000000000000E+000                  0.0000000000000000E+000                  0.0000000000000000E+000                  0.0000000000000000E+000                  0.0000000000000000E+000                  0.0000000000000000E+000                  0.0000000000000000E+000                  0.0000000000000000E+000                 -8.3636733096953009E+000                 -9.8999999999999986E+001                  0.0000000000000000E+000                  0.0000000000000000E+000                 -9.8999999999999986E+001                 -9.8999999999999986E+001                  1.5494004943451570E+001                 -9.9000000000000000E+001                 -9.9000000000000000E+001                 -9.9000000000000000E+001 
                 9.6103597388774764E-001                  1.8747407115918151E+001                  1.2134455390931477E+002                  2.3354713957469422E+008                 -4.4738726673644740E+000                  4.7450711390654980E+000                  2.2587276976361496E+013                  2.5126036221606451E+001                  3.7560537821480626E+008                  1.5889929028029552E+000                  3.5761413451543411E-001                  6.5209515052304035E-001                  7.3717912461436519E-001                  8.5000496627254152E-001                  2.3352303961668861E+008                  2.4099958005596050E+004                  2.2771593958240189E+005                  3.6076895239402879E-001                  0.0000000000000000E+000                  5.0568447724549347E+004                  8.9772581658533836E+003                  4.9783745526205364E-024                  4.9783745526205364E-024                  0.0000000000000000E+000                  0.0000000000000000E+000                  1.9916793163459841E-025                  0.0000000000000000E+000                  6.8426625654249520E+001                  6.9999999999999996E-001                  2.9797635251138618E-005                  2.7997020236474884E-001                  4.1193902129486445E-003                  1.2067031330276047E-003                  1.1203876416666529E-002                  2.5129237964844936E-003                  9.5710644087274629E-004                  0.0000000000000000E+000                  0.0000000000000000E+000                  0.0000000000000000E+000                  0.0000000000000000E+000                  0.0000000000000000E+000                  0.0000000000000000E+000                  0.0000000000000000E+000                  0.0000000000000000E+000                  0.0000000000000000E+000                  0.0000000000000000E+000                 -8.3538623686678193E+000                 -9.8999999999999986E+001                  0.0000000000000000E+000                  0.0000000000000000E+000                 -9.8999999999999986E+001                 -9.8999999999999986E+001                  1.5496739061284956E+001                 -9.9000000000000000E+001                 -9.9000000000000000E+001                 -9.9000000000000000E+001 
                 9.5740301746634660E-001                  1.8601758235367100E+001                  1.2121583895385614E+002                  2.6068345734646323E+008                 -4.4437299307404663E+000                  4.7620287671320840E+000                  2.3079954020429195E+013                  2.5124999207722791E+001                  3.8420321530981439E+008                  1.5737787992426981E+000                  3.5090658303711003E-001                  6.5134330384118477E-001                  7.3868075061617411E-001                  8.5000496627254152E-001                  2.6065528345753774E+008                  2.8173888925498119E+004                  1.9814923132992294E+005                  3.5501037728952972E-001                  0.0000000000000000E+000                  4.9450707093661076E+004                  8.1745679873365734E+003                  5.3381915580255048E-024                  5.3381915580255048E-024                  0.0000000000000000E+000                  0.0000000000000000E+000                  2.1356299378881489E-025                  0.0000000000000000E+000                  7.0943309348580470E+001                  6.9999999999999996E-001                  2.9797635251138618E-005                  2.7997020236474884E-001                  4.1193902129486445E-003                  1.2067031330276047E-003                  1.1203876416666529E-002                  2.5129237964844936E-003                  9.5710644087274629E-004                  0.0000000000000000E+000                  0.0000000000000000E+000                  0.0000000000000000E+000                  0.0000000000000000E+000                  0.0000000000000000E+000                  0.0000000000000000E+000                  0.0000000000000000E+000                  0.0000000000000000E+000                  0.0000000000000000E+000                  0.0000000000000000E+000                 -8.3408005869562700E+000                 -9.8999999999999986E+001                  0.0000000000000000E+000                  0.0000000000000000E+000                 -9.8999999999999986E+001                 -9.8999999999999986E+001                  1.5499844350528136E+001                 -9.9000000000000000E+001                 -9.9000000000000000E+001                 -9.9000000000000000E+001 
                 9.5345826910199238E-001                  1.8451850465618204E+001                  1.2107093693157715E+002                  2.8826187688317358E+008                 -4.4158119334154273E+000                  4.7771676553605502E+000                  2.3550958580391777E+013                  2.5126418050364009E+001                  3.9470130811626625E+008                  1.5578266787038668E+000                  3.4339295531366176E-001                  6.5062226033543324E-001                  7.4022928947258149E-001                  8.5000496627254152E-001                  2.8822948752433902E+008                  3.2389358834557253E+004                  1.7324673859518499E+005                  3.4750464138191522E-001                  0.0000000000000000E+000                  4.8255796571551029E+004                  7.5257049412697061E+003                  5.6946743819937567E-024                  5.6946743819937560E-024                  0.0000000000000000E+000                  0.0000000000000000E+000                  2.2782466667698817E-025                  0.0000000000000000E+000                  7.3327363059981693E+001                  6.9999999999999996E-001                  2.9797635251138618E-005                  2.7997020236474884E-001                  4.1193902129486445E-003                  1.2067031330276047E-003                  1.1203876416666529E-002                  2.5129237964844936E-003                  9.5710644087274629E-004                  0.0000000000000000E+000                  0.0000000000000000E+000                  0.0000000000000000E+000                  0.0000000000000000E+000                  0.0000000000000000E+000                  0.0000000000000000E+000                  0.0000000000000000E+000                  0.0000000000000000E+000                  0.0000000000000000E+000                  0.0000000000000000E+000                 -8.3267823981561495E+000                 -9.8999999999999986E+001                  0.0000000000000000E+000                  0.0000000000000000E+000                 -9.8999999999999986E+001                 -9.8999999999999986E+001                  1.5501512861737032E+001                 -9.9000000000000000E+001                 -9.9000000000000000E+001                 -9.9000000000000000E+001 
                 9.4991627377744714E-001                  1.8323712507661941E+001                  1.2093645691639509E+002                  3.0723214520968586E+008                 -4.3978737939698025E+000                  4.7865052392429392E+000                  2.3857429508495555E+013                  2.5125756774453912E+001                  4.0228650394216657E+008                  1.5475525854724688E+000                  3.3834584145594704E-001                  6.5011327360281101E-001                  7.4141838024485762E-001                  8.5000496627254152E-001                  3.0719684699936146E+008                  3.5298210324434542E+004                  1.5565690186152686E+005                  3.4035007819059376E-001                  0.0000000000000000E+000                  4.7213112540493355E+004                  7.1564132977758245E+003                  5.9362249719267464E-024                  5.9362249719267464E-024                  0.0000000000000000E+000                  0.0000000000000000E+000                  2.3748828938387614E-025                  0.0000000000000000E+000                  7.4936029703676496E+001                  6.9999999999999996E-001                  2.9797635251138618E-005                  2.7997020236474884E-001                  4.1193902129486445E-003                  1.2067031330276047E-003                  1.1203876416666529E-002                  2.5129237964844936E-003                  9.5710644087274629E-004                  0.0000000000000000E+000                  0.0000000000000000E+000                  0.0000000000000000E+000                  0.0000000000000000E+000                  0.0000000000000000E+000                  0.0000000000000000E+000                  0.0000000000000000E+000                  0.0000000000000000E+000                  0.0000000000000000E+000                  0.0000000000000000E+000                 -8.3161460401558482E+000                 -9.8999999999999986E+001                  0.0000000000000000E+000                  0.0000000000000000E+000                 -9.8999999999999986E+001                 -9.8999999999999986E+001                  1.5501820080745473E+001                 -9.9000000000000000E+001                 -9.9000000000000000E+001                 -9.9000000000000000E+001 
                 9.4843128400259424E-001                  1.8271655040207538E+001                  1.2087883896127326E+002                  3.1870420388610393E+008                 -4.3875696286255979E+000                  4.7918768632316544E+000                  2.4039978706698980E+013                  2.5125630920819834E+001                  4.0699453539011866E+008                  1.5416069905205354E+000                  3.3535707519781238E-001                  6.4979516868855869E-001                  7.4223155303755373E-001                  8.5000496627254152E-001                  3.1866711539350682E+008                  3.7088492597130251E+004                  1.4935719621823696E+005                  3.3736800091158964E-001                  0.0000000000000000E+000                  4.6790192651218240E+004                  6.9513286750544339E+003                  6.0795971659649479E-024                  6.0795971659649486E-024                  0.0000000000000000E+000                  0.0000000000000000E+000                  2.4322412630949162E-025                  0.0000000000000000E+000                  7.5875374584218520E+001                  6.9999999999999996E-001                  2.9797635251138618E-005                  2.7997020236474884E-001                  4.1193902129486445E-003                  1.2067031330276047E-003                  1.1203876416666529E-002                  2.5129237964844936E-003                  9.5710644087274629E-004                  0.0000000000000000E+000                  0.0000000000000000E+000                  0.0000000000000000E+000                  0.0000000000000000E+000                  0.0000000000000000E+000                  0.0000000000000000E+000                  0.0000000000000000E+000                  0.0000000000000000E+000                  0.0000000000000000E+000                  0.0000000000000000E+000                 -8.3098736297025280E+000                 -9.8999999999999986E+001                  0.0000000000000000E+000                  0.0000000000000000E+000                 -9.8999999999999986E+001                 -9.8999999999999986E+001                  1.5501761057862213E+001                 -9.9000000000000000E+001                 -9.9000000000000000E+001                 -9.9000000000000000E+001 
                 9.4690595412723777E-001                  1.8219137447162307E+001                  1.2081891392259942E+002                  3.3679676362516528E+008                 -4.3720463189296757E+000                  4.7999451767421126E+000                  2.4323167974361523E+013                  2.5125994076349183E+001                  4.1448086804703188E+008                  1.5327566528196690E+000                  3.3081645025799078E-001                  6.4929608951168682E-001                  7.4365975373485471E-001                  8.5000496627254152E-001                  3.3675681402504832E+008                  3.9949600116990718E+004                  1.4347022042165694E+005                  3.3436387072991558E-001                  0.0000000000000000E+000                  4.6370143965389085E+004                  6.6557800525109669E+003                  6.3021719969800276E-024                  6.3021719969800276E-024                  0.0000000000000000E+000                  0.0000000000000000E+000                  2.5212859307796920E-025                  0.0000000000000000E+000                  7.7302442295827390E+001                  6.9999999999999996E-001                  2.9797635251138618E-005                  2.7997020236474884E-001                  4.1193902129486445E-003                  1.2067031330276047E-003                  1.1203876416666529E-002                  2.5129237964844936E-003                  9.5710644087274629E-004                  0.0000000000000000E+000                  0.0000000000000000E+000                  0.0000000000000000E+000                  0.0000000000000000E+000                  0.0000000000000000E+000                  0.0000000000000000E+000                  0.0000000000000000E+000                  0.0000000000000000E+000                  0.0000000000000000E+000                  0.0000000000000000E+000                 -8.3000794043763726E+000                 -9.8999999999999986E+001                  0.0000000000000000E+000                  0.0000000000000000E+000                 -9.8999999999999986E+001                 -9.8999999999999986E+001                  1.5501730464636836E+001                 -9.9000000000000000E+001                 -9.9000000000000000E+001                 -9.9000000000000000E+001 
                 9.4373050329336505E-001                  1.8112719820296604E+001                  1.2069181487200724E+002                  3.6241473898298031E+008                 -4.3512031954283028E+000                  4.8104046935993559E+000                  2.4706337300980352E+013                  2.5125739661001038E+001                  4.2471217585735911E+008                  1.5217636047687710E+000                  3.2501325536141790E-001                  6.4862537165949508E-001                  7.4585881728924974E-001                  8.5000496627254152E-001                  3.6237074933324510E+008                  4.3989649735241364E+004                  1.3281168569887397E+005                  3.2844063191955764E-001                  0.0000000000000000E+000                  4.5533581050520763E+004                  6.3043563987549760E+003                  6.6139303591530023E-024                  6.6139303591530031E-024                  0.0000000000000000E+000                  0.0000000000000000E+000                  2.6460099156197401E-025                  0.0000000000000000E+000                  7.9205190657836766E+001                  6.9999999999999996E-001                  2.9797635251138618E-005                  2.7997020236474884E-001                  4.1193902129486445E-003                  1.2067031330276047E-003                  1.1203876416666529E-002                  2.5129237964844936E-003                  9.5710644087274629E-004                  0.0000000000000000E+000                  0.0000000000000000E+000                  0.0000000000000000E+000                  0.0000000000000000E+000                  0.0000000000000000E+000                  0.0000000000000000E+000                  0.0000000000000000E+000                  0.0000000000000000E+000                  0.0000000000000000E+000                  0.0000000000000000E+000                 -8.2853158146478414E+000                 -9.8999999999999986E+001                  0.0000000000000000E+000                  0.0000000000000000E+000                 -9.8999999999999986E+001                 -9.8999999999999986E+001                  1.5501441404437898E+001                 -9.9000000000000000E+001                 -9.9000000000000000E+001                 -9.9000000000000000E+001 
                 9.4038220783581472E-001                  1.8004492846471720E+001                  1.2055449888093975E+002                  3.8997869494070584E+008                 -4.3302167394943138E+000                  4.8206830125330926E+000                  2.5102521434291504E+013                  2.5126182354669357E+001                  4.3509532635107827E+008                  1.5117947516647003E+000                  3.1956546655049889E-001                  6.4789172590901212E-001                  7.4788658843641609E-001                  8.5000496627254152E-001                  3.8993033744747621E+008                  4.8357493229657026E+004                  1.2348602306331017E+005                  3.2278069058409309E-001                  0.0000000000000000E+000                  4.4706896778977105E+004                  5.9871347668644958E+003                  6.9434637865617436E-024                  6.9434637865617436E-024                  0.0000000000000000E+000                  0.0000000000000000E+000                  2.7778451038749371E-025                  0.0000000000000000E+000                  8.1140103712328241E+001                  6.9999999999999996E-001                  2.9797635251138618E-005                  2.7997020236474884E-001                  4.1193902129486445E-003                  1.2067031330276047E-003                  1.1203876416666529E-002                  2.5129237964844936E-003                  9.5710644087274629E-004                  0.0000000000000000E+000                  0.0000000000000000E+000                  0.0000000000000000E+000                  0.0000000000000000E+000                  0.0000000000000000E+000                  0.0000000000000000E+000                  0.0000000000000000E+000                  0.0000000000000000E+000                  0.0000000000000000E+000                  0.0000000000000000E+000                 -8.2698172907505167E+000                 -9.8999999999999986E+001                  0.0000000000000000E+000                  0.0000000000000000E+000                 -9.8999999999999986E+001                 -9.8999999999999986E+001                  1.5500833177268291E+001                 -9.9000000000000000E+001                 -9.9000000000000000E+001                 -9.9000000000000000E+001 
                 9.3685307154370712E-001                  1.7894476262821851E+001                  1.2040623079278376E+002                  4.1963469181939781E+008                 -4.3091045916077046E+000                  4.8307936886125669E+000                  2.5512455790778543E+013                  2.5127197416536021E+001                  4.4527994954468960E+008                  1.5031303184391303E+000                  3.1464406180145144E-001                  6.4705983058389260E-001                  7.4938342024122573E-001                  8.5000496627254152E-001                  4.1958161480520147E+008                  5.3077014196332835E+004                  1.1529890407293457E+005                  3.1756163015159422E-001                  0.0000000000000000E+000                  4.3902308402316827E+004                  5.6992446968288396E+003                  7.2915910032921685E-024                  7.2915910032921685E-024                  0.0000000000000000E+000                  0.0000000000000000E+000                  2.9171190394731908E-025                  0.0000000000000000E+000                  8.3126821000468226E+001                  6.9999999999999996E-001                  2.9797635251138618E-005                  2.7997020236474884E-001                  4.1193902129486445E-003                  1.2067031330276047E-003                  1.1203876416666529E-002                  2.5129237964844936E-003                  9.5710644087274629E-004                  0.0000000000000000E+000                  0.0000000000000000E+000                  0.0000000000000000E+000                  0.0000000000000000E+000                  0.0000000000000000E+000                  0.0000000000000000E+000                  0.0000000000000000E+000                  0.0000000000000000E+000                  0.0000000000000000E+000                  0.0000000000000000E+000                 -8.2540931288884920E+000                 -9.8999999999999986E+001                  0.0000000000000000E+000                  0.0000000000000000E+000                 -9.8999999999999986E+001                 -9.8999999999999986E+001                  1.5500112332673416E+001                 -9.9000000000000000E+001                 -9.9000000000000000E+001                 -9.9000000000000000E+001 
                 9.3313480193581322E-001                  1.7782686579833967E+001                  1.2024619182287725E+002                  4.5153957670292819E+008                 -4.2878830348168773E+000                  4.8407556899729887E+000                  2.5934920137037926E+013                  2.5127298598516564E+001                  4.5479153570483685E+008                  1.4959518867238546E+000                  3.1041514742136439E-001                  6.4616399492491261E-001                  7.5099673055040339E-001                  8.5000496627254152E-001                  4.5148139927866739E+008                  5.8177424260820313E+004                  1.0806953773262577E+005                  3.1295217585428436E-001                  0.0000000000000000E+000                  4.3126725038001197E+004                  5.4371893676163545E+003                  7.6591704147964969E-024                  7.6591704147964969E-024                  0.0000000000000000E+000                  0.0000000000000000E+000                  3.0641751415267821E-025                  0.0000000000000000E+000                  8.5192569296863198E+001                  6.9999999999999996E-001                  2.9797635251138618E-005                  2.7997020236474884E-001                  4.1193902129486445E-003                  1.2067031330276047E-003                  1.1203876416666529E-002                  2.5129237964844936E-003                  9.5710644087274629E-004                  0.0000000000000000E+000                  0.0000000000000000E+000                  0.0000000000000000E+000                  0.0000000000000000E+000                  0.0000000000000000E+000                  0.0000000000000000E+000                  0.0000000000000000E+000                  0.0000000000000000E+000                  0.0000000000000000E+000                  0.0000000000000000E+000                 -8.2374459914623941E+000                 -9.8999999999999986E+001                  0.0000000000000000E+000                  0.0000000000000000E+000                 -9.8999999999999986E+001                 -9.8999999999999986E+001                  1.5499374474276340E+001                 -9.9000000000000000E+001                 -9.9000000000000000E+001                 -9.9000000000000000E+001 
                 9.2921879537432162E-001                  1.7669136850310942E+001                  1.2007345344961945E+002                  4.8586182768185937E+008                 -4.2665705383457428E+000                  4.8505925097332732E+000                  2.6368773646639531E+013                  2.5125323414653653E+001                  4.6323332049663353E+008                  1.4903611584040521E+000                  3.0699242611688127E-001                  6.4523651633470669E-001                  7.5336422589967633E-001                  8.5000496627254152E-001                  4.8579813320595276E+008                  6.3694475906615116E+004                  1.0165474379461061E+005                  3.0909297808342800E-001                  0.0000000000000000E+000                  4.2388113927962229E+004                  5.1984559078850571E+003                  8.0470370838960886E-024                  8.0470370838960886E-024                  0.0000000000000000E+000                  0.0000000000000000E+000                  3.2193474905616271E-025                  0.0000000000000000E+000                  8.7361842084713089E+001                  6.9999999999999996E-001                  2.9797635251138618E-005                  2.7997020236474884E-001                  4.1193902129486445E-003                  1.2067031330276047E-003                  1.1203876416666529E-002                  2.5129237964844936E-003                  9.5710644087274629E-004                  0.0000000000000000E+000                  0.0000000000000000E+000                  0.0000000000000000E+000                  0.0000000000000000E+000                  0.0000000000000000E+000                  0.0000000000000000E+000                  0.0000000000000000E+000                  0.0000000000000000E+000                  0.0000000000000000E+000                  0.0000000000000000E+000                 -8.2192145908247571E+000                 -9.8999999999999986E+001                  0.0000000000000000E+000                  0.0000000000000000E+000                 -9.8999999999999986E+001                 -9.8999999999999986E+001                  1.5498734891591360E+001                 -9.9000000000000000E+001                 -9.9000000000000000E+001                 -9.9000000000000000E+001 
                 9.2509612287867671E-001                  1.7553835573588433E+001                  1.1988696827261467E+002                  5.2278246070239198E+008                 -4.2451897749190355E+000                  4.8603295873425267E+000                  2.6814012087379531E+013                  2.5122087283034720E+001                  4.7040181075383055E+008                  1.4863292667228816E+000                  3.0437876911381845E-001                  6.4427040441223449E-001                  7.5631411117874359E-001                  8.5000496627254152E-001                  5.2271279001764929E+008                  6.9670684742692480E+004                  9.5934280725651319E+004                  3.0604367172905578E-001                  0.0000000000000000E+000                  4.1693531516625721E+004                  4.9805669582999144E+003                  8.4559499183988981E-024                  8.4559499183988981E-024                  0.0000000000000000E+000                  0.0000000000000000E+000                  3.3829397000678845E-025                  0.0000000000000000E+000                  8.9608532103388157E+001                  6.9999999999999996E-001                  2.9797635251138618E-005                  2.7997020236474884E-001                  4.1193902129486445E-003                  1.2067031330276047E-003                  1.1203876416666529E-002                  2.5129237964844936E-003                  9.5710644087274629E-004                  0.0000000000000000E+000                  0.0000000000000000E+000                  0.0000000000000000E+000                  0.0000000000000000E+000                  0.0000000000000000E+000                  0.0000000000000000E+000                  0.0000000000000000E+000                  0.0000000000000000E+000                  0.0000000000000000E+000                  0.0000000000000000E+000                 -8.1997270364552541E+000                 -9.8999999999999986E+001                  0.0000000000000000E+000                  0.0000000000000000E+000                 -9.8999999999999986E+001                 -9.8999999999999986E+001                  1.5498306211663380E+001                 -9.9000000000000000E+001                 -9.9000000000000000E+001                 -9.9000000000000000E+001 
                 9.2075751751701385E-001                  1.7436785063438837E+001                  1.1968566853440748E+002                  5.6249600883162498E+008                 -4.2237685965698395E+000                  4.8699923729851236E+000                  2.7271328163552469E+013                  2.5119143720615885E+001                  4.7613152504842502E+008                  1.4838230193966608E+000                  3.0256915115895555E-001                  6.4325471810066948E-001                  7.5932891702179617E-001                  8.5000496627254152E-001                  5.6241985334080374E+008                  7.6155490821184459E+004                  9.0793533779756486E+004                  3.0380311651589015E-001                  0.0000000000000000E+000                  4.1045442867796934E+004                  4.7802478697314418E+003                  8.8865460370899603E-024                  8.8865460370899603E-024                  0.0000000000000000E+000                  0.0000000000000000E+000                  3.5552066598744162E-025                  0.0000000000000000E+000                  9.1852367053040425E+001                  6.9999999999999996E-001                  2.9797635251138618E-005                  2.7997020236474884E-001                  4.1193902129486445E-003                  1.2067031330276047E-003                  1.1203876416666529E-002                  2.5129237964844936E-003                  9.5710644087274629E-004                  0.0000000000000000E+000                  0.0000000000000000E+000                  0.0000000000000000E+000                  0.0000000000000000E+000                  0.0000000000000000E+000                  0.0000000000000000E+000                  0.0000000000000000E+000                  0.0000000000000000E+000                  0.0000000000000000E+000                  0.0000000000000000E+000                 -8.1797642803210273E+000                 -9.8999999999999986E+001                  0.0000000000000000E+000                  0.0000000000000000E+000                 -9.8999999999999986E+001                 -9.8999999999999986E+001                  1.5498154030511683E+001                 -9.9000000000000000E+001                 -9.9000000000000000E+001                 -9.9000000000000000E+001 
                 9.1619336323267797E-001                  1.7317979488887097E+001                  1.1946860125272254E+002                  6.0521159423936915E+008                 -4.2023346908521448E+000                  4.8796065437271148E+000                  2.7741325826001633E+013                  2.5117533541746887E+001                  4.8023570484105921E+008                  1.4828288913805627E+000                  3.0158072689534521E-001                  6.4219467095443528E-001                  7.6198040239925879E-001                  8.5000496627254152E-001                  6.0512838761478996E+008                  8.3206624579209878E+004                  8.6122532907432018E+004                  3.0237694697220302E-001                  0.0000000000000000E+000                  4.0443572907466245E+004                  4.5942962904138294E+003                  9.3394219312316029E-024                  9.3394219312316014E-024                  0.0000000000000000E+000                  0.0000000000000000E+000                  3.7363870061227498E-025                  0.0000000000000000E+000                  9.4061685060233245E+001                  6.9999999999999996E-001                  2.9797635251138618E-005                  2.7997020236474884E-001                  4.1193902129486445E-003                  1.2067031330276047E-003                  1.1203876416666529E-002                  2.5129237964844936E-003                  9.5710644087274629E-004                  0.0000000000000000E+000                  0.0000000000000000E+000                  0.0000000000000000E+000                  0.0000000000000000E+000                  0.0000000000000000E+000                  0.0000000000000000E+000                  0.0000000000000000E+000                  0.0000000000000000E+000                  0.0000000000000000E+000                  0.0000000000000000E+000                 -8.1600882927848915E+000                 -9.8999999999999986E+001                  0.0000000000000000E+000                  0.0000000000000000E+000                 -9.8999999999999986E+001                 -9.8999999999999986E+001                  1.5498317004045832E+001                 -9.9000000000000000E+001                 -9.9000000000000000E+001                 -9.9000000000000000E+001 
                 9.1139368407722643E-001                  1.7197404281720715E+001                  1.1923484208087545E+002                  6.5115409762955809E+008                 -4.1809105321668456E+000                  4.8891983054456736E+000                  2.8224062664268758E+013                  2.5117593006871783E+001                  4.8255055736024100E+008                  1.4833295074117903E+000                  3.0142669542781214E-001                  6.4110174148356081E-001                  7.6422453061567341E-001                  8.5000496627254152E-001                  6.5106320577783108E+008                  9.0891851727002344E+004                  8.1839005414696265E+004                  3.0178025788299612E-001                  0.0000000000000000E+000                  3.9887902977830294E+004                  4.4214760606824329E+003                  9.8152384581478427E-024                  9.8152384581478427E-024                  0.0000000000000000E+000                  0.0000000000000000E+000                  3.9267451256538688E-025                  0.0000000000000000E+000                  9.6299532712798310E+001                  6.9999999999999996E-001                  2.9797635251138618E-005                  2.7997020236474884E-001                  4.1193902129486445E-003                  1.2067031330276047E-003                  1.1203876416666529E-002                  2.5129237964844936E-003                  9.5710644087274629E-004                  0.0000000000000000E+000                  0.0000000000000000E+000                  0.0000000000000000E+000                  0.0000000000000000E+000                  0.0000000000000000E+000                  0.0000000000000000E+000                  0.0000000000000000E+000                  0.0000000000000000E+000                  0.0000000000000000E+000                  0.0000000000000000E+000                 -8.1409600199628578E+000                 -9.8999999999999986E+001                  0.0000000000000000E+000                  0.0000000000000000E+000                 -9.8999999999999986E+001                 -9.8999999999999986E+001                  1.5498844816298840E+001                 -9.9000000000000000E+001                 -9.9000000000000000E+001                 -9.9000000000000000E+001 
                 9.0634813428003436E-001                  1.7075036975160398E+001                  1.1898326192903264E+002                  7.0056541636726308E+008                 -4.1595103441247749E+000                  4.8987932464211719E+000                  2.8718153130337523E+013                  2.5119196397273715E+001                  4.8311801600845432E+008                  1.4852126102545955E+000                  3.0205058967986231E-001                  6.3999949066172945E-001                  7.6657792691273841E-001                  8.5000496627254152E-001                  7.0046612654912388E+008                  9.9289818139254159E+004                  7.7904218852097110E+004                  3.0199211624136202E-001                  0.0000000000000000E+000                  3.9378615880366699E+004                  4.2626082656096223E+003                  1.0314812106823465E-023                  1.0314812106823465E-023                  0.0000000000000000E+000                  0.0000000000000000E+000                  4.1266076682932436E-025                  0.0000000000000000E+000                  9.8640681984112987E+001                  6.9999999999999996E-001                  2.9797635251138618E-005                  2.7997020236474884E-001                  4.1193902129486445E-003                  1.2067031330276047E-003                  1.1203876416666529E-002                  2.5129237964844936E-003                  9.5710644087274629E-004                  0.0000000000000000E+000                  0.0000000000000000E+000                  0.0000000000000000E+000                  0.0000000000000000E+000                  0.0000000000000000E+000                  0.0000000000000000E+000                  0.0000000000000000E+000                  0.0000000000000000E+000                  0.0000000000000000E+000                  0.0000000000000000E+000                 -8.1217781314872983E+000                 -9.8999999999999986E+001                  0.0000000000000000E+000                  0.0000000000000000E+000                 -9.8999999999999986E+001                 -9.8999999999999986E+001                  1.5499791023379787E+001                 -9.9000000000000000E+001                 -9.9000000000000000E+001                 -9.9000000000000000E+001 
                 9.0104598986794515E-001                  1.6950849047250408E+001                  1.1871246027239954E+002                  7.6782619271898437E+008                 -4.1328155580237054E+000                  4.9109378554318495E+000                  2.9356144707488996E+013                  2.5123468751084395E+001                  4.8149901229326934E+008                  1.4893632834797621E+000                  3.0384247293998490E-001                  6.3862115400280994E-001                  7.7038501478677257E-001                  8.5000496627254152E-001                  7.6771515177343631E+008                  1.1104094554808365E+005                  7.4301649520980078E+004                  3.0299021000999976E-001                  0.0000000000000000E+000                  3.8919957272546744E+004                  4.0799944103195421E+003                  1.0973910928437377E-023                  1.0973910928437377E-023                  0.0000000000000000E+000                  0.0000000000000000E+000                  4.3902908461890986E-025                  0.0000000000000000E+000                  1.0178136743815978E+002                  6.9999999999999996E-001                  2.9797635251138618E-005                  2.7997020236474884E-001                  4.1193902129486445E-003                  1.2067031330276047E-003                  1.1203876416666529E-002                  2.5129237964844936E-003                  9.5710644087274629E-004                  0.0000000000000000E+000                  0.0000000000000000E+000                  0.0000000000000000E+000                  0.0000000000000000E+000                  0.0000000000000000E+000                  0.0000000000000000E+000                  0.0000000000000000E+000                  0.0000000000000000E+000                  0.0000000000000000E+000                  0.0000000000000000E+000                 -8.0972816609627500E+000                 -9.8999999999999986E+001                  0.0000000000000000E+000                  0.0000000000000000E+000                 -9.8999999999999986E+001                 -9.8999999999999986E+001                  1.5501312516694686E+001                 -9.9000000000000000E+001                 -9.9000000000000000E+001                 -9.9000000000000000E+001 
                 8.9258725077688528E-001                  1.6761052460116861E+001                  1.1826668332174064E+002                  8.4102475784838772E+008                 -4.1062349895188985E+000                  4.9229553755443147E+000                  2.9997908488174223E+013                  2.5123263513772851E+001                  4.7751232244704151E+008                  1.4952683890160605E+000                  3.0664746790435160E-001                  6.3726682860308459E-001                  7.7446245654457424E-001                  8.5000496627254152E-001                  8.4090072028345072E+008                  1.2403756493704033E+005                  6.9364781227532731E+004                  3.0571753221928472E-001                  0.0000000000000000E+000                  3.8298550104485526E+004                  3.9188511606559564E+003                  1.1672195467134070E-023                  1.1672195467134070E-023                  0.0000000000000000E+000                  0.0000000000000000E+000                  4.6696509083449146E-025                  0.0000000000000000E+000                  1.0477846282705967E+002                  6.9999999999999996E-001                  2.9797635251138618E-005                  2.7997020236474884E-001                  4.1193902129486445E-003                  1.2067031330276047E-003                  1.1203876416666529E-002                  2.5129237964844936E-003                  9.5710644087274629E-004                  0.0000000000000000E+000                  0.0000000000000000E+000                  0.0000000000000000E+000                  0.0000000000000000E+000                  0.0000000000000000E+000                  0.0000000000000000E+000                  0.0000000000000000E+000                  0.0000000000000000E+000                  0.0000000000000000E+000                  0.0000000000000000E+000                 -8.0722599628953056E+000                 -9.8999999999999986E+001                  0.0000000000000000E+000                  0.0000000000000000E+000                 -9.8999999999999986E+001                 -9.8999999999999986E+001                  1.5504199920019513E+001                 -9.9000000000000000E+001                 -9.9000000000000000E+001                 -9.9000000000000000E+001 
                 8.8659416782207767E-001                  1.6632136816360763E+001                  1.1794154660921323E+002                  9.0476056789239275E+008                 -4.0850592795630840E+000                  4.9327389628489211E+000                  3.0529020856044395E+013                  2.5121118403916540E+001                  4.7271136374666935E+008                  1.5012780552411158E+000                  3.0962484922648398E-001                  6.3615812118891779E-001                  7.7731398833742271E-001                  8.5000496627254152E-001                  9.0462483422578835E+008                  1.3573366660439354E+005                  6.6278146590410310E+004                  3.0832403344222592E-001                  0.0000000000000000E+000                  3.7924586475650220E+004                  3.7920369952583419E+003                  1.2260282581428224E-023                  1.2260282581428222E-023                  0.0000000000000000E+000                  0.0000000000000000E+000                  4.9049247043318208E-025                  0.0000000000000000E+000                  1.0726839048323474E+002                  6.9999999999999996E-001                  2.9797635251138618E-005                  2.7997020236474884E-001                  4.1193902129486445E-003                  1.2067031330276047E-003                  1.1203876416666529E-002                  2.5129237964844936E-003                  9.5710644087274629E-004                  0.0000000000000000E+000                  0.0000000000000000E+000                  0.0000000000000000E+000                  0.0000000000000000E+000                  0.0000000000000000E+000                  0.0000000000000000E+000                  0.0000000000000000E+000                  0.0000000000000000E+000                  0.0000000000000000E+000                  0.0000000000000000E+000                 -8.0535872198841556E+000                 -9.8999999999999986E+001                  0.0000000000000000E+000                  0.0000000000000000E+000                 -9.8999999999999986E+001                 -9.8999999999999986E+001                  1.5506525082240570E+001                 -9.9000000000000000E+001                 -9.9000000000000000E+001                 -9.9000000000000000E+001 
                 8.8030391255714968E-001                  1.6501239056486821E+001                  1.1759217811945096E+002                  9.6437120202486360E+008                 -4.0666171085165921E+000                  4.9413465459800880E+000                  3.1000876998919664E+013                  2.5120080498782691E+001                  4.6754969032687104E+008                  1.5073355387827050E+000                  3.1267825387333864E-001                  6.3521308978345892E-001                  7.7922139154375891E-001                  8.5000496627254152E-001                  9.6422426950948393E+008                  1.4693251537972604E+005                  6.3276655667745108E+004                  3.1155352435087608E-001                  0.0000000000000000E+000                  3.7586471840776867E+004                  3.6848254878269831E+003                  1.2796639988810546E-023                  1.2796639988810546E-023                  0.0000000000000000E+000                  0.0000000000000000E+000                  5.1195031928631114E-025                  0.0000000000000000E+000                  1.0944196945577669E+002                  6.9999999999999996E-001                  2.9797635251138618E-005                  2.7997020236474884E-001                  4.1193902129486445E-003                  1.2067031330276047E-003                  1.1203876416666529E-002                  2.5129237964844936E-003                  9.5710644087274629E-004                  0.0000000000000000E+000                  0.0000000000000000E+000                  0.0000000000000000E+000                  0.0000000000000000E+000                  0.0000000000000000E+000                  0.0000000000000000E+000                  0.0000000000000000E+000                  0.0000000000000000E+000                  0.0000000000000000E+000                  0.0000000000000000E+000                 -8.0384242699204780E+000                 -9.8999999999999986E+001                  0.0000000000000000E+000                  0.0000000000000000E+000                 -9.8999999999999986E+001                 -9.8999999999999986E+001                  1.5509336438362075E+001                 -9.9000000000000000E+001                 -9.9000000000000000E+001                 -9.9000000000000000E+001 
                 8.7538372135796039E-001                  1.6401729244690106E+001                  1.1731336732883324E+002                  1.0280812088241681E+009                 -4.0482549550726503E+000                  4.9501083347866572E+000                  3.1484887370905547E+013                  2.5122012033933050E+001                  4.6160235055700421E+008                  1.5141175895574968E+000                  3.1612680718386382E-001                  6.3429972405100310E-001                  7.8073269728778805E-001                  8.5000496627254152E-001                  1.0279219274225394E+009                  1.5928140162877561E+005                  6.1080053901517997E+004                  3.1433049308850669E-001                  0.0000000000000000E+000                  3.7354635061432986E+004                  3.5790708273418372E+003                  1.3354076825624896E-023                  1.3354076825624893E-023                  0.0000000000000000E+000                  0.0000000000000000E+000                  5.3425148508547028E-025                  0.0000000000000000E+000                  1.1171152730672715E+002                  6.9999999999999996E-001                  2.9797635251138618E-005                  2.7997020236474884E-001                  4.1193902129486445E-003                  1.2067031330276047E-003                  1.1203876416666529E-002                  2.5129237964844936E-003                  9.5710644087274629E-004                  0.0000000000000000E+000                  0.0000000000000000E+000                  0.0000000000000000E+000                  0.0000000000000000E+000                  0.0000000000000000E+000                  0.0000000000000000E+000                  0.0000000000000000E+000                  0.0000000000000000E+000                  0.0000000000000000E+000                  0.0000000000000000E+000                 -8.0245588850645220E+000                 -9.8999999999999986E+001                  0.0000000000000000E+000                  0.0000000000000000E+000                 -9.8999999999999986E+001                 -9.8999999999999986E+001                  1.5511766487145978E+001                 -9.9000000000000000E+001                 -9.9000000000000000E+001                 -9.9000000000000000E+001 
                 8.6854320870838120E-001                  1.6267202203542844E+001                  1.1691769986596636E+002                  1.1059236962638104E+009                 -4.0273837459498436E+000                  4.9602036063844652E+000                  3.2045359923549500E+013                  2.5123769639476119E+001                  4.5416604654758966E+008                  1.5225053613036383E+000                  3.2041994057763556E-001                  6.3331001483120797E-001                  7.8270293246034073E-001                  8.5000496627254152E-001                  1.1057488943613052E+009                  1.7480190250523508E+005                  5.8228791652538181E+004                  3.1842467273347652E-001                  0.0000000000000000E+000                  3.7071145442554720E+004                  3.4638642350668174E+003                  1.4017352637564410E-023                  1.4017352637564410E-023                  0.0000000000000000E+000                  0.0000000000000000E+000                  5.6078691113957873E-025                  0.0000000000000000E+000                  1.1436268445789150E+002                  6.9999999999999996E-001                  2.9797635251138618E-005                  2.7997020236474884E-001                  4.1193902129486445E-003                  1.2067031330276047E-003                  1.1203876416666529E-002                  2.5129237964844936E-003                  9.5710644087274629E-004                  0.0000000000000000E+000                  0.0000000000000000E+000                  0.0000000000000000E+000                  0.0000000000000000E+000                  0.0000000000000000E+000                  0.0000000000000000E+000                  0.0000000000000000E+000                  0.0000000000000000E+000                  0.0000000000000000E+000                  0.0000000000000000E+000                 -8.0089304863411410E+000                 -9.8999999999999986E+001                  0.0000000000000000E+000                  0.0000000000000000E+000                 -9.8999999999999986E+001                 -9.8999999999999986E+001                  1.5515416673957406E+001                 -9.9000000000000000E+001                 -9.9000000000000000E+001                 -9.9000000000000000E+001 
                 8.6137036030383951E-001                  1.6130497718762971E+001                  1.1649296326058365E+002                  1.1679656061403413E+009                 -4.0118113794594592E+000                  4.9678104028882046E+000                  3.2468937821411859E+013                  2.5122556341260932E+001                  4.4833038241317362E+008                  1.5291023898395109E+000                  3.2381251867186761E-001                  6.3260455004182048E-001                  7.8475830819839476E-001                  8.5000496627254152E-001                  1.1677781181987181E+009                  1.8748794162315599E+005                  5.5459284959159326E+004                  3.2285026972741765E-001                  0.0000000000000000E+000                  3.6804063241592848E+004                  3.3810697744802465E+003                  1.4533696548980601E-023                  1.4533696548980601E-023                  0.0000000000000000E+000                  0.0000000000000000E+000                  5.8144408803653383E-025                  0.0000000000000000E+000                  1.1639937901708507E+002                  6.9999999999999996E-001                  2.9797635251138618E-005                  2.7997020236474884E-001                  4.1193902129486445E-003                  1.2067031330276047E-003                  1.1203876416666529E-002                  2.5129237964844936E-003                  9.5710644087274629E-004                  0.0000000000000000E+000                  0.0000000000000000E+000                  0.0000000000000000E+000                  0.0000000000000000E+000                  0.0000000000000000E+000                  0.0000000000000000E+000                  0.0000000000000000E+000                  0.0000000000000000E+000                  0.0000000000000000E+000                  0.0000000000000000E+000                 -7.9967035174460870E+000                 -9.8999999999999986E+001                  0.0000000000000000E+000                  0.0000000000000000E+000                 -9.8999999999999986E+001                 -9.8999999999999986E+001                  1.5519265010886395E+001                 -9.9000000000000000E+001                 -9.9000000000000000E+001                 -9.9000000000000000E+001 
                 8.5765511418870233E-001                  1.6061307302893805E+001                  1.1626904889853574E+002                  1.2338350302345052E+009                 -3.9963021748482803E+000                  4.9756069041885418E+000                  3.2905143979427121E+013                  2.5121273458511933E+001                  4.4221965137617308E+008                  1.5360549430295107E+000                  3.2739931420018009E-001                  6.3190517020040515E-001                  7.8711513010487033E-001                  8.5000496627254152E-001                  1.2336335839107230E+009                  2.0144632378227147E+005                  5.4094436657321530E+004                  3.2517233786580124E-001                  0.0000000000000000E+000                  3.6679487415113312E+004                  3.2963316215855757E+003                  1.5066931846665237E-023                  1.5066931846665237E-023                  0.0000000000000000E+000                  0.0000000000000000E+000                  6.0277703241543059E-025                  0.0000000000000000E+000                  1.1856554577133284E+002                  6.9999999999999996E-001                  2.9797635251138618E-005                  2.7997020236474884E-001                  4.1193902129486445E-003                  1.2067031330276047E-003                  1.1203876416666529E-002                  2.5129237964844936E-003                  9.5710644087274629E-004                  0.0000000000000000E+000                  0.0000000000000000E+000                  0.0000000000000000E+000                  0.0000000000000000E+000                  0.0000000000000000E+000                  0.0000000000000000E+000                  0.0000000000000000E+000                  0.0000000000000000E+000                  0.0000000000000000E+000                  0.0000000000000000E+000                 -7.9848662678502302E+000                 -9.8999999999999986E+001                  0.0000000000000000E+000                  0.0000000000000000E+000                 -9.8999999999999986E+001                 -9.8999999999999986E+001                  1.5521370970211395E+001                 -9.9000000000000000E+001                 -9.9000000000000000E+001                 -9.9000000000000000E+001 
                 8.4995839805907947E-001                  1.5921181325258539E+001                  1.1579654252356902E+002                  1.3030398313354418E+009                 -3.9808710730686072E+000                  4.9833807798281944E+000                  3.3341142655020410E+013                  2.5119903108497848E+001                  4.3610082788181305E+008                  1.5430959111922395E+000                  3.3103614655035002E-001                  6.3122993854762699E-001                  7.8927635575860511E-001                  8.5000496627254152E-001                  1.3028234325350814E+009                  2.1639880036053434E+005                  5.1384043484174974E+004                  3.2998137313878123E-001                  0.0000000000000000E+000                  3.6441304654536310E+004                  3.2144193269326524E+003                  1.5616982989115221E-023                  1.5616982989115221E-023                  0.0000000000000000E+000                  0.0000000000000000E+000                  6.2478272212880983E-025                  0.0000000000000000E+000                  1.2072031934932932E+002                  6.9999999999999996E-001                  2.9797635251138618E-005                  2.7997020236474884E-001                  4.1193902129486445E-003                  1.2067031330276047E-003                  1.1203876416666529E-002                  2.5129237964844936E-003                  9.5710644087274629E-004                  0.0000000000000000E+000                  0.0000000000000000E+000                  0.0000000000000000E+000                  0.0000000000000000E+000                  0.0000000000000000E+000                  0.0000000000000000E+000                  0.0000000000000000E+000                  0.0000000000000000E+000                  0.0000000000000000E+000                  0.0000000000000000E+000                 -7.9734167979465713E+000                 -9.8999999999999986E+001                  0.0000000000000000E+000                  0.0000000000000000E+000                 -9.8999999999999986E+001                 -9.8999999999999986E+001                  1.5525804773012711E+001                 -9.9000000000000000E+001                 -9.9000000000000000E+001                 -9.9000000000000000E+001 
                 8.4597343474258102E-001                  1.5850230089991491E+001                  1.1554745704929937E+002                  1.3514419977177796E+009                 -3.9706227771369083E+000                  4.9886468785788578E+000                  3.3637653239930277E+013                  2.5119991353280522E+001                  4.3196727095146108E+008                  1.5479059523631444E+000                  3.3352198078143880E-001                  6.3078364929134345E-001                  7.9052536184641053E-001                  8.5000496627254152E-001                  1.3512148443166242E+009                  2.2715340115539191E+005                  5.0041316367229461E+004                  3.3244749859523359E-001                  0.0000000000000000E+000                  3.6324994520347631E+004                  3.1592439026470611E+003                  1.5993390805360100E-023                  1.5993390805360100E-023                  0.0000000000000000E+000                  0.0000000000000000E+000                  6.3984152851529535E-025                  0.0000000000000000E+000                  1.2219484018294612E+002                  6.9999999999999996E-001                  2.9797635251138618E-005                  2.7997020236474884E-001                  4.1193902129486445E-003                  1.2067031330276047E-003                  1.1203876416666529E-002                  2.5129237964844936E-003                  9.5710644087274629E-004                  0.0000000000000000E+000                  0.0000000000000000E+000                  0.0000000000000000E+000                  0.0000000000000000E+000                  0.0000000000000000E+000                  0.0000000000000000E+000                  0.0000000000000000E+000                  0.0000000000000000E+000                  0.0000000000000000E+000                  0.0000000000000000E+000                 -7.9664340131161957E+000                 -9.8999999999999986E+001                  0.0000000000000000E+000                  0.0000000000000000E+000                 -9.8999999999999986E+001                 -9.8999999999999986E+001                  1.5528070713568059E+001                 -9.9000000000000000E+001                 -9.9000000000000000E+001                 -9.9000000000000000E+001 
                 8.4189504021210859E-001                  1.5778668259727631E+001                  1.1528941778098367E+002                  1.4016382091027505E+009                 -3.9604076049262500E+000                  4.9939520523418670E+000                  3.3937108708944695E+013                  2.5120380079390756E+001                  4.2784417141353881E+008                  1.5527548117789833E+000                  3.3602722645158667E-001                  6.3035051696193700E-001                  7.9162958992799914E-001                  8.5000496627254152E-001                  1.4013996807884908E+009                  2.3852831425978770E+005                  4.8708531487403008E+004                  3.3494003144319429E-001                  0.0000000000000000E+000                  3.6212720699963196E+004                  3.1045947547092715E+003                  1.6377650658108253E-023                  1.6377650658108253E-023                  0.0000000000000000E+000                  0.0000000000000000E+000                  6.5521446845373092E-025                  0.0000000000000000E+000                  1.2368133327767677E+002                  6.9999999999999996E-001                  2.9797635251138618E-005                  2.7997020236474884E-001                  4.1193902129486445E-003                  1.2067031330276047E-003                  1.1203876416666529E-002                  2.5129237964844936E-003                  9.5710644087274629E-004                  0.0000000000000000E+000                  0.0000000000000000E+000                  0.0000000000000000E+000                  0.0000000000000000E+000                  0.0000000000000000E+000                  0.0000000000000000E+000                  0.0000000000000000E+000                  0.0000000000000000E+000                  0.0000000000000000E+000                  0.0000000000000000E+000                 -7.9598503671151217E+000                 -9.8999999999999986E+001                  0.0000000000000000E+000                  0.0000000000000000E+000                 -9.8999999999999986E+001                 -9.8999999999999986E+001                  1.5530450863624916E+001                 -9.9000000000000000E+001                 -9.9000000000000000E+001                 -9.9000000000000000E+001 
                 8.3772142094927649E-001                  1.5706483354103581E+001                  1.1502214133685467E+002                  1.4536953744262960E+009                 -3.9502253772767100E+000                  4.9992965560294813E+000                  3.4239498341368145E+013                  2.5120781325358998E+001                  4.2375671812641662E+008                  1.5576194716048248E+000                  3.3853867607009003E-001                  6.2993715961475938E-001                  7.9261171124520668E-001                  8.5000496627254152E-001                  1.4534448108416007E+009                  2.5056358469538626E+005                  4.7392066160856069E+004                  3.3744550239209670E-001                  0.0000000000000000E+000                  3.6102315909360972E+004                  3.0507441252052972E+003                  1.6769900286878309E-023                  1.6769900286878309E-023                  0.0000000000000000E+000                  0.0000000000000000E+000                  6.7090705244185230E-025                  0.0000000000000000E+000                  1.2518240359181610E+002                  6.9999999999999996E-001                  2.9797635251138618E-005                  2.7997020236474884E-001                  4.1193902129486445E-003                  1.2067031330276047E-003                  1.1203876416666529E-002                  2.5129237964844936E-003                  9.5710644087274629E-004                  0.0000000000000000E+000                  0.0000000000000000E+000                  0.0000000000000000E+000                  0.0000000000000000E+000                  0.0000000000000000E+000                  0.0000000000000000E+000                  0.0000000000000000E+000                  0.0000000000000000E+000                  0.0000000000000000E+000                  0.0000000000000000E+000                 -7.9536200247267264E+000                 -9.8999999999999986E+001                  0.0000000000000000E+000                  0.0000000000000000E+000                 -9.8999999999999986E+001                 -9.8999999999999986E+001                  1.5532887936421430E+001                 -9.9000000000000000E+001                 -9.9000000000000000E+001                 -9.9000000000000000E+001 
                 8.3345076646920102E-001                  1.5633662578259697E+001                  1.1474533156307920E+002                  1.5076829411269069E+009                 -3.9400757482174518E+000                  5.0046804358948194E+000                  3.4544814900535379E+013                  2.5120976123729601E+001                  4.1972974239446926E+008                  1.5624762421277487E+000                  3.4104296203081019E-001                  6.2954916972107222E-001                  7.9349293626047501E-001                  8.5000496627254152E-001                  1.5074196395420957E+009                  2.6330158481112489E+005                  4.6096456193425409E+004                  3.3995061468557991E-001                  0.0000000000000000E+000                  3.5993411328075403E+004                  2.9979320542537735E+003                  1.7170286091322249E-023                  1.7170286091322249E-023                  0.0000000000000000E+000                  0.0000000000000000E+000                  6.8692513744030487E-025                  0.0000000000000000E+000                  1.2670334039963144E+002                  6.9999999999999996E-001                  2.9797635251138618E-005                  2.7997020236474884E-001                  4.1193902129486445E-003                  1.2067031330276047E-003                  1.1203876416666529E-002                  2.5129237964844936E-003                  9.5710644087274629E-004                  0.0000000000000000E+000                  0.0000000000000000E+000                  0.0000000000000000E+000                  0.0000000000000000E+000                  0.0000000000000000E+000                  0.0000000000000000E+000                  0.0000000000000000E+000                  0.0000000000000000E+000                  0.0000000000000000E+000                  0.0000000000000000E+000                 -7.9477031352087995E+000                 -9.8999999999999986E+001                  0.0000000000000000E+000                  0.0000000000000000E+000                 -9.8999999999999986E+001                 -9.8999999999999986E+001                  1.5535378656512819E+001                 -9.9000000000000000E+001                 -9.9000000000000000E+001                 -9.9000000000000000E+001 
                 8.2908125038791125E-001                  1.5560192842800005E+001                  1.1445867287751578E+002                  1.5636729918788061E+009                 -3.9299581282356040E+000                  5.0101035425194249E+000                  3.4853118171285715E+013                  2.5121113015941166E+001                  4.1578151877536201E+008                  1.5673013321566476E+000                  3.4352855860792092E-001                  6.2918395065895549E-001                  7.9430516012364938E-001                  8.5000496627254152E-001                  1.5633962047442656E+009                  2.7678713454054622E+005                  4.4823464969597349E+004                  3.4244290327277688E-001                  0.0000000000000000E+000                  3.5885626560535493E+004                  2.9460755643242351E+003                  1.7578967090135165E-023                  1.7578967090135165E-023                  0.0000000000000000E+000                  0.0000000000000000E+000                  7.0327508525527761E-025                  0.0000000000000000E+000                  1.2825112548852621E+002                  6.9999999999999996E-001                  2.9797635251138618E-005                  2.7997020236474884E-001                  4.1193902129486445E-003                  1.2067031330276047E-003                  1.1203876416666529E-002                  2.5129237964844936E-003                  9.5710644087274629E-004                  0.0000000000000000E+000                  0.0000000000000000E+000                  0.0000000000000000E+000                  0.0000000000000000E+000                  0.0000000000000000E+000                  0.0000000000000000E+000                  0.0000000000000000E+000                  0.0000000000000000E+000                  0.0000000000000000E+000                  0.0000000000000000E+000                 -7.9420732397882841E+000                 -9.8999999999999986E+001                  0.0000000000000000E+000                  0.0000000000000000E+000                 -9.8999999999999986E+001                 -9.8999999999999986E+001                  1.5537919480303028E+001                 -9.9000000000000000E+001                 -9.9000000000000000E+001                 -9.9000000000000000E+001 
                 8.2461103153141524E-001                  1.5486060797011783E+001                  1.1416182519034405E+002                  1.6217403449004078E+009                 -3.9198717535436427E+000                  5.0155655470302687E+000                  3.5164490953429750E+013                  2.5121481750170762E+001                  4.1192860531327713E+008                  1.5720698452491235E+000                  3.4598414729872490E-001                  6.2883544689725424E-001                  7.9508083257117534E-001                  8.5000496627254152E-001                  1.6214492772650542E+009                  2.9106763535349787E+005                  4.3571355378803062E+004                  3.4491093744395279E-001                  0.0000000000000000E+000                  3.5778557781171781E+004                  2.8949516873576849E+003                  1.7996113269193468E-023                  1.7996113269193468E-023                  0.0000000000000000E+000                  0.0000000000000000E+000                  7.1996369645310570E-025                  0.0000000000000000E+000                  1.2983182103879705E+002                  6.9999999999999996E-001                  2.9797635251138618E-005                  2.7997020236474884E-001                  4.1193902129486445E-003                  1.2067031330276047E-003                  1.1203876416666529E-002                  2.5129237964844936E-003                  9.5710644087274629E-004                  0.0000000000000000E+000                  0.0000000000000000E+000                  0.0000000000000000E+000                  0.0000000000000000E+000                  0.0000000000000000E+000                  0.0000000000000000E+000                  0.0000000000000000E+000                  0.0000000000000000E+000                  0.0000000000000000E+000                  0.0000000000000000E+000                 -7.9367129336805480E+000                 -9.8999999999999986E+001                  0.0000000000000000E+000                  0.0000000000000000E+000                 -9.8999999999999986E+001                 -9.8999999999999986E+001                  1.5540506302317945E+001                 -9.9000000000000000E+001                 -9.9000000000000000E+001                 -9.9000000000000000E+001 
                 8.2003825511618966E-001                  1.5411252851484678E+001                  1.1385442451722709E+002                  1.6819626574513075E+009                 -3.9098157340602313E+000                  5.0210659370099959E+000                  3.5479012193328297E+013                  2.5122379293469958E+001                  4.0818858476830637E+008                  1.5767553970539174E+000                  3.4839770748251725E-001                  6.2849703985959171E-001                  7.9584463183049026E-001                  8.5000496627254152E-001                  1.6816564642964151E+009                  3.0619315489245130E+005                  4.2337307034508398E+004                  3.4734304404717542E-001                  0.0000000000000000E+000                  3.5671808356703732E+004                  2.8443171434216556E+003                  1.8421904504057914E-023                  1.8421904504057914E-023                  0.0000000000000000E+000                  0.0000000000000000E+000                  7.3699816725326838E-025                  0.0000000000000000E+000                  1.3144823485317201E+002                  6.9999999999999996E-001                  2.9797635251138618E-005                  2.7997020236474884E-001                  4.1193902129486445E-003                  1.2067031330276047E-003                  1.1203876416666529E-002                  2.5129237964844936E-003                  9.5710644087274629E-004                  0.0000000000000000E+000                  0.0000000000000000E+000                  0.0000000000000000E+000                  0.0000000000000000E+000                  0.0000000000000000E+000                  0.0000000000000000E+000                  0.0000000000000000E+000                  0.0000000000000000E+000                  0.0000000000000000E+000                  0.0000000000000000E+000                 -7.9316135773735823E+000                 -9.8999999999999986E+001                  0.0000000000000000E+000                  0.0000000000000000E+000                 -9.8999999999999986E+001                 -9.8999999999999986E+001                  1.5543134661733205E+001                 -9.9000000000000000E+001                 -9.9000000000000000E+001                 -9.9000000000000000E+001 
                 8.1536105406984694E-001                  1.5335755194265960E+001                  1.1353608944066997E+002                  1.7444205324523718E+009                 -3.8997892130859984E+000                  5.0266040236146505E+000                  3.5796769014728547E+013                  2.5123853947516572E+001                  4.0457548118688834E+008                  1.5813360113315631E+000                  3.5075888516512543E-001                  6.2816443243032227E-001                  7.9660901494840064E-001                  8.5000496627254152E-001                  1.7440983159166925E+009                  3.2221653567926196E+005                  4.1118395345534533E+004                  3.4972802119878038E-001                  0.0000000000000000E+000                  3.5564980710526404E+004                  2.7939126488458960E+003                  1.8856524349447175E-023                  1.8856524349447175E-023                  0.0000000000000000E+000                  0.0000000000000000E+000                  7.5438584106619477E-025                  0.0000000000000000E+000                  1.3310168262502333E+002                  6.9999999999999996E-001                  2.9797635251138618E-005                  2.7997020236474884E-001                  4.1193902129486445E-003                  1.2067031330276047E-003                  1.1203876416666529E-002                  2.5129237964844936E-003                  9.5710644087274629E-004                  0.0000000000000000E+000                  0.0000000000000000E+000                  0.0000000000000000E+000                  0.0000000000000000E+000                  0.0000000000000000E+000                  0.0000000000000000E+000                  0.0000000000000000E+000                  0.0000000000000000E+000                  0.0000000000000000E+000                  0.0000000000000000E+000                 -7.9267621430517234E+000                 -9.8999999999999986E+001                  0.0000000000000000E+000                  0.0000000000000000E+000                 -9.8999999999999986E+001                 -9.8999999999999986E+001                  1.5545799694759832E+001                 -9.9000000000000000E+001                 -9.9000000000000000E+001                 -9.9000000000000000E+001 
                 8.1057755046050406E-001                  1.5259553779767572E+001                  1.1320642405444556E+002                  1.8091976290546269E+009                 -3.8897914724915190E+000                  5.0321789922783955E+000                  3.6117876531377289E+013                  2.5125351880280430E+001                  4.0109358619068038E+008                  1.5858019297196400E+000                  3.5306213592470248E-001                  6.2783985193278302E-001                  7.9738715092144186E-001                  8.5000496627254152E-001                  1.8088584354160500E+009                  3.3919363857704954E+005                  3.9911728620223344E+004                  3.5205788840179458E-001                  0.0000000000000000E+000                  3.5457652731288596E+004                  2.7434773227971391E+003                  1.9300155327052979E-023                  1.9300155327052979E-023                  0.0000000000000000E+000                  0.0000000000000000E+000                  7.7213401997465454E-025                  0.0000000000000000E+000                  1.3479130799888614E+002                  6.9999999999999996E-001                  2.9797635251138618E-005                  2.7997020236474884E-001                  4.1193902129486445E-003                  1.2067031330276047E-003                  1.1203876416666529E-002                  2.5129237964844936E-003                  9.5710644087274629E-004                  0.0000000000000000E+000                  0.0000000000000000E+000                  0.0000000000000000E+000                  0.0000000000000000E+000                  0.0000000000000000E+000                  0.0000000000000000E+000                  0.0000000000000000E+000                  0.0000000000000000E+000                  0.0000000000000000E+000                  0.0000000000000000E+000                 -7.9221010990750393E+000                 -9.8999999999999986E+001                  0.0000000000000000E+000                  0.0000000000000000E+000                 -9.8999999999999986E+001                 -9.8999999999999986E+001                  1.5548496006811938E+001                 -9.9000000000000000E+001                 -9.9000000000000000E+001                 -9.9000000000000000E+001 
                 8.0568585702274464E-001                  1.5182634298027557E+001                  1.1286502303153006E+002                  1.8763807774758995E+009                 -3.8798215044957218E+000                  5.0377899425822035E+000                  3.6442458561529383E+013                  2.5126178683205492E+001                  3.9774619232736266E+008                  1.5901442281179463E+000                  3.5530212483944812E-001                  6.2752681186262471E-001                  7.9821900117190081E-001                  8.5000496627254152E-001                  1.8760235938843429E+009                  3.5718359155647754E+005                  3.8714819680868583E+004                  3.5432720319062794E-001                  0.0000000000000000E+000                  3.5349451407139793E+004                  2.6927879207953142E+003                  1.9752998052298615E-023                  1.9752998052298612E-023                  0.0000000000000000E+000                  0.0000000000000000E+000                  7.9025072993085695E-025                  0.0000000000000000E+000                  1.3651521131797131E+002                  6.9999999999999996E-001                  2.9797635251138618E-005                  2.7997020236474884E-001                  4.1193902129486445E-003                  1.2067031330276047E-003                  1.1203876416666529E-002                  2.5129237964844936E-003                  9.5710644087274629E-004                  0.0000000000000000E+000                  0.0000000000000000E+000                  0.0000000000000000E+000                  0.0000000000000000E+000                  0.0000000000000000E+000                  0.0000000000000000E+000                  0.0000000000000000E+000                  0.0000000000000000E+000                  0.0000000000000000E+000                  0.0000000000000000E+000                 -7.9175305025438369E+000                 -9.8999999999999986E+001                  0.0000000000000000E+000                  0.0000000000000000E+000                 -9.8999999999999986E+001                 -9.8999999999999986E+001                  1.5551218568108508E+001                 -9.9000000000000000E+001                 -9.9000000000000000E+001                 -9.9000000000000000E+001 
                 8.0068407882720372E-001                  1.5104982219533843E+001                  1.1251147438986712E+002                  1.9460600965841353E+009                 -3.8698779371542575E+000                  5.0434358858667254E+000                  3.6770638316191078E+013                  2.5125638367687579E+001                  3.9453698278376317E+008                  1.5943529088669894E+000                  3.5747305295020604E-001                  6.2722905737250689E-001                  7.9917224758928795E-001                  8.5000496627254152E-001                  1.9456838476545787E+009                  3.7624892955650651E+005                  3.7525924266522437E+004                  3.5653039980999851E-001                  0.0000000000000000E+000                  3.5240126359583541E+004                  2.6416703959912916E+003                  2.0215276462119681E-023                  2.0215276462119681E-023                  0.0000000000000000E+000                  0.0000000000000000E+000                  8.0874492990235589E-025                  0.0000000000000000E+000                  1.3827203558182762E+002                  6.9999999999999996E-001                  2.9797635251138618E-005                  2.7997020236474884E-001                  4.1193902129486445E-003                  1.2067031330276047E-003                  1.1203876416666529E-002                  2.5129237964844936E-003                  9.5710644087274629E-004                  0.0000000000000000E+000                  0.0000000000000000E+000                  0.0000000000000000E+000                  0.0000000000000000E+000                  0.0000000000000000E+000                  0.0000000000000000E+000                  0.0000000000000000E+000                  0.0000000000000000E+000                  0.0000000000000000E+000                  0.0000000000000000E+000                 -7.9129182540089023E+000                 -9.8999999999999986E+001                  0.0000000000000000E+000                  0.0000000000000000E+000                 -9.8999999999999986E+001                 -9.8999999999999986E+001                  1.5553963610624171E+001                 -9.9000000000000000E+001                 -9.9000000000000000E+001                 -9.9000000000000000E+001 
                 7.9557031510748188E-001                  1.5026582856668480E+001                  1.1214535838684365E+002                  2.0183291140355299E+009                 -3.8599594079126147E+000                  5.0491157518783014E+000                  3.7102498065966680E+013                  2.5123916139375627E+001                  3.9146816475539267E+008                  1.5984189815651986E+000                  3.5957050997668805E-001                  6.2694782982607467E-001                  8.0023679715748841E-001                  8.5000496627254152E-001                  2.0179326582708900E+009                  3.9645576463975565E+005                  3.6344046433438511E+004                  3.5866236448079830E-001                  0.0000000000000000E+000                  3.5129485987766348E+004                  2.5899946089509422E+003                  2.0687222072037834E-023                  2.0687222072037834E-023                  0.0000000000000000E+000                  0.0000000000000000E+000                  8.2762588205069850E-025                  0.0000000000000000E+000                  1.4005993799857441E+002                  6.9999999999999996E-001                  2.9797635251138618E-005                  2.7997020236474884E-001                  4.1193902129486445E-003                  1.2067031330276047E-003                  1.1203876416666529E-002                  2.5129237964844936E-003                  9.5710644087274629E-004                  0.0000000000000000E+000                  0.0000000000000000E+000                  0.0000000000000000E+000                  0.0000000000000000E+000                  0.0000000000000000E+000                  0.0000000000000000E+000                  0.0000000000000000E+000                  0.0000000000000000E+000                  0.0000000000000000E+000                  0.0000000000000000E+000                 -7.9082793476783415E+000                 -9.8999999999999986E+001                  0.0000000000000000E+000                  0.0000000000000000E+000                 -9.8999999999999986E+001                 -9.8999999999999986E+001                  1.5556727919812369E+001                 -9.9000000000000000E+001                 -9.9000000000000000E+001                 -9.9000000000000000E+001 
                 7.9034266120212238E-001                  1.4947421360041442E+001                  1.1176624907167856E+002                  2.0932848904685445E+009                 -3.8500649856046540E+000                  5.0548284130482557E+000                  3.7438095271776500E+013                  2.5121913421879150E+001                  3.8853985150029969E+008                  1.6023355085358277E+000                  3.6159183238698545E-001                  6.2668214993991089E-001                  8.0131331132659689E-001                  8.5000496627254152E-001                  2.0928670164382954E+009                  4.1787403024911071E+005                  3.5169053444755395E+004                  3.6071954956723429E-001                  0.0000000000000000E+000                  3.5017346301039892E+004                  2.5377036493329201E+003                  2.1169053457131124E-023                  2.1169053457131121E-023                  0.0000000000000000E+000                  0.0000000000000000E+000                  8.4690233083426370E-025                  0.0000000000000000E+000                  1.4187423309433015E+002                  6.9999999999999996E-001                  2.9797635251138618E-005                  2.7997020236474884E-001                  4.1193902129486445E-003                  1.2067031330276047E-003                  1.1203876416666529E-002                  2.5129237964844936E-003                  9.5710644087274629E-004                  0.0000000000000000E+000                  0.0000000000000000E+000                  0.0000000000000000E+000                  0.0000000000000000E+000                  0.0000000000000000E+000                  0.0000000000000000E+000                  0.0000000000000000E+000                  0.0000000000000000E+000                  0.0000000000000000E+000                  0.0000000000000000E+000                 -7.9037802067370482E+000                 -9.8999999999999986E+001                  0.0000000000000000E+000                  0.0000000000000000E+000                 -9.8999999999999986E+001                 -9.8999999999999986E+001                  1.5559508376950948E+001                 -9.9000000000000000E+001                 -9.9000000000000000E+001                 -9.9000000000000000E+001 
                 7.8499921060225297E-001                  1.4867482636003450E+001                  1.1137372253361210E+002                  2.1710281498000751E+009                 -3.8401941384783722E+000                  5.0605727041403021E+000                  3.7777499429069250E+013                  2.5120571933872785E+001                  3.8575089235948658E+008                  1.6060969116532386E+000                  3.6353512361040197E-001                  6.2643077922661772E-001                  8.0227966029571995E-001                  8.5000496627254152E-001                  2.1705875720648589E+009                  4.4057773521634494E+005                  3.4003012957419589E+004                  3.6269967167176653E-001                  0.0000000000000000E+000                  3.4903601071129757E+004                  2.4849922753451701E+003                  2.1660975715644525E-023                  2.1660975715644528E-023                  0.0000000000000000E+000                  0.0000000000000000E+000                  8.6658248154912393E-025                  0.0000000000000000E+000                  1.4371385542971225E+002                  6.9999999999999996E-001                  2.9797635251138618E-005                  2.7997020236474884E-001                  4.1193902129486445E-003                  1.2067031330276047E-003                  1.1203876416666529E-002                  2.5129237964844936E-003                  9.5710644087274629E-004                  0.0000000000000000E+000                  0.0000000000000000E+000                  0.0000000000000000E+000                  0.0000000000000000E+000                  0.0000000000000000E+000                  0.0000000000000000E+000                  0.0000000000000000E+000                  0.0000000000000000E+000                  0.0000000000000000E+000                  0.0000000000000000E+000                 -7.8996164614404627E+000                 -9.8999999999999986E+001                  0.0000000000000000E+000                  0.0000000000000000E+000                 -9.8999999999999986E+001                 -9.8999999999999986E+001                  1.5562303282273168E+001                 -9.9000000000000000E+001                 -9.9000000000000000E+001                 -9.9000000000000000E+001 
                 7.7953805707990786E-001                  1.4786751264189460E+001                  1.1096734777528023E+002                  2.2516634165107532E+009                 -3.8303463400860749E+000                  5.0663474298473963E+000                  3.8120797468786109E+013                  2.5120476717925353E+001                  3.8309990950848770E+008                  1.6096985223454947E+000                  3.6539869492671062E-001                  6.2619220731789005E-001                  8.0304481151267770E-001                  8.5000496627254152E-001                  2.2511987713172851E+009                  4.6464519346809696E+005                  3.2850013154813343E+004                  3.6460093690956624E-001                  0.0000000000000000E+000                  3.4788242608870460E+004                  2.4321204134056034E+003                  2.2163198695624295E-023                  2.2163198695624292E-023                  0.0000000000000000E+000                  0.0000000000000000E+000                  8.8667472951522159E-025                  0.0000000000000000E+000                  1.4558014220128092E+002                  6.9999999999999996E-001                  2.9797635251138618E-005                  2.7997020236474884E-001                  4.1193902129486445E-003                  1.2067031330276047E-003                  1.1203876416666529E-002                  2.5129237964844936E-003                  9.5710644087274629E-004                  0.0000000000000000E+000                  0.0000000000000000E+000                  0.0000000000000000E+000                  0.0000000000000000E+000                  0.0000000000000000E+000                  0.0000000000000000E+000                  0.0000000000000000E+000                  0.0000000000000000E+000                  0.0000000000000000E+000                  0.0000000000000000E+000                 -7.8959227691055789E+000                 -9.8999999999999986E+001                  0.0000000000000000E+000                  0.0000000000000000E+000                 -9.8999999999999986E+001                 -9.8999999999999986E+001                  1.5565112679777338E+001                 -9.9000000000000000E+001                 -9.9000000000000000E+001                 -9.9000000000000000E+001 
                 7.7395729688167825E-001                  1.4705211483229458E+001                  1.1054668004411880E+002                  2.3352991591642022E+009                 -3.8205201767024866E+000                  5.0721513569315038E+000                  3.8468092032333695E+013                  2.5121191242440425E+001                  3.8058781689039886E+008                  1.6131347919147352E+000                  3.6717964870044217E-001                  6.2596454246832478E-001                  8.0364114459995628E-001                  8.5000496627254152E-001                  2.3348089999655852E+009                  4.9015919861716049E+005                  3.1714130850615187E+004                  3.6642105808760222E-001                  0.0000000000000000E+000                  3.4671300709300325E+004                  2.3793145282766900E+003                  2.2675984231758339E-023                  2.2675984231758342E-023                  0.0000000000000000E+000                  0.0000000000000000E+000                  9.0718954986310729E-025                  0.0000000000000000E+000                  1.4748274717174101E+002                  6.9999999999999996E-001                  2.9797635251138618E-005                  2.7997020236474884E-001                  4.1193902129486445E-003                  1.2067031330276047E-003                  1.1203876416666529E-002                  2.5129237964844936E-003                  9.5710644087274629E-004                  0.0000000000000000E+000                  0.0000000000000000E+000                  0.0000000000000000E+000                  0.0000000000000000E+000                  0.0000000000000000E+000                  0.0000000000000000E+000                  0.0000000000000000E+000                  0.0000000000000000E+000                  0.0000000000000000E+000                  0.0000000000000000E+000                 -7.8926318778592091E+000                 -9.8999999999999986E+001                  0.0000000000000000E+000                  0.0000000000000000E+000                 -9.8999999999999986E+001                 -9.8999999999999986E+001                  1.5567937170107438E+001                 -9.9000000000000000E+001                 -9.9000000000000000E+001                 -9.9000000000000000E+001 
                 7.6825503098864467E-001                  1.4622847344672977E+001                  1.1011123597338234E+002                  2.4220479367782483E+009                 -3.8107138466343544E+000                  5.0779832012585970E+000                  3.8819501299860516E+013                  2.5122187192726575E+001                  3.7821582885197860E+008                  1.6163998862022053E+000                  3.6887470104879266E-001                  6.2574601842294486E-001                  8.0410622339668469E-001                  8.5000496627254152E-001                  2.4215307296109309E+009                  5.1720716731724050E+005                  3.0598700282325026E+004                  3.6815694723652215E-001                  0.0000000000000000E+000                  3.4552774034216243E+004                  2.3267578080802537E+003                  2.3199624766114308E-023                  2.3199624766114308E-023                  0.0000000000000000E+000                  0.0000000000000000E+000                  9.2813864222182189E-025                  0.0000000000000000E+000                  1.4942850064371061E+002                  6.9999999999999996E-001                  2.9797635251138618E-005                  2.7997020236474884E-001                  4.1193902129486445E-003                  1.2067031330276047E-003                  1.1203876416666529E-002                  2.5129237964844936E-003                  9.5710644087274629E-004                  0.0000000000000000E+000                  0.0000000000000000E+000                  0.0000000000000000E+000                  0.0000000000000000E+000                  0.0000000000000000E+000                  0.0000000000000000E+000                  0.0000000000000000E+000                  0.0000000000000000E+000                  0.0000000000000000E+000                  0.0000000000000000E+000                 -7.8896642382707620E+000                 -9.8999999999999986E+001                  0.0000000000000000E+000                  0.0000000000000000E+000                 -9.8999999999999986E+001                 -9.8999999999999986E+001                  1.5570776589813192E+001                 -9.9000000000000000E+001                 -9.9000000000000000E+001                 -9.9000000000000000E+001 
                 7.6242936741021450E-001                  1.4539642778832730E+001                  1.0966049967016976E+002                  2.5120265495609393E+009                 -3.8009254744168444E+000                  5.0838416265998001E+000                  3.9175158693358156E+013                  2.5123081976025166E+001                  3.7598436630409026E+008                  1.6194885945799751E+000                  3.7048084895584849E-001                  6.2553519274708858E-001                  8.0445601518439314E-001                  8.5000496627254152E-001                  2.5114806682372932E+009                  5.4588132364598510E+005                  2.9505454114246437E+004                  3.6980545828446587E-001                  0.0000000000000000E+000                  3.4432578705016451E+004                  2.2744587015294410E+003                  2.3734428802901181E-023                  2.3734428802901178E-023                  0.0000000000000000E+000                  0.0000000000000000E+000                  9.4953434881299317E-025                  0.0000000000000000E+000                  1.5141870205246852E+002                  6.9999999999999996E-001                  2.9797635251138618E-005                  2.7997020236474884E-001                  4.1193902129486445E-003                  1.2067031330276047E-003                  1.1203876416666529E-002                  2.5129237964844936E-003                  9.5710644087274629E-004                  0.0000000000000000E+000                  0.0000000000000000E+000                  0.0000000000000000E+000                  0.0000000000000000E+000                  0.0000000000000000E+000                  0.0000000000000000E+000                  0.0000000000000000E+000                  0.0000000000000000E+000                  0.0000000000000000E+000                  0.0000000000000000E+000                 -7.8869766105643464E+000                 -9.8999999999999986E+001                  0.0000000000000000E+000                  0.0000000000000000E+000                 -9.8999999999999986E+001                 -9.8999999999999986E+001                  1.5573629104854890E+001                 -9.9000000000000000E+001                 -9.9000000000000000E+001                 -9.9000000000000000E+001 
                 7.5647842355083972E-001                  1.4455581602760743E+001                  1.0919393798527220E+002                  2.6053561946788182E+009                 -3.7911536838814714E+000                  5.0897252814452845E+000                  3.9535191589478562E+013                  2.5123718624466754E+001                  3.7388795694970506E+008                  1.6224033774043076E+000                  3.7199953103755323E-001                  6.2533245376684654E-001                  8.0474349287529856E-001                  8.5000496627254152E-001                  2.6047799155972781E+009                  5.7627908153996442E+005                  2.8434044831877098E+004                  3.7136578613131516E-001                  0.0000000000000000E+000                  3.4310596895536924E+004                  2.2222931609623647E+003                  2.4280689488711399E-023                  2.4280689488711399E-023                  0.0000000000000000E+000                  0.0000000000000000E+000                  9.7138839745227056E-025                  0.0000000000000000E+000                  1.5345246316641351E+002                  6.9999999999999996E-001                  2.9797635251138618E-005                  2.7997020236474884E-001                  4.1193902129486445E-003                  1.2067031330276047E-003                  1.1203876416666529E-002                  2.5129237964844936E-003                  9.5710644087274629E-004                  0.0000000000000000E+000                  0.0000000000000000E+000                  0.0000000000000000E+000                  0.0000000000000000E+000                  0.0000000000000000E+000                  0.0000000000000000E+000                  0.0000000000000000E+000                  0.0000000000000000E+000                  0.0000000000000000E+000                  0.0000000000000000E+000                 -7.8844861721691606E+000                 -9.8999999999999986E+001                  0.0000000000000000E+000                  0.0000000000000000E+000                 -9.8999999999999986E+001                 -9.8999999999999986E+001                  1.5576492237270216E+001                 -9.9000000000000000E+001                 -9.9000000000000000E+001                 -9.9000000000000000E+001 
                 7.5040032869230466E-001                  1.4370647415734156E+001                  1.0871100703893801E+002                  2.7021626299085817E+009                 -3.7813974905779721E+000                  5.0956328609418167E+000                  3.9899710681252055E+013                  2.5123990769939823E+001                  3.7191712355055028E+008                  1.6251520934226258E+000                  3.7343556413592371E-001                  6.2513895570184697E-001                  8.0506721280567806E-001                  8.5000496627254152E-001                  2.7015541262786078E+009                  6.0850362997380423E+005                  2.7383401553175161E+004                  3.7284104329163220E-001                  0.0000000000000000E+000                  3.4186756395153177E+004                  2.1701606594112500E+003                  2.4838688129604091E-023                  2.4838688129604094E-023                  0.0000000000000000E+000                  0.0000000000000000E+000                  9.9371204225596386E-025                  0.0000000000000000E+000                  1.5552793659486198E+002                  6.9999999999999996E-001                  2.9797635251138618E-005                  2.7997020236474884E-001                  4.1193902129486445E-003                  1.2067031330276047E-003                  1.1203876416666529E-002                  2.5129237964844936E-003                  9.5710644087274629E-004                  0.0000000000000000E+000                  0.0000000000000000E+000                  0.0000000000000000E+000                  0.0000000000000000E+000                  0.0000000000000000E+000                  0.0000000000000000E+000                  0.0000000000000000E+000                  0.0000000000000000E+000                  0.0000000000000000E+000                  0.0000000000000000E+000                 -7.8820534922141636E+000                 -9.8999999999999986E+001                  0.0000000000000000E+000                  0.0000000000000000E+000                 -9.8999999999999986E+001                 -9.8999999999999986E+001                  1.5579364318652610E+001                 -9.9000000000000000E+001                 -9.9000000000000000E+001                 -9.9000000000000000E+001 
                 7.4419322658095166E-001                  1.4284823508867078E+001                  1.0821115554037959E+002                  2.8025763444955058E+009                 -3.7716559393646127E+000                  5.1015631395942549E+000                  4.0268816120402648E+013                  2.5123747791346215E+001                  3.7006200196403545E+008                  1.6277432080047007E+000                  3.7479448441896046E-001                  6.2495531328387921E-001                  8.0553192960541808E-001                  8.5000496627254152E-001                  2.8019336800291700E+009                  6.4266446633586416E+005                  2.6352805387646815E+004                  3.7423640576302936E-001                  0.0000000000000000E+000                  3.4061100498640990E+004                  2.1179947629926096E+003                  2.5408713463725709E-023                  2.5408713463725712E-023                  0.0000000000000000E+000                  0.0000000000000000E+000                  1.0165168346736431E-024                  0.0000000000000000E+000                  1.5764441185349347E+002                  6.9999999999999996E-001                  2.9797635251138618E-005                  2.7997020236474884E-001                  4.1193902129486445E-003                  1.2067031330276047E-003                  1.1203876416666529E-002                  2.5129237964844936E-003                  9.5710644087274629E-004                  0.0000000000000000E+000                  0.0000000000000000E+000                  0.0000000000000000E+000                  0.0000000000000000E+000                  0.0000000000000000E+000                  0.0000000000000000E+000                  0.0000000000000000E+000                  0.0000000000000000E+000                  0.0000000000000000E+000                  0.0000000000000000E+000                 -7.8795316891506442E+000                 -9.8999999999999986E+001                  0.0000000000000000E+000                  0.0000000000000000E+000                 -9.8999999999999986E+001                 -9.8999999999999986E+001                  1.5582245425413895E+001                 -9.9000000000000000E+001                 -9.9000000000000000E+001                 -9.9000000000000000E+001 
                 7.3785527826742447E-001                  1.4198092843106648E+001                  1.0769382159966489E+002                  2.9067327337870612E+009                 -3.7619280907970958E+000                  5.1075149679340077E+000                  4.0642605775582648E+013                  2.5123026250365061E+001                  3.6831507266335416E+008                  1.6301835685660004E+000                  3.7608068641590020E-001                  6.2478166851473949E-001                  8.0616430163223074E-001                  8.5000496627254152E-001                  2.9060538559960408E+009                  6.7887779102036671E+005                  2.5342122961600020E+004                  3.7555684766632214E-001                  0.0000000000000000E+000                  3.3933771570799778E+004                  2.0657953942141885E+003                  2.5991062627718622E-023                  2.5991062627718622E-023                  0.0000000000000000E+000                  0.0000000000000000E+000                  1.0398146621509139E-024                  0.0000000000000000E+000                  1.5979964597563489E+002                  6.9999999999999996E-001                  2.9797635251138618E-005                  2.7997020236474884E-001                  4.1193902129486445E-003                  1.2067031330276047E-003                  1.1203876416666529E-002                  2.5129237964844936E-003                  9.5710644087274629E-004                  0.0000000000000000E+000                  0.0000000000000000E+000                  0.0000000000000000E+000                  0.0000000000000000E+000                  0.0000000000000000E+000                  0.0000000000000000E+000                  0.0000000000000000E+000                  0.0000000000000000E+000                  0.0000000000000000E+000                  0.0000000000000000E+000                 -7.8768834537088068E+000                 -9.8999999999999986E+001                  0.0000000000000000E+000                  0.0000000000000000E+000                 -9.8999999999999986E+001                 -9.8999999999999986E+001                  1.5585137017263124E+001                 -9.9000000000000000E+001                 -9.9000000000000000E+001                 -9.9000000000000000E+001 
                 7.3138466531580448E-001                  1.4110438031338770E+001                  1.0715843815963358E+002                  3.0147722775979767E+009                 -3.7522131546388051E+000                  5.1134872369425546E+000                  4.1021197069968656E+013                  2.5122187369192382E+001                  3.6667358427134991E+008                  1.6324763460943761E+000                  3.7729522650651637E-001                  6.2461820847122096E-001                  8.0687177761810713E-001                  8.5000496627254152E-001                  3.0140550108836403E+009                  7.1726671433620260E+005                  2.4351928914254771E+004                  3.7680511338176548E-001                  0.0000000000000000E+000                  3.3804927383969196E+004                  2.0136221770133129E+003                  2.6586033124255482E-023                  2.6586033124255482E-023                  0.0000000000000000E+000                  0.0000000000000000E+000                  1.0636174267775640E-024                  0.0000000000000000E+000                  1.6198757395407102E+002                  6.9999999999999996E-001                  2.9797635251138618E-005                  2.7997020236474884E-001                  4.1193902129486445E-003                  1.2067031330276047E-003                  1.1203876416666529E-002                  2.5129237964844936E-003                  9.5710644087274629E-004                  0.0000000000000000E+000                  0.0000000000000000E+000                  0.0000000000000000E+000                  0.0000000000000000E+000                  0.0000000000000000E+000                  0.0000000000000000E+000                  0.0000000000000000E+000                  0.0000000000000000E+000                  0.0000000000000000E+000                  0.0000000000000000E+000                 -7.8742374645810003E+000                 -9.8999999999999986E+001                  0.0000000000000000E+000                  0.0000000000000000E+000                 -9.8999999999999986E+001                 -9.8999999999999986E+001                  1.5588040741049539E+001                 -9.9000000000000000E+001                 -9.9000000000000000E+001                 -9.9000000000000000E+001 
                 7.2477959326732055E-001                  1.4021841292709263E+001                  1.0660444684144815E+002                  3.0983937411967001E+009                 -3.7449271720060806E+000                  5.1179658315982941E+000                  4.1307464594663289E+013                  2.5121527712479264E+001                  3.6551487655392760E+008                  1.6340949178241557E+000                  3.7815593246369905E-001                  6.2450312252486950E-001                  8.0741609670167203E-001                  8.5000496627254152E-001                  3.0976462689778776E+009                  7.4747221882236795E+005                  2.3383168243675023E+004                  3.7798699796070340E-001                  0.0000000000000000E+000                  3.3673963000316166E+004                  1.9747689717498906E+003                  2.7041217978473631E-023                  2.7041217978473631E-023                  0.0000000000000000E+000                  0.0000000000000000E+000                  1.0818278390222012E-024                  0.0000000000000000E+000                  1.6364584823033741E+002                  6.9999999999999996E-001                  2.9797635251138618E-005                  2.7997020236474884E-001                  4.1193902129486445E-003                  1.2067031330276047E-003                  1.1203876416666529E-002                  2.5129237964844936E-003                  9.5710644087274629E-004                  0.0000000000000000E+000                  0.0000000000000000E+000                  0.0000000000000000E+000                  0.0000000000000000E+000                  0.0000000000000000E+000                  0.0000000000000000E+000                  0.0000000000000000E+000                  0.0000000000000000E+000                  0.0000000000000000E+000                  0.0000000000000000E+000                 -7.8722363015454313E+000                 -9.8999999999999986E+001                  0.0000000000000000E+000                  0.0000000000000000E+000                 -9.8999999999999986E+001                 -9.8999999999999986E+001                  1.5590931524137609E+001                 -9.9000000000000000E+001                 -9.9000000000000000E+001                 -9.9000000000000000E+001 
                 7.2142608175969081E-001                  1.3977185373322886E+001                  1.0632029629808511E+002                  3.1844324491981831E+009                 -3.7376636882150844E+000                  5.1224816595359473E+000                  4.1598389051483359E+013                  2.5121209424579295E+001                  3.6440396981063688E+008                  1.6356452579226592E+000                  3.7898303155794150E-001                  6.2439349084460583E-001                  8.0797893114367669E-001                  8.5000496627254152E-001                  3.1836532322900157E+009                  7.7921690816728363E+005                  2.2906716852436824E+004                  3.7854850258485656E-001                  0.0000000000000000E+000                  3.3608324192576249E+004                  1.9354728922565760E+003                  2.7502797957483267E-023                  2.7502797957483261E-023                  0.0000000000000000E+000                  0.0000000000000000E+000                  1.1002940987632589E-024                  0.0000000000000000E+000                  1.6532550753786683E+002                  6.9999999999999996E-001                  2.9797635251138618E-005                  2.7997020236474884E-001                  4.1193902129486445E-003                  1.2067031330276047E-003                  1.1203876416666529E-002                  2.5129237964844936E-003                  9.5710644087274629E-004                  0.0000000000000000E+000                  0.0000000000000000E+000                  0.0000000000000000E+000                  0.0000000000000000E+000                  0.0000000000000000E+000                  0.0000000000000000E+000                  0.0000000000000000E+000                  0.0000000000000000E+000                  0.0000000000000000E+000                  0.0000000000000000E+000                 -7.8703929914779227E+000                 -9.8999999999999986E+001                  0.0000000000000000E+000                  0.0000000000000000E+000                 -9.8999999999999986E+001                 -9.8999999999999986E+001                  1.5592395473830017E+001                 -9.9000000000000000E+001                 -9.9000000000000000E+001                 -9.9000000000000000E+001 
                 7.1461601780094286E-001                  1.3887141419579386E+001                  1.0573734167107096E+002                  3.2727813707472391E+009                 -3.7303901400773922E+000                  5.1269806911139852E+000                  4.1890362982683367E+013                  2.5120800433580854E+001                  3.6335737991510576E+008                  1.6371056909942439E+000                  3.7976391945096477E-001                  6.2429132487730388E-001                  8.0855849438333205E-001                  8.5000496627254152E-001                  3.2719691866268835E+009                  8.1218412035548280E+005                  2.1969840029265713E+004                  3.7961819613604780E-001                  0.0000000000000000E+000                  3.3476026295524171E+004                  1.8966779109977981E+003                  2.7972957602018652E-023                  2.7972957602018652E-023                  0.0000000000000000E+000                  0.0000000000000000E+000                  1.1191036021200394E-024                  0.0000000000000000E+000                  1.6701911275049702E+002                  6.9999999999999996E-001                  2.9797635251138618E-005                  2.7997020236474884E-001                  4.1193902129486445E-003                  1.2067031330276047E-003                  1.1203876416666529E-002                  2.5129237964844936E-003                  9.5710644087274629E-004                  0.0000000000000000E+000                  0.0000000000000000E+000                  0.0000000000000000E+000                  0.0000000000000000E+000                  0.0000000000000000E+000                  0.0000000000000000E+000                  0.0000000000000000E+000                  0.0000000000000000E+000                  0.0000000000000000E+000                  0.0000000000000000E+000                 -7.8684446615411634E+000                 -9.8999999999999986E+001                  0.0000000000000000E+000                  0.0000000000000000E+000                 -9.8999999999999986E+001                 -9.8999999999999986E+001                  1.5595334117855387E+001                 -9.9000000000000000E+001                 -9.9000000000000000E+001                 -9.9000000000000000E+001 
                 7.1115903561768745E-001                  1.3841751424751708E+001                  1.0543838585155012E+002                  3.3636739639423442E+009                 -3.7231398045107564E+000                  5.1315158708765738E+000                  4.2187085146542633E+013                  2.5120824762176472E+001                  3.6235592581165171E+008                  1.6385000131346688E+000                  3.8051205930082344E-001                  6.2419464470171204E-001                  8.0914481089112644E-001                  8.5000496627254152E-001                  3.3628271359351015E+009                  8.4682800724271650E+005                  2.1509505996580061E+004                  3.8012678829955426E-001                  0.0000000000000000E+000                  3.3409380627732186E+004                  1.8574567445556002E+003                  2.8449661217945377E-023                  2.8449661217945377E-023                  0.0000000000000000E+000                  0.0000000000000000E+000                  1.1381749078338147E-024                  0.0000000000000000E+000                  1.6873865901519574E+002                  6.9999999999999996E-001                  2.9797635251138618E-005                  2.7997020236474884E-001                  4.1193902129486445E-003                  1.2067031330276047E-003                  1.1203876416666529E-002                  2.5129237964844936E-003                  9.5710644087274629E-004                  0.0000000000000000E+000                  0.0000000000000000E+000                  0.0000000000000000E+000                  0.0000000000000000E+000                  0.0000000000000000E+000                  0.0000000000000000E+000                  0.0000000000000000E+000                  0.0000000000000000E+000                  0.0000000000000000E+000                  0.0000000000000000E+000                 -7.8666655020479981E+000                 -9.8999999999999986E+001                  0.0000000000000000E+000                  0.0000000000000000E+000                 -9.8999999999999986E+001                 -9.8999999999999986E+001                  1.5596809521415503E+001                 -9.9000000000000000E+001                 -9.9000000000000000E+001                 -9.9000000000000000E+001 
                 7.0414011355902872E-001                  1.3750217614317222E+001                  1.0482514834151195E+002                  3.4570194518985114E+009                 -3.7158776151025283E+000                  5.1360335382106825E+000                  4.2484913110323195E+013                  2.5120928689136363E+001                  3.6141364296600914E+008                  1.6398096260552273E+000                  3.8121697007247435E-001                  6.2410484299306668E-001                  8.0969456563951836E-001                  8.5000496627254152E-001                  3.4561366446662507E+009                  8.8280723226064444E+005                  2.0605360656650453E+004                  3.8109322003138402E-001                  0.0000000000000000E+000                  3.3275116190922796E+004                  1.8187892533852164E+003                  2.8935334819744163E-023                  2.8935334819744163E-023                  0.0000000000000000E+000                  0.0000000000000000E+000                  1.1576050725763215E-024                  0.0000000000000000E+000                  1.7047661420384017E+002                  6.9999999999999996E-001                  2.9797635251138618E-005                  2.7997020236474884E-001                  4.1193902129486445E-003                  1.2067031330276047E-003                  1.1203876416666529E-002                  2.5129237964844936E-003                  9.5710644087274629E-004                  0.0000000000000000E+000                  0.0000000000000000E+000                  0.0000000000000000E+000                  0.0000000000000000E+000                  0.0000000000000000E+000                  0.0000000000000000E+000                  0.0000000000000000E+000                  0.0000000000000000E+000                  0.0000000000000000E+000                  0.0000000000000000E+000                 -7.8648518964490437E+000                 -9.8999999999999986E+001                  0.0000000000000000E+000                  0.0000000000000000E+000                 -9.8999999999999986E+001                 -9.8999999999999986E+001                  1.5599772670888870E+001                 -9.9000000000000000E+001                 -9.9000000000000000E+001                 -9.9000000000000000E+001 
                 7.0057775808933920E-001                  1.3704071796919171E+001                  1.0451070256700612E+002                  3.5530412058098011E+009                 -3.7086392668428116E+000                  5.1405862713667734E+000                  4.2787583649776898E+013                  2.5121728260119617E+001                  3.6051266908766603E+008                  1.6410565222529561E+000                  3.8189134432014810E-001                  6.2401996055658215E-001                  8.1016341243994461E-001                  8.5000496627254152E-001                  3.5521205934208651E+009                  9.2061238893587794E+005                  2.0162053150448846E+004                  3.8155190836995123E-001                  0.0000000000000000E+000                  3.3207519000131193E+004                  1.7798320952320109E+003                  2.9427711927529498E-023                  2.9427711927529498E-023                  0.0000000000000000E+000                  0.0000000000000000E+000                  1.1773034221277852E-024                  0.0000000000000000E+000                  1.7224253248997275E+002                  6.9999999999999996E-001                  2.9797635251138618E-005                  2.7997020236474884E-001                  4.1193902129486445E-003                  1.2067031330276047E-003                  1.1203876416666529E-002                  2.5129237964844936E-003                  9.5710644087274629E-004                  0.0000000000000000E+000                  0.0000000000000000E+000                  0.0000000000000000E+000                  0.0000000000000000E+000                  0.0000000000000000E+000                  0.0000000000000000E+000                  0.0000000000000000E+000                  0.0000000000000000E+000                  0.0000000000000000E+000                  0.0000000000000000E+000                 -7.8633352575019426E+000                 -9.8999999999999986E+001                  0.0000000000000000E+000                  0.0000000000000000E+000                 -9.8999999999999986E+001                 -9.8999999999999986E+001                  1.5601261134074868E+001                 -9.9000000000000000E+001                 -9.9000000000000000E+001                 -9.9000000000000000E+001 
                 6.9334623902990145E-001                  1.3611003748261320E+001                  1.0386577099810523E+002                  3.6516676960084457E+009                 -3.7013869623140132E+000                  5.1451208909269566E+000                  4.3091445347516828E+013                  2.5122794922637929E+001                  3.5966511366699606E+008                  1.6422253824490738E+000                  3.8252631100521051E-001                  6.2394058484153581E-001                  8.1049941465813535E-001                  8.5000496627254152E-001                  3.6507078196543427E+009                  9.5987635410299001E+005                  1.9293847164709819E+004                  3.8242256347191206E-001                  0.0000000000000000E+000                  3.3071421000158865E+004                  1.7415707601878833E+003                  2.9929490264652530E-023                  2.9929490264652530E-023                  0.0000000000000000E+000                  0.0000000000000000E+000                  1.1973778833181361E-024                  0.0000000000000000E+000                  1.7402579506435166E+002                  6.9999999999999996E-001                  2.9797635251138618E-005                  2.7997020236474884E-001                  4.1193902129486445E-003                  1.2067031330276047E-003                  1.1203876416666529E-002                  2.5129237964844936E-003                  9.5710644087274629E-004                  0.0000000000000000E+000                  0.0000000000000000E+000                  0.0000000000000000E+000                  0.0000000000000000E+000                  0.0000000000000000E+000                  0.0000000000000000E+000                  0.0000000000000000E+000                  0.0000000000000000E+000                  0.0000000000000000E+000                  0.0000000000000000E+000                 -7.8619163151139064E+000                 -9.8999999999999986E+001                  0.0000000000000000E+000                  0.0000000000000000E+000                 -9.8999999999999986E+001                 -9.8999999999999986E+001                  1.5604251649659016E+001                 -9.9000000000000000E+001                 -9.9000000000000000E+001                 -9.9000000000000000E+001 
                 6.8967667616253625E-001                  1.3564079492224487E+001                  1.0353511861478700E+002                  3.7531094723004904E+009                 -3.6941583723621880E+000                  5.1496895130598741E+000                  4.3400249592860633E+013                  2.5124261330208849E+001                  3.5885445746861374E+008                  1.6433376830730555E+000                  3.8313388606052012E-001                  6.2386301856741033E-001                  8.1072439065928714E-001                  8.5000496627254152E-001                  3.7521083439000750E+009                  1.0011284004155566E+006                  1.8869615572235813E+004                  3.8283567954276332E-001                  0.0000000000000000E+000                  3.3002936401732943E+004                  1.7032191812659685E+003                  3.0438191707024973E-023                  3.0438191707024973E-023                  0.0000000000000000E+000                  0.0000000000000000E+000                  1.2177293147552325E-024                  0.0000000000000000E+000                  1.7584022594781726E+002                  6.9999999999999996E-001                  2.9797635251138618E-005                  2.7997020236474884E-001                  4.1193902129486445E-003                  1.2067031330276047E-003                  1.1203876416666529E-002                  2.5129237964844936E-003                  9.5710644087274629E-004                  0.0000000000000000E+000                  0.0000000000000000E+000                  0.0000000000000000E+000                  0.0000000000000000E+000                  0.0000000000000000E+000                  0.0000000000000000E+000                  0.0000000000000000E+000                  0.0000000000000000E+000                  0.0000000000000000E+000                  0.0000000000000000E+000                 -7.8608207572401785E+000                 -9.8999999999999986E+001                  0.0000000000000000E+000                  0.0000000000000000E+000                 -9.8999999999999986E+001                 -9.8999999999999986E+001                  1.5605754137655898E+001                 -9.9000000000000000E+001                 -9.9000000000000000E+001                 -9.9000000000000000E+001 
                 6.8222896817860867E-001                  1.3469431231401989E+001                  1.0285703293684861E+002                  3.8573176089011493E+009                 -3.6869130409322191E+000                  5.1542395622763326E+000                  4.3710312990918984E+013                  2.5125266277287910E+001                  3.5809123853527510E+008                  1.6443814109369674E+000                  3.8370654630652812E-001                  6.2378631499851656E-001                  8.1084701265718051E-001                  8.5000496627254152E-001                  3.8562736341898818E+009                  1.0439747112674337E+006                  1.8041885903193048E+004                  3.8362029465962127E-001                  0.0000000000000000E+000                  3.2865110485224061E+004                  1.6657406697227034E+003                  3.0956799075518127E-023                  3.0956799075518127E-023                  0.0000000000000000E+000                  0.0000000000000000E+000                  1.2384770490623524E-024                  0.0000000000000000E+000                  1.7767328056129463E+002                  6.9999999999999996E-001                  2.9797635251138618E-005                  2.7997020236474884E-001                  4.1193902129486445E-003                  1.2067031330276047E-003                  1.1203876416666529E-002                  2.5129237964844936E-003                  9.5710644087274629E-004                  0.0000000000000000E+000                  0.0000000000000000E+000                  0.0000000000000000E+000                  0.0000000000000000E+000                  0.0000000000000000E+000                  0.0000000000000000E+000                  0.0000000000000000E+000                  0.0000000000000000E+000                  0.0000000000000000E+000                  0.0000000000000000E+000                 -7.8597420525506578E+000                 -9.8999999999999986E+001                  0.0000000000000000E+000                  0.0000000000000000E+000                 -9.8999999999999986E+001                 -9.8999999999999986E+001                  1.5608772967499869E+001                 -9.9000000000000000E+001                 -9.9000000000000000E+001                 -9.9000000000000000E+001 
                 6.7845044247207165E-001                  1.3421705240797683E+001                  1.0250942618717261E+002                  3.9644867302764564E+009                 -3.6796914026006360E+000                  5.1588225806827825E+000                  4.4025394201316688E+013                  2.5125911481129130E+001                  3.5736023191378772E+008                  1.6453760909906310E+000                  3.8425535619897383E-001                  6.2370690990891897E-001                  8.1088281597471046E-001                  8.5000496627254152E-001                  3.9633977448888359E+009                  1.0889853876202682E+006                  1.7638834024206764E+004                  3.8399306321381632E-001                  0.0000000000000000E+000                  3.2795784272915276E+004                  1.6283310559288279E+003                  3.1482555576433924E-023                  3.1482555576433930E-023                  0.0000000000000000E+000                  0.0000000000000000E+000                  1.2595107962139836E-024                  0.0000000000000000E+000                  1.7953814998452907E+002                  6.9999999999999996E-001                  2.9797635251138618E-005                  2.7997020236474884E-001                  4.1193902129486445E-003                  1.2067031330276047E-003                  1.1203876416666529E-002                  2.5129237964844936E-003                  9.5710644087274629E-004                  0.0000000000000000E+000                  0.0000000000000000E+000                  0.0000000000000000E+000                  0.0000000000000000E+000                  0.0000000000000000E+000                  0.0000000000000000E+000                  0.0000000000000000E+000                  0.0000000000000000E+000                  0.0000000000000000E+000                  0.0000000000000000E+000                 -7.8589120692436349E+000                 -9.8999999999999986E+001                  0.0000000000000000E+000                  0.0000000000000000E+000                 -9.8999999999999986E+001                 -9.8999999999999986E+001                  1.5610289725537765E+001                 -9.9000000000000000E+001                 -9.9000000000000000E+001                 -9.9000000000000000E+001 
                 6.7078312206168178E-001                  1.3325429491481396E+001                  1.0179666497700958E+002                  4.0745942670164757E+009                 -3.6724511365632839E+000                  5.1633867185137197E+000                  4.4341793227978406E+013                  2.5125436789147905E+001                  3.5667071789064407E+008                  1.6463110941831725E+000                  3.8477358437992887E-001                  6.2362459323939268E-001                  8.1082730185256635E-001                  8.5000496627254152E-001                  4.0734585278481083E+009                  1.1357391683672841E+006                  1.6854168431605936E+004                  3.8470224729119507E-001                  0.0000000000000000E+000                  3.2656343965617601E+004                  1.5918225894045904E+003                  3.2018686011356641E-023                  3.2018686011356635E-023                  0.0000000000000000E+000                  0.0000000000000000E+000                  1.2809595696688285E-024                  0.0000000000000000E+000                  1.8142033888183738E+002                  6.9999999999999996E-001                  2.9797635251138618E-005                  2.7997020236474884E-001                  4.1193902129486445E-003                  1.2067031330276047E-003                  1.1203876416666529E-002                  2.5129237964844936E-003                  9.5710644087274629E-004                  0.0000000000000000E+000                  0.0000000000000000E+000                  0.0000000000000000E+000                  0.0000000000000000E+000                  0.0000000000000000E+000                  0.0000000000000000E+000                  0.0000000000000000E+000                  0.0000000000000000E+000                  0.0000000000000000E+000                  0.0000000000000000E+000                 -7.8580452268104697E+000                 -9.8999999999999986E+001                  0.0000000000000000E+000                  0.0000000000000000E+000                 -9.8999999999999986E+001                 -9.8999999999999986E+001                  1.5613338231902389E+001                 -9.9000000000000000E+001                 -9.9000000000000000E+001                 -9.9000000000000000E+001 
                 6.6689396816303037E-001                  1.3276877675933063E+001                  1.0143133542757006E+002                  4.1878154080733356E+009                 -3.6652357396168749E+000                  5.1679828153728291E+000                  4.4663307826975023E+013                  2.5124479930307583E+001                  3.5601053748386186E+008                  1.6472010110627699E+000                  3.8526984218205751E-001                  6.2354013209486714E-001                  8.1072716916056409E-001                  8.5000496627254152E-001                  4.1866305591150746E+009                  1.1848489582610258E+006                  1.6472411851469598E+004                  3.8503937082353534E-001                  0.0000000000000000E+000                  3.2586264434399418E+004                  1.5553857765314190E+003                  3.2562112745600681E-023                  3.2562112745600681E-023                  0.0000000000000000E+000                  0.0000000000000000E+000                  1.3027002436328382E-024                  0.0000000000000000E+000                  1.8333338766267335E+002                  6.9999999999999996E-001                  2.9797635251138618E-005                  2.7997020236474884E-001                  4.1193902129486445E-003                  1.2067031330276047E-003                  1.1203876416666529E-002                  2.5129237964844936E-003                  9.5710644087274629E-004                  0.0000000000000000E+000                  0.0000000000000000E+000                  0.0000000000000000E+000                  0.0000000000000000E+000                  0.0000000000000000E+000                  0.0000000000000000E+000                  0.0000000000000000E+000                  0.0000000000000000E+000                  0.0000000000000000E+000                  0.0000000000000000E+000                 -7.8573704638700246E+000                 -9.8999999999999986E+001                  0.0000000000000000E+000                  0.0000000000000000E+000                 -9.8999999999999986E+001                 -9.8999999999999986E+001                  1.5614871080660933E+001                 -9.9000000000000000E+001                 -9.9000000000000000E+001                 -9.9000000000000000E+001 
                 6.5900380452954577E-001                  1.3178925028678462E+001                  1.0068235361496782E+002                  4.3041581616949081E+009                 -3.6580007589943757E+000                  5.1725598194002895E+000                  4.4986288051105977E+013                  2.5122993300807988E+001                  3.5539041059972191E+008                  1.6480328440491776E+000                  3.8573617697111995E-001                  6.2345874599058748E-001                  8.1065189815264949E-001                  8.5000496627254152E-001                  4.3029222967687044E+009                  1.2358649262036416E+006                  1.5729091343520586E+004                  3.8567897154844721E-001                  0.0000000000000000E+000                  3.2445462005789559E+004                  1.5197689242611582E+003                  3.3116331748663163E-023                  3.3116331748663163E-023                  0.0000000000000000E+000                  0.0000000000000000E+000                  1.3248726800820090E-024                  0.0000000000000000E+000                  1.8526358707182843E+002                  6.9999999999999996E-001                  2.9797635251138618E-005                  2.7997020236474884E-001                  4.1193902129486445E-003                  1.2067031330276047E-003                  1.1203876416666529E-002                  2.5129237964844936E-003                  9.5710644087274629E-004                  0.0000000000000000E+000                  0.0000000000000000E+000                  0.0000000000000000E+000                  0.0000000000000000E+000                  0.0000000000000000E+000                  0.0000000000000000E+000                  0.0000000000000000E+000                  0.0000000000000000E+000                  0.0000000000000000E+000                  0.0000000000000000E+000                 -7.8565472699190053E+000                 -9.8999999999999986E+001                  0.0000000000000000E+000                  0.0000000000000000E+000                 -9.8999999999999986E+001                 -9.8999999999999986E+001                  1.5617955623010699E+001                 -9.9000000000000000E+001                 -9.9000000000000000E+001                 -9.9000000000000000E+001 
                 6.5500245991452932E-001                  1.3129521942454424E+001                  1.0029852290133181E+002                  4.3835288409289436E+009                 -3.6531866951811858E+000                  5.1756228508403659E+000                  4.5204128209332617E+013                  2.5122098181398492E+001                  3.5499467451300251E+008                  1.6485604901518662E+000                  3.8603366075983558E-001                  6.2340735899195043E-001                  8.1066012439765955E-001                  8.5000496627254152E-001                  4.3822576138572445E+009                  1.2712270716995376E+006                  1.5366989635098646E+004                  3.8598282987051574E-001                  0.0000000000000000E+000                  3.2374382909928441E+004                  1.4961068936600816E+003                  3.3490350521829180E-023                  3.3490350521829180E-023                  0.0000000000000000E+000                  0.0000000000000000E+000                  1.3398359120882918E-024                  0.0000000000000000E+000                  1.8656780207411563E+002                  6.9999999999999996E-001                  2.9797635251138618E-005                  2.7997020236474884E-001                  4.1193902129486445E-003                  1.2067031330276047E-003                  1.1203876416666529E-002                  2.5129237964844936E-003                  9.5710644087274629E-004                  0.0000000000000000E+000                  0.0000000000000000E+000                  0.0000000000000000E+000                  0.0000000000000000E+000                  0.0000000000000000E+000                  0.0000000000000000E+000                  0.0000000000000000E+000                  0.0000000000000000E+000                  0.0000000000000000E+000                  0.0000000000000000E+000                 -7.8559942253531307E+000                 -9.8999999999999986E+001                  0.0000000000000000E+000                  0.0000000000000000E+000                 -9.8999999999999986E+001                 -9.8999999999999986E+001                  1.5619494671483171E+001                 -9.9000000000000000E+001                 -9.9000000000000000E+001                 -9.9000000000000000E+001 
                 6.5096339084013277E-001                  1.3079829171310299E+001                  9.9908345893501277E+001                  4.4643687370193214E+009                 -3.6483739076886348E+000                  5.1786883972303830E+000                  4.5423519318110266E+013                  2.5121348468226131E+001                  3.5461451305723071E+008                  1.6490649431768649E+000                  3.8631935895827985E-001                  6.2335957199635006E-001                  8.1074647255499155E-001                  8.5000496627254152E-001                  4.4630611056862345E+009                  1.3076313330870010E+006                  1.5011170527188029E+004                  3.8627335888859193E-001                  0.0000000000000000E+000                  3.2303501241126665E+004                  1.4725966810643590E+003                  3.3868518568065959E-023                  3.3868518568065965E-023                  0.0000000000000000E+000                  0.0000000000000000E+000                  1.3549651426103160E-024                  0.0000000000000000E+000                  1.8788397158358808E+002                  6.9999999999999996E-001                  2.9797635251138618E-005                  2.7997020236474884E-001                  4.1193902129486445E-003                  1.2067031330276047E-003                  1.1203876416666529E-002                  2.5129237964844936E-003                  9.5710644087274629E-004                  0.0000000000000000E+000                  0.0000000000000000E+000                  0.0000000000000000E+000                  0.0000000000000000E+000                  0.0000000000000000E+000                  0.0000000000000000E+000                  0.0000000000000000E+000                  0.0000000000000000E+000                  0.0000000000000000E+000                  0.0000000000000000E+000                 -7.8553674874483281E+000                 -9.8999999999999986E+001                  0.0000000000000000E+000                  0.0000000000000000E+000                 -9.8999999999999986E+001                 -9.8999999999999986E+001                  1.5621054975066899E+001                 -9.9000000000000000E+001                 -9.9000000000000000E+001                 -9.9000000000000000E+001 
                 6.4688644111641325E-001                  1.3029843656193178E+001                  9.9511731212306842E+001                  4.5467051540465174E+009                 -3.6435623043011862E+000                  5.1817563655878232E+000                  4.5644489386554430E+013                  2.5120847783123001E+001                  3.5424992345048952E+008                  1.6495462842652466E+000                  3.8659327046719355E-001                  6.2331620124505072E-001                  8.1093733853085637E-001                  8.5000496627254152E-001                  4.5453600459342508E+009                  1.3451081122664718E+006                  1.4661318077434238E+004                  3.8655210981260874E-001                  0.0000000000000000E+000                  3.2232425491094567E+004                  1.4492323996379243E+003                  3.4250888538485463E-023                  3.4250888538485463E-023                  0.0000000000000000E+000                  0.0000000000000000E+000                  1.3702624780440948E-024                  0.0000000000000000E+000                  1.8921224241362788E+002                  6.9999999999999996E-001                  2.9797635251138618E-005                  2.7997020236474884E-001                  4.1193902129486445E-003                  1.2067031330276047E-003                  1.1203876416666529E-002                  2.5129237964844936E-003                  9.5710644087274629E-004                  0.0000000000000000E+000                  0.0000000000000000E+000                  0.0000000000000000E+000                  0.0000000000000000E+000                  0.0000000000000000E+000                  0.0000000000000000E+000                  0.0000000000000000E+000                  0.0000000000000000E+000                  0.0000000000000000E+000                  0.0000000000000000E+000                 -7.8546377456282794E+000                 -9.8999999999999986E+001                  0.0000000000000000E+000                  0.0000000000000000E+000                 -9.8999999999999986E+001                 -9.8999999999999986E+001                  1.5622622750995571E+001                 -9.9000000000000000E+001                 -9.9000000000000000E+001                 -9.9000000000000000E+001 
                 6.4277145938502456E-001                  1.2979562285576311E+001                  9.9108586616380776E+001                  4.6305659032752419E+009                 -3.6387517999464691E+000                  5.1848266652699735E+000                  4.5867050385651062E+013                  2.5120622718263959E+001                  3.5390006951937115E+008                  1.6500058087229912E+000                  3.8685601511822365E-001                  6.2327706872381972E-001                  8.1122580542485634E-001                  8.5000496627254152E-001                  4.6291822145867853E+009                  1.3836886884565775E+006                  1.4317330508987658E+004                  3.8681939048394237E-001                  0.0000000000000000E+000                  3.2161149797881430E+004                  1.4260127811519731E+003                  3.4637513329100156E-023                  3.4637513329100156E-023                  0.0000000000000000E+000                  0.0000000000000000E+000                  1.3857300345833489E-024                  0.0000000000000000E+000                  1.9055268228275557E+002                  6.9999999999999996E-001                  2.9797635251138618E-005                  2.7997020236474884E-001                  4.1193902129486445E-003                  1.2067031330276047E-003                  1.1203876416666529E-002                  2.5129237964844936E-003                  9.5710644087274629E-004                  0.0000000000000000E+000                  0.0000000000000000E+000                  0.0000000000000000E+000                  0.0000000000000000E+000                  0.0000000000000000E+000                  0.0000000000000000E+000                  0.0000000000000000E+000                  0.0000000000000000E+000                  0.0000000000000000E+000                  0.0000000000000000E+000                 -7.8538121265610048E+000                 -9.8999999999999986E+001                  0.0000000000000000E+000                  0.0000000000000000E+000                 -9.8999999999999986E+001                 -9.8999999999999986E+001                  1.5624198051541141E+001                 -9.9000000000000000E+001                 -9.9000000000000000E+001                 -9.9000000000000000E+001 
                 6.3861829932359571E-001                  1.2928981893054598E+001                  9.8698819188409118E+001                  4.7159793122110538E+009                 -3.6339423383721261E+000                  5.1878992124816268E+000                  4.6091200344395969E+013                  2.5120633889880541E+001                  3.5356341805166626E+008                  1.6504458117905412E+000                  3.8710872830324872E-001                  6.2324126376032130E-001                  8.1157825285831120E-001                  8.5000496627254152E-001                  4.7145559069080925E+009                  1.4234053029613548E+006                  1.3979144727360397E+004                  3.8707607764832147E-001                  0.0000000000000000E+000                  3.2089667851280519E+004                  1.4029397293747804E+003                  3.5028444290685796E-023                  3.5028444290685796E-023                  0.0000000000000000E+000                  0.0000000000000000E+000                  1.4013698666021444E-024                  0.0000000000000000E+000                  1.9190497643292179E+002                  6.9999999999999996E-001                  2.9797635251138618E-005                  2.7997020236474884E-001                  4.1193902129486445E-003                  1.2067031330276047E-003                  1.1203876416666529E-002                  2.5129237964844936E-003                  9.5710644087274629E-004                  0.0000000000000000E+000                  0.0000000000000000E+000                  0.0000000000000000E+000                  0.0000000000000000E+000                  0.0000000000000000E+000                  0.0000000000000000E+000                  0.0000000000000000E+000                  0.0000000000000000E+000                  0.0000000000000000E+000                  0.0000000000000000E+000                 -7.8529278628731909E+000                 -9.8999999999999986E+001                  0.0000000000000000E+000                  0.0000000000000000E+000                 -9.8999999999999986E+001                 -9.8999999999999986E+001                  1.5625780913718106E+001                 -9.9000000000000000E+001                 -9.9000000000000000E+001                 -9.9000000000000000E+001 
                 6.3442681986218163E-001                  1.2878099252371443E+001                  9.8282336189752982E+001                  4.8029742337713184E+009                 -3.6291338754258087E+000                  5.1909739324252122E+000                  4.6316936440786234E+013                  2.5120834451593215E+001                  3.5323841059567881E+008                  1.6508686313324639E+000                  3.8735257216393337E-001                  6.2320793571047151E-001                  8.1196252085314657E-001                  8.5000496627254152E-001                  4.8015099425481815E+009                  1.4642912231371822E+006                  1.3646725381955113E+004                  3.8732332005067077E-001                  0.0000000000000000E+000                  3.2017973632908182E+004                  1.3800178836186792E+003                  3.5423732491427159E-023                  3.5423732491427153E-023                  0.0000000000000000E+000                  0.0000000000000000E+000                  1.4171840171690954E-024                  0.0000000000000000E+000                  1.9326853882984696E+002                  6.9999999999999996E-001                  2.9797635251138618E-005                  2.7997020236474884E-001                  4.1193902129486445E-003                  1.2067031330276047E-003                  1.1203876416666529E-002                  2.5129237964844936E-003                  9.5710644087274629E-004                  0.0000000000000000E+000                  0.0000000000000000E+000                  0.0000000000000000E+000                  0.0000000000000000E+000                  0.0000000000000000E+000                  0.0000000000000000E+000                  0.0000000000000000E+000                  0.0000000000000000E+000                  0.0000000000000000E+000                  0.0000000000000000E+000                 -7.8520210439521243E+000                 -9.8999999999999986E+001                  0.0000000000000000E+000                  0.0000000000000000E+000                 -9.8999999999999986E+001                 -9.8999999999999986E+001                  1.5627371383779014E+001                 -9.9000000000000000E+001                 -9.9000000000000000E+001                 -9.9000000000000000E+001 
                 6.3019688541067387E-001                  1.2826911074285590E+001                  9.7859045711729848E+001                  4.8915800555583162E+009                 -3.6243263762580704E+000                  5.1940507594365775E+000                  4.6544255708346375E+013                  2.5121170523968900E+001                  3.5292348687932301E+008                  1.6512766146644451E+000                  3.8758871809125583E-001                  6.2317632219722463E-001                  8.1234962049173542E-001                  8.5000496627254152E-001                  4.8900736747733135E+009                  1.5063807850024325E+006                  1.3320059484798800E+004                  3.8756228514831159E-001                  0.0000000000000000E+000                  3.1946067826334711E+004                  1.3572541573746375E+003                  3.5823428905379159E-023                  3.5823428905379159E-023                  0.0000000000000000E+000                  0.0000000000000000E+000                  1.4331745255870630E-024                  0.0000000000000000E+000                  1.9464313630295339E+002                  6.9999999999999996E-001                  2.9797635251138618E-005                  2.7997020236474884E-001                  4.1193902129486445E-003                  1.2067031330276047E-003                  1.1203876416666529E-002                  2.5129237964844936E-003                  9.5710644087274629E-004                  0.0000000000000000E+000                  0.0000000000000000E+000                  0.0000000000000000E+000                  0.0000000000000000E+000                  0.0000000000000000E+000                  0.0000000000000000E+000                  0.0000000000000000E+000                  0.0000000000000000E+000                  0.0000000000000000E+000                  0.0000000000000000E+000                 -7.8511246628612783E+000                 -9.8999999999999986E+001                  0.0000000000000000E+000                  0.0000000000000000E+000                 -9.8999999999999986E+001                 -9.8999999999999986E+001                  1.5628969633099196E+001                 -9.9000000000000000E+001                 -9.9000000000000000E+001                 -9.9000000000000000E+001 
                 6.2592836609540004E-001                  1.2775414003675628E+001                  9.7428855976831926E+001                  4.9818267093692884E+009                 -3.6195198111012297E+000                  5.1971296370425195E+000                  4.6773155454983766E+013                  2.5121580001814447E+001                  3.5261708749783909E+008                  1.6516721150392673E+000                  3.8781834449901587E-001                  6.2314575248392279E-001                  8.1271455318058394E-001                  8.5000496627254152E-001                  4.9802769999321938E+009                  1.5497094370943846E+006                  1.2999151078492423E+004                  3.8779414790365935E-001                  0.0000000000000000E+000                  3.1873965426970004E+004                  1.3346572760629199E+003                  3.6227584735552773E-023                  3.6227584735552773E-023                  0.0000000000000000E+000                  0.0000000000000000E+000                  1.4493434403187348E-024                  0.0000000000000000E+000                  1.9602898812619358E+002                  6.9999999999999996E-001                  2.9797635251138618E-005                  2.7997020236474884E-001                  4.1193902129486445E-003                  1.2067031330276047E-003                  1.1203876416666529E-002                  2.5129237964844936E-003                  9.5710644087274629E-004                  0.0000000000000000E+000                  0.0000000000000000E+000                  0.0000000000000000E+000                  0.0000000000000000E+000                  0.0000000000000000E+000                  0.0000000000000000E+000                  0.0000000000000000E+000                  0.0000000000000000E+000                  0.0000000000000000E+000                  0.0000000000000000E+000                 -7.8502676487065077E+000                 -9.8999999999999986E+001                  0.0000000000000000E+000                  0.0000000000000000E+000                 -9.8999999999999986E+001                 -9.8999999999999986E+001                  1.5630576080850442E+001                 -9.9000000000000000E+001                 -9.9000000000000000E+001                 -9.9000000000000000E+001 
                 6.2162113799366914E-001                  1.2723604616923216E+001                  9.6991674383853436E+001                  5.0737446812143345E+009                 -3.6147141488826620E+000                  5.2002105180159246E+000                  4.7003633811976172E+013                  2.5121991629512941E+001                  3.5231765683390462E+008                  1.6520574880576748E+000                  3.8804263469418282E-001                  6.2311564981328760E-001                  8.1303707646387557E-001                  8.5000496627254152E-001                  5.0721503674277267E+009                  1.5943137866072960E+006                  1.2684016121737241E+004                  3.8802008932231841E-001                  0.0000000000000000E+000                  3.1801689172994920E+004                  1.3122373185196031E+003                  3.6636251945187822E-023                  3.6636251945187816E-023                  0.0000000000000000E+000                  0.0000000000000000E+000                  1.4656928402410644E-024                  0.0000000000000000E+000                  1.9742616814174301E+002                  6.9999999999999996E-001                  2.9797635251138618E-005                  2.7997020236474884E-001                  4.1193902129486445E-003                  1.2067031330276047E-003                  1.1203876416666529E-002                  2.5129237964844936E-003                  9.5710644087274629E-004                  0.0000000000000000E+000                  0.0000000000000000E+000                  0.0000000000000000E+000                  0.0000000000000000E+000                  0.0000000000000000E+000                  0.0000000000000000E+000                  0.0000000000000000E+000                  0.0000000000000000E+000                  0.0000000000000000E+000                  0.0000000000000000E+000                 -7.8494739433660472E+000                 -9.8999999999999986E+001                  0.0000000000000000E+000                  0.0000000000000000E+000                 -9.8999999999999986E+001                 -9.8999999999999986E+001                  1.5632191277030961E+001                 -9.9000000000000000E+001                 -9.9000000000000000E+001                 -9.9000000000000000E+001 
                 6.1727508335208703E-001                  1.2671479419680916E+001                  9.6547407852600216E+001                  5.1673650219074011E+009                 -3.6099093380750236E+000                  5.2032933629382576E+000                  4.7235696180754008E+013                  2.5122335104443557E+001                  3.5202416231353658E+008                  1.6524343234726826E+000                  3.8826239986144540E-001                  6.2308558646084866E-001                  8.1330829155037410E-001                  8.5000496627254152E-001                  5.1657247902819757E+009                  1.6402316254248796E+006                  1.2374687033945691E+004                  3.8824110781594262E-001                  0.0000000000000000E+000                  3.1729260376433660E+004                  1.2900071934808677E+003                  3.7049484929431213E-023                  3.7049484929431213E-023                  0.0000000000000000E+000                  0.0000000000000000E+000                  1.4822249015234934E-024                  0.0000000000000000E+000                  1.9883449572311000E+002                  6.9999999999999996E-001                  2.9797635251138618E-005                  2.7997020236474884E-001                  4.1193902129486445E-003                  1.2067031330276047E-003                  1.1203876416666529E-002                  2.5129237964844936E-003                  9.5710644087274629E-004                  0.0000000000000000E+000                  0.0000000000000000E+000                  0.0000000000000000E+000                  0.0000000000000000E+000                  0.0000000000000000E+000                  0.0000000000000000E+000                  0.0000000000000000E+000                  0.0000000000000000E+000                  0.0000000000000000E+000                  0.0000000000000000E+000                 -7.8487539999546225E+000                 -9.8999999999999986E+001                  0.0000000000000000E+000                  0.0000000000000000E+000                 -9.8999999999999986E+001                 -9.8999999999999986E+001                  1.5633815744441607E+001                 -9.9000000000000000E+001                 -9.9000000000000000E+001                 -9.9000000000000000E+001 
                 6.1289009079770418E-001                  1.2619034846709953E+001                  9.6095963431094404E+001                  5.2627193579982252E+009                 -3.6051052868371265E+000                  5.2063781338814232E+000                  4.7469367749475781E+013                  2.5122573315072124E+001                  3.5173725637077796E+008                  1.6528017049911676E+000                  3.8847722198096091E-001                  6.2305535112362909E-001                  8.1354037269141810E-001                  8.5000496627254152E-001                  5.2610318561192436E+009                  1.6875018789819106E+006                  1.2071231580675454E+004                  3.8845740263166229E-001                  0.0000000000000000E+000                  3.1656697943392883E+004                  1.2679851828671315E+003                  3.7467342362211192E-023                  3.7467342362211192E-023                  0.0000000000000000E+000                  0.0000000000000000E+000                  1.4989419715151804E-024                  0.0000000000000000E+000                  2.0025333810150482E+002                  6.9999999999999996E-001                  2.9797635251138618E-005                  2.7997020236474884E-001                  4.1193902129486445E-003                  1.2067031330276047E-003                  1.1203876416666529E-002                  2.5129237964844936E-003                  9.5710644087274629E-004                  0.0000000000000000E+000                  0.0000000000000000E+000                  0.0000000000000000E+000                  0.0000000000000000E+000                  0.0000000000000000E+000                  0.0000000000000000E+000                  0.0000000000000000E+000                  0.0000000000000000E+000                  0.0000000000000000E+000                  0.0000000000000000E+000                 -7.8480913106074706E+000                 -9.8999999999999986E+001                  0.0000000000000000E+000                  0.0000000000000000E+000                 -9.8999999999999986E+001                 -9.8999999999999986E+001                  1.5635449954014717E+001                 -9.9000000000000000E+001                 -9.9000000000000000E+001                 -9.9000000000000000E+001 
                 6.0846605555095912E-001                  1.2566267264083073E+001                  9.5637249382586532E+001                  5.3598399028529425E+009                 -3.6003019026017213E+000                  5.2094647884687193E+000                  4.7704676464951312E+013                  2.5122686759581132E+001                  3.5145792242239106E+008                  1.6531581875591324E+000                  3.8868641783018104E-001                  6.2302473110018275E-001                  8.1374500309531150E-001                  8.5000496627254152E-001                  5.3581037383064461E+009                  1.7361645464962106E+006                  1.1773731134476722E+004                  3.8866842362126286E-001                  0.0000000000000000E+000                  3.1584018260953952E+004                  1.2461878297060885E+003                  3.7889883905996435E-023                  3.7889883905996435E-023                  0.0000000000000000E+000                  0.0000000000000000E+000                  1.5158464371135370E-024                  0.0000000000000000E+000                  2.0168160800493331E+002                  6.9999999999999996E-001                  2.9797635251138618E-005                  2.7997020236474884E-001                  4.1193902129486445E-003                  1.2067031330276047E-003                  1.1203876416666529E-002                  2.5129237964844936E-003                  9.5710644087274629E-004                  0.0000000000000000E+000                  0.0000000000000000E+000                  0.0000000000000000E+000                  0.0000000000000000E+000                  0.0000000000000000E+000                  0.0000000000000000E+000                  0.0000000000000000E+000                  0.0000000000000000E+000                  0.0000000000000000E+000                  0.0000000000000000E+000                 -7.8474690823183533E+000                 -9.8999999999999986E+001                  0.0000000000000000E+000                  0.0000000000000000E+000                 -9.8999999999999986E+001                 -9.8999999999999986E+001                  1.5637094315887062E+001                 -9.9000000000000000E+001                 -9.9000000000000000E+001                 -9.9000000000000000E+001 
                 6.0400287964294486E-001                  1.2513172966590579E+001                  9.5171176325545588E+001                  5.4587594679777031E+009                 -3.5954991028476906E+000                  5.2125532787688540E+000                  4.7941648834148109E+013                  2.5122667422976694E+001                  3.5118713024079210E+008                  1.6535023080200029E+000                  3.8888928832035363E-001                  6.2299347957410356E-001                  8.1392853659025466E-001                  8.5000496627254152E-001                  5.4569732072722597E+009                  1.7862607054431925E+006                  1.1482241865406440E+004                  3.8887347891850516E-001                  0.0000000000000000E+000                  3.1511232856894254E+004                  1.2246287446170013E+003                  3.8317169268163367E-023                  3.8317169268163361E-023                  0.0000000000000000E+000                  0.0000000000000000E+000                  1.5329406870126625E-024                  0.0000000000000000E+000                  2.0311791821934059E+002                  6.9999999999999996E-001                  2.9797635251138618E-005                  2.7997020236474884E-001                  4.1193902129486445E-003                  1.2067031330276047E-003                  1.1203876416666529E-002                  2.5129237964844936E-003                  9.5710644087274629E-004                  0.0000000000000000E+000                  0.0000000000000000E+000                  0.0000000000000000E+000                  0.0000000000000000E+000                  0.0000000000000000E+000                  0.0000000000000000E+000                  0.0000000000000000E+000                  0.0000000000000000E+000                  0.0000000000000000E+000                  0.0000000000000000E+000                 -7.8468765586219824E+000                 -9.8999999999999986E+001                  0.0000000000000000E+000                  0.0000000000000000E+000                 -9.8999999999999986E+001                 -9.8999999999999986E+001                  1.5638749150510680E+001                 -9.9000000000000000E+001                 -9.9000000000000000E+001                 -9.9000000000000000E+001 
                 5.9950047213891633E-001                  1.2459748173711075E+001                  9.4697658061637128E+001                  5.5595114745661774E+009                 -3.5906968205709888E+000                  5.2156435511983386E+000                  4.8180310357240688E+013                  2.5122517873013443E+001                  3.5092583617813039E+008                  1.6538325912610670E+000                  3.8908512107857796E-001                  6.2296133577269075E-001                  8.1409185943477758E-001                  8.5000496627254152E-001                  5.5576736420362282E+009                  1.8378325299492849E+006                  1.1196791821295974E+004                  3.8907186291763135E-001                  0.0000000000000000E+000                  3.1438336663156737E+004                  1.2033189567501695E+003                  3.8749257671856103E-023                  3.8749257671856103E-023                  0.0000000000000000E+000                  0.0000000000000000E+000                  1.5502270905342291E-024                  0.0000000000000000E+000                  2.0456179949700544E+002                  6.9999999999999996E-001                  2.9797635251138618E-005                  2.7997020236474884E-001                  4.1193902129486445E-003                  1.2067031330276047E-003                  1.1203876416666529E-002                  2.5129237964844936E-003                  9.5710644087274629E-004                  0.0000000000000000E+000                  0.0000000000000000E+000                  0.0000000000000000E+000                  0.0000000000000000E+000                  0.0000000000000000E+000                  0.0000000000000000E+000                  0.0000000000000000E+000                  0.0000000000000000E+000                  0.0000000000000000E+000                  0.0000000000000000E+000                 -7.8463095799398914E+000                 -9.8999999999999986E+001                  0.0000000000000000E+000                  0.0000000000000000E+000                 -9.8999999999999986E+001                 -9.8999999999999986E+001                  1.5640414581812676E+001                 -9.9000000000000000E+001                 -9.9000000000000000E+001                 -9.9000000000000000E+001 
                 5.9495874937255300E-001                  1.2405989024787951E+001                  9.4216609573011212E+001                  5.6621299650834379E+009                 -3.5858950141730777E+000                  5.2187355464439591E+000                  4.8420685520525625E+013                  2.5122250208429616E+001                  3.5067498310316777E+008                  1.6541475588532311E+000                  3.8927319690656498E-001                  6.2292804255003398E-001                  8.1423028113570850E-001                  8.5000496627254152E-001                  5.6602390417744579E+009                  1.8909233089796735E+006                  1.0917384835690467E+004                  3.8926285940886779E-001                  0.0000000000000000E+000                  3.1365308443680169E+004                  1.1822672568851267E+003                  3.9186206887473355E-023                  3.9186206887473355E-023                  0.0000000000000000E+000                  0.0000000000000000E+000                  1.5677079588805307E-024                  0.0000000000000000E+000                  2.0601330087385008E+002                  6.9999999999999996E-001                  2.9797635251138618E-005                  2.7997020236474884E-001                  4.1193902129486445E-003                  1.2067031330276047E-003                  1.1203876416666529E-002                  2.5129237964844936E-003                  9.5710644087274629E-004                  0.0000000000000000E+000                  0.0000000000000000E+000                  0.0000000000000000E+000                  0.0000000000000000E+000                  0.0000000000000000E+000                  0.0000000000000000E+000                  0.0000000000000000E+000                  0.0000000000000000E+000                  0.0000000000000000E+000                  0.0000000000000000E+000                 -7.8457711548034759E+000                 -9.8999999999999986E+001                  0.0000000000000000E+000                  0.0000000000000000E+000                 -9.8999999999999986E+001                 -9.8999999999999986E+001                  1.5642090584398446E+001                 -9.9000000000000000E+001                 -9.9000000000000000E+001                 -9.9000000000000000E+001 
                 5.9037763520632447E-001                  1.2351891572997836E+001                  9.3727945878582062E+001                  5.7666496147159233E+009                 -3.5810936735765679E+000                  5.2218291996592709E+000                  4.8662796553737055E+013                  2.5121885945754372E+001                  3.5043542071471232E+008                  1.6544458602797147E+000                  3.8945285278949843E-001                  6.2289338314712472E-001                  8.1433438255510937E-001                  8.5000496627254152E-001                  5.7647040372470694E+009                  1.9455774688543042E+006                  1.0644004372640569E+004                  3.8944577683610698E-001                  0.0000000000000000E+000                  3.1292125356640452E+004                  1.1614805462851300E+003                  3.9628072549290379E-023                  3.9628072549290373E-023                  0.0000000000000000E+000                  0.0000000000000000E+000                  1.5853855177948297E-024                  0.0000000000000000E+000                  2.0747258524769455E+002                  6.9999999999999996E-001                  2.9797635251138618E-005                  2.7997020236474884E-001                  4.1193902129486445E-003                  1.2067031330276047E-003                  1.1203876416666529E-002                  2.5129237964844936E-003                  9.5710644087274629E-004                  0.0000000000000000E+000                  0.0000000000000000E+000                  0.0000000000000000E+000                  0.0000000000000000E+000                  0.0000000000000000E+000                  0.0000000000000000E+000                  0.0000000000000000E+000                  0.0000000000000000E+000                  0.0000000000000000E+000                  0.0000000000000000E+000                 -7.8452708482941915E+000                 -9.8999999999999986E+001                  0.0000000000000000E+000                  0.0000000000000000E+000                 -9.8999999999999986E+001                 -9.8999999999999986E+001                  1.5643777166840890E+001                 -9.9000000000000000E+001                 -9.9000000000000000E+001                 -9.9000000000000000E+001 
                 5.8575706132157379E-001                  1.2297451778556022E+001                  9.3231581809558406E+001                  5.8731057428000202E+009                 -3.5762927951580994E+000                  5.2249244441637153E+000                  4.8906656896931891E+013                  2.5121465728254417E+001                  3.5020676063246572E+008                  1.6547280842644339E+000                  3.8962430710536394E-001                  6.2285759868043589E-001                  8.1440261513095868E-001                  8.5000496627254152E-001                  5.8711039021394939E+009                  2.0018406605263390E+006                  1.0376617296075778E+004                  3.8962039098772866E-001                  0.0000000000000000E+000                  3.1218767504333257E+004                  1.1409642122957491E+003                  4.0074910348018668E-023                  4.0074910348018668E-023                  0.0000000000000000E+000                  0.0000000000000000E+000                  1.6032619952782915E-024                  0.0000000000000000E+000                  2.0894068466556493E+002                  6.9999999999999996E-001                  2.9797635251138618E-005                  2.7997020236474884E-001                  4.1193902129486445E-003                  1.2067031330276047E-003                  1.1203876416666529E-002                  2.5129237964844936E-003                  9.5710644087274629E-004                  0.0000000000000000E+000                  0.0000000000000000E+000                  0.0000000000000000E+000                  0.0000000000000000E+000                  0.0000000000000000E+000                  0.0000000000000000E+000                  0.0000000000000000E+000                  0.0000000000000000E+000                  0.0000000000000000E+000                  0.0000000000000000E+000                 -7.8448119569166144E+000                 -9.8999999999999986E+001                  0.0000000000000000E+000                  0.0000000000000000E+000                 -9.8999999999999986E+001                 -9.8999999999999986E+001                  1.5645474423961980E+001                 -9.9000000000000000E+001                 -9.9000000000000000E+001                 -9.9000000000000000E+001 
                 5.8109696752690376E-001                  1.2242665504920765E+001                  9.2727429954256948E+001                  5.9815343243027525E+009                 -3.5714923652063137E+000                  5.2280212177184282E+000                  4.9152275927703773E+013                  2.5121040012133314E+001                  3.4998764873148441E+008                  1.6549963511174310E+000                  3.8978847914372361E-001                  6.2282122714353283E-001                  8.1444283583481536E-001                  8.5000496627254152E-001                  5.9794745643956213E+009                  2.0597599071312349E+006                  1.0115169136278415E+004                  3.8978726915188316E-001                  0.0000000000000000E+000                  3.1145216982327431E+004                  1.1207207057594460E+003                  4.0526777570691359E-023                  4.0526777570691359E-023                  0.0000000000000000E+000                  0.0000000000000000E+000                  1.6213396831956232E-024                  0.0000000000000000E+000                  2.1041952473688480E+002                  6.9999999999999996E-001                  2.9797635251138618E-005                  2.7997020236474884E-001                  4.1193902129486445E-003                  1.2067031330276047E-003                  1.1203876416666529E-002                  2.5129237964844936E-003                  9.5710644087274629E-004                  0.0000000000000000E+000                  0.0000000000000000E+000                  0.0000000000000000E+000                  0.0000000000000000E+000                  0.0000000000000000E+000                  0.0000000000000000E+000                  0.0000000000000000E+000                  0.0000000000000000E+000                  0.0000000000000000E+000                  0.0000000000000000E+000                 -7.8443883835694539E+000                 -9.8999999999999986E+001                  0.0000000000000000E+000                  0.0000000000000000E+000                 -9.8999999999999986E+001                 -9.8999999999999986E+001                  1.5647182523683824E+001                 -9.9000000000000000E+001                 -9.9000000000000000E+001                 -9.9000000000000000E+001 
                 5.7639730208113649E-001                  1.2187528516998201E+001                  9.2215398457497443E+001                  6.0919720013350592E+009                 -3.5666923734185021E+000                  5.2311194654322852E+000                  4.9399665716954641E+013                  2.5120657766303893E+001                  3.4977670879350090E+008                  1.6552528297119891E+000                  3.8994631825554504E-001                  6.2278470966057398E-001                  8.1446434284897584E-001                  8.5000496627254152E-001                  6.0898526176282749E+009                  2.1193837067839797E+006                  9.8595558116482025E+003                  3.8994734594533964E-001                  0.0000000000000000E+000                  3.1071457688160146E+004                  1.1007445328096542E+003                  4.0983731870311666E-023                  4.0983731870311660E-023                  0.0000000000000000E+000                  0.0000000000000000E+000                  1.6396208880528467E-024                  0.0000000000000000E+000                  2.1191124351176941E+002                  6.9999999999999996E-001                  2.9797635251138618E-005                  2.7997020236474884E-001                  4.1193902129486445E-003                  1.2067031330276047E-003                  1.1203876416666529E-002                  2.5129237964844936E-003                  9.5710644087274629E-004                  0.0000000000000000E+000                  0.0000000000000000E+000                  0.0000000000000000E+000                  0.0000000000000000E+000                  0.0000000000000000E+000                  0.0000000000000000E+000                  0.0000000000000000E+000                  0.0000000000000000E+000                  0.0000000000000000E+000                  0.0000000000000000E+000                 -7.8439917738229532E+000                 -9.8999999999999986E+001                  0.0000000000000000E+000                  0.0000000000000000E+000                 -9.8999999999999986E+001                 -9.8999999999999986E+001                  1.5648901701391008E+001                 -9.9000000000000000E+001                 -9.9000000000000000E+001                 -9.9000000000000000E+001 
                 5.7165802203008020E-001                  1.2132036477571743E+001                  9.1695390402609959E+001                  6.2044560947827072E+009                 -3.5618928144153625E+000                  5.2342191399041926E+000                  4.9648840676472938E+013                  2.5120367579884650E+001                  3.4957256721289909E+008                  1.6554996921073821E+000                  3.9009878412331717E-001                  6.2274835830243336E-001                  8.1447737755219152E-001                  8.5000496627254152E-001                  6.2022753326911316E+009                  2.1807620915757660E+006                  9.6096313094451161E+003                  3.9010157597005729E-001                  0.0000000000000000E+000                  3.0997482229990299E+004                  1.0810286494112620E+003                  4.1445831109577297E-023                  4.1445831109577297E-023                  0.0000000000000000E+000                  0.0000000000000000E+000                  1.6581079247452445E-024                  0.0000000000000000E+000                  2.1341711034217317E+002                  6.9999999999999996E-001                  2.9797635251138618E-005                  2.7997020236474884E-001                  4.1193902129486445E-003                  1.2067031330276047E-003                  1.1203876416666529E-002                  2.5129237964844936E-003                  9.5710644087274629E-004                  0.0000000000000000E+000                  0.0000000000000000E+000                  0.0000000000000000E+000                  0.0000000000000000E+000                  0.0000000000000000E+000                  0.0000000000000000E+000                  0.0000000000000000E+000                  0.0000000000000000E+000                  0.0000000000000000E+000                  0.0000000000000000E+000                 -7.8436117638858542E+000                 -9.8999999999999986E+001                  0.0000000000000000E+000                  0.0000000000000000E+000                 -9.8999999999999986E+001                 -9.8999999999999986E+001                  1.5650632317517534E+001                 -9.9000000000000000E+001                 -9.9000000000000000E+001                 -9.9000000000000000E+001 
                 5.6687909355562882E-001                  1.2076184943393628E+001                  9.1167305849546608E+001                  6.3190246162210751E+009                 -3.5570936883821478E+000                  5.2373202012881714E+000                  4.9899817060595227E+013                  2.5120218961920667E+001                  3.4937385159673452E+008                  1.6557391097060996E+000                  3.9024684505839391E-001                  6.2271234000077791E-001                  8.1449281121017636E-001                  8.5000496627254152E-001                  6.3167806695329380E+009                  2.2439466881368635E+006                  9.3652464044489607E+003                  3.9025092349291884E-001                  0.0000000000000000E+000                  3.0923299682866622E+004                  1.0615664639770682E+003                  4.1913133279654190E-023                  4.1913133279654184E-023                  0.0000000000000000E+000                  0.0000000000000000E+000                  1.6768031133077647E-024                  0.0000000000000000E+000                  2.1493709450421048E+002                  6.9999999999999996E-001                  2.9797635251138618E-005                  2.7997020236474884E-001                  4.1193902129486445E-003                  1.2067031330276047E-003                  1.1203876416666529E-002                  2.5129237964844936E-003                  9.5710644087274629E-004                  0.0000000000000000E+000                  0.0000000000000000E+000                  0.0000000000000000E+000                  0.0000000000000000E+000                  0.0000000000000000E+000                  0.0000000000000000E+000                  0.0000000000000000E+000                  0.0000000000000000E+000                  0.0000000000000000E+000                  0.0000000000000000E+000                 -7.8432361230407341E+000                 -9.8999999999999986E+001                  0.0000000000000000E+000                  0.0000000000000000E+000                 -9.8999999999999986E+001                 -9.8999999999999986E+001                  1.5652374914287796E+001                 -9.9000000000000000E+001                 -9.9000000000000000E+001                 -9.9000000000000000E+001 
                 5.6206049232589084E-001                  1.2019969360897337E+001                  9.0631045040188667E+001                  6.4357162805520687E+009                 -3.5522950012941927E+000                  5.2404226173537474E+000                  5.0152612509593117E+013                  2.5120263473171995E+001                  3.4917919025876576E+008                  1.6559732485830980E+000                  3.9039147515729339E-001                  6.2267666679959244E-001                  8.1452177071326792E-001                  8.5000496627254152E-001                  6.4334072897708931E+009                  2.3089907811755547E+006                  9.1262573674878204E+003                  3.9039635980154364E-001                  0.0000000000000000E+000                  3.0848927711523185E+004                  1.0423516991008930E+003                  4.2385696455026429E-023                  4.2385696455026429E-023                  0.0000000000000000E+000                  0.0000000000000000E+000                  1.6957087771087257E-024                  0.0000000000000000E+000                  2.1647102106715357E+002                  6.9999999999999996E-001                  2.9797635251138618E-005                  2.7997020236474884E-001                  4.1193902129486445E-003                  1.2067031330276047E-003                  1.1203876416666529E-002                  2.5129237964844936E-003                  9.5710644087274629E-004                  0.0000000000000000E+000                  0.0000000000000000E+000                  0.0000000000000000E+000                  0.0000000000000000E+000                  0.0000000000000000E+000                  0.0000000000000000E+000                  0.0000000000000000E+000                  0.0000000000000000E+000                  0.0000000000000000E+000                  0.0000000000000000E+000                 -7.8428510337403026E+000                 -9.8999999999999986E+001                  0.0000000000000000E+000                  0.0000000000000000E+000                 -9.8999999999999986E+001                 -9.8999999999999986E+001                  1.5654130127688177E+001                 -9.9000000000000000E+001                 -9.9000000000000000E+001                 -9.9000000000000000E+001 
                 5.5720220382349450E-001                  1.1963385061299675E+001                  9.0086508829079463E+001                  6.5545705196006403E+009                 -3.5474967644159339E+000                  5.2435263624656256E+000                  5.0407243091677953E+013                  2.5120534395979472E+001                  3.4898764671093976E+008                  1.6562035704761333E+000                  3.9053337945710487E-001                  6.2264122069284988E-001                  8.1457125435956368E-001                  8.5000496627254152E-001                  6.5521945702440395E+009                  2.3759493566005244E+006                  8.8925248826412226E+003                  3.9053872520654576E-001                  0.0000000000000000E+000                  3.0774383335125938E+004                  1.0233782794546001E+003                  4.2863578818638412E-023                  4.2863578818638417E-023                  0.0000000000000000E+000                  0.0000000000000000E+000                  1.7148272438556661E-024                  0.0000000000000000E+000                  2.1801855375213748E+002                  6.9999999999999996E-001                  2.9797635251138618E-005                  2.7997020236474884E-001                  4.1193902129486445E-003                  1.2067031330276047E-003                  1.1203876416666529E-002                  2.5129237964844936E-003                  9.5710644087274629E-004                  0.0000000000000000E+000                  0.0000000000000000E+000                  0.0000000000000000E+000                  0.0000000000000000E+000                  0.0000000000000000E+000                  0.0000000000000000E+000                  0.0000000000000000E+000                  0.0000000000000000E+000                  0.0000000000000000E+000                  0.0000000000000000E+000                 -7.8424467318183666E+000                 -9.8999999999999986E+001                  0.0000000000000000E+000                  0.0000000000000000E+000                 -9.8999999999999986E+001                 -9.8999999999999986E+001                  1.5655898597661130E+001                 -9.9000000000000000E+001                 -9.9000000000000000E+001                 -9.9000000000000000E+001 
                 5.5230422366007004E-001                  1.1906427255263916E+001                  8.9533599172898406E+001                  6.6756274964718218E+009                 -3.5426989834441995E+000                  5.2466314136490002E+000                  5.0663718363434672E+013                  2.5121008641112454E+001                  3.4879945522537601E+008                  1.6564296601903108E+000                  3.9067253200720509E-001                  6.2260592389524583E-001                  8.1463840217220562E-001                  8.5000496627254152E-001                  6.6731826173935051E+009                  2.4448790783162885E+006                  8.6639135202429352E+003                  3.9067836067780537E-001                  0.0000000000000000E+000                  3.0699682927247512E+004                  1.0046402764150264E+003                  4.3346839738420850E-023                  4.3346839738420850E-023                  0.0000000000000000E+000                  0.0000000000000000E+000                  1.7341608886635369E-024                  0.0000000000000000E+000                  2.1957923523368669E+002                  6.9999999999999996E-001                  2.9797635251138618E-005                  2.7997020236474884E-001                  4.1193902129486445E-003                  1.2067031330276047E-003                  1.1203876416666529E-002                  2.5129237964844936E-003                  9.5710644087274629E-004                  0.0000000000000000E+000                  0.0000000000000000E+000                  0.0000000000000000E+000                  0.0000000000000000E+000                  0.0000000000000000E+000                  0.0000000000000000E+000                  0.0000000000000000E+000                  0.0000000000000000E+000                  0.0000000000000000E+000                  0.0000000000000000E+000                 -7.8420261270649316E+000                 -9.8999999999999986E+001                  0.0000000000000000E+000                  0.0000000000000000E+000                 -9.8999999999999986E+001                 -9.8999999999999986E+001                  1.5657680969991974E+001                 -9.9000000000000000E+001                 -9.9000000000000000E+001                 -9.9000000000000000E+001 
                 5.4736655789042210E-001                  1.1849091028642155E+001                  8.8972219535425495E+001                  6.7989281204631910E+009                 -3.5379016407297694E+000                  5.2497377471985898E+000                  5.0922046589446016E+013                  2.5121650906928721E+001                  3.4861505445751369E+008                  1.6566507773282171E+000                  3.9080877781354667E-001                  6.2257084580430899E-001                  8.1472076959422568E-001                  8.5000496627254152E-001                  6.7964122821979332E+009                  2.5158382652578782E+006                  8.4402915938097740E+003                  3.9081517596158388E-001                  0.0000000000000000E+000                  3.0624842604939557E+004                  9.8613186770070331E+002                  4.3835541626861792E-023                  4.3835541626861798E-023                  0.0000000000000000E+000                  0.0000000000000000E+000                  1.7537122084498873E-024                  0.0000000000000000E+000                  2.2115305796674843E+002                  6.9999999999999996E-001                  2.9797635251138618E-005                  2.7997020236474884E-001                  4.1193902129486445E-003                  1.2067031330276047E-003                  1.1203876416666529E-002                  2.5129237964844936E-003                  9.5710644087274629E-004                  0.0000000000000000E+000                  0.0000000000000000E+000                  0.0000000000000000E+000                  0.0000000000000000E+000                  0.0000000000000000E+000                  0.0000000000000000E+000                  0.0000000000000000E+000                  0.0000000000000000E+000                  0.0000000000000000E+000                  0.0000000000000000E+000                 -7.8415926977677000E+000                 -9.8999999999999986E+001                  0.0000000000000000E+000                  0.0000000000000000E+000                 -9.8999999999999986E+001                 -9.8999999999999986E+001                  1.5659477900682969E+001                 -9.9000000000000000E+001                 -9.9000000000000000E+001                 -9.9000000000000000E+001 
                 5.4238922332916562E-001                  1.1791371340305307E+001                  8.8402273836092775E+001                  6.9245140623994389E+009                 -3.5331046909034858E+000                  5.2528453381613147E+000                  5.1182236310913445E+013                  2.5122423370993207E+001                  3.4843489528048515E+008                  1.6568661650802861E+000                  3.9094195234966039E-001                  6.2253621412111160E-001                  8.1481782140798376E-001                  8.5000496627254152E-001                  6.9219251754740887E+009                  2.5888869253499703E+006                  8.2215369384309761E+003                  3.9094901079311328E-001                  0.0000000000000000E+000                  3.0549875509836987E+004                  9.6784876543873258E+002                  4.4329750536953348E-023                  4.4329750536953348E-023                  0.0000000000000000E+000                  0.0000000000000000E+000                  1.7734838457766969E-024                  0.0000000000000000E+000                  2.2274044929683754E+002                  6.9999999999999996E-001                  2.9797635251138618E-005                  2.7997020236474884E-001                  4.1193902129486445E-003                  1.2067031330276047E-003                  1.1203876416666529E-002                  2.5129237964844936E-003                  9.5710644087274629E-004                  0.0000000000000000E+000                  0.0000000000000000E+000                  0.0000000000000000E+000                  0.0000000000000000E+000                  0.0000000000000000E+000                  0.0000000000000000E+000                  0.0000000000000000E+000                  0.0000000000000000E+000                  0.0000000000000000E+000                  0.0000000000000000E+000                 -7.8411486099667931E+000                 -9.8999999999999986E+001                  0.0000000000000000E+000                  0.0000000000000000E+000                 -9.8999999999999986E+001                 -9.8999999999999986E+001                  1.5661290012567671E+001                 -9.9000000000000000E+001                 -9.9000000000000000E+001                 -9.9000000000000000E+001 
                 5.3737224787221394E-001                  1.1733263020389959E+001                  8.7823665393587333E+001                  7.0524277702380562E+009                 -3.5283080603599255E+000                  5.2559541602969295E+000                  5.1444296830366906E+013                  2.5123286625008916E+001                  3.4825944036746311E+008                  1.6570750521212396E+000                  3.9107188238824941E-001                  6.2250241617339386E-001                  8.1493042995482434E-001                  8.5000496627254152E-001                  7.0497636834378386E+009                  2.6640868002175433E+006                  8.0075683979819923E+003                  3.9107969634883416E-001                  0.0000000000000000E+000                  3.0474779966387618E+004                  9.4979444092045344E+002                  4.4829536389499642E-023                  4.4829536389499642E-023                  0.0000000000000000E+000                  0.0000000000000000E+000                  1.7934785979442072E-024                  0.0000000000000000E+000                  2.2434175667925206E+002                  6.9999999999999996E-001                  2.9797635251138618E-005                  2.7997020236474884E-001                  4.1193902129486445E-003                  1.2067031330276047E-003                  1.1203876416666529E-002                  2.5129237964844936E-003                  9.5710644087274629E-004                  0.0000000000000000E+000                  0.0000000000000000E+000                  0.0000000000000000E+000                  0.0000000000000000E+000                  0.0000000000000000E+000                  0.0000000000000000E+000                  0.0000000000000000E+000                  0.0000000000000000E+000                  0.0000000000000000E+000                  0.0000000000000000E+000                 -7.8406952650636974E+000                 -9.8999999999999986E+001                  0.0000000000000000E+000                  0.0000000000000000E+000                 -9.8999999999999986E+001                 -9.8999999999999986E+001                  1.5663117708420724E+001                 -9.9000000000000000E+001                 -9.9000000000000000E+001                 -9.9000000000000000E+001 
                 5.3231567083181808E-001                  1.1674760768557816E+001                  8.7236297176295537E+001                  7.1827124843500633E+009                 -3.5235116489644005E+000                  5.2590641860320302E+000                  5.1708238609953352E+013                  2.5124200919103785E+001                  3.4808916320528579E+008                  1.6572766556763086E+000                  3.9119838825006864E-001                  6.2246999352839849E-001                  8.1506031424853842E-001                  8.5000496627254152E-001                  7.1799709829394636E+009                  2.7415014105994408E+006                  7.7983485928831051E+003                  3.9120705601341044E-001                  0.0000000000000000E+000                  3.0399538323592926E+004                  9.3197487917126978E+002                  4.5334972974215736E-023                  4.5334972974215736E-023                  0.0000000000000000E+000                  0.0000000000000000E+000                  1.8136994170348940E-024                  0.0000000000000000E+000                  2.2595731087288956E+002                  6.9999999999999996E-001                  2.9797635251138618E-005                  2.7997020236474884E-001                  4.1193902129486445E-003                  1.2067031330276047E-003                  1.1203876416666529E-002                  2.5129237964844936E-003                  9.5710644087274629E-004                  0.0000000000000000E+000                  0.0000000000000000E+000                  0.0000000000000000E+000                  0.0000000000000000E+000                  0.0000000000000000E+000                  0.0000000000000000E+000                  0.0000000000000000E+000                  0.0000000000000000E+000                  0.0000000000000000E+000                  0.0000000000000000E+000                 -7.8402338599654584E+000                 -9.8999999999999986E+001                  0.0000000000000000E+000                  0.0000000000000000E+000                 -9.8999999999999986E+001                 -9.8999999999999986E+001                  1.5664961144759131E+001                 -9.9000000000000000E+001                 -9.9000000000000000E+001                 -9.9000000000000000E+001 
                 5.2721954332251109E-001                  1.1615859152391256E+001                  8.6640071902402084E+001                  7.3154122517297163E+009                 -3.5187153389333368E+000                  5.2621753864582770E+000                  5.1974074029810219E+013                  2.5125126676871425E+001                  3.4792450163647270E+008                  1.6574702572417623E+000                  3.9132130030942225E-001                  6.2243956229980058E-001                  8.1520900785295802E-001                  8.5000496627254152E-001                  7.3125910556259689E+009                  2.8211961037470438E+006                  7.5938504663966114E+003                  3.9133091482184656E-001                  0.0000000000000000E+000                  3.0324128143245722E+004                  9.1439609596289233E+002                  4.5846137175676452E-023                  4.5846137175676447E-023                  0.0000000000000000E+000                  0.0000000000000000E+000                  1.8341493789462849E-024                  0.0000000000000000E+000                  2.2758744051867271E+002                  6.9999999999999996E-001                  2.9797635251138618E-005                  2.7997020236474884E-001                  4.1193902129486445E-003                  1.2067031330276047E-003                  1.1203876416666529E-002                  2.5129237964844936E-003                  9.5710644087274629E-004                  0.0000000000000000E+000                  0.0000000000000000E+000                  0.0000000000000000E+000                  0.0000000000000000E+000                  0.0000000000000000E+000                  0.0000000000000000E+000                  0.0000000000000000E+000                  0.0000000000000000E+000                  0.0000000000000000E+000                  0.0000000000000000E+000                 -7.8397660592323728E+000                 -9.8999999999999986E+001                  0.0000000000000000E+000                  0.0000000000000000E+000                 -9.8999999999999986E+001                 -9.8999999999999986E+001                  1.5666820401885658E+001                 -9.9000000000000000E+001                 -9.9000000000000000E+001                 -9.9000000000000000E+001 
                 5.2208392871497489E-001                  1.1556552605115472E+001                  8.6034892113477241E+001                  7.4505719393099976E+009                 -3.5139190566371901E+000                  5.2652877318528049E+000                  5.2241820808433125E+013                  2.5126014806133842E+001                  3.4776543352271664E+008                  1.6576558804983741E+000                  3.9144058145550048E-001                  6.2241112769606466E-001                  8.1537350742011039E-001                  8.5000496627254152E-001                  7.4476687011941843E+009                  2.9032381158133359E+006                  7.3940463985832303E+003                  3.9145116895307497E-001                  0.0000000000000000E+000                  3.0248525676528719E+004                  8.9706406197877902E+002                  4.6363102403747850E-023                  4.6363102403747850E-023                  0.0000000000000000E+000                  0.0000000000000000E+000                  1.8548314205646070E-024                  0.0000000000000000E+000                  2.2923157308850108E+002                  6.9999999999999996E-001                  2.9797635251138618E-005                  2.7997020236474884E-001                  4.1193902129486445E-003                  1.2067031330276047E-003                  1.1203876416666529E-002                  2.5129237964844936E-003                  9.5710644087274629E-004                  0.0000000000000000E+000                  0.0000000000000000E+000                  0.0000000000000000E+000                  0.0000000000000000E+000                  0.0000000000000000E+000                  0.0000000000000000E+000                  0.0000000000000000E+000                  0.0000000000000000E+000                  0.0000000000000000E+000                  0.0000000000000000E+000                 -7.8392950058179940E+000                 -9.8999999999999986E+001                  0.0000000000000000E+000                  0.0000000000000000E+000                 -9.8999999999999986E+001                 -9.8999999999999986E+001                  1.5668695547321203E+001                 -9.9000000000000000E+001                 -9.9000000000000000E+001                 -9.9000000000000000E+001 
                 5.1690890312358651E-001                  1.1496835414863016E+001                  8.5420662664209203E+001                  7.5882372473142748E+009                 -3.5091227883451852E+000                  5.2684011924628695E+000                  5.2511497172520680E+013                  2.5126806581556203E+001                  3.4761165872820437E+008                  1.6578340043778435E+000                  3.9155626984923930E-001                  6.2238424630474831E-001                  8.1554839146743263E-001                  8.5000496627254152E-001                  7.5852495506692886E+009                  2.9876966449858653E+006                  7.1989080808003164E+003                  3.9156781883476244E-001                  0.0000000000000000E+000                  3.0172706544872282E+004                  8.7998470301721727E+002                  4.6885936620829613E-023                  4.6885936620829613E-023                  0.0000000000000000E+000                  0.0000000000000000E+000                  1.8757482608413773E-024                  0.0000000000000000E+000                  2.3088817212599864E+002                  6.9999999999999996E-001                  2.9797635251138618E-005                  2.7997020236474884E-001                  4.1193902129486445E-003                  1.2067031330276047E-003                  1.1203876416666529E-002                  2.5129237964844936E-003                  9.5710644087274629E-004                  0.0000000000000000E+000                  0.0000000000000000E+000                  0.0000000000000000E+000                  0.0000000000000000E+000                  0.0000000000000000E+000                  0.0000000000000000E+000                  0.0000000000000000E+000                  0.0000000000000000E+000                  0.0000000000000000E+000                  0.0000000000000000E+000                 -7.8388234264268508E+000                 -9.8999999999999986E+001                  0.0000000000000000E+000                  0.0000000000000000E+000                 -9.8999999999999986E+001                 -9.8999999999999986E+001                  1.5670586659659078E+001                 -9.9000000000000000E+001                 -9.9000000000000000E+001                 -9.9000000000000000E+001 
                 5.1169455591670376E-001                  1.1436701711302595E+001                  8.4797293479185456E+001                  7.7284547229550161E+009                 -3.5043265596642308E+000                  5.2715157387564542E+000                  5.2783118427718117E+013                  2.5127437121764864E+001                  3.4746287006618428E+008                  1.6580051322136955E+000                  3.9166840065892816E-001                  6.2235840373213858E-001                  8.1572930641640318E-001                  8.5000496627254152E-001                  7.7253800800405178E+009                  3.0746429144983510E+006                  7.0084069464706126E+003                  3.9168090107671394E-001                  0.0000000000000000E+000                  3.0096646447923726E+004                  8.6316395556834766E+002                  4.7414704267860325E-023                  4.7414704267860319E-023                  0.0000000000000000E+000                  0.0000000000000000E+000                  1.8969024778464006E-024                  0.0000000000000000E+000                  2.3255533231764434E+002                  6.9999999999999996E-001                  2.9797635251138618E-005                  2.7997020236474884E-001                  4.1193902129486445E-003                  1.2067031330276047E-003                  1.1203876416666529E-002                  2.5129237964844936E-003                  9.5710644087274629E-004                  0.0000000000000000E+000                  0.0000000000000000E+000                  0.0000000000000000E+000                  0.0000000000000000E+000                  0.0000000000000000E+000                  0.0000000000000000E+000                  0.0000000000000000E+000                  0.0000000000000000E+000                  0.0000000000000000E+000                  0.0000000000000000E+000                 -7.8383517267288294E+000                 -9.8999999999999986E+001                  0.0000000000000000E+000                  0.0000000000000000E+000                 -9.8999999999999986E+001                 -9.8999999999999986E+001                  1.5672493851400505E+001                 -9.9000000000000000E+001                 -9.9000000000000000E+001                 -9.9000000000000000E+001 
                 5.0644099024797018E-001                  1.1376145454544313E+001                  8.4164700794240261E+001                  7.8712717744780054E+009                 -3.4995304311471975E+000                  5.2746313413627659E+000                  5.3056697258422930E+013                  2.5127833646567389E+001                  3.4731875956897116E+008                  1.6581697805826006E+000                  3.9177700502351176E-001                  6.2233302826854953E-001                  8.1591409843010387E-001                  8.5000496627254152E-001                  7.8681076242486315E+009                  3.1641502293737661E+006                  6.8225145842988304E+003                  3.9179044870140295E-001                  0.0000000000000000E+000                  3.0020326242932319E+004                  8.4660779388362471E+002                  4.7949466520142733E-023                  4.7949466520142733E-023                  0.0000000000000000E+000                  0.0000000000000000E+000                  1.9182965190024729E-024                  0.0000000000000000E+000                  2.3423204053539200E+002                  6.9999999999999996E-001                  2.9797635251138618E-005                  2.7997020236474884E-001                  4.1193902129486445E-003                  1.2067031330276047E-003                  1.1203876416666529E-002                  2.5129237964844936E-003                  9.5710644087274629E-004                  0.0000000000000000E+000                  0.0000000000000000E+000                  0.0000000000000000E+000                  0.0000000000000000E+000                  0.0000000000000000E+000                  0.0000000000000000E+000                  0.0000000000000000E+000                  0.0000000000000000E+000                  0.0000000000000000E+000                  0.0000000000000000E+000                 -7.8378769324505253E+000                 -9.8999999999999986E+001                  0.0000000000000000E+000                  0.0000000000000000E+000                 -9.8999999999999986E+001                 -9.8999999999999986E+001                  1.5674417384667350E+001                 -9.9000000000000000E+001                 -9.9000000000000000E+001                 -9.9000000000000000E+001 
                 5.0114832360522232E-001                  1.1315160424109074E+001                  8.3522804983826731E+001                  8.0167366858525276E+009                 -3.4947344913643761E+000                  5.2777479710153976E+000                  5.3332244287579922E+013                  2.5127913519076287E+001                  3.4717902169814193E+008                  1.6583284717537634E+000                  3.9188210932878126E-001                  6.2230750372926380E-001                  8.1610398207633783E-001                  8.5000496627254152E-001                  8.0134803918179235E+009                  3.2562940346041420E+006                  6.6411981814551955E+003                  3.9189649058560455E-001                  0.0000000000000000E+000                  2.9943736668694251E+004                  8.3032109826213184E+002                  4.8490281856060312E-023                  4.8490281856060312E-023                  0.0000000000000000E+000                  0.0000000000000000E+000                  1.9399327238378229E-024                  0.0000000000000000E+000                  2.3591812055900965E+002                  6.9999999999999996E-001                  2.9797635251138618E-005                  2.7997020236474884E-001                  4.1193902129486445E-003                  1.2067031330276047E-003                  1.1203876416666529E-002                  2.5129237964844936E-003                  9.5710644087274629E-004                  0.0000000000000000E+000                  0.0000000000000000E+000                  0.0000000000000000E+000                  0.0000000000000000E+000                  0.0000000000000000E+000                  0.0000000000000000E+000                  0.0000000000000000E+000                  0.0000000000000000E+000                  0.0000000000000000E+000                  0.0000000000000000E+000                 -7.8373916256192651E+000                 -9.8999999999999986E+001                  0.0000000000000000E+000                  0.0000000000000000E+000                 -9.8999999999999986E+001                 -9.8999999999999986E+001                  1.5676357769082113E+001                 -9.9000000000000000E+001                 -9.9000000000000000E+001                 -9.9000000000000000E+001 
                 4.9581668836066711E-001                  1.1253740208122979E+001                  8.2871528453125975E+001                  8.1648986329457092E+009                 -3.4899388463483234E+000                  5.2808655985232029E+000                  5.3609769209762906E+013                  2.5127583004582238E+001                  3.4704335776349241E+008                  1.6584817225983639E+000                  3.9198373538804443E-001                  6.2228119321788600E-001                  8.1630482434384033E-001                  8.5000496627254152E-001                  8.1615474809701376E+009                  3.3511519755714745E+006                  6.4643937505363274E+003                  3.9199905067901147E-001                  0.0000000000000000E+000                  2.9866874182238273E+004                  8.1430196078294750E+002                  4.9037207087687893E-023                  4.9037207087687893E-023                  0.0000000000000000E+000                  0.0000000000000000E+000                  1.9618133652173758E-024                  0.0000000000000000E+000                  2.3761327203257369E+002                  6.9999999999999996E-001                  2.9797635251138618E-005                  2.7997020236474884E-001                  4.1193902129486445E-003                  1.2067031330276047E-003                  1.1203876416666529E-002                  2.5129237964844936E-003                  9.5710644087274629E-004                  0.0000000000000000E+000                  0.0000000000000000E+000                  0.0000000000000000E+000                  0.0000000000000000E+000                  0.0000000000000000E+000                  0.0000000000000000E+000                  0.0000000000000000E+000                  0.0000000000000000E+000                  0.0000000000000000E+000                  0.0000000000000000E+000                 -7.8368828625494071E+000                 -9.8999999999999986E+001                  0.0000000000000000E+000                  0.0000000000000000E+000                 -9.8999999999999986E+001                 -9.8999999999999986E+001                  1.5678315661176855E+001                 -9.9000000000000000E+001                 -9.9000000000000000E+001                 -9.9000000000000000E+001 
                 4.9044623228068568E-001                  1.1191878192782314E+001                  8.2210796115884222E+001                  8.3158077014480495E+009                 -3.4851435732385161E+000                  5.2839841951185562E+000                  5.3889286217442266E+013                  2.5126821869499125E+001                  3.4691152803987813E+008                  1.6586299355049225E+000                  3.9208198878710732E-001                  6.2225388374949475E-001                  8.1652259355717116E-001                  8.5000496627254152E-001                  8.3123588974760427E+009                  3.4488039720070525E+006                  6.2919997412157181E+003                  3.9209819259194706E-001                  0.0000000000000000E+000                  2.9789736313696834E+004                  7.9854547005986956E+002                  4.9590302620291669E-023                  4.9590302620291664E-023                  0.0000000000000000E+000                  0.0000000000000000E+000                  1.9839408597576841E-024                  0.0000000000000000E+000                  2.3931785539990398E+002                  6.9999999999999996E-001                  2.9797635251138618E-005                  2.7997020236474884E-001                  4.1193902129486445E-003                  1.2067031330276047E-003                  1.1203876416666529E-002                  2.5129237964844936E-003                  9.5710644087274629E-004                  0.0000000000000000E+000                  0.0000000000000000E+000                  0.0000000000000000E+000                  0.0000000000000000E+000                  0.0000000000000000E+000                  0.0000000000000000E+000                  0.0000000000000000E+000                  0.0000000000000000E+000                  0.0000000000000000E+000                  0.0000000000000000E+000                 -7.8363409477435129E+000                 -9.8999999999999986E+001                  0.0000000000000000E+000                  0.0000000000000000E+000                 -9.8999999999999986E+001                 -9.8999999999999986E+001                  1.5680291757899958E+001                 -9.9000000000000000E+001                 -9.9000000000000000E+001                 -9.9000000000000000E+001 
                 4.8503711902302765E-001                  1.1129567557606105E+001                  8.1540533687563155E+001                  8.4695149055226183E+009                 -3.4803486718206993E+000                  5.2871037334616791E+000                  5.4170818480663602E+013                  2.5125763842457136E+001                  3.4678338369874728E+008                  1.6587733172305663E+000                  3.9217713330952719E-001                  6.2222614352067085E-001                  8.1675447887440444E-001                  8.5000496627254152E-001                  8.4659655732055445E+009                  3.5493323170741815E+006                  6.1239019171388481E+003                  3.9219410058245596E-001                  0.0000000000000000E+000                  2.9712320764450415E+004                  7.8304602106009202E+002                  5.0149638321272890E-023                  5.0149638321272890E-023                  0.0000000000000000E+000                  0.0000000000000000E+000                  2.0063180026236643E-024                  0.0000000000000000E+000                  2.4103372911498025E+002                  6.9999999999999996E-001                  2.9797635251138618E-005                  2.7997020236474884E-001                  4.1193902129486445E-003                  1.2067031330276047E-003                  1.1203876416666529E-002                  2.5129237964844936E-003                  9.5710644087274629E-004                  0.0000000000000000E+000                  0.0000000000000000E+000                  0.0000000000000000E+000                  0.0000000000000000E+000                  0.0000000000000000E+000                  0.0000000000000000E+000                  0.0000000000000000E+000                  0.0000000000000000E+000                  0.0000000000000000E+000                  0.0000000000000000E+000                 -7.8357725386709518E+000                 -9.8999999999999986E+001                  0.0000000000000000E+000                  0.0000000000000000E+000                 -9.8999999999999986E+001                 -9.8999999999999986E+001                  1.5682286774726879E+001                 -9.9000000000000000E+001                 -9.9000000000000000E+001                 -9.9000000000000000E+001 
                 4.7958952865147486E-001                  1.1066801277452809E+001                  8.0860663556047868E+001                  8.6260722063261795E+009                 -3.4755541098036802E+000                  5.2902241883512291E+000                  5.4454392334678156E+013                  2.5124566459283844E+001                  3.4665877853637064E+008                  1.6589120449098991E+000                  3.9226944624823368E-001                  6.2219864141960757E-001                  8.1699364700929777E-001                  8.5000496627254152E-001                  8.6224193845519371E+009                  3.6528217742430270E+006                  5.9599822638781361E+003                  3.9228704509847512E-001                  0.0000000000000000E+000                  2.9634624883202781E+004                  7.6779727073567096E+002                  5.0715288661424589E-023                  5.0715288661424589E-023                  0.0000000000000000E+000                  0.0000000000000000E+000                  2.0289477731466030E-024                  0.0000000000000000E+000                  2.4276302352986730E+002                  6.9999999999999996E-001                  2.9797635251138618E-005                  2.7997020236474884E-001                  4.1193902129486445E-003                  1.2067031330276047E-003                  1.1203876416666529E-002                  2.5129237964844936E-003                  9.5710644087274629E-004                  0.0000000000000000E+000                  0.0000000000000000E+000                  0.0000000000000000E+000                  0.0000000000000000E+000                  0.0000000000000000E+000                  0.0000000000000000E+000                  0.0000000000000000E+000                  0.0000000000000000E+000                  0.0000000000000000E+000                  0.0000000000000000E+000                 -7.8351900455634720E+000                 -9.8999999999999986E+001                  0.0000000000000000E+000                  0.0000000000000000E+000                 -9.8999999999999986E+001                 -9.8999999999999986E+001                  1.5684301430914026E+001                 -9.9000000000000000E+001                 -9.9000000000000000E+001                 -9.9000000000000000E+001 
                 4.7410365817206346E-001                  1.1003572117988742E+001                  8.0171103992743127E+001                  8.7855325306136532E+009                 -3.4707598352091464E+000                  5.2933455367770161E+000                  5.4740035811355180E+013                  2.5123395213192264E+001                  3.4653755710487598E+008                  1.6590462927765952E+000                  3.9235919851929468E-001                  6.2217206046728413E-001                  8.1722962104892005E-001                  8.5000496627254152E-001                  8.7817731709556732E+009                  3.7593596579805124E+006                  5.8001189981052585E+003                  3.9237730019739275E-001                  0.0000000000000000E+000                  2.9556644412842572E+004                  7.5279214946972263E+002                  5.1287331453674240E-023                  5.1287331453674246E-023                  0.0000000000000000E+000                  0.0000000000000000E+000                  2.0518332843654983E-024                  0.0000000000000000E+000                  2.4450733686697339E+002                  6.9999999999999996E-001                  2.9797635251138618E-005                  2.7997020236474884E-001                  4.1193902129486445E-003                  1.2067031330276047E-003                  1.1203876416666529E-002                  2.5129237964844936E-003                  9.5710644087274629E-004                  0.0000000000000000E+000                  0.0000000000000000E+000                  0.0000000000000000E+000                  0.0000000000000000E+000                  0.0000000000000000E+000                  0.0000000000000000E+000                  0.0000000000000000E+000                  0.0000000000000000E+000                  0.0000000000000000E+000                  0.0000000000000000E+000                 -7.8346102509957705E+000                 -9.8999999999999986E+001                  0.0000000000000000E+000                  0.0000000000000000E+000                 -9.8999999999999986E+001                 -9.8999999999999986E+001                  1.5686336412379916E+001                 -9.9000000000000000E+001                 -9.9000000000000000E+001                 -9.9000000000000000E+001 
                 4.6857972209367810E-001                  1.0939872629110239E+001                  7.9471770644889602E+001                  8.9479497894934425E+009                 -3.4659657829646373E+000                  5.2964677578719259E+000                  5.5027777848958781E+013                  2.5122423032481436E+001                  3.4641955315845019E+008                  1.6591762387093645E+000                  3.9244665179948723E-001                  6.2214709128094947E-001                  8.1744808678980296E-001                  8.5000496627254152E-001                  8.9440807535794678E+009                  3.8690359139742311E+006                  5.6441870322495779E+003                  3.9246513214527146E-001                  0.0000000000000000E+000                  2.9478370586264820E+004                  7.3802288717357010E+002                  5.1865847201471552E-023                  5.1865847201471552E-023                  0.0000000000000000E+000                  0.0000000000000000E+000                  2.0749777569582508E-024                  0.0000000000000000E+000                  2.4626695968837672E+002                  6.9999999999999996E-001                  2.9797635251138618E-005                  2.7997020236474884E-001                  4.1193902129486445E-003                  1.2067031330276047E-003                  1.1203876416666529E-002                  2.5129237964844936E-003                  9.5710644087274629E-004                  0.0000000000000000E+000                  0.0000000000000000E+000                  0.0000000000000000E+000                  0.0000000000000000E+000                  0.0000000000000000E+000                  0.0000000000000000E+000                  0.0000000000000000E+000                  0.0000000000000000E+000                  0.0000000000000000E+000                  0.0000000000000000E+000                 -7.8340542144068319E+000                 -9.8999999999999986E+001                  0.0000000000000000E+000                  0.0000000000000000E+000                 -9.8999999999999986E+001                 -9.8999999999999986E+001                  1.5688392295611715E+001                 -9.9000000000000000E+001                 -9.9000000000000000E+001                 -9.9000000000000000E+001 
                 4.6301795301178622E-001                  1.0875695137030927E+001                  7.8762580322389738E+001                  9.1133788973065929E+009                 -3.4611718812627394E+000                  5.2995908328386561E+000                  5.5317647512452508E+013                  2.5121829265644976E+001                  3.4630458877140439E+008                  1.6593020690375402E+000                  3.9253205584659584E-001                  6.2212442619384967E-001                  8.1763097916295657E-001                  8.5000496627254152E-001                  9.1093969541055183E+009                  3.9819432010748512E+006                  5.4920586529183320E+003                  3.9255079661235248E-001                  0.0000000000000000E+000                  2.9399790044490514E+004                  7.2348104538090433E+002                  5.2450918426149381E-023                  5.2450918426149387E-023                  0.0000000000000000E+000                  0.0000000000000000E+000                  2.0983844923316340E-024                  0.0000000000000000E+000                  2.4804201185269093E+002                  6.9999999999999996E-001                  2.9797635251138618E-005                  2.7997020236474884E-001                  4.1193902129486445E-003                  1.2067031330276047E-003                  1.1203876416666529E-002                  2.5129237964844936E-003                  9.5710644087274629E-004                  0.0000000000000000E+000                  0.0000000000000000E+000                  0.0000000000000000E+000                  0.0000000000000000E+000                  0.0000000000000000E+000                  0.0000000000000000E+000                  0.0000000000000000E+000                  0.0000000000000000E+000                  0.0000000000000000E+000                  0.0000000000000000E+000                 -7.8335469098321422E+000                 -9.8999999999999986E+001                  0.0000000000000000E+000                  0.0000000000000000E+000                 -9.8999999999999986E+001                 -9.8999999999999986E+001                  1.5690469565514810E+001                 -9.9000000000000000E+001                 -9.9000000000000000E+001                 -9.9000000000000000E+001 
                 4.5741860222253444E-001                  1.0811031735059544E+001                  7.8043451625442046E+001                  9.2818757904283257E+009                 -3.4563780611222215E+000                  5.3027147447109124E+000                  5.5609671717139273E+013                  2.5121762628493702E+001                  3.4619248584558582E+008                  1.6594239820540686E+000                  3.9261561192696570E-001                  6.2210460229603592E-001                  8.1776123320504479E-001                  8.5000496627254152E-001                  9.2777776134587669E+009                  4.0981769695589240E+006                  5.3436104359076489E+003                  3.9263451907085306E-001                  0.0000000000000000E+000                  2.9320887553250694E+004                  7.0915929052775300E+002                  5.6999014588619779E-023                  5.6999014588619767E-023                  0.0000000000000000E+000                  0.0000000000000000E+000                  2.2803384998871627E-024                  0.0000000000000000E+000                  2.4983254232551838E+002                  6.9999999999999996E-001                  2.9797635251138618E-005                  2.7997020236474884E-001                  4.1193902129486445E-003                  1.2067031330276047E-003                  1.1203876416666529E-002                  2.5129237964844936E-003                  9.5710644087274629E-004                  0.0000000000000000E+000                  0.0000000000000000E+000                  0.0000000000000000E+000                  0.0000000000000000E+000                  0.0000000000000000E+000                  0.0000000000000000E+000                  0.0000000000000000E+000                  0.0000000000000000E+000                  0.0000000000000000E+000                  0.0000000000000000E+000                 -7.8331110046196546E+000                 -9.8999999999999986E+001                  0.0000000000000000E+000                  0.0000000000000000E+000                 -9.8999999999999986E+001                 -9.8999999999999986E+001                  1.5692568701845548E+001                 -9.9000000000000000E+001                 -9.9000000000000000E+001                 -9.9000000000000000E+001 
                 4.5178194037766856E-001                  1.0745874272606484E+001                  7.7314305307302689E+001                  9.4534974461789379E+009                 -3.4515842813276931E+000                  5.3058394773307507E+000                  5.5903866426006125E+013                  2.5122163437692588E+001                  3.4608312835902250E+008                  1.6595421891441846E+000                  3.9269731299673072E-001                  6.2208723444714797E-001                  8.1784515695423221E-001                  8.5000496627254152E-001                  9.4492796106684494E+009                  4.2178355104888426E+006                  5.1987619128990491E+003                  3.9271639694759797E-001                  0.0000000000000000E+000                  2.9241646992132584E+004                  6.9506010158775337E+002                  6.5852810917870618E-023                  6.5852810917870606E-023                  0.0000000000000000E+000                  0.0000000000000000E+000                  2.6345490621022276E-024                  0.0000000000000000E+000                  2.5163795231183110E+002                  6.9999999999999996E-001                  2.9797635251138618E-005                  2.7997020236474884E-001                  4.1193902129486445E-003                  1.2067031330276047E-003                  1.1203876416666529E-002                  2.5129237964844936E-003                  9.5710644087274629E-004                  0.0000000000000000E+000                  0.0000000000000000E+000                  0.0000000000000000E+000                  0.0000000000000000E+000                  0.0000000000000000E+000                  0.0000000000000000E+000                  0.0000000000000000E+000                  0.0000000000000000E+000                  0.0000000000000000E+000                  0.0000000000000000E+000                 -7.8327388324784337E+000                 -9.8999999999999986E+001                  0.0000000000000000E+000                  0.0000000000000000E+000                 -9.8999999999999986E+001                 -9.8999999999999986E+001                  1.5694690206875393E+001                 -9.9000000000000000E+001                 -9.9000000000000000E+001                 -9.9000000000000000E+001 
                 4.4610825816313571E-001                  1.0680214339748575E+001                  7.6575066346320540E+001                  9.6283019024086552E+009                 -3.4467905213541163E+000                  5.3089650142987992E+000                  5.6200240340581898E+013                  2.5122896494095446E+001                  3.4597642760066307E+008                  1.6596569053387660E+000                  3.9277709651899306E-001                  6.2207155849158002E-001                  8.1789645332642547E-001                  8.5000496627254152E-001                  9.6239608824084911E+009                  4.3410200001638522E+006                  5.0574832068450114E+003                  3.9279639540365591E-001                  0.0000000000000000E+000                  2.9162051807439308E+004                  6.8118945975314170E+002                  7.6059346993719416E-023                  7.6059346993719416E-023                  0.0000000000000000E+000                  0.0000000000000000E+000                  3.0428781851822585E-024                  0.0000000000000000E+000                  2.5345746763859788E+002                  6.9999999999999996E-001                  2.9797635251138618E-005                  2.7997020236474884E-001                  4.1193902129486445E-003                  1.2067031330276047E-003                  1.1203876416666529E-002                  2.5129237964844936E-003                  9.5710644087274629E-004                  0.0000000000000000E+000                  0.0000000000000000E+000                  0.0000000000000000E+000                  0.0000000000000000E+000                  0.0000000000000000E+000                  0.0000000000000000E+000                  0.0000000000000000E+000                  0.0000000000000000E+000                  0.0000000000000000E+000                  0.0000000000000000E+000                 -7.8324141487047223E+000                 -9.8999999999999986E+001                  0.0000000000000000E+000                  0.0000000000000000E+000                 -9.8999999999999986E+001                 -9.8999999999999986E+001                  1.5696834618646621E+001                 -9.9000000000000000E+001                 -9.9000000000000000E+001                 -9.9000000000000000E+001 
                 4.4039786699985989E-001                  1.0614043251954836E+001                  7.5825664690565958E+001                  9.8063482777719822E+009                 -3.4419967721804445E+000                  5.3120913388648354E+000                  5.6498797701634422E+013                  2.5123829904892133E+001                  3.4587229827393448E+008                  1.6597683430412342E+000                  3.9285492607892136E-001                  6.2205676056384329E-001                  8.1792635634915245E-001                  8.5000496627254152E-001                  9.8018804431933250E+009                  4.4678345786572658E+006                  4.9197565533977859E+003                  3.9287446484071997E-001                  0.0000000000000000E+000                  2.9082085305229499E+004                  6.6755310737087507E+002                  8.7821753891820327E-023                  8.7821753891820327E-023                  0.0000000000000000E+000                  0.0000000000000000E+000                  3.5134524594361224E-024                  0.0000000000000000E+000                  2.5529053774631365E+002                  6.9999999999999996E-001                  2.9797635251138618E-005                  2.7997020236474884E-001                  4.1193902129486445E-003                  1.2067031330276047E-003                  1.1203876416666529E-002                  2.5129237964844936E-003                  9.5710644087274629E-004                  0.0000000000000000E+000                  0.0000000000000000E+000                  0.0000000000000000E+000                  0.0000000000000000E+000                  0.0000000000000000E+000                  0.0000000000000000E+000                  0.0000000000000000E+000                  0.0000000000000000E+000                  0.0000000000000000E+000                  0.0000000000000000E+000                 -7.8321250078856730E+000                 -9.8999999999999986E+001                  0.0000000000000000E+000                  0.0000000000000000E+000                 -9.8999999999999986E+001                 -9.8999999999999986E+001                  1.5699002522325232E+001                 -9.9000000000000000E+001                 -9.9000000000000000E+001                 -9.9000000000000000E+001 
                 4.3465109976912214E-001                  1.0547352035313176E+001                  7.5066034838915115E+001                  9.9876967925523129E+009                 -3.4372030336269721E+000                  5.3152184341509452E+000                  5.6799538457899109E+013                  2.5124836626268824E+001                  3.4577065800036323E+008                  1.6598767091696249E+000                  3.9293079293004851E-001                  6.2204198089690999E-001                  8.1794317333152222E-001                  8.5000496627254152E-001                  9.9830984061083641E+009                  4.5983864439483387E+006                  4.7855622547338726E+003                  3.9295058253503051E-001                  0.0000000000000000E+000                  2.9001730858145394E+004                  6.5415655678399810E+002                  1.0137311319724721E-022                  1.0137311319724721E-022                  0.0000000000000000E+000                  0.0000000000000000E+000                  4.0555966942263980E-024                  0.0000000000000000E+000                  2.5713705702688947E+002                  6.9999999999999996E-001                  2.9797635251138618E-005                  2.7997020236474884E-001                  4.1193902129486445E-003                  1.2067031330276047E-003                  1.1203876416666529E-002                  2.5129237964844936E-003                  9.5710644087274629E-004                  0.0000000000000000E+000                  0.0000000000000000E+000                  0.0000000000000000E+000                  0.0000000000000000E+000                  0.0000000000000000E+000                  0.0000000000000000E+000                  0.0000000000000000E+000                  0.0000000000000000E+000                  0.0000000000000000E+000                  0.0000000000000000E+000                 -7.8318642626324042E+000                 -9.8999999999999986E+001                  0.0000000000000000E+000                  0.0000000000000000E+000                 -9.8999999999999986E+001                 -9.8999999999999986E+001                  1.5701194562939856E+001                 -9.9000000000000000E+001                 -9.9000000000000000E+001                 -9.9000000000000000E+001 
                 4.2886831156932903E-001                  1.0480131411324905E+001                  7.4296114746378578E+001                  1.0172408789486788E+010                 -3.4324093116998164E+000                  5.3183462833747983E+000                  5.7102458792736984E+013                  2.5125796008234659E+001                  3.4567142646560228E+008                  1.6599822039899188E+000                  3.9300471622716088E-001                  6.2202631753377391E-001                  8.1795180159680458E-001                  8.5000496627254152E-001                  1.0167676003536772E+010                  4.7327859500161232E+006                  4.6548787396063599E+003                  3.9302475358929434E-001                  0.0000000000000000E+000                  2.8920971848014196E+004                  6.4100510404882471E+002                  1.1698078998016981E-022                  1.1698078998016981E-022                  0.0000000000000000E+000                  0.0000000000000000E+000                  4.6800072657436598E-024                  0.0000000000000000E+000                  2.5899708604537346E+002                  6.9999999999999996E-001                  2.9797635251138618E-005                  2.7997020236474884E-001                  4.1193902129486445E-003                  1.2067031330276047E-003                  1.1203876416666529E-002                  2.5129237964844936E-003                  9.5710644087274629E-004                  0.0000000000000000E+000                  0.0000000000000000E+000                  0.0000000000000000E+000                  0.0000000000000000E+000                  0.0000000000000000E+000                  0.0000000000000000E+000                  0.0000000000000000E+000                  0.0000000000000000E+000                  0.0000000000000000E+000                  0.0000000000000000E+000                 -7.8316299698860039E+000                 -9.8999999999999986E+001                  0.0000000000000000E+000                  0.0000000000000000E+000                 -9.8999999999999986E+001                 -9.8999999999999986E+001                  1.5703411442505285E+001                 -9.9000000000000000E+001                 -9.9000000000000000E+001                 -9.9000000000000000E+001 
                 4.2304988053522219E-001                  1.0412371781571803E+001                  7.3515845540745588E+001                  1.0360546754059891E+010                 -3.4276156153825506E+000                  5.3214748700632990E+000                  5.7407552270615641E+013                  2.5126597720048196E+001                  3.4557452437456471E+008                  1.6600850191925818E+000                  3.9307674399527270E-001                  6.2200885603845801E-001                  8.1795323204344572E-001                  8.5000496627254152E-001                  1.0355675607351204E+010                  4.8711467086868389E+006                  4.5276826943165788E+003                  3.9309701140754877E-001                  0.0000000000000000E+000                  2.8839791224293345E+004                  6.2810384243284273E+002                  1.3495138082751806E-022                  1.3495138082751806E-022                  0.0000000000000000E+000                  0.0000000000000000E+000                  5.3989500711015862E-024                  0.0000000000000000E+000                  2.6087068139005743E+002                  6.9999999999999996E-001                  2.9797635251138618E-005                  2.7997020236474884E-001                  4.1193902129486445E-003                  1.2067031330276047E-003                  1.1203876416666529E-002                  2.5129237964844936E-003                  9.5710644087274629E-004                  0.0000000000000000E+000                  0.0000000000000000E+000                  0.0000000000000000E+000                  0.0000000000000000E+000                  0.0000000000000000E+000                  0.0000000000000000E+000                  0.0000000000000000E+000                  0.0000000000000000E+000                  0.0000000000000000E+000                  0.0000000000000000E+000                 -7.8314254961597296E+000                 -9.8999999999999986E+001                  0.0000000000000000E+000                  0.0000000000000000E+000                 -9.8999999999999986E+001                 -9.8999999999999986E+001                  1.5705653900403105E+001                 -9.9000000000000000E+001                 -9.9000000000000000E+001                 -9.9000000000000000E+001 
                 4.1719620872170199E-001                  1.0344063212315792E+001                  7.2725171753816653E+001                  1.0552174334502470E+010                 -3.4228219388026102E+000                  5.3246041784292526E+000                  5.7714818657454641E+013                  2.5127198391032888E+001                  3.4547987821780264E+008                  1.6601852790955174E+000                  3.9314699626348693E-001                  6.2198933182363436E-001                  8.1794624322853693E-001                  8.5000496627254152E-001                  1.0547160748799110E+010                  5.0135857033603853E+006                  4.4039492618291206E+003                  3.9316743978866903E-001                  0.0000000000000000E+000                  2.8758171104668974E+004                  6.1545768821896093E+002                  1.5563636936263828E-022                  1.5563636936263828E-022                  0.0000000000000000E+000                  0.0000000000000000E+000                  6.2264867866465304E-024                  0.0000000000000000E+000                  2.6275826063335899E+002                  6.9999999999999996E-001                  2.9797635251138618E-005                  2.7997020236474884E-001                  4.1193902129486445E-003                  1.2067031330276047E-003                  1.1203876416666529E-002                  2.5129237964844936E-003                  9.5710644087274629E-004                  0.0000000000000000E+000                  0.0000000000000000E+000                  0.0000000000000000E+000                  0.0000000000000000E+000                  0.0000000000000000E+000                  0.0000000000000000E+000                  0.0000000000000000E+000                  0.0000000000000000E+000                  0.0000000000000000E+000                  0.0000000000000000E+000                 -7.8312519022887503E+000                 -9.8999999999999986E+001                  0.0000000000000000E+000                  0.0000000000000000E+000                 -9.8999999999999986E+001                 -9.8999999999999986E+001                  1.5707922701451182E+001                 -9.9000000000000000E+001                 -9.9000000000000000E+001                 -9.9000000000000000E+001 
                 4.1130772303257496E-001                  1.0275195421082335E+001                  7.1924040452421849E+001                  1.0747356361728123E+010                 -3.4180282541904830E+000                  5.3277341938479061E+000                  5.8024271883203180E+013                  2.5127616730315278E+001                  3.4538742386710656E+008                  1.6602830464500493E+000                  3.9321564765035033E-001                  6.2196822019832676E-001                  8.1793374233723815E-001                  8.5000496627254152E-001                  1.0742196138314716E+010                  5.1602234134063656E+006                  4.2836485263698460E+003                  3.9323618596023807E-001                  0.0000000000000000E+000                  2.8676092709486878E+004                  6.0307035657456140E+002                  1.7943858278649428E-022                  1.7943858278649428E-022                  0.0000000000000000E+000                  0.0000000000000000E+000                  7.1787331724444311E-024                  0.0000000000000000E+000                  2.6466064222585038E+002                  6.9999999999999996E-001                  2.9797635251138618E-005                  2.7997020236474884E-001                  4.1193902129486445E-003                  1.2067031330276047E-003                  1.1203876416666529E-002                  2.5129237964844936E-003                  9.5710644087274629E-004                  0.0000000000000000E+000                  0.0000000000000000E+000                  0.0000000000000000E+000                  0.0000000000000000E+000                  0.0000000000000000E+000                  0.0000000000000000E+000                  0.0000000000000000E+000                  0.0000000000000000E+000                  0.0000000000000000E+000                  0.0000000000000000E+000                 -7.8310984731618269E+000                 -9.8999999999999986E+001                  0.0000000000000000E+000                  0.0000000000000000E+000                 -9.8999999999999986E+001                 -9.8999999999999986E+001                  1.5710218633287305E+001                 -9.9000000000000000E+001                 -9.9000000000000000E+001                 -9.9000000000000000E+001 
                 4.0538487618805291E-001                  1.0205757763505833E+001                  7.1112400226669166E+001                  1.0946158869277075E+010                 -3.4132345270453159E+000                  5.3308649030083624E+000                  5.8335936264445938E+013                  2.5127868854474769E+001                  3.4529710173812318E+008                  1.6603783950799482E+000                  3.9328286351909436E-001                  6.2194605897538735E-001                  8.1792440627948149E-001                  8.5000496627254152E-001                  1.0940847685347261E+010                  5.3111839298128318E+006                  4.1667250350267213E+003                  3.9330341981581995E-001                  0.0000000000000000E+000                  2.8593536349313548E+004                  5.9093947390030860E+002                  2.0681955000101367E-022                  2.0681955000101369E-022                  0.0000000000000000E+000                  0.0000000000000000E+000                  8.2741534460364774E-024                  0.0000000000000000E+000                  2.6657863822852778E+002                  6.9999999999999996E-001                  2.9797635251138618E-005                  2.7997020236474884E-001                  4.1193902129486445E-003                  1.2067031330276047E-003                  1.1203876416666529E-002                  2.5129237964844936E-003                  9.5710644087274629E-004                  0.0000000000000000E+000                  0.0000000000000000E+000                  0.0000000000000000E+000                  0.0000000000000000E+000                  0.0000000000000000E+000                  0.0000000000000000E+000                  0.0000000000000000E+000                  0.0000000000000000E+000                  0.0000000000000000E+000                  0.0000000000000000E+000                 -7.8309457378248979E+000                 -9.8999999999999986E+001                  0.0000000000000000E+000                  0.0000000000000000E+000                 -9.8999999999999986E+001                 -9.8999999999999986E+001                  1.5712542506694318E+001                 -9.9000000000000000E+001                 -9.9000000000000000E+001                 -9.9000000000000000E+001 
                 3.9942814772846441E-001                  1.0135739216781888E+001                  7.0290201411725903E+001                  1.1148649113567398E+010                 -3.4084407202751579E+000                  5.3339962937858285E+000                  5.8649845094833578E+013                  2.5127966568951127E+001                  3.4520885516666979E+008                  1.6604714141666557E+000                  3.9334879407526535E-001                  6.2192341108998983E-001                  8.1793185667227708E-001                  8.5000496627254152E-001                  1.1143182518505737E+010                  5.4665950616606651E+006                  4.0530963243992187E+003                  3.9336929906878215E-001                  0.0000000000000000E+000                  2.8510481347832436E+004                  5.7906079246606203E+002                  2.3830789477760729E-022                  2.3830789477760729E-022                  0.0000000000000000E+000                  0.0000000000000000E+000                  9.5338960648705520E-024                  0.0000000000000000E+000                  2.6851279734843087E+002                  6.9999999999999996E-001                  2.9797635251138618E-005                  2.7997020236474884E-001                  4.1193902129486445E-003                  1.2067031330276047E-003                  1.1203876416666529E-002                  2.5129237964844936E-003                  9.5710644087274629E-004                  0.0000000000000000E+000                  0.0000000000000000E+000                  0.0000000000000000E+000                  0.0000000000000000E+000                  0.0000000000000000E+000                  0.0000000000000000E+000                  0.0000000000000000E+000                  0.0000000000000000E+000                  0.0000000000000000E+000                  0.0000000000000000E+000                 -7.8307673354899183E+000                 -9.8999999999999986E+001                  0.0000000000000000E+000                  0.0000000000000000E+000                 -9.8999999999999986E+001                 -9.8999999999999986E+001                  1.5714895152657133E+001                 -9.9000000000000000E+001                 -9.9000000000000000E+001                 -9.9000000000000000E+001 
                 3.9343804505153041E-001                  1.0065128361243247E+001                  6.9457397120838067E+001                  1.1354895594875364E+010                 -3.4036467982027818E+000                  5.3371283550880930E+000                  5.8966038696712992E+013                  2.5127919290242087E+001                  3.4512262884840703E+008                  1.6605622071891688E+000                  3.9341357129702237E-001                  6.2190086363444619E-001                  8.1797360621129278E-001                  8.5000496627254152E-001                  1.1349269006431427E+010                  5.6265884439377161E+006                  3.9426761135980564E+003                  3.9343396473421616E-001                  0.0000000000000000E+000                  2.8426905929306351E+004                  5.6743040419639840E+002                  2.7450890466962736E-022                  2.7450890466962736E-022                  0.0000000000000000E+000                  0.0000000000000000E+000                  1.0982176546292974E-023                  0.0000000000000000E+000                  2.7046338471722356E+002                  6.9999999999999996E-001                  2.9797635251138618E-005                  2.7997020236474884E-001                  4.1193902129486445E-003                  1.2067031330276047E-003                  1.1203876416666529E-002                  2.5129237964844936E-003                  9.5710644087274629E-004                  0.0000000000000000E+000                  0.0000000000000000E+000                  0.0000000000000000E+000                  0.0000000000000000E+000                  0.0000000000000000E+000                  0.0000000000000000E+000                  0.0000000000000000E+000                  0.0000000000000000E+000                  0.0000000000000000E+000                  0.0000000000000000E+000                 -7.8305320653491766E+000                 -9.8999999999999986E+001                  0.0000000000000000E+000                  0.0000000000000000E+000                 -9.8999999999999986E+001                 -9.8999999999999986E+001                  1.5717277420777950E+001                 -9.9000000000000000E+001                 -9.9000000000000000E+001                 -9.9000000000000000E+001 
                 3.8741510446814975E-001                  9.9939133597371459E+000                  6.8613944375930586E+001                  1.1564968079735706E+010                 -3.3988527311749319E+000                  5.3402610766950191E+000                  5.9284561627852000E+013                  2.5127736317045933E+001                  3.4503836708603019E+008                  1.6606508890696634E+000                  3.9347730574922968E-001                  6.2187902755946711E-001                  8.1806980340800095E-001                  8.5000496627254152E-001                  1.1559176780088259E+010                  5.7912996474466771E+006                  3.8353818845379096E+003                  3.9349753802361520E-001                  0.0000000000000000E+000                  2.8342787360848448E+004                  5.5604467317148897E+002                  3.1611543632899221E-022                  3.1611543632899221E-022                  0.0000000000000000E+000                  0.0000000000000000E+000                  1.2646713752576001E-023                  0.0000000000000000E+000                  2.7243069439727765E+002                  6.9999999999999996E-001                  2.9797635251138618E-005                  2.7997020236474884E-001                  4.1193902129486445E-003                  1.2067031330276047E-003                  1.1203876416666529E-002                  2.5129237964844936E-003                  9.5710644087274629E-004                  0.0000000000000000E+000                  0.0000000000000000E+000                  0.0000000000000000E+000                  0.0000000000000000E+000                  0.0000000000000000E+000                  0.0000000000000000E+000                  0.0000000000000000E+000                  0.0000000000000000E+000                  0.0000000000000000E+000                  0.0000000000000000E+000                 -7.8302063505769706E+000                 -9.8999999999999986E+001                  0.0000000000000000E+000                  0.0000000000000000E+000                 -9.8999999999999986E+001                 -9.8999999999999986E+001                  1.5719690197004095E+001                 -9.9000000000000000E+001                 -9.9000000000000000E+001                 -9.9000000000000000E+001 
                 3.8135989226254252E-001                  9.9220819343498494E+000                  6.7759804291959227E+001                  1.1778937624785168E+010                 -3.3940585226250084E+000                  5.3433944489566008E+000                  5.9605455271659648E+013                  2.5127433126201414E+001                  3.4495599638077450E+008                  1.6607376006030676E+000                  3.9354005066910663E-001                  6.2185839566241519E-001                  8.1823183161142565E-001                  8.5000496627254152E-001                  1.1772976756501823E+010                  5.9608682833437612E+006                  3.7311342632652222E+003                  3.9356010081516052E-001                  0.0000000000000000E+000                  2.8258102264831032E+004                  5.4490014940466506E+002                  3.6392031720371566E-022                  3.6392031720371566E-022                  0.0000000000000000E+000                  0.0000000000000000E+000                  1.4559226041112471E-023                  0.0000000000000000E+000                  2.7441451513643852E+002                  6.9999999999999996E-001                  2.9797635251138618E-005                  2.7997020236474884E-001                  4.1193902129486445E-003                  1.2067031330276047E-003                  1.1203876416666529E-002                  2.5129237964844936E-003                  9.5710644087274629E-004                  0.0000000000000000E+000                  0.0000000000000000E+000                  0.0000000000000000E+000                  0.0000000000000000E+000                  0.0000000000000000E+000                  0.0000000000000000E+000                  0.0000000000000000E+000                  0.0000000000000000E+000                  0.0000000000000000E+000                  0.0000000000000000E+000                 -7.8297728169276777E+000                 -9.8999999999999986E+001                  0.0000000000000000E+000                  0.0000000000000000E+000                 -9.8999999999999986E+001                 -9.8999999999999986E+001                  1.5722134424288829E+001                 -9.9000000000000000E+001                 -9.9000000000000000E+001                 -9.9000000000000000E+001 
                 3.7527300578411088E-001                  9.8496213368138701E+000                  6.6894943955835345E+001                  1.1996876601801371E+010                 -3.3892642483650932E+000                  5.3465284621049403E+000                  5.9928744134828727E+013                  2.5127038284453377E+001                  3.4487539323469937E+008                  1.6608225319037593E+000                  3.9360173828927281E-001                  6.2183903388866835E-001                  8.1843957130665579E-001                  8.5000496627254152E-001                  1.1990741163714493E+010                  6.1354380868775584E+006                  3.6298564516592614E+003                  3.9362164588975546E-001                  0.0000000000000000E+000                  2.8172826708795648E+004                  5.3399347948117281E+002                  4.1883043337301968E-022                  4.1883043337301972E-022                  0.0000000000000000E+000                  0.0000000000000000E+000                  1.6755994871304186E-023                  0.0000000000000000E+000                  2.7641322155187316E+002                  6.9999999999999996E-001                  2.9797635251138618E-005                  2.7997020236474884E-001                  4.1193902129486445E-003                  1.2067031330276047E-003                  1.1203876416666529E-002                  2.5129237964844936E-003                  9.5710644087274629E-004                  0.0000000000000000E+000                  0.0000000000000000E+000                  0.0000000000000000E+000                  0.0000000000000000E+000                  0.0000000000000000E+000                  0.0000000000000000E+000                  0.0000000000000000E+000                  0.0000000000000000E+000                  0.0000000000000000E+000                  0.0000000000000000E+000                 -7.8292655739338883E+000                 -9.8999999999999986E+001                  0.0000000000000000E+000                  0.0000000000000000E+000                 -9.8999999999999986E+001                 -9.8999999999999986E+001                  1.5724611110251985E+001                 -9.9000000000000000E+001                 -9.9000000000000000E+001                 -9.9000000000000000E+001 
                 3.6915507459196695E-001                  9.7765183102856081E+000                  6.6019341241547806E+001                  1.2218858724293625E+010                 -3.3844699816248549E+000                  5.3496631057491193E+000                  6.0254443071970484E+013                  2.5126576587743699E+001                  3.4479642964889479E+008                  1.6609058540723216E+000                  3.9366228622724858E-001                  6.2182092016052781E-001                  8.1866717129116240E-001                  8.5000496627254152E-001                  1.2212543567284842E+010                  6.3151570087829540E+006                  3.5314741426431337E+003                  3.9368209806871474E-001                  0.0000000000000000E+000                  2.8086936174946713E+004                  5.2332141243141814E+002                  4.8188286138111684E-022                  4.8188286138111684E-022                  0.0000000000000000E+000                  0.0000000000000000E+000                  1.9278510184963991E-023                  0.0000000000000000E+000                  2.7842550155600861E+002                  6.9999999999999996E-001                  2.9797635251138618E-005                  2.7997020236474884E-001                  4.1193902129486445E-003                  1.2067031330276047E-003                  1.1203876416666529E-002                  2.5129237964844936E-003                  9.5710644087274629E-004                  0.0000000000000000E+000                  0.0000000000000000E+000                  0.0000000000000000E+000                  0.0000000000000000E+000                  0.0000000000000000E+000                  0.0000000000000000E+000                  0.0000000000000000E+000                  0.0000000000000000E+000                  0.0000000000000000E+000                  0.0000000000000000E+000                 -7.8287278018203201E+000                 -9.8999999999999986E+001                  0.0000000000000000E+000                  0.0000000000000000E+000                 -9.8999999999999986E+001                 -9.8999999999999986E+001                  1.5727121331596855E+001                 -9.9000000000000000E+001                 -9.9000000000000000E+001                 -9.9000000000000000E+001 
                 3.6300676165834872E-001                  9.7027590614449775E+000                  6.5132984253750593E+001                  1.2444959074613958E+010                 -3.3796757718293198E+000                  5.3527983689461847E+000                  6.0582562564067516E+013                  2.5126061477089728E+001                  3.4471898814253366E+008                  1.6609877059054243E+000                  3.9372163649580511E-001                  6.2180401616888237E-001                  8.1889140696145624E-001                  8.5000496627254152E-001                  1.2438458897274481E+010                  6.5001773394771852E+006                  3.4359112194269055E+003                  3.9374138711609846E-001                  0.0000000000000000E+000                  2.8000405533293910E+004                  5.1287952771744074E+002                  5.5426321566196654E-022                  5.5426321566196654E-022                  0.0000000000000000E+000                  0.0000000000000000E+000                  2.2174204425062018E-023                  0.0000000000000000E+000                  2.8045089528371454E+002                  6.9999999999999996E-001                  2.9797635251138618E-005                  2.7997020236474884E-001                  4.1193902129486445E-003                  1.2067031330276047E-003                  1.1203876416666529E-002                  2.5129237964844936E-003                  9.5710644087274629E-004                  0.0000000000000000E+000                  0.0000000000000000E+000                  0.0000000000000000E+000                  0.0000000000000000E+000                  0.0000000000000000E+000                  0.0000000000000000E+000                  0.0000000000000000E+000                  0.0000000000000000E+000                  0.0000000000000000E+000                  0.0000000000000000E+000                 -7.8281980445969204E+000                 -9.8999999999999986E+001                  0.0000000000000000E+000                  0.0000000000000000E+000                 -9.8999999999999986E+001                 -9.8999999999999986E+001                  1.5729666238271669E+001                 -9.9000000000000000E+001                 -9.9000000000000000E+001                 -9.9000000000000000E+001 
                 3.5682876463595870E-001                  9.6283292343383593E+000                  6.4235869035836558E+001                  1.2675254131164770E+010                 -3.3748816400359947E+000                  5.3559342404713739E+000                  6.0913111425060609E+013                  2.5125491627499226E+001                  3.4464296574194956E+008                  1.6610681956027762E+000                  3.9377976868249576E-001                  6.2178825708246876E-001                  8.1909350761471666E-001                  8.5000496627254152E-001                  1.2668563475315300E+010                  6.6906558494710177E+006                  3.3430675884567140E+003                  3.9379947363995094E-001                  0.0000000000000000E+000                  2.7913208745448341E+004                  5.0265678179886277E+002                  6.3732652372490689E-022                  6.3732652372490689E-022                  0.0000000000000000E+000                  0.0000000000000000E+000                  2.5497287681684619E-023                  0.0000000000000000E+000                  2.8248967428899601E+002                  6.9999999999999996E-001                  2.9797635251138618E-005                  2.7997020236474884E-001                  4.1193902129486445E-003                  1.2067031330276047E-003                  1.1203876416666529E-002                  2.5129237964844936E-003                  9.5710644087274629E-004                  0.0000000000000000E+000                  0.0000000000000000E+000                  0.0000000000000000E+000                  0.0000000000000000E+000                  0.0000000000000000E+000                  0.0000000000000000E+000                  0.0000000000000000E+000                  0.0000000000000000E+000                  0.0000000000000000E+000                  0.0000000000000000E+000                 -7.8277071077838176E+000                 -9.8999999999999986E+001                  0.0000000000000000E+000                  0.0000000000000000E+000                 -9.8999999999999986E+001                 -9.8999999999999986E+001                  1.5732247046736843E+001                 -9.9000000000000000E+001                 -9.9000000000000000E+001                 -9.9000000000000000E+001 
                 3.5062181719641067E-001                  9.5532138831890077E+000                  6.3327997617074516E+001                  1.2909821795338726E+010                 -3.3700875759796247E+000                  5.3590707091694521E+000                  6.1246099233607898E+013                  2.5124848327728486E+001                  3.4456827703702009E+008                  1.6611474032688494E+000                  3.9383671011830990E-001                  6.2177354434708798E-001                  8.1926061285208940E-001                  8.5000496627254152E-001                  1.2902935041397552E+010                  6.8867539411726557E+006                  3.2528177718742586E+003                  3.9385636093752852E-001                  0.0000000000000000E+000                  2.7825317978813397E+004                  4.9264032328671340E+002                  7.3262098504413085E-022                  7.3262098504413085E-022                  0.0000000000000000E+000                  0.0000000000000000E+000                  2.9309698205287974E-023                  0.0000000000000000E+000                  2.8454231543941938E+002                  6.9999999999999996E-001                  2.9797635251138618E-005                  2.7997020236474884E-001                  4.1193902129486445E-003                  1.2067031330276047E-003                  1.1203876416666529E-002                  2.5129237964844936E-003                  9.5710644087274629E-004                  0.0000000000000000E+000                  0.0000000000000000E+000                  0.0000000000000000E+000                  0.0000000000000000E+000                  0.0000000000000000E+000                  0.0000000000000000E+000                  0.0000000000000000E+000                  0.0000000000000000E+000                  0.0000000000000000E+000                  0.0000000000000000E+000                 -7.8272756300319735E+000                 -9.8999999999999986E+001                  0.0000000000000000E+000                  0.0000000000000000E+000                 -9.8999999999999986E+001                 -9.8999999999999986E+001                  1.5734865008608489E+001                 -9.9000000000000000E+001                 -9.9000000000000000E+001                 -9.9000000000000000E+001 
                 3.4438669045173387E-001                  9.4773974438770381E+000                  6.2409377724824402E+001                  1.3148741417898170E+010                 -3.3652935370219228E+000                  5.3622077643985397E+000                  6.1581537811406000E+013                  2.5124100366589861E+001                  3.4449485629196274E+008                  1.6612253821688194E+000                  3.9389255246685262E-001                  6.2175973385647776E-001                  8.1938802489200990E-001                  8.5000496627254152E-001                  1.3141652780083908E+010                  7.0886378142630225E+006                  3.1650354553889038E+003                  3.9391210834568108E-001                  0.0000000000000000E+000                  2.7736702551118411E+004                  4.8281795736086400E+002                  8.4191500744268202E-022                  8.4191500744268192E-022                  0.0000000000000000E+000                  0.0000000000000000E+000                  3.3682184041487584E-023                  0.0000000000000000E+000                  2.8660947316761980E+002                  6.9999999999999996E-001                  2.9797635251138618E-005                  2.7997020236474884E-001                  4.1193902129486445E-003                  1.2067031330276047E-003                  1.1203876416666529E-002                  2.5129237964844936E-003                  9.5710644087274629E-004                  0.0000000000000000E+000                  0.0000000000000000E+000                  0.0000000000000000E+000                  0.0000000000000000E+000                  0.0000000000000000E+000                  0.0000000000000000E+000                  0.0000000000000000E+000                  0.0000000000000000E+000                  0.0000000000000000E+000                  0.0000000000000000E+000                 -7.8269104563713245E+000                 -9.8999999999999986E+001                  0.0000000000000000E+000                  0.0000000000000000E+000                 -9.8999999999999986E+001                 -9.8999999999999986E+001                  1.5737521381612732E+001                 -9.9000000000000000E+001                 -9.9000000000000000E+001                 -9.9000000000000000E+001 
                 3.3812419446167075E-001                  9.4008637035870617E+000                  6.1480022596096397E+001                  1.3392093824777061E+010                 -3.3604994652727980E+000                  5.3653453967987765E+000                  6.1919436369406672E+013                  2.5123271304012764E+001                  3.4442265078540707E+008                  1.6613021563455421E+000                  3.9394752063067040E-001                  6.2174658899246948E-001                  8.1948804044578138E-001                  8.5000496627254152E-001                  1.3384797346115067E+010                  7.2964786619953932E+006                  3.0796016577107334E+003                  3.9396687390233698E-001                  0.0000000000000000E+000                  2.7647328556419732E+004                  4.7317820117393956E+002                  9.6722793873939620E-022                  9.6722793873939620E-022                  0.0000000000000000E+000                  0.0000000000000000E+000                  3.8695532500894024E-023                  0.0000000000000000E+000                  2.8869181847838377E+002                  6.9999999999999996E-001                  2.9797635251138618E-005                  2.7997020236474884E-001                  4.1193902129486445E-003                  1.2067031330276047E-003                  1.1203876416666529E-002                  2.5129237964844936E-003                  9.5710644087274629E-004                  0.0000000000000000E+000                  0.0000000000000000E+000                  0.0000000000000000E+000                  0.0000000000000000E+000                  0.0000000000000000E+000                  0.0000000000000000E+000                  0.0000000000000000E+000                  0.0000000000000000E+000                  0.0000000000000000E+000                  0.0000000000000000E+000                 -7.8265907670176418E+000                 -9.8999999999999986E+001                  0.0000000000000000E+000                  0.0000000000000000E+000                 -9.8999999999999986E+001                 -9.8999999999999986E+001                  1.5740217428271791E+001                 -9.9000000000000000E+001                 -9.9000000000000000E+001                 -9.9000000000000000E+001 
                 3.3183517982471361E-001                  9.3235957650982382E+000                  6.0539951326487540E+001                  1.3639961342610628E+010                 -3.3557053298221202E+000                  5.3684835988961277E+000                  6.2259804026507742E+013                  2.5122430320295280E+001                  3.4435159736886632E+008                  1.6613777695841183E+000                  3.9400186354629063E-001                  6.2173389471142237E-001                  8.1957727825328208E-001                  8.5000496627254152E-001                  1.3632450889740959E+010                  7.5104528696696153E+006                  2.9964047838485094E+003                  3.9402089444973892E-001                  0.0000000000000000E+000                  2.7557159108767693E+004                  4.6371031820260049E+002                  1.1108649291736383E-021                  1.1108649291736383E-021                  0.0000000000000000E+000                  0.0000000000000000E+000                  4.4441964887480091E-023                  0.0000000000000000E+000                  2.9078900412793149E+002                  6.9999999999999996E-001                  2.9797635251138618E-005                  2.7997020236474884E-001                  4.1193902129486445E-003                  1.2067031330276047E-003                  1.1203876416666529E-002                  2.5129237964844936E-003                  9.5710644087274629E-004                  0.0000000000000000E+000                  0.0000000000000000E+000                  0.0000000000000000E+000                  0.0000000000000000E+000                  0.0000000000000000E+000                  0.0000000000000000E+000                  0.0000000000000000E+000                  0.0000000000000000E+000                  0.0000000000000000E+000                  0.0000000000000000E+000                 -7.8262890366063953E+000                 -9.8999999999999986E+001                  0.0000000000000000E+000                  0.0000000000000000E+000                 -9.8999999999999986E+001                 -9.8999999999999986E+001                  1.5742954428977576E+001                 -9.9000000000000000E+001                 -9.9000000000000000E+001                 -9.9000000000000000E+001 
                 3.2552053935715397E-001                  9.2455760007015400E+000                  5.9589192629149089E+001                  1.3892427824731302E+010                 -3.3509111360573143E+000                  5.3716223649276937E+000                  6.2602653204319414E+013                  2.5121658433860198E+001                  3.4428161455473053E+008                  1.6614523084821693E+000                  3.9405576800731679E-001                  6.2172153544678521E-001                  8.1966729010859241E-001                  8.5000496627254152E-001                  1.3884697082560970E+010                  7.7307421703313040E+006                  2.9153408638978581E+003                  3.9407438778061959E-001                  0.0000000000000000E+000                  2.7466154415228404E+004                  4.5440437749846427E+002                  1.2754565569584258E-021                  1.2754565569584258E-021                  0.0000000000000000E+000                  0.0000000000000000E+000                  5.1026721783702272E-023                  0.0000000000000000E+000                  2.9289947542034645E+002                  6.9999999999999996E-001                  2.9797635251138618E-005                  2.7997020236474884E-001                  4.1193902129486445E-003                  1.2067031330276047E-003                  1.1203876416666529E-002                  2.5129237964844936E-003                  9.5710644087274629E-004                  0.0000000000000000E+000                  0.0000000000000000E+000                  0.0000000000000000E+000                  0.0000000000000000E+000                  0.0000000000000000E+000                  0.0000000000000000E+000                  0.0000000000000000E+000                  0.0000000000000000E+000                  0.0000000000000000E+000                  0.0000000000000000E+000                 -7.8259863827456222E+000                 -9.8999999999999986E+001                  0.0000000000000000E+000                  0.0000000000000000E+000                 -9.8999999999999986E+001                 -9.8999999999999986E+001                  1.5745733696701214E+001                 -9.9000000000000000E+001                 -9.9000000000000000E+001                 -9.9000000000000000E+001 
                 3.1918120986598603E-001                  9.1667860009107986E+000                  5.8627789309583029E+001                  1.4149578677926975E+010                 -3.3461169229469081E+000                  5.3747616902894313E+000                  6.2947999087828164E+013                  2.5121047661021233E+001                  3.4421260200810862E+008                  1.6615259007105623E+000                  3.9410934819219268E-001                  6.2170950170560724E-001                  8.1976441994880189E-001                  8.5000496627254152E-001                  1.4141621144150322E+010                  7.9575337766526900E+006                  2.8363139172229562E+003                  3.9412750438733912E-001                  0.0000000000000000E+000                  2.7374273247240322E+004                  4.4525131816413005E+002                  1.4640038356442103E-021                  1.4640038356442105E-021                  0.0000000000000000E+000                  0.0000000000000000E+000                  5.8569863643775169E-023                  0.0000000000000000E+000                  2.9502219780730530E+002                  6.9999999999999996E-001                  2.9797635251138618E-005                  2.7997020236474884E-001                  4.1193902129486445E-003                  1.2067031330276047E-003                  1.1203876416666529E-002                  2.5129237964844936E-003                  9.5710644087274629E-004                  0.0000000000000000E+000                  0.0000000000000000E+000                  0.0000000000000000E+000                  0.0000000000000000E+000                  0.0000000000000000E+000                  0.0000000000000000E+000                  0.0000000000000000E+000                  0.0000000000000000E+000                  0.0000000000000000E+000                  0.0000000000000000E+000                 -7.8256729587424960E+000                 -9.8999999999999986E+001                  0.0000000000000000E+000                  0.0000000000000000E+000                 -9.8999999999999986E+001                 -9.8999999999999986E+001                  1.5748556653441161E+001                 -9.9000000000000000E+001                 -9.9000000000000000E+001                 -9.9000000000000000E+001 
                 3.1281817401985246E-001                  9.0872065196844272E+000                  5.7655797149020422E+001                  1.4411500890440994E+010                 -3.3413227592922952E+000                  5.3779015709308879E+000                  6.3295858887435570E+013                  2.5120699979659580E+001                  3.4414444132605553E+008                  1.6615987107962378E+000                  3.9416264062579143E-001                  6.2169788915238622E-001                  8.1987011491051198E-001                  8.5000496627254152E-001                  1.4403309869933178E+010                  8.1910205078162150E+006                  2.7592437115921530E+003                  3.9418031963916789E-001                  0.0000000000000000E+000                  2.7281475543074088E+004                  4.3624546755167825E+002                  1.6799292990241771E-021                  1.6799292990241771E-021                  0.0000000000000000E+000                  0.0000000000000000E+000                  6.7208314528952776E-023                  0.0000000000000000E+000                  2.9715701082447231E+002                  6.9999999999999996E-001                  2.9797635251138618E-005                  2.7997020236474884E-001                  4.1193902129486445E-003                  1.2067031330276047E-003                  1.1203876416666529E-002                  2.5129237964844936E-003                  9.5710644087274629E-004                  0.0000000000000000E+000                  0.0000000000000000E+000                  0.0000000000000000E+000                  0.0000000000000000E+000                  0.0000000000000000E+000                  0.0000000000000000E+000                  0.0000000000000000E+000                  0.0000000000000000E+000                  0.0000000000000000E+000                  0.0000000000000000E+000                 -7.8253475946815856E+000                 -9.8999999999999986E+001                  0.0000000000000000E+000                  0.0000000000000000E+000                 -9.8999999999999986E+001                 -9.8999999999999986E+001                  1.5751424925286015E+001                 -9.9000000000000000E+001                 -9.9000000000000000E+001                 -9.9000000000000000E+001 
                 3.0643246230675292E-001                  9.0068174157579612E+000                  5.6673282605823815E+001                  1.4678283062269299E+010                 -3.3365287382175066E+000                  5.3810420027456907E+000                  6.3646251085664320E+013                  2.5120724178713363E+001                  3.4407699964746660E+008                  1.6616709316500293E+000                  3.9421560292933866E-001                  6.2168688973828878E-001                  8.1998163076165076E-001                  8.5000496627254152E-001                  1.4669851661355429E+010                  8.4314009138699677E+006                  2.6841019035302984E+003                  3.9423283058925152E-001                  0.0000000000000000E+000                  2.7187722765972769E+004                  4.2739386967397650E+002                  1.9271349696876898E-021                  1.9271349696876898E-021                  0.0000000000000000E+000                  0.0000000000000000E+000                  7.7098181234434203E-023                  0.0000000000000000E+000                  2.9930361292756476E+002                  6.9999999999999996E-001                  2.9797635251138618E-005                  2.7997020236474884E-001                  4.1193902129486445E-003                  1.2067031330276047E-003                  1.1203876416666529E-002                  2.5129237964844936E-003                  9.5710644087274629E-004                  0.0000000000000000E+000                  0.0000000000000000E+000                  0.0000000000000000E+000                  0.0000000000000000E+000                  0.0000000000000000E+000                  0.0000000000000000E+000                  0.0000000000000000E+000                  0.0000000000000000E+000                  0.0000000000000000E+000                  0.0000000000000000E+000                 -7.8250167800066590E+000                 -9.8999999999999986E+001                  0.0000000000000000E+000                  0.0000000000000000E+000                 -9.8999999999999986E+001                 -9.8999999999999986E+001                  1.5754340334413586E+001                 -9.9000000000000000E+001                 -9.9000000000000000E+001                 -9.9000000000000000E+001 
                 3.0002515505853733E-001                  8.9255975896624857E+000                  5.5680323854508373E+001                  1.4950015438274689E+010                 -3.3317349215153027E+000                  5.3841829808513273E+000                  6.3999201837460617E+013                  2.5121147457939607E+001                  3.4401022868022311E+008                  1.6617426520666436E+000                  3.9426808073588249E-001                  6.2167668976270307E-001                  8.2009553828096338E-001                  8.5000496627254152E-001                  1.4941336558886326E+010                  8.6788793883631211E+006                  2.6109092170399217E+003                  3.9428493876374998E-001                  0.0000000000000000E+000                  2.7092976856104695E+004                  4.1870658268668501E+002                  2.2100683616224967E-021                  2.2100683616224967E-021                  0.0000000000000000E+000                  0.0000000000000000E+000                  8.8417393831559703E-023                  0.0000000000000000E+000                  3.0146258159982614E+002                  6.9999999999999996E-001                  2.9797635251138618E-005                  2.7997020236474884E-001                  4.1193902129486445E-003                  1.2067031330276047E-003                  1.1203876416666529E-002                  2.5129237964844936E-003                  9.5710644087274629E-004                  0.0000000000000000E+000                  0.0000000000000000E+000                  0.0000000000000000E+000                  0.0000000000000000E+000                  0.0000000000000000E+000                  0.0000000000000000E+000                  0.0000000000000000E+000                  0.0000000000000000E+000                  0.0000000000000000E+000                  0.0000000000000000E+000                 -7.8246888726588768E+000                 -9.8999999999999986E+001                  0.0000000000000000E+000                  0.0000000000000000E+000                 -9.8999999999999986E+001                 -9.8999999999999986E+001                  1.5757304860017648E+001                 -9.9000000000000000E+001                 -9.9000000000000000E+001                 -9.9000000000000000E+001 
                 2.9359738456129503E-001                  8.8435249256831998E+000                  5.4677008463975532E+001                  1.5226789942653116E+010                 -3.3269412974611070E+000                  5.3873244989735394E+000                  6.4354745218447617E+013                  2.5121866566643085E+001                  3.4394423074940431E+008                  1.6618137512268658E+000                  3.9431986618431891E-001                  6.2166729376423335E-001                  8.2020998196919648E-001                  8.5000496627254152E-001                  1.5217856276368635E+010                  8.9336662844803315E+006                  2.5396912635023818E+003                  3.9433646302818548E-001                  0.0000000000000000E+000                  2.6997198696238451E+004                  4.1019257794995025E+002                  2.5337974325205171E-021                  2.5337974325205171E-021                  0.0000000000000000E+000                  0.0000000000000000E+000                  1.0136870425756968E-022                  0.0000000000000000E+000                  3.0363632469566528E+002                  6.9999999999999996E-001                  2.9797635251138618E-005                  2.7997020236474884E-001                  4.1193902129486445E-003                  1.2067031330276047E-003                  1.1203876416666529E-002                  2.5129237964844936E-003                  9.5710644087274629E-004                  0.0000000000000000E+000                  0.0000000000000000E+000                  0.0000000000000000E+000                  0.0000000000000000E+000                  0.0000000000000000E+000                  0.0000000000000000E+000                  0.0000000000000000E+000                  0.0000000000000000E+000                  0.0000000000000000E+000                  0.0000000000000000E+000                 -7.8243684112221885E+000                 -9.8999999999999986E+001                  0.0000000000000000E+000                  0.0000000000000000E+000                 -9.8999999999999986E+001                 -9.8999999999999986E+001                  1.5760320615491947E+001                 -9.9000000000000000E+001                 -9.9000000000000000E+001                 -9.9000000000000000E+001 
                 2.8715033727203632E-001                  8.7605762366114348E+000                  5.3663427886000740E+001                  1.5508700213408419E+010                 -3.3221478441168846E+000                  5.3904665495405117E+000                  6.4712909649892477E+013                  2.5122774106953635E+001                  3.4387912807233614E+008                  1.6618840539008064E+000                  3.9437082077767283E-001                  6.2165854803683984E-001                  8.2032093371768289E-001                  8.5000496627254152E-001                  1.5499504235321617E+010                  9.1959780868022107E+006                  2.4704653582463166E+003                  3.9438722995336972E-001                  0.0000000000000000E+000                  2.6900347258285325E+004                  4.0185966507812856E+002                  2.9040951044925864E-021                  2.9040951044925861E-021                  0.0000000000000000E+000                  0.0000000000000000E+000                  1.1618306770524514E-022                  0.0000000000000000E+000                  3.0582767793189339E+002                  6.9999999999999996E-001                  2.9797635251138618E-005                  2.7997020236474884E-001                  4.1193902129486445E-003                  1.2067031330276047E-003                  1.1203876416666529E-002                  2.5129237964844936E-003                  9.5710644087274629E-004                  0.0000000000000000E+000                  0.0000000000000000E+000                  0.0000000000000000E+000                  0.0000000000000000E+000                  0.0000000000000000E+000                  0.0000000000000000E+000                  0.0000000000000000E+000                  0.0000000000000000E+000                  0.0000000000000000E+000                  0.0000000000000000E+000                 -7.8240605978022035E+000                 -9.8999999999999986E+001                  0.0000000000000000E+000                  0.0000000000000000E+000                 -9.8999999999999986E+001                 -9.8999999999999986E+001                  1.5763389836177041E+001                 -9.9000000000000000E+001                 -9.9000000000000000E+001                 -9.9000000000000000E+001 
                 2.8068525615417378E-001                  8.6767271908881298E+000                  5.2639676591352774E+001                  1.5795841638041233E+010                 -3.3173545360231098E+000                  5.3936091242930253E+000                  6.5073717503298109E+013                  2.5123771479019698E+001                  3.4381504778482163E+008                  1.6619533539915141E+000                  3.9442088036322076E-001                  6.2165015751823993E-001                  8.2042137397953363E-001                  8.5000496627254152E-001                  1.5786375600407904E+010                  9.4660376333287433E+006                  2.4032404146907320E+003                  3.9443713802933428E-001                  0.0000000000000000E+000                  2.6802377945158987E+004                  3.9371446308628231E+002                  3.3275353527489542E-021                  3.3275353527489542E-021                  0.0000000000000000E+000                  0.0000000000000000E+000                  1.3312348680798460E-022                  0.0000000000000000E+000                  3.0803858910127263E+002                  6.9999999999999996E-001                  2.9797635251138618E-005                  2.7997020236474884E-001                  4.1193902129486445E-003                  1.2067031330276047E-003                  1.1203876416666529E-002                  2.5129237964844936E-003                  9.5710644087274629E-004                  0.0000000000000000E+000                  0.0000000000000000E+000                  0.0000000000000000E+000                  0.0000000000000000E+000                  0.0000000000000000E+000                  0.0000000000000000E+000                  0.0000000000000000E+000                  0.0000000000000000E+000                  0.0000000000000000E+000                  0.0000000000000000E+000                 -7.8237724766457637E+000                 -9.8999999999999986E+001                  0.0000000000000000E+000                  0.0000000000000000E+000                 -9.8999999999999986E+001                 -9.8999999999999986E+001                  1.5766514832184299E+001                 -9.9000000000000000E+001                 -9.9000000000000000E+001                 -9.9000000000000000E+001 
                 2.7420344314660994E-001                  8.5919522316996062E+000                  5.1605855657630848E+001                  1.6088311389940351E+010                 -3.3125613430393268E+000                  5.3967522148744083E+000                  6.5437186438057203E+013                  2.5124769927668833E+001                  3.4375211891336697E+008                  1.6620214257253405E+000                  3.9447004660468143E-001                  6.2164170313232414E-001                  8.2050080558199057E-001                  8.5000496627254152E-001                  1.6078567315591255E+010                  9.7440743490956761E+006                  2.3380172272018244E+003                  3.9448615575918117E-001                  0.0000000000000000E+000                  2.6703238823985441E+004                  3.8576238758939104E+002                  3.8116021968768894E-021                  3.8116021968768894E-021                  0.0000000000000000E+000                  0.0000000000000000E+000                  1.5248937201443441E-022                  0.0000000000000000E+000                  3.1026896391719299E+002                  6.9999999999999996E-001                  2.9797635251138618E-005                  2.7997020236474884E-001                  4.1193902129486445E-003                  1.2067031330276047E-003                  1.1203876416666529E-002                  2.5129237964844936E-003                  9.5710644087274629E-004                  0.0000000000000000E+000                  0.0000000000000000E+000                  0.0000000000000000E+000                  0.0000000000000000E+000                  0.0000000000000000E+000                  0.0000000000000000E+000                  0.0000000000000000E+000                  0.0000000000000000E+000                  0.0000000000000000E+000                  0.0000000000000000E+000                 -7.8235137560513266E+000                 -9.8999999999999986E+001                  0.0000000000000000E+000                  0.0000000000000000E+000                 -9.8999999999999986E+001                 -9.8999999999999986E+001                  1.5769697888421602E+001                 -9.9000000000000000E+001                 -9.9000000000000000E+001                 -9.9000000000000000E+001 
                 2.6770626180714946E-001                  8.5062244891019798E+000                  5.0562080341646357E+001                  1.6386208463146524E+010                 -3.3077682276087725E+000                  5.3998958133086798E+000                  6.5803331305786430E+013                  2.5125691536211605E+001                  3.4369046866545022E+008                  1.6620880379442753E+000                  3.9451837377122745E-001                  6.2163266579344312E-001                  8.2054476715997471E-001                  8.5000496627254152E-001                  1.6376178138662945E+010                  1.0030324483580550E+007                  2.2747890999959677E+003                  3.9453431096672037E-001                  0.0000000000000000E+000                  2.6602869876383822E+004                  3.7800768156534212E+002                  4.3648132517806577E-021                  4.3648132517806577E-021                  0.0000000000000000E+000                  0.0000000000000000E+000                  1.7462148444628818E-022                  0.0000000000000000E+000                  3.1251841468302422E+002                  6.9999999999999996E-001                  2.9797635251138618E-005                  2.7997020236474884E-001                  4.1193902129486445E-003                  1.2067031330276047E-003                  1.1203876416666529E-002                  2.5129237964844936E-003                  9.5710644087274629E-004                  0.0000000000000000E+000                  0.0000000000000000E+000                  0.0000000000000000E+000                  0.0000000000000000E+000                  0.0000000000000000E+000                  0.0000000000000000E+000                  0.0000000000000000E+000                  0.0000000000000000E+000                  0.0000000000000000E+000                  0.0000000000000000E+000                 -7.8232977478843333E+000                 -9.8999999999999986E+001                  0.0000000000000000E+000                  0.0000000000000000E+000                 -9.8999999999999986E+001                 -9.8999999999999986E+001                  1.5772941282303108E+001                 -9.9000000000000000E+001                 -9.9000000000000000E+001                 -9.9000000000000000E+001 
                 2.6119514021510337E-001                  8.4195156856317119E+000                  4.9508481907263096E+001                  1.6689633703930792E+010                 -3.3029751420200446E+000                  5.4030399122632833E+000                  6.6172163374277250E+013                  2.5126481106012889E+001                  3.4363019578702521E+008                  1.6621530186375975E+000                  3.9456593816840835E-001                  6.2162257317967717E-001                  8.2053956017220209E-001                  8.5000496627254152E-001                  1.6679308672589798E+010                  1.0325031340993119E+007                  2.2135369524610992E+003                  3.9458166878702255E-001                  0.0000000000000000E+000                  2.6501205397121517E+004                  3.7045162740784031E+002                  4.9968597186605158E-021                  4.9968597186605158E-021                  0.0000000000000000E+000                  0.0000000000000000E+000                  1.9990753646680949E-022                  0.0000000000000000E+000                  3.1478650952027266E+002                  6.9999999999999996E-001                  2.9797635251138618E-005                  2.7997020236474884E-001                  4.1193902129486445E-003                  1.2067031330276047E-003                  1.1203876416666529E-002                  2.5129237964844936E-003                  9.5710644087274629E-004                  0.0000000000000000E+000                  0.0000000000000000E+000                  0.0000000000000000E+000                  0.0000000000000000E+000                  0.0000000000000000E+000                  0.0000000000000000E+000                  0.0000000000000000E+000                  0.0000000000000000E+000                  0.0000000000000000E+000                  0.0000000000000000E+000                 -7.8231366366637163E+000                 -9.8999999999999986E+001                  0.0000000000000000E+000                  0.0000000000000000E+000                 -9.8999999999999986E+001                 -9.8999999999999986E+001                  1.5776247384131466E+001                 -9.9000000000000000E+001                 -9.9000000000000000E+001                 -9.9000000000000000E+001 
                 2.5467157412710373E-001                  8.3317960342946566E+000                  4.8445208684693213E+001                  1.6998689840490025E+010                 -3.2981820269457058E+000                  5.4061845048177180E+000                  6.6543683292790406E+013                  2.5127135788472767E+001                  3.4357129574696624E+008                  1.6622164292368227E+000                  3.9461275027102971E-001                  6.2161146671173406E-001                  8.2049320343507826E-001                  8.5000496627254152E-001                  1.6988061395017105E+010                  1.0628445472919023E+007                  2.1542084103820766E+003                  3.9462827247020499E-001                  0.0000000000000000E+000                  2.6398174960606459E+004                  3.6308706287741342E+002                  5.7187648822045361E-021                  5.7187648822045361E-021                  0.0000000000000000E+000                  0.0000000000000000E+000                  2.2878853262075466E-022                  0.0000000000000000E+000                  3.1707261055152964E+002                  6.9999999999999996E-001                  2.9797635251138618E-005                  2.7997020236474884E-001                  4.1193902129486445E-003                  1.2067031330276047E-003                  1.1203876416666529E-002                  2.5129237964844936E-003                  9.5710644087274629E-004                  0.0000000000000000E+000                  0.0000000000000000E+000                  0.0000000000000000E+000                  0.0000000000000000E+000                  0.0000000000000000E+000                  0.0000000000000000E+000                  0.0000000000000000E+000                  0.0000000000000000E+000                  0.0000000000000000E+000                  0.0000000000000000E+000                 -7.8230186959126726E+000                 -9.8999999999999986E+001                  0.0000000000000000E+000                  0.0000000000000000E+000                 -9.8999999999999986E+001                 -9.8999999999999986E+001                  1.5779618696428797E+001                 -9.9000000000000000E+001                 -9.9000000000000000E+001                 -9.9000000000000000E+001 
                 2.4813713034529392E-001                  8.2430341269209464E+000                  4.7372427735451033E+001                  1.7313481512088161E+010                 -3.2933888070904578E+000                  5.4093295838571649E+000                  6.6917895027494102E+013                  2.5127656148140513E+001                  3.4351373946094871E+008                  1.6622784052855539E+000                  3.9465875019641317E-001                  6.2159961017689291E-001                  8.2042440864268340E-001                  8.5000496627254152E-001                  1.7302540687252140E+010                  1.0940824836021941E+007                  2.0967226467497790E+003                  3.9467409724175823E-001                  0.0000000000000000E+000                  2.6293704078941581E+004                  3.5590512294131071E+002                  6.5430635277029435E-021                  6.5430635277029435E-021                  0.0000000000000000E+000                  0.0000000000000000E+000                  2.6176594751011465E-022                  0.0000000000000000E+000                  3.1937604143689083E+002                  6.9999999999999996E-001                  2.9797635251138618E-005                  2.7997020236474884E-001                  4.1193902129486445E-003                  1.2067031330276047E-003                  1.1203876416666529E-002                  2.5129237964844936E-003                  9.5710644087274629E-004                  0.0000000000000000E+000                  0.0000000000000000E+000                  0.0000000000000000E+000                  0.0000000000000000E+000                  0.0000000000000000E+000                  0.0000000000000000E+000                  0.0000000000000000E+000                  0.0000000000000000E+000                  0.0000000000000000E+000                  0.0000000000000000E+000                 -7.8229208360731910E+000                 -9.8999999999999986E+001                  0.0000000000000000E+000                  0.0000000000000000E+000                 -9.8999999999999986E+001                 -9.8999999999999986E+001                  1.5783057885018646E+001                 -9.9000000000000000E+001                 -9.9000000000000000E+001                 -9.9000000000000000E+001 
                 2.4159345030298254E-001                  8.1531968121174678E+000                  4.6290326013680030E+001                  1.7634115297798435E+010                 -3.2885954085921676E+000                  5.4124751415749843E+000                  6.7294808245906906E+013                  2.5128034583847160E+001                  3.4345750090343344E+008                  1.6623390777326030E+000                  3.9470384028478289E-001                  6.2158734494875123E-001                  8.2035529783943606E-001                  8.5000496627254152E-001                  1.7622852862841396E+010                  1.1262434957039773E+007                  2.0409976536963807E+003                  3.9471906413772589E-001                  0.0000000000000000E+000                  2.6187714139965301E+004                  3.4889755455062846E+002                  7.4840046286532387E-021                  7.4840046286532402E-021                  0.0000000000000000E+000                  0.0000000000000000E+000                  2.9940983464401711E-022                  0.0000000000000000E+000                  3.2169596462470412E+002                  6.9999999999999996E-001                  2.9797635251138618E-005                  2.7997020236474884E-001                  4.1193902129486445E-003                  1.2067031330276047E-003                  1.1203876416666529E-002                  2.5129237964844936E-003                  9.5710644087274629E-004                  0.0000000000000000E+000                  0.0000000000000000E+000                  0.0000000000000000E+000                  0.0000000000000000E+000                  0.0000000000000000E+000                  0.0000000000000000E+000                  0.0000000000000000E+000                  0.0000000000000000E+000                  0.0000000000000000E+000                  0.0000000000000000E+000                 -7.8228169015833533E+000                 -9.8999999999999986E+001                  0.0000000000000000E+000                  0.0000000000000000E+000                 -9.8999999999999986E+001                 -9.8999999999999986E+001                  1.5786567804475334E+001                 -9.9000000000000000E+001                 -9.9000000000000000E+001                 -9.9000000000000000E+001 
                 2.3504225388207473E-001                  8.0622490568020950E+000                  4.5199112005960380E+001                  1.7960699745771042E+010                 -3.2838017774269352E+000                  5.4156211691993787E+000                  6.7674435411467930E+013                  2.5128258816806941E+001                  3.4340255830782020E+008                  1.6623985530305114E+000                  3.9474790766477363E-001                  6.2157506822222541E-001                  8.2030992058471430E-001                  8.5000496627254152E-001                  1.7949106196652229E+010                  1.1593549118814148E+007                  1.9869569615216733E+003                  3.9476306773566294E-001                  0.0000000000000000E+000                  2.6080123415599934E+004                  3.4205670111495652E+002                  8.5577804626346380E-021                  8.5577804626346380E-021                  0.0000000000000000E+000                  0.0000000000000000E+000                  3.4236799259490510E-022                  0.0000000000000000E+000                  3.2403208743479695E+002                  6.9999999999999996E-001                  2.9797635251138618E-005                  2.7997020236474884E-001                  4.1193902129486445E-003                  1.2067031330276047E-003                  1.1203876416666529E-002                  2.5129237964844936E-003                  9.5710644087274629E-004                  0.0000000000000000E+000                  0.0000000000000000E+000                  0.0000000000000000E+000                  0.0000000000000000E+000                  0.0000000000000000E+000                  0.0000000000000000E+000                  0.0000000000000000E+000                  0.0000000000000000E+000                  0.0000000000000000E+000                  0.0000000000000000E+000                 -7.8226792012416455E+000                 -9.8999999999999986E+001                  0.0000000000000000E+000                  0.0000000000000000E+000                 -9.8999999999999986E+001                 -9.8999999999999986E+001                  1.5790151567179716E+001                 -9.9000000000000000E+001                 -9.9000000000000000E+001                 -9.9000000000000000E+001 
                 2.2848534346948449E-001                  7.9701537888880463E+000                  4.4099015040201223E+001                  1.8293345405503063E+010                 -3.2790078923602919E+000                  5.4187676569185799E+000                  6.8056789519430914E+013                  2.5128314585261503E+001                  3.4334889459044582E+008                  1.6624568975305642E+000                  3.9479084411960619E-001                  6.2156321277599647E-001                  8.2031301424391201E-001                  8.5000496627254152E-001                  1.8281410956934376E+010                  1.1934448568688916E+007                  1.9345293008950257E+003                  3.9480599731036703E-001                  0.0000000000000000E+000                  2.5970848123970442E+004                  3.3537548408372243E+002                  9.7827856228580713E-021                  9.7827856228580728E-021                  0.0000000000000000E+000                  0.0000000000000000E+000                  3.9137632718027298E-022                  0.0000000000000000E+000                  3.2638451403728243E+002                  6.9999999999999996E-001                  2.9797635251138618E-005                  2.7997020236474884E-001                  4.1193902129486445E-003                  1.2067031330276047E-003                  1.1203876416666529E-002                  2.5129237964844936E-003                  9.5710644087274629E-004                  0.0000000000000000E+000                  0.0000000000000000E+000                  0.0000000000000000E+000                  0.0000000000000000E+000                  0.0000000000000000E+000                  0.0000000000000000E+000                  0.0000000000000000E+000                  0.0000000000000000E+000                  0.0000000000000000E+000                  0.0000000000000000E+000                 -7.8224798361495633E+000                 -9.8999999999999986E+001                  0.0000000000000000E+000                  0.0000000000000000E+000                 -9.8999999999999986E+001                 -9.8999999999999986E+001                  1.5793812613486244E+001                 -9.9000000000000000E+001                 -9.9000000000000000E+001                 -9.9000000000000000E+001 
                 2.2192460822242749E-001                  7.8768717191511044E+000                  4.2990285150848756E+001                  1.8632164865322910E+010                 -3.2742137757105998E+000                  5.4219145940488023E+000                  6.8441884049607805E+013                  2.5128190814649340E+001                  3.4329649010079372E+008                  1.6625141291775103E+000                  3.9483257562373603E-001                  6.2155220429171099E-001                  8.2038680899378680E-001                  8.5000496627254152E-001                  1.8619879442564537E+010                  1.2285422758374413E+007                  1.8836482731360084E+003                  3.9484776154255247E-001                  0.0000000000000000E+000                  2.5859801986436269E+004                  3.2884738035447725E+002                  1.1179909682570797E-020                  1.1179909682570797E-020                  0.0000000000000000E+000                  0.0000000000000000E+000                  4.4727055998208023E-022                  0.0000000000000000E+000                  3.2875341817649741E+002                  6.9999999999999996E-001                  2.9797635251138618E-005                  2.7997020236474884E-001                  4.1193902129486445E-003                  1.2067031330276047E-003                  1.1203876416666529E-002                  2.5129237964844936E-003                  9.5710644087274629E-004                  0.0000000000000000E+000                  0.0000000000000000E+000                  0.0000000000000000E+000                  0.0000000000000000E+000                  0.0000000000000000E+000                  0.0000000000000000E+000                  0.0000000000000000E+000                  0.0000000000000000E+000                  0.0000000000000000E+000                  0.0000000000000000E+000                 -7.8221944992907115E+000                 -9.8999999999999986E+001                  0.0000000000000000E+000                  0.0000000000000000E+000                 -9.8999999999999986E+001                 -9.8999999999999986E+001                  1.5797554733469326E+001                 -9.9000000000000000E+001                 -9.9000000000000000E+001                 -9.9000000000000000E+001 
                 2.1536202857628814E-001                  7.7823611401464579E+000                  4.1873194125769928E+001                  1.8977272794085594E+010                 -3.2694194996642687E+000                  5.4250619700935143E+000                  6.8829757964717156E+013                  2.5127918428327217E+001                  3.4324522530687785E+008                  1.6625702714334729E+000                  3.9487324876097796E-001                  6.2154210924084463E-001                  8.2052318343678898E-001                  8.5000496627254152E-001                  1.8964626024389164E+010                  1.2646769696429057E+007                  1.8342520455869137E+003                  3.9488839654321778E-001                  0.0000000000000000E+000                  2.5746895561831912E+004                  3.2246639533634726E+002                  1.2772868208882601E-020                  1.2772868208882603E-020                  0.0000000000000000E+000                  0.0000000000000000E+000                  5.1099947109771509E-022                  0.0000000000000000E+000                  3.3113921846038670E+002                  6.9999999999999996E-001                  2.9797635251138618E-005                  2.7997020236474884E-001                  4.1193902129486445E-003                  1.2067031330276047E-003                  1.1203876416666529E-002                  2.5129237964844936E-003                  9.5710644087274629E-004                  0.0000000000000000E+000                  0.0000000000000000E+000                  0.0000000000000000E+000                  0.0000000000000000E+000                  0.0000000000000000E+000                  0.0000000000000000E+000                  0.0000000000000000E+000                  0.0000000000000000E+000                  0.0000000000000000E+000                  0.0000000000000000E+000                 -7.8218367813873710E+000                 -9.8999999999999986E+001                  0.0000000000000000E+000                  0.0000000000000000E+000                 -9.8999999999999986E+001                 -9.8999999999999986E+001                  1.5801382087628710E+001                 -9.9000000000000000E+001                 -9.9000000000000000E+001                 -9.9000000000000000E+001 
                 2.0879968110680008E-001                  7.6865777012614318E+000                  4.0748036054550568E+001                  1.9328785985204159E+010                 -3.2646251432634648E+000                  5.4282097763078347E+000                  6.9220468291786258E+013                  2.5127551199387366E+001                  3.4319491277436066E+008                  1.6626253835139964E+000                  3.9491316833222972E-001                  6.2153270225194313E-001                  8.2069463374237550E-001                  8.5000496627254152E-001                  1.9315767188815285E+010                  1.3018796388874171E+007                  1.7862839464126396E+003                  3.9492812790493104E-001                  0.0000000000000000E+000                  2.5632034416609509E+004                  3.1622737121873911E+002                  1.4588578716419463E-020                  1.4588578716419463E-020                  0.0000000000000000E+000                  0.0000000000000000E+000                  5.8363993978253811E-022                  0.0000000000000000E+000                  3.3354346584746298E+002                  6.9999999999999996E-001                  2.9797635251138618E-005                  2.7997020236474884E-001                  4.1193902129486445E-003                  1.2067031330276047E-003                  1.1203876416666529E-002                  2.5129237964844936E-003                  9.5710644087274629E-004                  0.0000000000000000E+000                  0.0000000000000000E+000                  0.0000000000000000E+000                  0.0000000000000000E+000                  0.0000000000000000E+000                  0.0000000000000000E+000                  0.0000000000000000E+000                  0.0000000000000000E+000                  0.0000000000000000E+000                  0.0000000000000000E+000                 -7.8214436676836385E+000                 -9.8999999999999986E+001                  0.0000000000000000E+000                  0.0000000000000000E+000                 -9.8999999999999986E+001                 -9.8999999999999986E+001                  1.5805299214504110E+001                 -9.9000000000000000E+001                 -9.9000000000000000E+001                 -9.9000000000000000E+001 
                 2.0223974381039850E-001                  7.5894741681163653E+000                  3.9615124976000253E+001                  1.9686823400834873E+010                 -3.2598307614636486E+000                  5.4313580063608100E+000                  6.9614069630399031E+013                  2.5127128658799656E+001                  3.4314537867769617E+008                  1.6626795445041309E+000                  3.9495263602206210E-001                  6.2152372876814732E-001                  8.2087888492408367E-001                  8.5000496627254152E-001                  1.9673421581625793E+010                  1.3401819209079234E+007                  1.7396948176938390E+003                  3.9496725873914956E-001                  0.0000000000000000E+000                  2.5515118174450527E+004                  3.1012664863061593E+002                  1.6657585669707479E-020                  1.6657585669707476E-020                  0.0000000000000000E+000                  0.0000000000000000E+000                  6.6641394736740892E-022                  0.0000000000000000E+000                  3.3596919318369697E+002                  6.9999999999999996E-001                  2.9797635251138618E-005                  2.7997020236474884E-001                  4.1193902129486445E-003                  1.2067031330276047E-003                  1.1203876416666529E-002                  2.5129237964844936E-003                  9.5710644087274629E-004                  0.0000000000000000E+000                  0.0000000000000000E+000                  0.0000000000000000E+000                  0.0000000000000000E+000                  0.0000000000000000E+000                  0.0000000000000000E+000                  0.0000000000000000E+000                  0.0000000000000000E+000                  0.0000000000000000E+000                  0.0000000000000000E+000                 -7.8210445395068131E+000                 -9.8999999999999986E+001                  0.0000000000000000E+000                  0.0000000000000000E+000                 -9.8999999999999986E+001                 -9.8999999999999986E+001                  1.5809311052809221E+001                 -9.9000000000000000E+001                 -9.9000000000000000E+001                 -9.9000000000000000E+001 
                 1.9568450185120559E-001                  7.4910001610044423E+000                  3.8474791480424066E+001                  2.0051506214596073E+010                 -3.2550363757275318E+000                  5.4345066562518642E+000                  7.0010614194249359E+013                  2.5126672550403974E+001                  3.4309646652650964E+008                  1.6627328598522377E+000                  3.9499193067302413E-001                  6.2151491926365243E-001                  8.2106078370709612E-001                  8.5000496627254152E-001                  2.0037710050398582E+010                  1.3796164197490275E+007                  1.6944409112186206E+003                  3.9500607921983233E-001                  0.0000000000000000E+000                  2.5396039208697610E+004                  3.0416081308046739E+002                  1.9014540117526289E-020                  1.9014540117526289E-020                  0.0000000000000000E+000                  0.0000000000000000E+000                  7.6070776581786325E-022                  0.0000000000000000E+000                  3.3841897592645688E+002                  6.9999999999999996E-001                  2.9797635251138618E-005                  2.7997020236474884E-001                  4.1193902129486445E-003                  1.2067031330276047E-003                  1.1203876416666529E-002                  2.5129237964844936E-003                  9.5710644087274629E-004                  0.0000000000000000E+000                  0.0000000000000000E+000                  0.0000000000000000E+000                  0.0000000000000000E+000                  0.0000000000000000E+000                  0.0000000000000000E+000                  0.0000000000000000E+000                  0.0000000000000000E+000                  0.0000000000000000E+000                  0.0000000000000000E+000                 -7.8206587498762161E+000                 -9.8999999999999986E+001                  0.0000000000000000E+000                  0.0000000000000000E+000                 -9.8999999999999986E+001                 -9.8999999999999986E+001                  1.5813422917043196E+001                 -9.9000000000000000E+001                 -9.9000000000000000E+001                 -9.9000000000000000E+001 
                 1.8913635382671179E-001                  7.3911018640063002E+000                  3.7327386069470208E+001                  2.0422957851958813E+010                 -3.2502419672717666E+000                  5.4376557240669499E+000                  7.0410152460429656E+013                  2.5126185239084979E+001                  3.4304803842719555E+008                  1.6627854655141359E+000                  3.9503129480947874E-001                  6.2150599730060652E-001                  8.2123321759217338E-001                  8.5000496627254152E-001                  2.0408755684608646E+010                  1.4202167350166438E+007                  1.6504795172074121E+003                  3.9504484989701677E-001                  0.0000000000000000E+000                  2.5274678940117748E+004                  2.9832639600479018E+002                  2.1698741592487610E-020                  2.1698741592487610E-020                  0.0000000000000000E+000                  0.0000000000000000E+000                  8.6809363731587392E-022                  0.0000000000000000E+000                  3.4089380098363438E+002                  6.9999999999999996E-001                  2.9797635251138618E-005                  2.7997020236474884E-001                  4.1193902129486445E-003                  1.2067031330276047E-003                  1.1203876416666529E-002                  2.5129237964844936E-003                  9.5710644087274629E-004                  0.0000000000000000E+000                  0.0000000000000000E+000                  0.0000000000000000E+000                  0.0000000000000000E+000                  0.0000000000000000E+000                  0.0000000000000000E+000                  0.0000000000000000E+000                  0.0000000000000000E+000                  0.0000000000000000E+000                  0.0000000000000000E+000                 -7.8202944721042211E+000                 -9.8999999999999986E+001                  0.0000000000000000E+000                  0.0000000000000000E+000                 -9.8999999999999986E+001                 -9.8999999999999986E+001                  1.5817640417734651E+001                 -9.9000000000000000E+001                 -9.9000000000000000E+001                 -9.9000000000000000E+001 
                 1.8259781860456506E-001                  7.2897216994993776E+000                  3.6173286524637383E+001                  2.0801304028265087E+010                 -3.2454474731227876E+000                  5.4408052096080901E+000                  7.0812733716629734E+013                  2.5125649389021405E+001                  3.4299997637068999E+008                  1.6628375281752874E+000                  3.9507092281246958E-001                  6.2149668924640955E-001                  8.2139760930166594E-001                  8.5000496627254152E-001                  2.0786683853368450E+010                  1.4620174896636715E+007                  1.6077684340870724E+003                  3.9508378906057035E-001                  0.0000000000000000E+000                  2.5150903771943053E+004                  2.9261990531600514E+002                  2.4754750158244420E-020                  2.4754750158244420E-020                  0.0000000000000000E+000                  0.0000000000000000E+000                  9.9035426021279666E-022                  0.0000000000000000E+000                  3.4339442539020291E+002                  6.9999999999999996E-001                  2.9797635251138618E-005                  2.7997020236474884E-001                  4.1193902129486445E-003                  1.2067031330276047E-003                  1.1203876416666529E-002                  2.5129237964844936E-003                  9.5710644087274629E-004                  0.0000000000000000E+000                  0.0000000000000000E+000                  0.0000000000000000E+000                  0.0000000000000000E+000                  0.0000000000000000E+000                  0.0000000000000000E+000                  0.0000000000000000E+000                  0.0000000000000000E+000                  0.0000000000000000E+000                  0.0000000000000000E+000                 -7.8199481246521296E+000                 -9.8999999999999986E+001                  0.0000000000000000E+000                  0.0000000000000000E+000                 -9.8999999999999986E+001                 -9.8999999999999986E+001                  1.5821969456846036E+001                 -9.9000000000000000E+001                 -9.9000000000000000E+001                 -9.9000000000000000E+001 
                 1.7607154276597334E-001                  7.1867979613939124E+000                  3.5012900834009606E+001                  2.1186672785025921E+010                 -3.2406528426831702E+000                  5.4439551134660187E+000                  7.1218384921050484E+013                  2.5125044704518885E+001                  3.4295223928223240E+008                  1.6628891567610682E+000                  3.9511083732303465E-001                  6.2148687956314363E-001                  8.2156208916403461E-001                  8.5000496627254152E-001                  2.1171622241522079E+010                  1.5050543503841057E+007                  1.5662660934389942E+003                  3.9512300494408248E-001                  0.0000000000000000E+000                  2.5024563111651194E+004                  2.8703783192091345E+002                  2.8233073026240634E-020                  2.8233073026240628E-020                  0.0000000000000000E+000                  0.0000000000000000E+000                  1.1295102582592430E-021                  0.0000000000000000E+000                  3.4591987921710290E+002                  6.9999999999999996E-001                  2.9797635251138618E-005                  2.7997020236474884E-001                  4.1193902129486445E-003                  1.2067031330276047E-003                  1.1203876416666529E-002                  2.5129237964844936E-003                  9.5710644087274629E-004                  0.0000000000000000E+000                  0.0000000000000000E+000                  0.0000000000000000E+000                  0.0000000000000000E+000                  0.0000000000000000E+000                  0.0000000000000000E+000                  0.0000000000000000E+000                  0.0000000000000000E+000                  0.0000000000000000E+000                  0.0000000000000000E+000                 -7.8196063949803118E+000                 -9.8999999999999986E+001                  0.0000000000000000E+000                  0.0000000000000000E+000                 -9.8999999999999986E+001                 -9.8999999999999986E+001                  1.5826416294147020E+001                 -9.9000000000000000E+001                 -9.9000000000000000E+001                 -9.9000000000000000E+001 
                 1.6956030870505190E-001                  7.0822643851728104E+000                  3.3846675352574493E+001                  2.1579194527644028E+010                 -3.2358581265728281E+000                  5.4471054352646480E+000                  7.1627091021730922E+013                  2.5124381339981529E+001                  3.4290489798062897E+008                  1.6629402968231852E+000                  3.9515080284228343E-001                  6.2147674348814119E-001                  8.2173209250825374E-001                  8.5000496627254152E-001                  2.1563700887292908E+010                  1.5493640351121126E+007                  1.5259318257590367E+003                  3.9516239070978526E-001                  0.0000000000000000E+000                  2.4895490719833670E+004                  2.8157664728409890E+002                  3.2190933198425152E-020                  3.2190933198425152E-020                  0.0000000000000000E+000                  0.0000000000000000E+000                  1.2878509314183724E-021                  0.0000000000000000E+000                  3.4846516506000302E+002                  6.9999999999999996E-001                  2.9797635251138618E-005                  2.7997020236474884E-001                  4.1193902129486445E-003                  1.2067031330276047E-003                  1.1203876416666529E-002                  2.5129237964844936E-003                  9.5710644087274629E-004                  0.0000000000000000E+000                  0.0000000000000000E+000                  0.0000000000000000E+000                  0.0000000000000000E+000                  0.0000000000000000E+000                  0.0000000000000000E+000                  0.0000000000000000E+000                  0.0000000000000000E+000                  0.0000000000000000E+000                  0.0000000000000000E+000                 -7.8192588768642359E+000                 -9.8999999999999986E+001                  0.0000000000000000E+000                  0.0000000000000000E+000                 -9.8999999999999986E+001                 -9.8999999999999986E+001                  1.5830987656605268E+001                 -9.9000000000000000E+001                 -9.9000000000000000E+001                 -9.9000000000000000E+001 
                 1.6306704346728124E-001                  6.9760496366269011E+000                  3.2675110831544409E+001                  2.1979002069768471E+010                 -3.2310634117988197E+000                  5.4502561725282916E+000                  7.2038832564448547E+013                  2.5123690696754139E+001                  3.4285801979064429E+008                  1.6629908542037806E+000                  3.9519055526154723E-001                  6.2146648493414036E-001                  8.2190582841902704E-001                  8.5000496627254152E-001                  2.1963052226505299E+010                  1.5949843263173798E+007                  1.4867266245619301E+003                  3.9520169620610357E-001                  0.0000000000000000E+000                  2.4763504871212517E+004                  2.7623286263331846E+002                  3.6693144319796286E-020                  3.6693144319796280E-020                  0.0000000000000000E+000                  0.0000000000000000E+000                  1.4679692557780269E-021                  0.0000000000000000E+000                  3.5102332784343616E+002                  6.9999999999999996E-001                  2.9797635251138618E-005                  2.7997020236474884E-001                  4.1193902129486445E-003                  1.2067031330276047E-003                  1.1203876416666529E-002                  2.5129237964844936E-003                  9.5710644087274629E-004                  0.0000000000000000E+000                  0.0000000000000000E+000                  0.0000000000000000E+000                  0.0000000000000000E+000                  0.0000000000000000E+000                  0.0000000000000000E+000                  0.0000000000000000E+000                  0.0000000000000000E+000                  0.0000000000000000E+000                  0.0000000000000000E+000                 -7.8189055529251128E+000                 -9.8999999999999986E+001                  0.0000000000000000E+000                  0.0000000000000000E+000                 -9.8999999999999986E+001                 -9.8999999999999986E+001                  1.5835690841833388E+001                 -9.9000000000000000E+001                 -9.9000000000000000E+001                 -9.9000000000000000E+001 
                 1.5659482843066902E-001                  6.8680767449607627E+000                  3.1498771506757929E+001                  2.2386230681905334E+010                 -3.2262688088089528E+000                  5.4534073206416700E+000                  7.2453590607048109E+013                  2.5123021319076251E+001                  3.4281165549635303E+008                  1.6630407158544169E+000                  3.9522984064370259E-001                  6.2145629826527382E-001                  8.2207473629971817E-001                  8.5000496627254152E-001                  2.2369811140918629E+010                  1.6419540986707469E+007                  1.4486142499533489E+003                  3.9524066208415526E-001                  0.0000000000000000E+000                  2.4628407362723523E+004                  2.7100327112119390E+002                  4.1813094955932214E-020                  4.1813094955932214E-020                  0.0000000000000000E+000                  0.0000000000000000E+000                  1.6728012611892221E-021                  0.0000000000000000E+000                  3.5358796976198988E+002                  6.9999999999999996E-001                  2.9797635251138618E-005                  2.7997020236474884E-001                  4.1193902129486445E-003                  1.2067031330276047E-003                  1.1203876416666529E-002                  2.5129237964844936E-003                  9.5710644087274629E-004                  0.0000000000000000E+000                  0.0000000000000000E+000                  0.0000000000000000E+000                  0.0000000000000000E+000                  0.0000000000000000E+000                  0.0000000000000000E+000                  0.0000000000000000E+000                  0.0000000000000000E+000                  0.0000000000000000E+000                  0.0000000000000000E+000                 -7.8185563493891630E+000                 -9.8999999999999986E+001                  0.0000000000000000E+000                  0.0000000000000000E+000                 -9.8999999999999986E+001                 -9.8999999999999986E+001                  1.5840533859226424E+001                 -9.9000000000000000E+001                 -9.9000000000000000E+001                 -9.9000000000000000E+001 
                 1.5014690995387411E-001                  6.7582624564292297E+000                  3.0318285844400510E+001                  2.2801018143352207E+010                 -3.2214744475125889E+000                  5.4565588730312475E+000                  7.2871346903984594E+013                  2.5122435822662212E+001                  3.4276584043464088E+008                  1.6630897561343423E+000                  3.9526842790572791E-001                  6.2144636262319564E-001                  8.2222444153371466E-001                  8.5000496627254152E-001                  2.2784115009845886E+010                  1.6903133506322414E+007                  1.4115633993722045E+003                  3.9527904546810488E-001                  0.0000000000000000E+000                  2.4489985924431199E+004                  2.6588556547145083E+002                  4.7633856997281179E-020                  4.7633856997281185E-020                  0.0000000000000000E+000                  0.0000000000000000E+000                  1.9056703747996472E-021                  0.0000000000000000E+000                  3.5615718277925026E+002                  6.9999999999999996E-001                  2.9797635251138618E-005                  2.7997020236474884E-001                  4.1193902129486445E-003                  1.2067031330276047E-003                  1.1203876416666529E-002                  2.5129237964844936E-003                  9.5710644087274629E-004                  0.0000000000000000E+000                  0.0000000000000000E+000                  0.0000000000000000E+000                  0.0000000000000000E+000                  0.0000000000000000E+000                  0.0000000000000000E+000                  0.0000000000000000E+000                  0.0000000000000000E+000                  0.0000000000000000E+000                  0.0000000000000000E+000                 -7.8182298379307920E+000                 -9.8999999999999986E+001                  0.0000000000000000E+000                  0.0000000000000000E+000                 -9.8999999999999986E+001                 -9.8999999999999986E+001                  1.5845525719398545E+001                 -9.9000000000000000E+001                 -9.9000000000000000E+001                 -9.9000000000000000E+001 
                 1.4372671115618904E-001                  6.6465164918007886E+000                  2.9134334427295883E+001                  2.3223504795216511E+010                 -3.2166804720643780E+000                  5.4597108214450332E+000                  7.3292084111917906E+013                  2.5122006692737447E+001                  3.4272059608908832E+008                  1.6631378456232280E+000                  3.9530612213745620E-001                  6.2143683641540903E-001                  8.2233606344224275E-001                  8.5000496627254152E-001                  2.3206103762829571E+010                  1.7401032386938229E+007                  1.3755476933911361E+003                  3.9531663305081449E-001                  0.0000000000000000E+000                  2.4348018082630711E+004                  2.6087801145223818E+002                  5.4249434309353743E-020                  5.4249434309353743E-020                  0.0000000000000000E+000                  0.0000000000000000E+000                  2.1703373753549907E-021                  0.0000000000000000E+000                  3.5872986116066664E+002                  6.9999999999999996E-001                  2.9797635251138618E-005                  2.7997020236474884E-001                  4.1193902129486445E-003                  1.2067031330276047E-003                  1.1203876416666529E-002                  2.5129237964844936E-003                  9.5710644087274629E-004                  0.0000000000000000E+000                  0.0000000000000000E+000                  0.0000000000000000E+000                  0.0000000000000000E+000                  0.0000000000000000E+000                  0.0000000000000000E+000                  0.0000000000000000E+000                  0.0000000000000000E+000                  0.0000000000000000E+000                  0.0000000000000000E+000                 -7.8179514301137942E+000                 -9.8999999999999986E+001                  0.0000000000000000E+000                  0.0000000000000000E+000                 -9.8999999999999986E+001                 -9.8999999999999986E+001                  1.5850676644407971E+001                 -9.9000000000000000E+001                 -9.9000000000000000E+001                 -9.9000000000000000E+001 
                 1.3733784504831559E-001                  6.5327406905380343E+000                  2.7947650625030533E+001                  2.3653833593207920E+010                 -3.2118869912938424E+000                  5.4628631564072174E+000                  7.3715792871269844E+013                  2.5121795109625833E+001                  3.4267595238713002E+008                  1.6631848606082875E+000                  3.9534279840450665E-001                  6.2142781874741759E-001                  8.2239255210922291E-001                  8.5000496627254152E-001                  2.3635919932048775E+010                  1.7913661159146283E+007                  1.3405442521974362E+003                  3.9535326462525783E-001                  0.0000000000000000E+000                  2.4202268903191565E+004                  2.5597931566403497E+002                  6.1766175536457296E-020                  6.1766175536457296E-020                  0.0000000000000000E+000                  0.0000000000000000E+000                  2.4710569147326420E-021                  0.0000000000000000E+000                  3.6130614921271336E+002                  6.9999999999999996E-001                  2.9797635251138618E-005                  2.7997020236474884E-001                  4.1193902129486445E-003                  1.2067031330276047E-003                  1.1203876416666529E-002                  2.5129237964844936E-003                  9.5710644087274629E-004                  0.0000000000000000E+000                  0.0000000000000000E+000                  0.0000000000000000E+000                  0.0000000000000000E+000                  0.0000000000000000E+000                  0.0000000000000000E+000                  0.0000000000000000E+000                  0.0000000000000000E+000                  0.0000000000000000E+000                  0.0000000000000000E+000                 -7.8177448538377003E+000                 -9.8999999999999986E+001                  0.0000000000000000E+000                  0.0000000000000000E+000                 -9.8999999999999986E+001                 -9.8999999999999986E+001                  1.5855998109481154E+001                 -9.9000000000000000E+001                 -9.9000000000000000E+001                 -9.9000000000000000E+001 
                 1.3098412919158961E-001                  6.4168280309092944E+000                  2.6759020206115064E+001                  2.4092150158872684E+010                 -3.2070938805870171E+000                  5.4660158681213495E+000                  7.4142502531073188E+013                  2.5121779736984553E+001                  3.4263203768892610E+008                  1.6632306888100292E+000                  3.9537848591658720E-001                  6.2141923066637084E-001                  8.2240007975733442E-001                  8.5000496627254152E-001                  2.4073708703071918E+010                  1.8441455800767470E+007                  1.3065331397270713E+003                  3.9538889216789053E-001                  0.0000000000000000E+000                  2.4052485138612530E+004                  2.5118864337065409E+002                  7.0304394669952840E-020                  7.0304394669952852E-020                  0.0000000000000000E+000                  0.0000000000000000E+000                  2.8126423514370102E-021                  0.0000000000000000E+000                  3.6389277568788219E+002                  6.9999999999999996E-001                  2.9797635251138618E-005                  2.7997020236474884E-001                  4.1193902129486445E-003                  1.2067031330276047E-003                  1.1203876416666529E-002                  2.5129237964844936E-003                  9.5710644087274629E-004                  0.0000000000000000E+000                  0.0000000000000000E+000                  0.0000000000000000E+000                  0.0000000000000000E+000                  0.0000000000000000E+000                  0.0000000000000000E+000                  0.0000000000000000E+000                  0.0000000000000000E+000                  0.0000000000000000E+000                  0.0000000000000000E+000                 -7.8176029625541652E+000                 -9.8999999999999986E+001                  0.0000000000000000E+000                  0.0000000000000000E+000                 -9.8999999999999986E+001                 -9.8999999999999986E+001                  1.5861502928744057E+001                 -9.9000000000000000E+001                 -9.9000000000000000E+001                 -9.9000000000000000E+001 
                 1.2466960207254260E-001                  6.2986615402112625E+000                  2.5569264038597904E+001                  2.4538602815167801E+010                 -3.2023009248183110E+000                  5.4691689471928466E+000                  7.4572259098869062E+013                  2.5121915354297396E+001                  3.4258901111745095E+008                  1.6632752383066680E+000                  3.9541326864437287E-001                  6.2141098411332107E-001                  8.2237139464586351E-001                  8.5000496627254152E-001                  2.4519617949946060E+010                  1.8984865221740797E+007                  1.2734960061174766E+003                  3.9542357198979716E-001                  0.0000000000000000E+000                  2.3898387284309159E+004                  2.4650550949136462E+002                  8.0000155476619350E-020                  8.0000155476619350E-020                  0.0000000000000000E+000                  0.0000000000000000E+000                  3.2005371395875503E-021                  0.0000000000000000E+000                  3.6649911512374985E+002                  6.9999999999999996E-001                  2.9797635251138618E-005                  2.7997020236474884E-001                  4.1193902129486445E-003                  1.2067031330276047E-003                  1.1203876416666529E-002                  2.5129237964844936E-003                  9.5710644087274629E-004                  0.0000000000000000E+000                  0.0000000000000000E+000                  0.0000000000000000E+000                  0.0000000000000000E+000                  0.0000000000000000E+000                  0.0000000000000000E+000                  0.0000000000000000E+000                  0.0000000000000000E+000                  0.0000000000000000E+000                  0.0000000000000000E+000                 -7.8175085407295066E+000                 -9.8999999999999986E+001                  0.0000000000000000E+000                  0.0000000000000000E+000                 -9.8999999999999986E+001                 -9.8999999999999986E+001                  1.5867205356895342E+001                 -9.9000000000000000E+001                 -9.9000000000000000E+001                 -9.9000000000000000E+001 
                 1.1839854145854220E-001                  6.1781129722234853E+000                  2.4379234812806576E+001                  2.4993342612675323E+010                 -3.1975079134126450E+000                  5.4723223846786597E+000                  7.5005112435207562E+013                  2.5122161884397283E+001                  3.4254702875922477E+008                  1.6633184254116384E+000                  3.9544723129458037E-001                  6.2140303114826989E-001                  8.2231749606085580E-001                  8.5000496627254152E-001                  2.4973798261015171E+010                  1.9544351660153691E+007                  1.2414150420534029E+003                  3.9545738803240904E-001                  0.0000000000000000E+000                  2.3739664593728350E+004                  2.4192969311880168E+002                  9.1007276995001839E-020                  9.1007276995001851E-020                  0.0000000000000000E+000                  0.0000000000000000E+000                  3.6408950620950145E-021                  0.0000000000000000E+000                  3.6913383292834760E+002                  6.9999999999999996E-001                  2.9797635251138618E-005                  2.7997020236474884E-001                  4.1193902129486445E-003                  1.2067031330276047E-003                  1.1203876416666529E-002                  2.5129237964844936E-003                  9.5710644087274629E-004                  0.0000000000000000E+000                  0.0000000000000000E+000                  0.0000000000000000E+000                  0.0000000000000000E+000                  0.0000000000000000E+000                  0.0000000000000000E+000                  0.0000000000000000E+000                  0.0000000000000000E+000                  0.0000000000000000E+000                  0.0000000000000000E+000                 -7.8174454104776263E+000                 -9.8999999999999986E+001                  0.0000000000000000E+000                  0.0000000000000000E+000                 -9.8999999999999986E+001                 -9.8999999999999986E+001                  1.5873121277935041E+001                 -9.9000000000000000E+001                 -9.9000000000000000E+001                 -9.9000000000000000E+001 
                 1.1217548506571080E-001                  6.0550412161671057E+000                  2.3189825629997731E+001                  2.5456523352055943E+010                 -3.1927146649180913E+000                  5.4754761718066671E+000                  7.5441113648262391E+013                  2.5122487454001554E+001                  3.4250624354670489E+008                  1.6633601530019393E+000                  3.9548043426386098E-001                  6.2139534474194502E-001                  8.2224701669018729E-001                  8.5000496627254152E-001                  2.5436402961025463E+010                  2.0120391030478951E+007                  1.2102725827646368E+003                  3.9549041234793153E-001                  0.0000000000000000E+000                  2.3575965689719706E+004                  2.3746117907832820E+002                  1.0349959494487881E-019                  1.0349959494487882E-019                  0.0000000000000000E+000                  0.0000000000000000E+000                  4.1406707020630587E-021                  0.0000000000000000E+000                  3.7180003548337089E+002                  6.9999999999999996E-001                  2.9797635251138618E-005                  2.7997020236474884E-001                  4.1193902129486445E-003                  1.2067031330276047E-003                  1.1203876416666529E-002                  2.5129237964844936E-003                  9.5710644087274629E-004                  0.0000000000000000E+000                  0.0000000000000000E+000                  0.0000000000000000E+000                  0.0000000000000000E+000                  0.0000000000000000E+000                  0.0000000000000000E+000                  0.0000000000000000E+000                  0.0000000000000000E+000                  0.0000000000000000E+000                  0.0000000000000000E+000                 -7.8173996533843182E+000                 -9.8999999999999986E+001                  0.0000000000000000E+000                  0.0000000000000000E+000                 -9.8999999999999986E+001                 -9.8999999999999986E+001                  1.5879268297135628E+001                 -9.9000000000000000E+001                 -9.9000000000000000E+001                 -9.9000000000000000E+001 
                 1.0600525393562549E-001                  5.9292903971676223E+000                  2.2001994896758347E+001                  2.5928301606592457E+010                 -3.1879210390864694E+000                  5.4786302995100993E+000                  7.5880313051962094E+013                  2.5122872939476309E+001                  3.4246680387648165E+008                  1.6634002916890356E+000                  3.9551288927007311E-001                  6.2138791232299739E-001                  8.2216505310890475E-001                  8.5000496627254152E-001                  2.5907588133352810E+010                  2.0713473239647023E+007                  1.1800504693870087E+003                  3.9552268037200344E-001                  0.0000000000000000E+000                  2.3406886032315731E+004                  2.3309965129565518E+002                  1.1767350367231362E-019                  1.1767350367231362E-019                  0.0000000000000000E+000                  0.0000000000000000E+000                  4.7077211374773761E-021                  0.0000000000000000E+000                  3.7449841619206575E+002                  6.9999999999999996E-001                  2.9797635251138618E-005                  2.7997020236474884E-001                  4.1193902129486445E-003                  1.2067031330276047E-003                  1.1203876416666529E-002                  2.5129237964844936E-003                  9.5710644087274629E-004                  0.0000000000000000E+000                  0.0000000000000000E+000                  0.0000000000000000E+000                  0.0000000000000000E+000                  0.0000000000000000E+000                  0.0000000000000000E+000                  0.0000000000000000E+000                  0.0000000000000000E+000                  0.0000000000000000E+000                  0.0000000000000000E+000                 -7.8173614454518692E+000                 -9.8999999999999986E+001                  0.0000000000000000E+000                  0.0000000000000000E+000                 -9.8999999999999986E+001                 -9.8999999999999986E+001                  1.5885665940966794E+001                 -9.9000000000000000E+001                 -9.9000000000000000E+001                 -9.9000000000000000E+001 
                 9.9892978968399854E-002                  5.8006875967171068E+000                  2.0816781458700252E+001                  2.6408836748136105E+010                 -3.1831269543669789E+000                  5.4817847578282448E+000                  7.6322759158896781E+013                  2.5123313129814534E+001                  3.4242885058625990E+008                  1.6634386672973493E+000                  3.9554454179932275E-001                  6.2138072162237190E-001                  8.2207275032757710E-001                  8.5000496627254152E-001                  2.6387512645662922E+010                  2.1324102473181318E+007                  1.1507266462889372E+003                  3.9555416994272952E-001                  0.0000000000000000E+000                  2.3231962579740411E+004                  2.2884349379691537E+002                  1.3375080802780494E-019                  1.3375080802780494E-019                  0.0000000000000000E+000                  0.0000000000000000E+000                  5.3509200352783767E-021                  0.0000000000000000E+000                  3.7722924650655079E+002                  6.9999999999999996E-001                  2.9797635251138618E-005                  2.7997020236474884E-001                  4.1193902129486445E-003                  1.2067031330276047E-003                  1.1203876416666529E-002                  2.5129237964844936E-003                  9.5710644087274629E-004                  0.0000000000000000E+000                  0.0000000000000000E+000                  0.0000000000000000E+000                  0.0000000000000000E+000                  0.0000000000000000E+000                  0.0000000000000000E+000                  0.0000000000000000E+000                  0.0000000000000000E+000                  0.0000000000000000E+000                  0.0000000000000000E+000                 -7.8173260893365661E+000                 -9.8999999999999986E+001                  0.0000000000000000E+000                  0.0000000000000000E+000                 -9.8999999999999986E+001                 -9.8999999999999986E+001                  1.5892336202324723E+001                 -9.9000000000000000E+001                 -9.9000000000000000E+001                 -9.9000000000000000E+001 
                 9.3844131242625473E-002                  5.6690400957793647E+000                  1.9635314158179838E+001                  2.6898290975705173E+010                 -3.1783324897895411E+000                  5.4849395350940249E+000                  7.6768501477726875E+013                  2.5123788883620875E+001                  3.4239248079441750E+008                  1.6634750731916481E+000                  3.9557522963767366E-001                  6.2137365676888290E-001                  8.2197311874445567E-001                  8.5000496627254152E-001                  2.6876338178276520E+010                  2.1952797428652022E+007                  1.1222744645539760E+003                  3.9558477166472950E-001                  0.0000000000000000E+000                  2.3050668443372957E+004                  2.2469043626743394E+002                  1.5198189033487399E-019                  1.5198189033487399E-019                  0.0000000000000000E+000                  0.0000000000000000E+000                  6.0802843511449045E-021                  0.0000000000000000E+000                  3.7998953260795599E+002                  6.9999999999999996E-001                  2.9797635251138618E-005                  2.7997020236474884E-001                  4.1193902129486445E-003                  1.2067031330276047E-003                  1.1203876416666529E-002                  2.5129237964844936E-003                  9.5710644087274629E-004                  0.0000000000000000E+000                  0.0000000000000000E+000                  0.0000000000000000E+000                  0.0000000000000000E+000                  0.0000000000000000E+000                  0.0000000000000000E+000                  0.0000000000000000E+000                  0.0000000000000000E+000                  0.0000000000000000E+000                  0.0000000000000000E+000                 -7.8172907427616201E+000                 -9.8999999999999986E+001                  0.0000000000000000E+000                  0.0000000000000000E+000                 -9.8999999999999986E+001                 -9.8999999999999986E+001                  1.5899304135244552E+001                 -9.9000000000000000E+001                 -9.9000000000000000E+001                 -9.9000000000000000E+001 
                 8.7864556988620571E-002                  5.5341319894450880E+000                  1.8458831323262022E+001                  2.7396829354652107E+010                 -3.1735378093977693E+000                  5.4880946173353760E+000                  7.7217591377272094E+013                  2.5124257089299061E+001                  3.4235775819901317E+008                  1.6635093191785091E+000                  3.9560475964420683E-001                  6.2136650182199060E-001                  8.2187463153456830E-001                  8.5000496627254152E-001                  2.7374229263077545E+010                  2.2600091574561831E+007                  1.0946655090888646E+003                  3.9561430688755084E-001                  0.0000000000000000E+000                  2.2862406555163376E+004                  2.2063777347550575E+002                  1.7264931015471157E-019                  1.7264931015471157E-019                  0.0000000000000000E+000                  0.0000000000000000E+000                  6.9071183439970080E-021                  0.0000000000000000E+000                  3.8277511332382966E+002                  6.9999999999999996E-001                  2.9797635251138618E-005                  2.7997020236474884E-001                  4.1193902129486445E-003                  1.2067031330276047E-003                  1.1203876416666529E-002                  2.5129237964844936E-003                  9.5710644087274629E-004                  0.0000000000000000E+000                  0.0000000000000000E+000                  0.0000000000000000E+000                  0.0000000000000000E+000                  0.0000000000000000E+000                  0.0000000000000000E+000                  0.0000000000000000E+000                  0.0000000000000000E+000                  0.0000000000000000E+000                  0.0000000000000000E+000                 -7.8172493437526782E+000                 -9.8999999999999986E+001                  0.0000000000000000E+000                  0.0000000000000000E+000                 -9.8999999999999986E+001                 -9.8999999999999986E+001                  1.5906598541470210E+001                 -9.9000000000000000E+001                 -9.9000000000000000E+001                 -9.9000000000000000E+001 
                 8.1960518242867098E-002                  5.3957200590624286E+000                  1.7288694649393420E+001                  2.7904619860761974E+010                 -3.1687430314922032E+000                  5.4912499883298063E+000                  7.7670081150709594E+013                  2.5124669166418290E+001                  3.4232474479424191E+008                  1.6635412588847827E+000                  3.9563298831367277E-001                  6.2135903610104948E-001                  8.2178767339527192E-001                  8.5000496627254152E-001                  2.7881353327226791E+010                  2.3266533535184115E+007                  1.0678706520507374E+003                  3.9564260645588123E-001                  0.0000000000000000E+000                  2.2666497109772572E+004                  2.1668244640954930E+002                  1.9607188471442877E-019                  1.9607188471442877E-019                  0.0000000000000000E+000                  0.0000000000000000E+000                  7.8441768202377645E-021                  0.0000000000000000E+000                  3.8558425570935708E+002                  6.9999999999999996E-001                  2.9797635251138618E-005                  2.7997020236474884E-001                  4.1193902129486445E-003                  1.2067031330276047E-003                  1.1203876416666529E-002                  2.5129237964844936E-003                  9.5710644087274629E-004                  0.0000000000000000E+000                  0.0000000000000000E+000                  0.0000000000000000E+000                  0.0000000000000000E+000                  0.0000000000000000E+000                  0.0000000000000000E+000                  0.0000000000000000E+000                  0.0000000000000000E+000                  0.0000000000000000E+000                  0.0000000000000000E+000                 -7.8171935117812961E+000                 -9.8999999999999986E+001                  0.0000000000000000E+000                  0.0000000000000000E+000                 -9.8999999999999986E+001                 -9.8999999999999986E+001                  1.5914252743498936E+001                 -9.9000000000000000E+001                 -9.9000000000000000E+001                 -9.9000000000000000E+001 
                 7.6138740471638627E-002                  5.2535287012206142E+000                  1.6126393641927773E+001                  2.8421833413718079E+010                 -3.1639482117303035E+000                  5.4944056299548807E+000                  7.8126025322697328E+013                  2.5124974127411402E+001                  3.4229349981169128E+008                  1.6635708055706482E+000                  3.9565983423489426E-001                  6.2135105801327106E-001                  8.2172329418454881E-001                  8.5000496627254152E-001                  2.8397880726168877E+010                  2.3952687549201563E+007                  1.0418600062346277E+003                  3.9566955700756995E-001                  0.0000000000000000E+000                  2.2462160991195520E+004                  2.1282108658326786E+002                  2.2260924575159541E-019                  2.2260924575159545E-019                  0.0000000000000000E+000                  0.0000000000000000E+000                  8.9058474378128629E-021                  0.0000000000000000E+000                  3.8841729126124909E+002                  6.9999999999999996E-001                  2.9797635251138618E-005                  2.7997020236474884E-001                  4.1193902129486445E-003                  1.2067031330276047E-003                  1.1203876416666529E-002                  2.5129237964844936E-003                  9.5710644087274629E-004                  0.0000000000000000E+000                  0.0000000000000000E+000                  0.0000000000000000E+000                  0.0000000000000000E+000                  0.0000000000000000E+000                  0.0000000000000000E+000                  0.0000000000000000E+000                  0.0000000000000000E+000                  0.0000000000000000E+000                  0.0000000000000000E+000                 -7.8171137070873353E+000                 -9.8999999999999986E+001                  0.0000000000000000E+000                  0.0000000000000000E+000                 -9.8999999999999986E+001                 -9.8999999999999986E+001                  1.5922305537629340E+001                 -9.9000000000000000E+001                 -9.9000000000000000E+001                 -9.9000000000000000E+001 
                 7.0406468832849609E-002                  5.1072435792690412E+000                  1.4973553696990781E+001                  2.8948643889191929E+010                 -3.1591533358388033E+000                  5.4975615224816341E+000                  7.8585481545190891E+013                  2.5125120770246369E+001                  3.4226407811555976E+008                  1.6635979428615639E+000                  3.9568528447332724E-001                  6.2134240176721578E-001                  8.2169222402740838E-001                  8.5000496627254152E-001                  2.8923984755256344E+010                  2.4659133935586140E+007                  1.0166027782220837E+003                  3.9569511048534217E-001                  0.0000000000000000E+000                  2.2248496419667572E+004                  2.0905005898801264E+002                  2.5266695519889239E-019                  2.5266695519889234E-019                  0.0000000000000000E+000                  0.0000000000000000E+000                  1.0108355367589136E-020                  0.0000000000000000E+000                  3.9127503234256653E+002                  6.9999999999999996E-001                  2.9797635251138618E-005                  2.7997020236474884E-001                  4.1193902129486445E-003                  1.2067031330276047E-003                  1.1203876416666529E-002                  2.5129237964844936E-003                  9.5710644087274629E-004                  0.0000000000000000E+000                  0.0000000000000000E+000                  0.0000000000000000E+000                  0.0000000000000000E+000                  0.0000000000000000E+000                  0.0000000000000000E+000                  0.0000000000000000E+000                  0.0000000000000000E+000                  0.0000000000000000E+000                  0.0000000000000000E+000                 -7.8170002390953339E+000                 -9.8999999999999986E+001                  0.0000000000000000E+000                  0.0000000000000000E+000                 -9.8999999999999986E+001                 -9.8999999999999986E+001                  1.5930802351940882E+001                 -9.9000000000000000E+001                 -9.9000000000000000E+001                 -9.9000000000000000E+001 
                 6.4771535308238273E-002                  4.9565035760508174E+000                  1.3831951932408435E+001                  2.9485228092931011E+010                 -3.1543583190276898E+000                  5.5007176446863291E+000                  7.9048510781651359E+013                  2.5125059879605413E+001                  3.4223652873112082E+008                  1.6636227306688141E+000                  3.9570939680848166E-001                  6.2133295012445222E-001                  8.2170397921727423E-001                  8.5000496627254152E-001                  2.9459841623394756E+010                  2.5386469536254618E+007                  9.9206735481122632E+002                  3.9571928830570025E-001                  0.0000000000000000E+000                  2.2024445557660561E+004                  2.0536550627947804E+002                  2.8670224593680627E-019                  2.8670224593680627E-019                  0.0000000000000000E+000                  0.0000000000000000E+000                  1.1469992961609650E-020                  0.0000000000000000E+000                  3.9415858571894626E+002                  6.9999999999999996E-001                  2.9797635251138618E-005                  2.7997020236474884E-001                  4.1193902129486445E-003                  1.2067031330276047E-003                  1.1203876416666529E-002                  2.5129237964844936E-003                  9.5710644087274629E-004                  0.0000000000000000E+000                  0.0000000000000000E+000                  0.0000000000000000E+000                  0.0000000000000000E+000                  0.0000000000000000E+000                  0.0000000000000000E+000                  0.0000000000000000E+000                  0.0000000000000000E+000                  0.0000000000000000E+000                  0.0000000000000000E+000                 -7.8168442184426503E+000                 -9.8999999999999986E+001                  0.0000000000000000E+000                  0.0000000000000000E+000                 -9.8999999999999986E+001                 -9.8999999999999986E+001                  1.5939796721319444E+001                 -9.9000000000000000E+001                 -9.9000000000000000E+001                 -9.9000000000000000E+001 
                 5.9242439661860609E-002                  4.8008904543427278E+000                  1.2703537084435359E+001                  3.0031765679588203E+010                 -3.1495630610375618E+000                  5.5038739737683802E+000                  7.9515150753811500E+013                  2.5124783912579272E+001                  3.4221083552026808E+008                  1.6636453470985946E+000                  3.9573232223819510E-001                  6.2132274646939378E-001                  8.2175741771255573E-001                  8.5000496627254152E-001                  3.0005630371463215E+010                  2.6135308124988336E+007                  9.6822193553500665E+002                  3.9574219392288534E-001                  0.0000000000000000E+000                  2.1788753730040582E+004                  2.0176362607317117E+002                  3.2523042176821298E-019                  3.2523042176821298E-019                  0.0000000000000000E+000                  0.0000000000000000E+000                  1.3011375794605890E-020                  0.0000000000000000E+000                  3.9706820673461732E+002                  6.9999999999999996E-001                  2.9797635251138618E-005                  2.7997020236474884E-001                  4.1193902129486445E-003                  1.2067031330276047E-003                  1.1203876416666529E-002                  2.5129237964844936E-003                  9.5710644087274629E-004                  0.0000000000000000E+000                  0.0000000000000000E+000                  0.0000000000000000E+000                  0.0000000000000000E+000                  0.0000000000000000E+000                  0.0000000000000000E+000                  0.0000000000000000E+000                  0.0000000000000000E+000                  0.0000000000000000E+000                  0.0000000000000000E+000                 -7.8166472351920717E+000                 -9.8999999999999986E+001                  0.0000000000000000E+000                  0.0000000000000000E+000                 -9.8999999999999986E+001                 -9.8999999999999986E+001                  1.5949352344261142E+001                 -9.9000000000000000E+001                 -9.9000000000000000E+001                 -9.9000000000000000E+001 
                 5.3828448086625916E-002                  4.6399153480600397E+000                  1.1590457061084816E+001                  3.0588439004972851E+010                 -3.1447675610658807E+000                  5.5070304848559504E+000                  7.9985382882942562E+013                  2.5124358753108059E+001                  3.4218686323661649E+008                  1.6636660719180869E+000                  3.9575426148857185E-001                  6.2131206127889960E-001                  8.2183481662160451E-001                  8.5000496627254152E-001                  3.0561532724253513E+010                  2.6906280719338465E+007                  9.4503632274860433E+002                  3.9576400198791817E-001                  0.0000000000000000E+000                  2.1539921317819349E+004                  1.9824113322540572E+002                  3.6883195242509716E-019                  3.6883195242509716E-019                  0.0000000000000000E+000                  0.0000000000000000E+000                  1.4755726511414749E-020                  0.0000000000000000E+000                  4.0000040921040744E+002                  6.9999999999999996E-001                  2.9797635251138618E-005                  2.7997020236474884E-001                  4.1193902129486445E-003                  1.2067031330276047E-003                  1.1203876416666529E-002                  2.5129237964844936E-003                  9.5710644087274629E-004                  0.0000000000000000E+000                  0.0000000000000000E+000                  0.0000000000000000E+000                  0.0000000000000000E+000                  0.0000000000000000E+000                  0.0000000000000000E+000                  0.0000000000000000E+000                  0.0000000000000000E+000                  0.0000000000000000E+000                  0.0000000000000000E+000                 -7.8164272640685279E+000                 -9.8999999999999986E+001                  0.0000000000000000E+000                  0.0000000000000000E+000                 -9.8999999999999986E+001                 -9.8999999999999986E+001                  1.5959545980432058E+001                 -9.9000000000000000E+001                 -9.9000000000000000E+001                 -9.9000000000000000E+001 
                 4.8539714913706622E-002                  4.4730007946555359E+000                  1.0495099802491366E+001                  3.1155432902105515E+010                 -3.1399718914077726E+000                  5.5101871494994743E+000                  8.0459174981817734E+013                  2.5123842127845151E+001                  3.4216447588951778E+008                  1.6636851395285663E+000                  3.9577534361542871E-001                  6.2130114135782877E-001                  8.2192261759627194E-001                  8.5000496627254152E-001                  3.1127732866484436E+010                  2.7700035621078227E+007                  9.2248314956236754E+002                  3.9578487525939249E-001                  0.0000000000000000E+000                  2.1276136577936439E+004                  1.9479504376856954E+002                  4.1816047710444698E-019                  4.1816047710444698E-019                  0.0000000000000000E+000                  0.0000000000000000E+000                  1.6729195021602822E-020                  0.0000000000000000E+000                  4.0294923779440109E+002                  6.9999999999999996E-001                  2.9797635251138618E-005                  2.7997020236474884E-001                  4.1193902129486445E-003                  1.2067031330276047E-003                  1.1203876416666529E-002                  2.5129237964844936E-003                  9.5710644087274629E-004                  0.0000000000000000E+000                  0.0000000000000000E+000                  0.0000000000000000E+000                  0.0000000000000000E+000                  0.0000000000000000E+000                  0.0000000000000000E+000                  0.0000000000000000E+000                  0.0000000000000000E+000                  0.0000000000000000E+000                  0.0000000000000000E+000                 -7.8161973693673517E+000                 -9.8999999999999986E+001                  0.0000000000000000E+000                  0.0000000000000000E+000                 -9.8999999999999986E+001                 -9.8999999999999986E+001                  1.5970471379660406E+001                 -9.9000000000000000E+001                 -9.9000000000000000E+001                 -9.9000000000000000E+001 
                 4.3387435013961785E-002                  4.2994564498060601E+000                  9.4201368792212072E+000                  3.1732934332622841E+010                 -3.1351761872741295E+000                  5.5133439330578087E+000                  8.0936487251252016E+013                  2.5123271575669278E+001                  3.4214355341579711E+008                  1.6637027175557102E+000                  3.9579561528849444E-001                  6.2129017212339355E-001                  8.2201457833065572E-001                  8.5000496627254152E-001                  3.1704417094518230E+010                  2.8517238104609314E+007                  9.0053787070949249E+002                  3.9580489889818676E-001                  0.0000000000000000E+000                  2.0995180600861022E+004                  1.9142263769378729E+002                  4.7395171933559101E-019                  4.7395171933559101E-019                  0.0000000000000000E+000                  0.0000000000000000E+000                  1.8961215153406941E-020                  0.0000000000000000E+000                  4.0590948428162648E+002                  6.9999999999999996E-001                  2.9797635251138618E-005                  2.7997020236474884E-001                  4.1193902129486445E-003                  1.2067031330276047E-003                  1.1203876416666529E-002                  2.5129237964844936E-003                  9.5710644087274629E-004                  0.0000000000000000E+000                  0.0000000000000000E+000                  0.0000000000000000E+000                  0.0000000000000000E+000                  0.0000000000000000E+000                  0.0000000000000000E+000                  0.0000000000000000E+000                  0.0000000000000000E+000                  0.0000000000000000E+000                  0.0000000000000000E+000                 -7.8159624873138256E+000                 -9.8999999999999986E+001                  0.0000000000000000E+000                  0.0000000000000000E+000                 -9.8999999999999986E+001                 -9.8999999999999986E+001                  1.5982244766340957E+001                 -9.9000000000000000E+001                 -9.9000000000000000E+001                 -9.9000000000000000E+001 
                 3.8384037902278761E-002                  4.1184455196163077E+000                  8.3685676465611856E+000                  3.2321131831937840E+010                 -3.1303806399507907E+000                  5.5165007910894559E+000                  8.1417272257810078E+013                  2.5122663942147199E+001                  3.4212399155093235E+008                  1.6637189052399119E+000                  3.9581504624826147E-001                  6.2127927487766987E-001                  8.2211196787774155E-001                  8.5000496627254152E-001                  3.2291773262221317E+010                  2.9358569716521952E+007                  8.7917871728911723E+002                  3.9582407775098777E-001                  0.0000000000000000E+000                  2.0694299127746854E+004                  1.8812146661782333E+002                  5.3703340297249385E-019                  5.3703340297249395E-019                  0.0000000000000000E+000                  0.0000000000000000E+000                  2.1484901359329044E-020                  0.0000000000000000E+000                  4.0888102054280819E+002                  6.9999999999999996E-001                  2.9797635251138618E-005                  2.7997020236474884E-001                  4.1193902129486445E-003                  1.2067031330276047E-003                  1.1203876416666529E-002                  2.5129237964844936E-003                  9.5710644087274629E-004                  0.0000000000000000E+000                  0.0000000000000000E+000                  0.0000000000000000E+000                  0.0000000000000000E+000                  0.0000000000000000E+000                  0.0000000000000000E+000                  0.0000000000000000E+000                  0.0000000000000000E+000                  0.0000000000000000E+000                  0.0000000000000000E+000                 -7.8157192628912000E+000                 -9.8999999999999986E+001                  0.0000000000000000E+000                  0.0000000000000000E+000                 -9.8999999999999986E+001                 -9.8999999999999986E+001                  1.5995012854551904E+001                 -9.9000000000000000E+001                 -9.9000000000000000E+001                 -9.9000000000000000E+001 
                 3.3543439869271843E-002                  3.9289371575991732E+000                  7.3437663404083287E+000                  3.2920214596621731E+010                 -3.1255854862001811E+000                  5.5196576641118975E+000                  8.1901475248854297E+013                  2.5122015789799885E+001                  3.4210570080359662E+008                  1.6637337361208859E+000                  3.9583353888908984E-001                  6.2126850811992251E-001                  8.2222337457555705E-001                  8.5000496627254152E-001                  3.2889989869681328E+010                  3.0224726940401644E+007                  8.5838558632755360E+002                  3.9584234362054838E-001                  0.0000000000000000E+000                  2.0370020366165612E+004                  1.8488936174853680E+002                  6.0833625089425530E-019                  6.0833625089425520E-019                  0.0000000000000000E+000                  0.0000000000000000E+000                  2.4337488737258245E-020                  0.0000000000000000E+000                  4.1186392592257681E+002                  6.9999999999999996E-001                  2.9797635251138618E-005                  2.7997020236474884E-001                  4.1193902129486445E-003                  1.2067031330276047E-003                  1.1203876416666529E-002                  2.5129237964844936E-003                  9.5710644087274629E-004                  0.0000000000000000E+000                  0.0000000000000000E+000                  0.0000000000000000E+000                  0.0000000000000000E+000                  0.0000000000000000E+000                  0.0000000000000000E+000                  0.0000000000000000E+000                  0.0000000000000000E+000                  0.0000000000000000E+000                  0.0000000000000000E+000                 -7.8154563127673580E+000                 -9.8999999999999986E+001                  0.0000000000000000E+000                  0.0000000000000000E+000                 -9.8999999999999986E+001                 -9.8999999999999986E+001                  1.6008964552674680E+001                 -9.9000000000000000E+001                 -9.9000000000000000E+001                 -9.9000000000000000E+001 
                 2.8881379168245753E-002                  3.7296369039606900E+000                  6.3495626357653956E+000                  3.3530370913130985E+010                 -3.1207909729178427E+000                  5.5228144694053176E+000                  8.2389038473019469E+013                  2.5121311735259535E+001                  3.4208860183268738E+008                  1.6637471762106337E+000                  3.9585095764593314E-001                  6.2125788068085064E-001                  8.2236181714161349E-001                  8.5000496627254152E-001                  3.3499254494396233E+010                  3.1116418734752860E+007                  8.3813995545794955E+002                  3.9585957466050492E-001                  0.0000000000000000E+000                  2.0017862420114961E+004                  1.8172444898586684E+002                  6.8890614617770656E-019                  6.8890614617770656E-019                  0.0000000000000000E+000                  0.0000000000000000E+000                  2.7560819558207866E-020                  0.0000000000000000E+000                  4.1485789633364323E+002                  6.9999999999999996E-001                  2.9797635251138618E-005                  2.7997020236474884E-001                  4.1193902129486445E-003                  1.2067031330276047E-003                  1.1203876416666529E-002                  2.5129237964844936E-003                  9.5710644087274629E-004                  0.0000000000000000E+000                  0.0000000000000000E+000                  0.0000000000000000E+000                  0.0000000000000000E+000                  0.0000000000000000E+000                  0.0000000000000000E+000                  0.0000000000000000E+000                  0.0000000000000000E+000                  0.0000000000000000E+000                  0.0000000000000000E+000                 -7.8151577923603455E+000                 -9.8999999999999986E+001                  0.0000000000000000E+000                  0.0000000000000000E+000                 -9.8999999999999986E+001                 -9.8999999999999986E+001                  1.6024348365900220E+001                 -9.9000000000000000E+001                 -9.9000000000000000E+001                 -9.9000000000000000E+001 
                 2.4415874072181733E-002                  3.5188813537624890E+000                  5.3903527445950719E+000                  3.4151785299135403E+010                 -3.1159972457305392E+000                  5.5259710873386245E+000                  8.2879919439539031E+013                  2.5120567922185398E+001                  3.4207260503722513E+008                  1.6637591149717996E+000                  3.9586724220069414E-001                  6.2124742477038608E-001                  8.2252998004623257E-001                  8.5000496627254152E-001                  3.4119750937139080E+010                  3.2034361996321786E+007                  8.1842500615480060E+002                  3.9587566734543989E-001                  0.0000000000000000E+000                  1.9631871671486228E+004                  1.7862518497517044E+002                  7.7991754758042525E-019                  7.7991754758042516E-019                  0.0000000000000000E+000                  0.0000000000000000E+000                  3.1201879974814486E-020                  0.0000000000000000E+000                  4.1786555043542319E+002                  6.9999999999999996E-001                  2.9797635251138618E-005                  2.7997020236474884E-001                  4.1193902129486445E-003                  1.2067031330276047E-003                  1.1203876416666529E-002                  2.5129237964844936E-003                  9.5710644087274629E-004                  0.0000000000000000E+000                  0.0000000000000000E+000                  0.0000000000000000E+000                  0.0000000000000000E+000                  0.0000000000000000E+000                  0.0000000000000000E+000                  0.0000000000000000E+000                  0.0000000000000000E+000                  0.0000000000000000E+000                  0.0000000000000000E+000                 -7.8148210595572412E+000                 -9.8999999999999986E+001                  0.0000000000000000E+000                  0.0000000000000000E+000                 -9.8999999999999986E+001                 -9.8999999999999986E+001                  1.6041500069950899E+001                 -9.9000000000000000E+001                 -9.9000000000000000E+001                 -9.9000000000000000E+001 
                 2.0167869894568473E-002                  3.2944716227469955E+000                  4.4712475891631787E+000                  3.4784632939972847E+010                 -3.1112044607787626E+000                  5.5291273355232349E+000                  8.3374075826413156E+013                  2.5119827322894878E+001                  3.4205760755042064E+008                  1.6637694494006008E+000                  3.9588241299805499E-001                  6.2123723125207075E-001                  8.2272116835430076E-001                  8.5000496627254152E-001                  3.4751653667437401E+010                  3.2979272535443749E+007                  7.9922423728708941E+002                  3.9589059462140774E-001                  0.0000000000000000E+000                  1.9203872562509867E+004                  1.7559026772848796E+002                  8.8268741557454040E-019                  8.8268741557454059E-019                  0.0000000000000000E+000                  0.0000000000000000E+000                  3.5313357155267890E-020                  0.0000000000000000E+000                  4.2088958370472079E+002                  6.9999999999999996E-001                  2.9797635251138618E-005                  2.7997020236474884E-001                  4.1193902129486445E-003                  1.2067031330276047E-003                  1.1203876416666529E-002                  2.5129237964844936E-003                  9.5710644087274629E-004                  0.0000000000000000E+000                  0.0000000000000000E+000                  0.0000000000000000E+000                  0.0000000000000000E+000                  0.0000000000000000E+000                  0.0000000000000000E+000                  0.0000000000000000E+000                  0.0000000000000000E+000                  0.0000000000000000E+000                  0.0000000000000000E+000                 -7.8144540759123640E+000                 -9.8999999999999986E+001                  0.0000000000000000E+000                  0.0000000000000000E+000                 -9.8999999999999986E+001                 -9.8999999999999986E+001                  1.6060888962579398E+001                 -9.9000000000000000E+001                 -9.9000000000000000E+001                 -9.9000000000000000E+001 
                 1.6162190901846191E-002                  3.0533953157645750E+000                  3.5983003032775773E+000                  3.5429068099983635E+010                 -3.1064129189330418E+000                  5.5322829179560733E+000                  8.3871451226696688E+013                  2.5119147877221188E+001                  3.4204349768677151E+008                  1.6637781119470163E+000                  3.9589654857119971E-001                  6.2122743542290459E-001                  8.2292323975576698E-001                  8.5000496627254152E-001                  3.5395116253277046E+010                  3.3951846706592314E+007                  7.8051987419266777E+002                  3.9590476758014026E-001                  0.0000000000000000E+000                  1.8955576151202960E+004                  1.7261850676603652E+002                  9.9868897909031967E-019                  9.9868897909031948E-019                  0.0000000000000000E+000                  0.0000000000000000E+000                  3.9954190044587698E-020                  0.0000000000000000E+000                  4.2393051752574036E+002                  6.9999999999999996E-001                  2.9797635251138618E-005                  2.7997020236474884E-001                  4.1193902129486445E-003                  1.2067031330276047E-003                  1.1203876416666529E-002                  2.5129237964844936E-003                  9.5710644087274629E-004                  0.0000000000000000E+000                  0.0000000000000000E+000                  0.0000000000000000E+000                  0.0000000000000000E+000                  0.0000000000000000E+000                  0.0000000000000000E+000                  0.0000000000000000E+000                  0.0000000000000000E+000                  0.0000000000000000E+000                  0.0000000000000000E+000                 -7.8140704280905151E+000                 -9.8999999999999986E+001                  0.0000000000000000E+000                  0.0000000000000000E+000                 -9.8999999999999986E+001                 -9.8999999999999986E+001                  1.6080509557306364E+001                 -9.9000000000000000E+001                 -9.9000000000000000E+001                 -9.9000000000000000E+001 
                 1.2429014882556065E-002                  2.7913293482485080E+000                  2.7788608932269696E+000                  3.6365955455817070E+010                 -3.0996110764270401E+000                  5.5367801027636299E+000                  8.4586068189359172E+013                  2.5118523686471921E+001                  3.4202469347722805E+008                  1.6637874146962932E+000                  3.9591518669989118E-001                  6.2121446527303459E-001                  8.2319757457465126E-001                  8.5000496627254152E-001                  3.6330567771809631E+010                  3.5387684007441245E+007                  7.6232178510844085E+002                  3.9591926050042908E-001                  0.0000000000000000E+000                  1.9564484288895586E+004                  1.6848245179189973E+002                  1.1901781339554536E-018                  1.1901781339554536E-018                  0.0000000000000000E+000                  0.0000000000000000E+000                  4.7615027930049313E-020                  0.0000000000000000E+000                  4.2829311341046861E+002                  6.9999999999999996E-001                  2.9797635251138618E-005                  2.7997020236474884E-001                  4.1193902129486445E-003                  1.2067031330276047E-003                  1.1203876416666529E-002                  2.5129237964844936E-003                  9.5710644087274629E-004                  0.0000000000000000E+000                  0.0000000000000000E+000                  0.0000000000000000E+000                  0.0000000000000000E+000                  0.0000000000000000E+000                  0.0000000000000000E+000                  0.0000000000000000E+000                  0.0000000000000000E+000                  0.0000000000000000E+000                  0.0000000000000000E+000                 -7.8135921162476620E+000                 -9.8999999999999986E+001                  0.0000000000000000E+000                  0.0000000000000000E+000                 -9.8999999999999986E+001                 -9.8999999999999986E+001                  1.6093438854532067E+001                 -9.9000000000000000E+001                 -9.9000000000000000E+001                 -9.9000000000000000E+001 
                 5.9443162161503874E-003                  2.1728915428677720E+000                  1.3408088958589535E+000                  3.7454397926006294E+010                 -3.0918958258996412E+000                  5.5418319859049676E+000                  8.5396790042410141E+013                  2.5118132279958417E+001                  3.4200495316575587E+008                  1.6637940519264462E+000                  3.9593458698488571E-001                  6.2120184074365459E-001                  8.2342723539165485E-001                  8.5000496627254152E-001                  3.7417324760230301E+010                  3.7073165775990419E+007                  7.2688585520664367E+002                  3.9594762974020170E-001                  0.0000000000000000E+000                  2.1340107522723196E+004                  1.6399586883174206E+002                  1.4486668021056802E-018                  1.4486668021056802E-018                  0.0000000000000000E+000                  0.0000000000000000E+000                  5.7956291370965441E-020                  0.0000000000000000E+000                  4.3322982572985813E+002                  6.9999999999999996E-001                  2.9797635251138618E-005                  2.7997020236474884E-001                  4.1193902129486445E-003                  1.2067031330276047E-003                  1.1203876416666529E-002                  2.5129237964844936E-003                  9.5710644087274629E-004                  0.0000000000000000E+000                  0.0000000000000000E+000                  0.0000000000000000E+000                  0.0000000000000000E+000                  0.0000000000000000E+000                  0.0000000000000000E+000                  0.0000000000000000E+000                  0.0000000000000000E+000                  0.0000000000000000E+000                  0.0000000000000000E+000                 -7.8129579323548137E+000                 -9.8999999999999986E+001                  0.0000000000000000E+000                  0.0000000000000000E+000                 -9.8999999999999986E+001                 -9.8999999999999986E+001                  1.6129511094344270E+001                 -9.9000000000000000E+001                 -9.9000000000000000E+001                 -9.9000000000000000E+001 
                 3.3147562441980687E-003                  1.7844589187314770E+000                  7.5095408414061326E-001                  3.8073525291786797E+010                 -3.0876143573108852E+000                  5.5446478932076149E+000                  8.5852516201309469E+013                  2.5118298728665746E+001                  3.4199462746232164E+008                  1.6637958131105794E+000                  3.9594485825039383E-001                  6.2119573069591993E-001                  8.2350718524726341E-001                  8.5000496627254152E-001                  3.8035478039130943E+010                  3.8047252655854009E+007                  7.0988549139660483E+002                  3.9596214375177741E-001                  0.0000000000000000E+000                  2.2826148591807498E+004                  1.6155410801408925E+002                  1.6158121809211953E-018                  1.6158121809211951E-018                  0.0000000000000000E+000                  0.0000000000000000E+000                  6.4643216631871315E-020                  0.0000000000000000E+000                  4.3600205383251534E+002                  6.9999999999999996E-001                  2.9797635251138618E-005                  2.7997020236474884E-001                  4.1193902129486445E-003                  1.2067031330276047E-003                  1.1203876416666529E-002                  2.5129237964844936E-003                  9.5710644087274629E-004                  0.0000000000000000E+000                  0.0000000000000000E+000                  0.0000000000000000E+000                  0.0000000000000000E+000                  0.0000000000000000E+000                  0.0000000000000000E+000                  0.0000000000000000E+000                  0.0000000000000000E+000                  0.0000000000000000E+000                  0.0000000000000000E+000                 -7.8126973557372565E+000                 -9.8999999999999986E+001                  0.0000000000000000E+000                  0.0000000000000000E+000                 -9.8999999999999986E+001                 -9.8999999999999986E+001                  1.6157914881390894E+001                 -9.9000000000000000E+001                 -9.9000000000000000E+001                 -9.9000000000000000E+001 
                 1.7154865245610652E-003                  1.4302731654259253E+000                  3.8991522525729549E-001                  3.8525472967772133E+010                 -3.0845330938055469E+000                  5.5466750333459354E+000                  8.6182363390129609E+013                  2.5118529820029273E+001                  3.4198762307778418E+008                  1.6637962240875932E+000                  3.9595197570981122E-001                  6.2119162881251788E-001                  8.2354851529675188E-001                  8.5000496627254152E-001                  3.8486708675181961E+010                  3.8764292590175323E+007                  6.9757855449916440E+002                  3.9597394353554249E-001                  0.0000000000000000E+000                  2.4603823758396844E+004                  1.5982339116794392E+002                  1.7477072619201034E-018                  1.7477072619201034E-018                  0.0000000000000000E+000                  0.0000000000000000E+000                  6.9919895881288702E-020                  0.0000000000000000E+000                  4.3801076638119127E+002                  6.9999999999999996E-001                  2.9797635251138618E-005                  2.7997020236474884E-001                  4.1193902129486445E-003                  1.2067031330276047E-003                  1.1203876416666529E-002                  2.5129237964844936E-003                  9.5710644087274629E-004                  0.0000000000000000E+000                  0.0000000000000000E+000                  0.0000000000000000E+000                  0.0000000000000000E+000                  0.0000000000000000E+000                  0.0000000000000000E+000                  0.0000000000000000E+000                  0.0000000000000000E+000                  0.0000000000000000E+000                  0.0000000000000000E+000                 -7.8125302840815189E+000                 -9.8999999999999986E+001                  0.0000000000000000E+000                  0.0000000000000000E+000                 -9.8999999999999986E+001                 -9.8999999999999986E+001                  1.6189872567881501E+001                 -9.9000000000000000E+001                 -9.9000000000000000E+001                 -9.9000000000000000E+001 
                 8.5301510235423809E-004                  1.1318287286208872E+000                  1.9431326728337225E-001                  3.8815248835798820E+010                 -3.0825767094057577E+000                  5.5479625913619328E+000                  8.6392667170015891E+013                  2.5118716586279309E+001                  3.4198340115218568E+008                  1.6637961014899398E+000                  3.9595636121711408E-001                  6.2118911796357612E-001                  8.2356915933245345E-001                  8.5000496627254152E-001                  3.8776022106809486E+010                  3.9226728989335753E+007                  6.8944242739741537E+002                  3.9598354875370434E-001                  0.0000000000000000E+000                  2.6622270692430906E+004                  1.5873559114588949E+002                  1.8369052219102120E-018                  1.8369052219102116E-018                  0.0000000000000000E+000                  0.0000000000000000E+000                  7.3488406716899007E-020                  0.0000000000000000E+000                  4.3929386104016669E+002                  6.9999999999999996E-001                  2.9797635251138618E-005                  2.7997020236474884E-001                  4.1193902129486445E-003                  1.2067031330276047E-003                  1.1203876416666529E-002                  2.5129237964844936E-003                  9.5710644087274629E-004                  0.0000000000000000E+000                  0.0000000000000000E+000                  0.0000000000000000E+000                  0.0000000000000000E+000                  0.0000000000000000E+000                  0.0000000000000000E+000                  0.0000000000000000E+000                  0.0000000000000000E+000                  0.0000000000000000E+000                  0.0000000000000000E+000                 -7.8124328828616623E+000                 -9.8999999999999986E+001                  0.0000000000000000E+000                  0.0000000000000000E+000                 -9.8999999999999986E+001                 -9.8999999999999986E+001                  1.6223703687715517E+001                 -9.9000000000000000E+001                 -9.9000000000000000E+001                 -9.9000000000000000E+001 
                 4.7070273750633420E-004                  9.2777335715325482E-001                  1.0735373867016755E-001                  3.8989564132131767E+010                 -3.0814072897806599E+000                  5.5487329314270903E+000                  8.6518795071328453E+013                  2.5118843955888313E+001                  3.4198097019792914E+008                  1.6637958796298158E+000                  3.9595893068418686E-001                  6.2118764258227599E-001                  8.2357974607764750E-001                  8.5000496627254152E-001                  3.8950058096121895E+010                  3.9506036009872682E+007                  6.8503475033213851E+002                  3.9599050741498965E-001                  0.0000000000000000E+000                  2.8459293368522620E+004                  1.5808880120400454E+002                  1.8923870513976956E-018                  1.8923870513976952E-018                  0.0000000000000000E+000                  0.0000000000000000E+000                  7.5708048399502064E-020                  0.0000000000000000E+000                  4.4006469227862027E+002                  6.9999999999999996E-001                  2.9797635251138618E-005                  2.7997020236474884E-001                  4.1193902129486445E-003                  1.2067031330276047E-003                  1.1203876416666529E-002                  2.5129237964844936E-003                  9.5710644087274629E-004                  0.0000000000000000E+000                  0.0000000000000000E+000                  0.0000000000000000E+000                  0.0000000000000000E+000                  0.0000000000000000E+000                  0.0000000000000000E+000                  0.0000000000000000E+000                  0.0000000000000000E+000                  0.0000000000000000E+000                  0.0000000000000000E+000                 -7.8123795307385393E+000                 -9.8999999999999986E+001                  0.0000000000000000E+000                  0.0000000000000000E+000                 -9.8999999999999986E+001                 -9.8999999999999986E+001                  1.6252458362227593E+001                 -9.9000000000000000E+001                 -9.9000000000000000E+001                 -9.9000000000000000E+001 
                 2.4035170262111033E-004                  7.4120985534230688E-001                  5.4866902940313073E-002                  3.9112788986582741E+010                 -3.0805837809838112E+000                  5.5492754361127821E+000                  8.6607757238358109E+013                  2.5118938430279947E+001                  3.4197930331674773E+008                  1.6637956575601633E+000                  3.9596071462798310E-001                  6.2118661358944638E-001                  8.2358647661108997E-001                  8.5000496627254152E-001                  3.9073085058640167E+010                  3.9703927942576148E+007                  6.8178297848109401E+002                  3.9599788613509046E-001                  0.0000000000000000E+000                  3.0681205491716591E+004                  1.5763519621269913E+002                  1.9324427329384364E-018                  1.9324427329384367E-018                  0.0000000000000000E+000                  0.0000000000000000E+000                  7.7310541707317394E-020                  0.0000000000000000E+000                  4.4060911247871041E+002                  6.9999999999999996E-001                  2.9797635251138618E-005                  2.7997020236474884E-001                  4.1193902129486445E-003                  1.2067031330276047E-003                  1.1203876416666529E-002                  2.5129237964844936E-003                  9.5710644087274629E-004                  0.0000000000000000E+000                  0.0000000000000000E+000                  0.0000000000000000E+000                  0.0000000000000000E+000                  0.0000000000000000E+000                  0.0000000000000000E+000                  0.0000000000000000E+000                  0.0000000000000000E+000                  0.0000000000000000E+000                  0.0000000000000000E+000                 -7.8123431277975133E+000                 -9.8999999999999986E+001                  0.0000000000000000E+000                  0.0000000000000000E+000                 -9.8999999999999986E+001                 -9.8999999999999986E+001                  1.6284940234123649E+001                 -9.9000000000000000E+001                 -9.9000000000000000E+001                 -9.9000000000000000E+001 
                 1.2517618517866495E-004                  5.9617590206178150E-001                  2.8591018378910007E-002                  3.9189456238759224E+010                 -3.0800727679676867E+000                  5.5496121532159881E+000                  8.6663031408996641E+013                  2.5118999255803555E+001                  3.4197828831212020E+008                  1.6637954917413698E+000                  3.9596181089206739E-001                  6.2118597851369795E-001                  8.2359037248472611E-001                  8.5000496627254152E-001                  3.9149628986721176E+010                  3.9827252038045578E+007                  6.7976820432398597E+002                  3.9600508983127108E-001                  0.0000000000000000E+000                  3.2997942334200103E+004                  1.5735441749711055E+002                  1.9577207767073796E-018                  1.9577207767073796E-018                  0.0000000000000000E+000                  0.0000000000000000E+000                  7.8321831353185293E-020                  0.0000000000000000E+000                  4.4094772108110999E+002                  6.9999999999999996E-001                  2.9797635251138618E-005                  2.7997020236474884E-001                  4.1193902129486445E-003                  1.2067031330276047E-003                  1.1203876416666529E-002                  2.5129237964844936E-003                  9.5710644087274629E-004                  0.0000000000000000E+000                  0.0000000000000000E+000                  0.0000000000000000E+000                  0.0000000000000000E+000                  0.0000000000000000E+000                  0.0000000000000000E+000                  0.0000000000000000E+000                  0.0000000000000000E+000                  0.0000000000000000E+000                  0.0000000000000000E+000                 -7.8123212333075802E+000                 -9.8999999999999986E+001                  0.0000000000000000E+000                  0.0000000000000000E+000                 -9.8999999999999986E+001                 -9.8999999999999986E+001                  1.6316451164557591E+001                 -9.9000000000000000E+001                 -9.9000000000000000E+001                 -9.9000000000000000E+001 
                 6.7588426457608800E-005                  4.8537902704930130E-001                  1.5442979574724609E-002                  3.9236565269502808E+010                 -3.0797592845124018E+000                  5.5498187456696186E+000                  8.6696966903485812E+013                  2.5119037382567601E+001                  3.4197767317049432E+008                  1.6637953793139979E+000                  3.9596247925585304E-001                  6.2118559009037400E-001                  8.2359266031369804E-001                  8.5000496627254152E-001                  3.9196662162549675E+010                  3.9903106953129210E+007                  6.7852881413377588E+002                  3.9601229701277790E-001                  0.0000000000000000E+000                  3.5343393416031940E+004                  1.5718243245752038E+002                  1.9733901655385456E-018                  1.9733901655385456E-018                  0.0000000000000000E+000                  0.0000000000000000E+000                  7.8948710981733568E-020                  0.0000000000000000E+000                  4.4115575759650415E+002                  6.9999999999999996E-001                  2.9797635251138618E-005                  2.7997020236474884E-001                  4.1193902129486445E-003                  1.2067031330276047E-003                  1.1203876416666529E-002                  2.5129237964844936E-003                  9.5710644087274629E-004                  0.0000000000000000E+000                  0.0000000000000000E+000                  0.0000000000000000E+000                  0.0000000000000000E+000                  0.0000000000000000E+000                  0.0000000000000000E+000                  0.0000000000000000E+000                  0.0000000000000000E+000                  0.0000000000000000E+000                  0.0000000000000000E+000                 -7.8123080735422219E+000                 -9.8999999999999986E+001                  0.0000000000000000E+000                  0.0000000000000000E+000                 -9.8999999999999986E+001                 -9.8999999999999986E+001                  1.6346208763516490E+001                 -9.9000000000000000E+001                 -9.9000000000000000E+001                 -9.9000000000000000E+001 
                 3.8794547097191730E-005                  4.0333621690924371E-001                  8.8658585893446450E-003                  3.9264920140039780E+010                 -3.0795707883922412E+000                  5.5499429820902924E+000                  8.6717382466017422E+013                  2.5119060607391901E+001                  3.4197730608125949E+008                  1.6637953077657712E+000                  3.9596287960771603E-001                  6.2118535692708243E-001                  8.2359399955051904E-001                  8.5000496627254152E-001                  3.9224971347435478E+010                  3.9948792604298942E+007                  6.7777761595308300E+002                  3.9601935045382225E-001                  0.0000000000000000E+000                  3.7596501657496956E+004                  1.5707911164140381E+002                  1.9828721943486871E-018                  1.9828721943486871E-018                  0.0000000000000000E+000                  0.0000000000000000E+000                  7.9328055113394321E-020                  0.0000000000000000E+000                  4.4128097238707016E+002                  6.9999999999999996E-001                  2.9797635251138618E-005                  2.7997020236474884E-001                  4.1193902129486445E-003                  1.2067031330276047E-003                  1.1203876416666529E-002                  2.5129237964844936E-003                  9.5710644087274629E-004                  0.0000000000000000E+000                  0.0000000000000000E+000                  0.0000000000000000E+000                  0.0000000000000000E+000                  0.0000000000000000E+000                  0.0000000000000000E+000                  0.0000000000000000E+000                  0.0000000000000000E+000                  0.0000000000000000E+000                  0.0000000000000000E+000                 -7.8123002656747751E+000                 -9.8999999999999986E+001                  0.0000000000000000E+000                  0.0000000000000000E+000                 -9.8999999999999986E+001                 -9.8999999999999986E+001                  1.6373009267063825E+001                 -9.9000000000000000E+001                 -9.9000000000000000E+001                 -9.9000000000000000E+001 
                 2.4397607416539118E-005                  3.4554025506150915E-001                  5.5763646928623026E-003                  3.9281472065041000E+010                 -3.0794608214661170E+000                  5.5500154659998282E+000                  8.6729296448735688E+013                  2.5119074263723711E+001                  3.4197709290116310E+008                  1.6637952646471763E+000                  3.9596311263626982E-001                  6.2118522103018536E-001                  8.2359476843252422E-001                  8.5000496627254152E-001                  3.9241496593659294E+010                  3.9975471381703399E+007                  6.7733329791193410E+002                  3.9602578011541761E-001                  0.0000000000000000E+000                  3.9587445245140741E+004                  1.5701886641484035E+002                  1.9884249389150279E-018                  1.9884249389150279E-018                  0.0000000000000000E+000                  0.0000000000000000E+000                  7.9550201777186283E-020                  0.0000000000000000E+000                  4.4135406744454690E+002                  6.9999999999999996E-001                  2.9797635251138618E-005                  2.7997020236474884E-001                  4.1193902129486445E-003                  1.2067031330276047E-003                  1.1203876416666529E-002                  2.5129237964844936E-003                  9.5710644087274629E-004                  0.0000000000000000E+000                  0.0000000000000000E+000                  0.0000000000000000E+000                  0.0000000000000000E+000                  0.0000000000000000E+000                  0.0000000000000000E+000                  0.0000000000000000E+000                  0.0000000000000000E+000                  0.0000000000000000E+000                  0.0000000000000000E+000                 -7.8122957499856716E+000                 -9.8999999999999986E+001                  0.0000000000000000E+000                  0.0000000000000000E+000                 -9.8999999999999986E+001                 -9.8999999999999986E+001                  1.6395396428897250E+001                 -9.9000000000000000E+001                 -9.9000000000000000E+001                 -9.9000000000000000E+001 
                 1.7199137576379341E-005                  3.0751729369414510E-001                  3.9313453040139426E-003                  3.9293872391088112E+010                 -3.0793784700810054E+000                  5.5500697523087155E+000                  8.6738220711273188E+013                  2.5119084555301207E+001                  3.4197693372685176E+008                  1.6637952316751741E+000                  3.9596328689367366E-001                  6.2118511931511700E-001                  8.2359533839266164E-001                  8.5000496627254152E-001                  3.9253876927157631E+010                  3.9995463930477694E+007                  6.7707913029909241E+002                  3.9603101158150705E-001                  0.0000000000000000E+000                  4.1157180068200410E+004                  1.5697376269410529E+002                  1.9925935813822431E-018                  1.9925935813822431E-018                  0.0000000000000000E+000                  0.0000000000000000E+000                  7.9716975163869672E-020                  0.0000000000000000E+000                  4.4140883175679187E+002                  6.9999999999999996E-001                  2.9797635251138618E-005                  2.7997020236474884E-001                  4.1193902129486445E-003                  1.2067031330276047E-003                  1.1203876416666529E-002                  2.5129237964844936E-003                  9.5710644087274629E-004                  0.0000000000000000E+000                  0.0000000000000000E+000                  0.0000000000000000E+000                  0.0000000000000000E+000                  0.0000000000000000E+000                  0.0000000000000000E+000                  0.0000000000000000E+000                  0.0000000000000000E+000                  0.0000000000000000E+000                  0.0000000000000000E+000                 -7.8122923951756356E+000                 -9.8999999999999986E+001                  0.0000000000000000E+000                  0.0000000000000000E+000                 -9.8999999999999986E+001                 -9.8999999999999986E+001                  1.6412271488446414E+001                 -9.9000000000000000E+001                 -9.9000000000000000E+001                 -9.9000000000000000E+001 
                 1.0000667736219566E-005                  2.5666032038436670E-001                  2.2861217970615343E-003                  3.9306462971127617E+010                 -3.0792948819834218E+000                  5.5501248542626165E+000                  8.6747280251319062E+013                  2.5119095034741907E+001                  3.4197677258154261E+008                  1.6637951976370069E+000                  3.9596346353502687E-001                  6.2118501612873145E-001                  8.2359591165852641E-001                  8.5000496627254152E-001                  3.9266447204037636E+010                  4.0015767089980222E+007                  6.7678413078389701E+002                  3.9603988274355850E-001                  0.0000000000000000E+000                  4.3714902990995426E+004                  1.5692799702304711E+002                  1.9968336227904564E-018                  1.9968336227904564E-018                  0.0000000000000000E+000                  0.0000000000000000E+000                  7.9886604982436272E-020                  0.0000000000000000E+000                  4.4146443958226905E+002                  6.9999999999999996E-001                  2.9797635251138618E-005                  2.7997020236474884E-001                  4.1193902129486445E-003                  1.2067031330276047E-003                  1.1203876416666529E-002                  2.5129237964844936E-003                  9.5710644087274629E-004                  0.0000000000000000E+000                  0.0000000000000000E+000                  0.0000000000000000E+000                  0.0000000000000000E+000                  0.0000000000000000E+000                  0.0000000000000000E+000                  0.0000000000000000E+000                  0.0000000000000000E+000                  0.0000000000000000E+000                  0.0000000000000000E+000                 -7.8122890000392768E+000                 -9.8999999999999986E+001                  0.0000000000000000E+000                  0.0000000000000000E+000                 -9.8999999999999986E+001                 -9.8999999999999986E+001                  1.6438440194601032E+001                 -9.9000000000000000E+001                 -9.9000000000000000E+001                 -9.9000000000000000E+001 
                 5.0003338679987606E-006                  2.0370404343691520E-001                  1.1431423327145824E-003                  3.9316217922098343E+010                 -3.0792301388895220E+000                  5.5501675351823199E+000                  8.6754298426893688E+013                  2.5119103182982279E+001                  3.4197664805595016E+008                  1.6637951708672005E+000                  3.9596360019502408E-001                  6.2118493624052462E-001                  8.2359635212767590E-001                  8.5000496627254152E-001                  3.9276186421486046E+010                  4.0031500612296000E+007                  6.7653227219486337E+002                  3.9605278082473466E-001                  0.0000000000000000E+000                  4.7216540860670306E+004                  1.5689255822889248E+002                  2.0001239482072553E-018                  2.0001239482072553E-018                  0.0000000000000000E+000                  0.0000000000000000E+000                  8.0018239853368178E-020                  0.0000000000000000E+000                  4.4150752937505342E+002                  6.9999999999999996E-001                  2.9797635251138618E-005                  2.7997020236474884E-001                  4.1193902129486445E-003                  1.2067031330276047E-003                  1.1203876416666529E-002                  2.5129237964844936E-003                  9.5710644087274629E-004                  0.0000000000000000E+000                  0.0000000000000000E+000                  0.0000000000000000E+000                  0.0000000000000000E+000                  0.0000000000000000E+000                  0.0000000000000000E+000                  0.0000000000000000E+000                  0.0000000000000000E+000                  0.0000000000000000E+000                  0.0000000000000000E+000                 -7.8122863822825872E+000                 -9.8999999999999986E+001                  0.0000000000000000E+000                  0.0000000000000000E+000                 -9.8999999999999986E+001                 -9.8999999999999986E+001                  1.6471891837710668E+001                 -9.9000000000000000E+001                 -9.9000000000000000E+001                 -9.9000000000000000E+001 
                 2.5001669339438692E-006                  1.6167631380770658E-001                  5.7159681944906704E-004                  3.9322363717568748E+010                 -3.0791893590785713E+000                  5.5501944207602127E+000                  8.6758719693054109E+013                  2.5119108336948624E+001                  3.4197656974915612E+008                  1.6637951538149454E+000                  3.9596368620637645E-001                  6.2118488593341237E-001                  8.2359662803954070E-001                  8.5000496627254152E-001                  3.9282322302915733E+010                  4.0041414653017983E+007                  6.7637367431575342E+002                  3.9606773990563982E-001                  0.0000000000000000E+000                  5.0997932718743170E+004                  1.5687023886293036E+002                  2.0021993063640000E-018                  2.0021993063640000E-018                  0.0000000000000000E+000                  0.0000000000000000E+000                  8.0101267964119419E-020                  0.0000000000000000E+000                  4.4153468213566066E+002                  6.9999999999999996E-001                  2.9797635251138618E-005                  2.7997020236474884E-001                  4.1193902129486445E-003                  1.2067031330276047E-003                  1.1203876416666529E-002                  2.5129237964844936E-003                  9.5710644087274629E-004                  0.0000000000000000E+000                  0.0000000000000000E+000                  0.0000000000000000E+000                  0.0000000000000000E+000                  0.0000000000000000E+000                  0.0000000000000000E+000                  0.0000000000000000E+000                  0.0000000000000000E+000                  0.0000000000000000E+000                  0.0000000000000000E+000                 -7.8122847432427998E+000                 -9.8999999999999986E+001                  0.0000000000000000E+000                  0.0000000000000000E+000                 -9.8999999999999986E+001                 -9.8999999999999986E+001                  1.6505342052134516E+001                 -9.9000000000000000E+001                 -9.9000000000000000E+001                 -9.9000000000000000E+001 
                 1.2500834669164234E-006                  1.2832073030287539E-001                  2.8580648774830848E-004                  3.9326235548780228E+010                 -3.0791636720500919E+000                  5.5502113572721115E+000                  8.6761505010308766E+013                  2.5119111595280788E+001                  3.4197652047429764E+008                  1.6637951429942379E+000                  3.9596374035966364E-001                  6.2118485424857162E-001                  8.2359680125670653E-001                  8.5000496627254152E-001                  3.9286187887538132E+010                  4.0047661242098026E+007                  6.7627377858854823E+002                  3.9608513552405894E-001                  0.0000000000000000E+000                  5.5081662949573409E+004                  1.5685618033105095E+002                  2.0035077484014052E-018                  2.0035077484014052E-018                  0.0000000000000000E+000                  0.0000000000000000E+000                  8.0153614336259233E-020                  0.0000000000000000E+000                  4.4155179249090844E+002                  6.9999999999999996E-001                  2.9797635251138618E-005                  2.7997020236474884E-001                  4.1193902129486445E-003                  1.2067031330276047E-003                  1.1203876416666529E-002                  2.5129237964844936E-003                  9.5710644087274629E-004                  0.0000000000000000E+000                  0.0000000000000000E+000                  0.0000000000000000E+000                  0.0000000000000000E+000                  0.0000000000000000E+000                  0.0000000000000000E+000                  0.0000000000000000E+000                  0.0000000000000000E+000                  0.0000000000000000E+000                  0.0000000000000000E+000                 -7.8122837166463821E+000                 -9.8999999999999986E+001                  0.0000000000000000E+000                  0.0000000000000000E+000                 -9.8999999999999986E+001                 -9.8999999999999986E+001                  1.6538791365960442E+001                 -9.9000000000000000E+001                 -9.9000000000000000E+001                 -9.9000000000000000E+001 
                 6.2504173323616711E-007                  1.0184731042094612E-001                  1.4290578439802909E-004                  3.9328674737802216E+010                 -3.0791474915411920E+000                  5.5502220267205473E+000                  8.6763259729646953E+013                  2.5119113654873910E+001                  3.4197648945500219E+008                  1.6637951361437582E+000                  3.9596377446268666E-001                  6.2118483429030724E-001                  8.2359691015747472E-001                  8.5000496627254152E-001                  3.9288623140913040E+010                  4.0051596889172904E+007                  6.7621083450119875E+002                  3.9610539375659337E-001                  0.0000000000000000E+000                  5.9492064089496460E+004                  1.5684732437940940E+002                  2.0043324478701845E-018                  2.0043324478701845E-018                  0.0000000000000000E+000                  0.0000000000000000E+000                  8.0186607792646897E-020                  0.0000000000000000E+000                  4.4156257490804558E+002                  6.9999999999999996E-001                  2.9797635251138618E-005                  2.7997020236474884E-001                  4.1193902129486445E-003                  1.2067031330276047E-003                  1.1203876416666529E-002                  2.5129237964844936E-003                  9.5710644087274629E-004                  0.0000000000000000E+000                  0.0000000000000000E+000                  0.0000000000000000E+000                  0.0000000000000000E+000                  0.0000000000000000E+000                  0.0000000000000000E+000                  0.0000000000000000E+000                  0.0000000000000000E+000                  0.0000000000000000E+000                  0.0000000000000000E+000                 -7.8122830737184312E+000                 -9.8999999999999986E+001                  0.0000000000000000E+000                  0.0000000000000000E+000                 -9.8999999999999986E+001                 -9.8999999999999986E+001                  1.6572240111326341E+001                 -9.9000000000000000E+001                 -9.9000000000000000E+001                 -9.9000000000000000E+001 
                 3.1252086634052780E-007                  8.0835806230114368E-002                  7.1453687943881489E-005                  3.9330211365393730E+010                 -3.0791372991661965E+000                  5.5502287482804942E+000                  8.6764365195930375E+013                  2.5119114956865602E+001                  3.4197646992273200E+008                  1.6637951318127902E+000                  3.9596379594222120E-001                  6.2118482171764677E-001                  8.2359697868625137E-001                  8.5000496627254152E-001                  3.9290157288919357E+010                  4.0054076474375717E+007                  6.7617113965011595E+002                  3.9612900405067136E-001                  0.0000000000000000E+000                  6.4255375998297444E+004                  1.5684174537552218E+002                  2.0048521597319376E-018                  2.0048521597319376E-018                  0.0000000000000000E+000                  0.0000000000000000E+000                  8.0207399719032420E-020                  0.0000000000000000E+000                  4.4156936993078483E+002                  6.9999999999999996E-001                  2.9797635251138618E-005                  2.7997020236474884E-001                  4.1193902129486445E-003                  1.2067031330276047E-003                  1.1203876416666529E-002                  2.5129237964844936E-003                  9.5710644087274629E-004                  0.0000000000000000E+000                  0.0000000000000000E+000                  0.0000000000000000E+000                  0.0000000000000000E+000                  0.0000000000000000E+000                  0.0000000000000000E+000                  0.0000000000000000E+000                  0.0000000000000000E+000                  0.0000000000000000E+000                  0.0000000000000000E+000                 -7.8122826712549838E+000                 -9.8999999999999986E+001                  0.0000000000000000E+000                  0.0000000000000000E+000                 -9.8999999999999986E+001                 -9.8999999999999986E+001                  1.6605688497722955E+001                 -9.9000000000000000E+001                 -9.9000000000000000E+001                 -9.9000000000000000E+001 
                 1.5626043278168589E-007                  6.4159197401219628E-002                  3.5727089918132881E-005                  3.9331179393665359E+010                 -3.0791308787924341E+000                  5.5502329828227763E+000                  8.6765061643393328E+013                  2.5119115780161351E+001                  3.4197645762158096E+008                  1.6637951290768569E+000                  3.9596380947225407E-001                  6.2118481379709745E-001                  8.2359702183632388E-001                  8.5000496627254152E-001                  3.9291123754988426E+010                  4.0055638676936865E+007                  6.7614604375135957E+002                  3.9615653262934930E-001                  0.0000000000000000E+000                  6.9399911586267874E+004                  1.5683823059860927E+002                  2.0051796394059537E-018                  2.0051796394059537E-018                  0.0000000000000000E+000                  0.0000000000000000E+000                  8.0220501081106303E-020                  0.0000000000000000E+000                  4.4157365234379125E+002                  6.9999999999999996E-001                  2.9797635251138618E-005                  2.7997020236474884E-001                  4.1193902129486445E-003                  1.2067031330276047E-003                  1.1203876416666529E-002                  2.5129237964844936E-003                  9.5710644087274629E-004                  0.0000000000000000E+000                  0.0000000000000000E+000                  0.0000000000000000E+000                  0.0000000000000000E+000                  0.0000000000000000E+000                  0.0000000000000000E+000                  0.0000000000000000E+000                  0.0000000000000000E+000                  0.0000000000000000E+000                  0.0000000000000000E+000                 -7.8122824195069329E+000                 -9.8999999999999986E+001                  0.0000000000000000E+000                  0.0000000000000000E+000                 -9.8999999999999986E+001                 -9.8999999999999986E+001                  1.6639136657303887E+001                 -9.9000000000000000E+001                 -9.9000000000000000E+001                 -9.9000000000000000E+001 
                 7.8130216224309520E-008                  5.0923083307849386E-002                  1.7863617714527019E-005                  3.9331992493190819E+010                 -3.0791254863962783E+000                  5.5502365398613582E+000                  8.6765646669705719E+013                  2.5119116474659481E+001                  3.4197644729128575E+008                  1.6637951267730078E+000                  3.9596382083634374E-001                  6.2118480714377899E-001                  8.2359705807587114E-001                  8.5000496627254152E-001                  3.9291935542208138E+010                  4.0056950982684039E+007                  6.7613005417901559E+002                  3.9618863704471613E-001                  0.0000000000000000E+000                  7.4956231614529621E+004                  1.5683527808142412E+002                  2.0054547611606727E-018                  2.0054547611606727E-018                  0.0000000000000000E+000                  0.0000000000000000E+000                  8.0231507778648042E-020                  0.0000000000000000E+000                  4.4157725110823503E+002                  6.9999999999999996E-001                  2.9797635251138618E-005                  2.7997020236474884E-001                  4.1193902129486445E-003                  1.2067031330276047E-003                  1.1203876416666529E-002                  2.5129237964844936E-003                  9.5710644087274629E-004                  0.0000000000000000E+000                  0.0000000000000000E+000                  0.0000000000000000E+000                  0.0000000000000000E+000                  0.0000000000000000E+000                  0.0000000000000000E+000                  0.0000000000000000E+000                  0.0000000000000000E+000                  0.0000000000000000E+000                  0.0000000000000000E+000                 -7.8122822097928708E+000                 -9.8999999999999986E+001                  0.0000000000000000E+000                  0.0000000000000000E+000                 -9.8999999999999986E+001                 -9.8999999999999986E+001                  1.6672584673314638E+001                 -9.9000000000000000E+001                 -9.9000000000000000E+001                 -9.9000000000000000E+001 
