ra,dec,infobits,field,ccdid,qid,rcid,fid,filtercode,obsdate,obsjd,exptime,filefracday,seeing,airmass,maglimit,crval1,crval2
165.76930992,38.12112628,0,713,3,1,8,1,zg,2018-03-25 06:44:44+00,2458202.7810648,30.0,20180325281053,2.63991,1.008,20.4502,165.7692805455,38.12108239777
165.785939,38.12041167,0,713,3,1,8,1,zg,2018-03-28 06:22:38+00,2458205.7657176,30.0,20180328265660,2.42064,1.008,19.739,165.7858947727,38.12037110719
165.78683523,38.1192027,0,713,3,1,8,1,zg,2018-03-28 06:30:15+00,2458205.7710069,30.0,20180328270961,2.1156,1.008,19.9194,165.7867950575,38.11915687109
165.78652065,38.11462008,0,713,3,1,8,1,zg,2018-03-29 06:19:32+00,2458206.7635648,30.0,20180329263472,1.78434,1.008,19.9829,165.7864756599,38.11456871424
165.7879405,38.11482727,0,713,3,1,8,1,zg,2018-03-29 06:50:34+00,2458206.7851157,30.0,20180329285023,1.7803,1.011,19.988,165.7878796408,38.11479631819
165.77235091,38.11036193,67108865,713,3,1,8,1,zg,2018-03-31 06:50:12+00,2458208.7848611,30.0,20180331284826,2.15832,1.013,18.4382,165.7723242305,38.11030668979
165.77243256,38.10775208,100663297,713,3,1,8,1,zg,2018-03-31 07:36:32+00,2458208.817037,30.0,20180331317002,2.16825,1.045,17.6238,165.7723955095,38.10771646199
165.76856077,38.1278371,67108864,713,3,1,8,1,zg,2018-04-07 06:05:16+00,2458215.7536574,30.0,20180407253611,4.22696,1.009,19.5868,165.7685446446,38.12779500281
165.76840792,38.12782235,67108864,713,3,1,8,1,zg,2018-04-07 06:06:35+00,2458215.7545718,30.0,20180407254572,4.16852,1.009,19.3039,165.7683919057,38.12777070078
165.76790256,38.12894484,0,713,3,1,8,1,zg,2018-04-08 06:13:35+00,2458216.7594329,30.0,20180408259398,3.87204,1.012,20.5519,165.7678821355,38.1289109598
165.77061347,38.13899907,0,713,3,1,8,1,zg,2018-04-21 06:19:17.778+00,2458229.7633912,30.0,20180421263356,3.01583,1.051,20.5645,165.7705791902,38.13895163581
165.77193834,38.12559115,0,713,3,1,8,1,zg,2018-04-22 07:55:34.627+00,2458230.8302546,30.0,20180422330243,2.44351,1.249,20.4077,165.7719016135,38.1255528816
165.77194428,38.12539392,0,713,3,1,8,1,zg,2018-04-22 07:56:53.676+00,2458230.831169,30.0,20180422331169,2.3465,1.253,20.4188,165.7719161235,38.12535699413
165.76945173,38.13587451,0,713,3,1,8,1,zg,2018-04-25 05:18:24.208+00,2458233.7211111,30.0,20180425221076,1.85105,1.016,20.2848,165.7694121259,38.13581579323
165.76936363,38.13592179,0,713,3,1,8,1,zg,2018-04-25 05:19:47.261+00,2458233.7220718,30.0,20180425222037,1.83799,1.017,20.246,165.7693206139,38.13587295589
165.76780936,38.13080016,0,713,3,1,8,1,zg,2018-04-26 04:15:29.609+00,2458234.677419,30.0,20180426177361,2.15435,1.01,19.8056,165.7677659426,38.13074784286
165.77137832,38.1314279,0,713,3,1,8,1,zg,2018-04-26 05:37:47.53+00,2458234.7345718,30.0,20180426234537,2.23839,1.031,19.6092,165.7713537052,38.13137289671
165.76753876,38.1181374,0,713,3,1,8,1,zg,2018-04-27 04:24:29.068+00,2458235.683669,30.0,20180427183634,2.34238,1.008,20.076,165.7674980153,38.11810264988
165.77014001,38.11798478,0,713,3,1,8,1,zg,2018-04-27 04:55:11.908+00,2458235.7049884,30.0,20180427204988,1.84084,1.01,20.1403,165.7700890525,38.11793891946
165.76680264,38.1236547,0,713,3,1,8,1,zg,2018-04-28 04:15:32.628+00,2458236.6774537,30.0,20180428177396,2.21386,1.009,19.7993,165.7667693412,38.12360607237
165.76699902,38.12357557,0,713,3,1,8,1,zg,2018-04-28 04:17:00.083+00,2458236.6784722,30.0,20180428178414,2.3708,1.008,19.7152,165.7669674817,38.12352014043
165.76891641,38.12213336,0,713,3,1,8,1,zg,2018-04-28 04:47:00.712+00,2458236.6993056,30.0,20180428199306,2.05079,1.009,19.8866,165.7688698745,38.1220893898
165.76910243,38.12210946,0,713,3,1,8,1,zg,2018-04-28 04:48:19.862+00,2458236.7002199,30.0,20180428200220,1.93507,1.01,19.9819,165.7690540809,38.12206522407
165.77030259,38.12409303,0,713,3,1,8,1,zg,2018-04-29 05:07:31.089+00,2458237.7135532,30.0,20180429213519,2.48171,1.019,19.7126,165.7702723973,38.12405288511
165.76543061,38.12288917,0,713,3,1,8,1,zg,2018-04-30 03:43:08.857+00,2458238.6549537,30.0,20180430154896,2.63933,1.017,19.6236,165.7653905201,38.12285109499
165.76965076,38.18813085,67108864,713,3,1,8,1,zg,2018-05-04 04:58:06.23+00,2458242.7070139,30.0,20180504206944,2.99546,1.025,20.8327,165.7696343865,38.1880739249
165.76996893,38.11774959,67108864,713,3,1,8,1,zg,2018-05-05 04:42:13.569+00,2458243.6959838,30.0,20180505195961,3.00062,1.017,20.7828,165.7699293427,38.11771369284
165.7714877,38.11471757,0,713,3,1,8,1,zg,2018-05-06 04:42:03.428+00,2458244.6958681,30.0,20180506195845,2.15486,1.019,21.0153,165.7714495117,38.114676982
165.77288751,38.11680886,67110912,713,3,1,8,1,zg,2018-05-07 05:37:25.278+00,2458245.7343171,30.0,20180507234259,2.20595,1.077,17.7332,165.772876058,38.11677237736
165.77161238,38.12577932,0,713,3,1,8,1,zg,2018-05-09 04:41:22.216+00,2458247.6953935,30.0,20180509195347,1.85365,1.026,21.4386,165.771582027,38.12573363178
165.77066655,38.12628686,0,713,3,1,8,1,zg,2018-05-10 04:17:46.218+00,2458248.6790046,30.0,20180510178981,1.87952,1.015,21.2946,165.7706235853,38.12623174009
165.77070371,38.12619509,0,713,3,1,8,1,zg,2018-05-10 04:19:08.271+00,2458248.6799537,30.0,20180510179931,1.77802,1.016,21.3818,165.770662257,38.12614744521
165.77303326,38.11575211,0,713,3,1,8,1,zg,2018-05-11 04:58:06.914+00,2458249.7070139,30.0,20180511206991,2.91659,1.048,20.9495,165.7729960336,38.11572063776
165.77093991,38.13037406,0,713,3,1,8,1,zg,2018-05-12 04:43:23.151+00,2458250.696794,30.0,20180512196771,4.0014,1.037,20.7803,165.770929292,38.13032843552
165.77071703,38.14990605,0,713,3,1,8,1,zg,2018-05-17 04:11:47.686+00,2458255.6748495,30.0,20180517174826,2.41285,1.028,21.008,165.7706797326,38.14986717034
165.77125931,38.14789097,0,713,3,1,8,1,zg,2018-05-20 04:07:36.556+00,2458258.6719444,30.0,20180520171910,1.92468,1.034,20.9628,165.771226697,38.14783969972
165.77175866,38.1511403,67108864,713,3,1,8,1,zg,2018-05-21 04:10:11.169+00,2458259.6737384,30.0,20180521173715,1.85548,1.039,17.8559,165.7717600505,38.1511059892
165.7728626,38.15571911,67108864,713,3,1,8,1,zg,2018-05-29 04:22:34.03+00,2458267.682338,30.0,20180529182315,2.92042,1.094,19.5785,165.7728284287,38.15568506911
165.77301423,38.15532341,67108864,713,3,1,8,1,zg,2018-05-30 04:07:19.526+00,2458268.6717477,30.0,20180530171725,4.26575,1.077,19.2229,165.7729822551,38.1552822011
165.7738161,38.15858181,67108864,713,3,1,8,1,zg,2018-05-31 05:07:47.635+00,2458269.7137384,30.0,20180531213738,2.71939,1.207,20.0318,165.7737846573,38.15855483115
165.77385582,38.15855742,67108864,713,3,1,8,1,zg,2018-05-31 05:09:09.286+00,2458269.7146875,30.0,20180531214664,2.99446,1.211,19.8969,165.7738275643,38.15852440838
165.7749354,38.16251015,0,713,3,1,8,1,zg,2018-06-05 05:39:16.273+00,2458274.7356019,30.0,20180605235544,1.98881,1.385,21.2234,165.774906555,38.16246482445
165.77454503,38.16213498,67108864,713,3,1,8,1,zg,2018-06-05 05:42:05.881+00,2458274.7375579,30.0,20180605237488,2.047,1.398,21.2981,165.7745229077,38.16209253139
165.77451199,38.11374114,0,713,3,1,8,1,zg,2018-06-08 04:54:36.993+00,2458277.7045833,30.0,20180608204583,1.97003,1.262,21.0139,165.7744851995,38.11370643665
165.77424889,38.11363173,0,713,3,1,8,1,zg,2018-06-08 04:55:58.544+00,2458277.7055324,30.0,20180608205509,2.19641,1.266,20.8882,165.7742133304,38.1135812971
165.77539205,38.11729175,0,713,3,1,8,1,zg,2018-06-09 04:50:49.518+00,2458278.701956,30.0,20180609201956,2.40995,1.262,20.7889,165.7753817098,38.11724866408
165.77529216,38.12419631,0,713,3,1,8,1,zg,2018-06-11 05:12:08.242+00,2458280.7167593,30.0,20180611216736,2.04302,1.37,21.034,165.7752620911,38.12415986961
165.77506698,38.12413342,0,713,3,1,8,1,zg,2018-06-11 05:13:27.291+00,2458280.7176736,30.0,20180611217662,2.13169,1.376,20.9335,165.7750428602,38.12409510849
165.77512656,38.13836271,0,713,3,1,8,1,zg,2018-06-13 06:15:41.742+00,2458282.7608912,30.0,20180613260787,2.59484,1.806,20.3844,165.7751008642,38.13830092265
165.77451934,38.11686535,0,713,3,1,8,1,zg,2018-06-14 05:47:48.369+00,2458283.7415278,30.0,20180614241516,2.16972,1.624,20.7738,165.7744799879,38.1168365761
165.77434567,38.11672209,0,713,3,1,8,1,zg,2018-06-14 05:49:07.218+00,2458283.7424421,30.0,20180614242431,2.01594,1.633,20.9356,165.7743027369,38.1166885492
165.77447212,38.12319906,0,713,3,1,8,1,zg,2018-06-15 05:19:20.759+00,2458284.7217593,30.0,20180615221759,2.02041,1.479,20.8692,165.7744438101,38.12314843523
165.774901,38.12123341,0,713,3,1,8,1,zg,2018-06-17 05:16:12.84+00,2458286.7195833,30.0,20180617219583,2.68925,1.504,20.7314,165.7748828511,38.12119920965
165.77552087,38.08916567,0,713,3,1,8,1,zg,2018-06-20 04:38:59.624+00,2458289.6937384,30.0,20180620193576,1.98719,1.38,20.4118,165.7754804453,38.08912172742
165.77567867,38.10117362,0,713,3,1,8,1,zg,2018-06-23 04:43:57.205+00,2458292.6971875,30.0,20180623197176,1.90668,1.459,20.267,165.7756403366,38.10113564772
165.77438458,38.12070696,0,713,3,1,8,1,zg,2018-06-26 04:17:49.467+00,2458295.6790394,30.0,20180626179028,1.93221,1.391,19.9803,165.7743171904,38.12067380048
165.77085536,38.04020597,0,713,3,1,8,1,zg,2018-10-31 11:38:46.743+00,2458422.9852546,30.0,20181031485255,3.46557,1.721,19.6189,165.7708326716,38.0401755076
165.76332785,38.09960085,0,713,3,1,8,1,zg,2018-11-01 11:07:53.45+00,2458423.9638079,30.0,20181101463796,3.09677,1.965,19.5229,165.7633183698,38.09957627436
165.76349159,38.09967843,0,713,3,1,8,1,zg,2018-11-01 11:09:14.022+00,2458423.9647454,30.0,20181101464722,2.94837,1.951,19.6111,165.763467296,38.09965203248
165.77196657,38.10178104,0,713,3,1,8,1,zg,2018-11-02 12:21:46.638+00,2458425.0151157,30.0,20181102515104,3.2877,1.412,20.2109,165.7719331377,38.10174966401
165.77753164,38.10528848,0,713,3,1,8,1,zg,2018-11-03 12:38:16.972+00,2458426.0265741,30.0,20181103526574,3.3136,1.325,20.3755,165.7775008168,38.1052403354
165.77826828,38.10194541,0,713,3,1,8,1,zg,2018-11-04 11:48:06.432+00,2458426.9917361,30.0,20181104491725,2.74247,1.549,20.7019,165.7782289468,38.10191768965
165.77853178,38.10212635,0,713,3,1,8,1,zg,2018-11-04 11:51:24.601+00,2458426.9940278,30.0,20181104494028,2.67219,1.53,20.7563,165.778496916,38.1021000833
165.77737608,38.0957031,0,713,3,1,8,1,zg,2018-11-05 12:13:58.515+00,2458428.0096991,30.0,20181105509687,2.92198,1.394,20.7159,165.7773330467,38.09566140865
165.77785519,38.1045847,0,713,3,1,8,1,zg,2018-11-07 11:44:11.436+00,2458429.9890162,30.0,20181107489005,1.93425,1.504,21.294,165.777829123,38.10455624805
165.77778605,38.10457167,0,713,3,1,8,1,zg,2018-11-07 11:52:11.627+00,2458429.9945718,30.0,20181107494560,1.9916,1.461,21.3019,165.7777395428,38.10454118181
165.78129917,38.10112606,0,713,3,1,8,1,zg,2018-11-08 12:38:19.259+00,2458431.0266088,30.0,20181108526597,3.00347,1.256,20.9348,165.7812590854,38.10109098618
165.77195085,38.10733009,0,713,3,1,8,1,zg,2018-11-09 11:39:41.677+00,2458431.9858912,30.0,20181109485891,3.95659,1.485,20.2198,165.7719129741,38.10728890104
165.77081481,38.10701943,0,713,3,1,8,1,zg,2018-11-10 11:20:35.564+00,2458432.9726273,30.0,20181110472627,2.55398,1.573,20.7179,165.7707830043,38.10699575487
165.77211926,38.11426759,0,713,3,1,8,1,zg,2018-11-12 12:50:30.116+00,2458435.0350694,30.0,20181112535058,3.80445,1.177,20.4458,165.7720873446,38.11423783761
165.76999396,38.11515412,8,713,3,1,8,1,zg,2018-11-13 12:00:18.427+00,2458436.0002083,30.0,20181113500185,5.69239,1.32,19.975,165.7699689058,38.1151183659
165.77678129,38.11333756,0,713,3,1,8,1,zg,2018-11-15 12:18:26.227+00,2458438.0128009,30.0,20181115512789,3.10437,1.232,20.6764,165.7767140383,38.11332794447
165.77836245,38.1115056,0,713,3,1,8,1,zg,2018-11-16 11:53:15.524+00,2458438.9953125,30.0,20181116495312,2.23654,1.303,21.0624,165.7783163314,38.11148271401
165.77798979,38.11085848,67108864,713,3,1,8,1,zg,2018-11-18 11:48:43.737+00,2458440.9921644,30.0,20181118492164,3.16078,1.291,20.404,165.7779456727,38.11082529649
165.77806417,38.10962152,67108864,713,3,1,8,1,zg,2018-11-18 11:54:06.079+00,2458440.9959028,30.0,20181118495880,2.20074,1.272,20.2707,165.7780277211,38.10959755667
165.77649164,38.11078644,0,713,3,1,8,1,zg,2018-11-19 12:21:00.756+00,2458442.0145833,30.0,20181119514572,2.26054,1.182,20.9128,165.7764595639,38.11076012737
165.77680778,38.11461925,67108864,713,3,1,8,1,zg,2018-11-20 12:24:13.44+00,2458443.0168171,30.0,20181120516806,2.53584,1.165,20.0,165.7767657779,38.11457822923
165.77272105,38.11286954,0,713,3,1,8,1,zg,2018-11-21 12:50:51.351+00,2458444.0353125,30.0,20181121535301,2.0865,1.103,21.284,165.7726763909,38.11282924626
165.77367688,38.1134866,0,713,3,1,8,1,zg,2018-11-21 12:52:17.018+00,2458444.0363079,30.0,20181121536262,1.94274,1.1,21.3503,165.7736321607,38.1134505729
165.7788136,38.11379168,0,713,3,1,8,1,zg,2018-11-28 12:14:42.541+00,2458451.0102083,30.0,20181128510197,2.13476,1.118,20.3334,165.7787677235,38.11375836958
165.77905238,38.11347348,0,713,3,1,8,1,zg,2018-11-28 12:16:03.116+00,2458451.0111458,30.0,20181128511123,2.10199,1.116,20.3559,165.7790013841,38.11343532004
165.7763301,38.11848192,67108864,713,3,1,8,1,zg,2018-12-09 11:54:06.448+00,2458461.9959028,30.0,20181209495891,3.13438,1.08,19.9894,165.7762940479,38.11844889851
165.77693487,38.11865746,0,713,3,1,8,1,zg,2018-12-09 11:55:25.223+00,2458461.9968171,30.0,20181209496806,3.01254,1.078,20.0708,165.7769078091,38.11862574892
165.77405247,38.11509013,0,713,3,1,8,1,zg,2018-12-12 11:34:27.828+00,2458464.9822569,30.0,20181212482257,2.47734,1.093,21.0953,165.7740148531,38.11505847572
165.77391601,38.11535855,0,713,3,1,8,1,zg,2018-12-12 11:35:48.318+00,2458464.9831944,30.0,20181212483171,2.50738,1.09,21.0729,165.7738661501,38.11532535128
165.77506119,38.11783524,67108864,713,3,1,8,1,zg,2018-12-14 12:21:55.866+00,2458467.0152199,30.0,20181214515197,3.65376,1.028,17.563,165.7750510137,38.11779960298
165.77787534,38.1162636,100663296,713,3,1,8,1,zg,2018-12-15 11:09:15.879+00,2458467.9647569,30.0,20181215464711,1.79372,1.116,18.6812,165.777840869,38.11622705664
165.77657589,38.11495131,67108864,713,3,1,8,1,zg,2018-12-15 11:21:27.904+00,2458467.9732292,30.0,20181215473206,2.22465,1.095,19.4796,165.7765314451,38.11491508316
165.77729163,38.11165045,0,713,3,1,8,1,zg,2018-12-16 10:57:42.078+00,2458468.9567361,30.0,20181216456713,2.42978,1.131,21.0716,165.7772475298,38.11160711005
165.77475214,38.11710733,0,713,3,1,8,1,zg,2018-12-17 12:20:24.155+00,2458470.0141667,30.0,20181217514144,1.97681,1.021,21.4651,165.7747165834,38.11707700016
165.78203858,38.10964471,0,713,3,1,8,1,zg,2018-12-20 12:42:36.108+00,2458473.0295833,30.0,20181220529560,2.02032,1.007,21.2631,165.7820031003,38.10961310276
165.76788048,38.12255754,0,713,3,1,8,1,zg,2018-12-28 12:07:34.267+00,2458481.0052546,30.0,20181228505243,3.13042,1.008,20.0594,165.7678341538,38.12252168503
165.77301272,38.1189262,67108864,713,3,1,8,1,zg,2019-01-03 12:38:45.372+00,2458487.0269097,30.0,20190103526887,3.09132,1.014,20.8003,165.7729780854,38.1188895814
165.77314363,38.11903046,0,713,3,1,8,1,zg,2019-01-03 12:40:05.93+00,2458487.0278356,30.0,20190103527824,2.36784,1.014,21.0945,165.7731087976,38.11899860864
165.77649504,38.12245278,0,713,3,1,8,1,zg,2019-01-04 11:06:41.52+00,2458487.9629745,30.0,20190104462650,1.98263,1.023,21.3642,165.7764476746,38.12241514733
165.77238757,38.11118614,0,713,3,1,8,1,zg,2019-01-08 10:50:35.155+00,2458491.951794,30.0,20190108451701,2.1423,1.025,20.5431,165.7723567742,38.11114544905
165.77386845,38.11110234,0,713,3,1,8,1,zg,2019-01-08 10:51:58.63+00,2458491.9527546,30.0,20190108452708,1.95365,1.024,20.6754,165.7738289099,38.11105898536
165.77329454,38.13287425,67108864,713,3,1,8,1,zg,2019-01-09 12:19:52.577+00,2458493.0137963,30.0,20190109513773,2.65696,1.018,20.9784,165.7732684289,38.13283832013
165.77384709,38.1188474,0,713,3,1,8,1,zg,2019-01-10 12:39:21.357+00,2458494.0273264,30.0,20190110527303,2.00366,1.034,21.4394,165.773811242,38.11881450716
165.77754536,38.1171523,0,713,3,1,8,1,zg,2019-01-11 12:27:39.37+00,2458495.0192014,30.0,20190111519132,1.97994,1.028,21.4336,165.7775044355,38.11712352646
165.77755223,38.11699442,0,713,3,1,8,1,zg,2019-01-11 12:29:02.632+00,2458495.020162,30.0,20190111520127,2.1474,1.029,21.3483,165.7775061045,38.11695734847
165.78113827,38.1189102,0,713,3,1,8,1,zg,2019-01-19 11:29:32.196+00,2458502.9788426,30.0,20190119478785,2.7989,1.013,19.6462,165.7811126714,38.11887717976
165.77387037,38.10608393,0,713,3,1,8,1,zg,2019-01-20 13:08:07.391+00,2458504.0473032,30.0,20190120547292,2.93143,1.125,18.7865,165.7738397339,38.10605328953
165.77303333,38.11996051,0,713,3,1,8,1,zg,2019-01-22 11:28:50.599+00,2458505.9783565,30.0,20190122478356,3.79507,1.018,19.034,165.7730141255,38.11993238486
165.77331709,38.11990512,0,713,3,1,8,1,zg,2019-01-22 11:30:09.361+00,2458505.9792708,30.0,20190122479259,3.23463,1.019,19.1895,165.7732855286,38.11987346771
165.77145663,38.12053974,0,713,3,1,8,1,zg,2019-01-23 11:25:42.042+00,2458506.9761806,30.0,20190123476146,4.35666,1.019,19.0238,165.7714401826,38.12050287854
165.77671,38.11754413,0,713,3,1,8,1,zg,2019-01-24 11:20:58.483+00,2458507.9728935,30.0,20190124472870,3.10756,1.018,19.6157,165.7766804573,38.11750587551
165.77524054,38.11658784,0,713,3,1,8,1,zg,2019-01-25 12:45:35.41+00,2458509.0316551,30.0,20190125531632,3.42357,1.12,19.7072,165.7752044105,38.11656094214
165.77549446,38.11629048,0,713,3,1,8,1,zg,2019-01-25 12:46:55.878+00,2458509.032581,30.0,20190125532569,3.91702,1.122,19.5186,165.7754596184,38.11625611908
165.77833063,38.10620769,0,713,3,1,8,1,zg,2019-01-26 12:09:47.856+00,2458510.006794,30.0,20190126506794,3.42319,1.069,19.9467,165.7782898718,38.10616260132
165.77645868,38.10631204,0,713,3,1,8,1,zg,2019-01-28 10:20:30.726+00,2458511.9309028,30.0,20190128430903,2.40286,1.008,20.8506,165.7764162232,38.10628199117
165.77672793,38.10620048,0,713,3,1,8,1,zg,2019-01-28 10:21:49.585+00,2458511.9318171,30.0,20190128431817,2.31495,1.008,20.8593,165.776696841,38.10617218104
165.78193916,38.1108606,100663296,713,3,1,8,1,zg,2019-01-29 09:52:27.461+00,2458512.9114236,30.0,20190129411377,1.89529,1.012,19.779,165.7819001642,38.1108290736
165.78058986,38.11421721,67108864,713,3,1,8,1,zg,2019-01-30 09:27:45.246+00,2458513.8942708,30.0,20190130394248,1.77147,1.022,21.3171,165.7805476965,38.11417789833
165.77917604,38.12059441,100663296,713,3,1,8,1,zg,2019-01-31 11:10:33.377+00,2458514.9656597,30.0,20190131465544,1.9584,1.029,18.7111,165.7791480192,38.1205647608
165.77879061,38.12054123,100663296,713,3,1,8,1,zg,2019-01-31 11:11:53.942+00,2458514.9665856,30.0,20190131466574,1.95366,1.03,19.0032,165.7787608627,38.12052230285
165.77276375,38.12368102,0,713,3,1,8,1,zg,2019-02-08 10:06:29.31+00,2458522.921169,30.0,20190208421146,2.0822,1.012,21.3199,165.7727273735,38.12364669678
165.77415159,38.12195678,0,713,3,1,8,1,zg,2019-02-12 10:14:01.64+00,2458526.9264005,30.0,20190212426389,2.85876,1.022,20.1919,165.7741164159,38.1219344822
165.76802193,38.11659138,67108864,713,3,1,8,1,zg,2019-02-20 06:38:02.888+00,2458534.776412,30.0,20190220276412,2.43424,1.132,19.3448,165.767984552,38.11655691659
165.76968439,38.11125584,67108864,713,3,1,8,1,zg,2019-02-24 06:45:22.181+00,2458538.7815046,30.0,20190224281435,2.06406,1.091,19.555,165.7696462242,38.11122047301
165.77733488,38.10846008,100663296,713,3,1,8,1,zg,2019-02-27 06:26:30.09+00,2458541.7684028,30.0,20190227268391,2.20135,1.102,20.1113,165.777293699,38.10841788759
165.78144483,38.11298437,67108864,713,3,1,8,1,zg,2019-03-18 06:25:53.909+00,2458560.7679745,30.0,20190318267917,3.31613,1.021,19.3781,165.7814038107,38.11295104264
165.78102396,38.10709952,0,713,3,1,8,1,zg,2019-03-25 06:21:00.098+00,2458567.7645833,30.0,20190325264387,1.86204,1.011,21.226,165.7809756038,38.10705964816
165.78046259,38.10548846,0,713,3,1,8,1,zg,2019-03-30 06:29:06.419+00,2458572.7702083,30.0,20190330270185,1.96771,1.008,20.5031,165.7804163526,38.10545582234
165.77620796,38.10485402,0,713,3,1,8,1,zg,2019-04-02 06:39:53.541+00,2458575.7776968,30.0,20190402277442,2.18793,1.012,21.2325,165.7761682098,38.10482237754
165.78052426,38.1167597,0,713,3,1,8,1,zg,2019-04-07 05:42:09.116+00,2458580.7376042,30.0,20190407237593,2.02592,1.008,21.1531,165.7804884304,38.11673232943
165.77627047,38.10745715,0,713,3,1,8,1,zg,2019-04-11 05:47:22.104+00,2458584.7412269,30.0,20190411241192,2.5767,1.008,20.6564,165.7762371532,38.10743396223
165.77889506,38.10798568,0,713,3,1,8,1,zg,2019-04-14 05:16:29.184+00,2458587.7197801,30.0,20190414219769,1.79481,1.008,20.3744,165.778851973,38.10795328232
165.78747793,38.11564111,0,713,3,1,8,1,zg,2019-04-18 05:15:28.615+00,2458591.7190741,30.0,20190418219051,1.92997,1.008,19.7738,165.7874443169,38.11560443961
165.7791889,38.1124867,0,713,3,1,8,1,zg,2019-04-21 04:26:22.437+00,2458594.6849769,30.0,20190421184907,2.09622,1.014,20.5028,165.779150069,38.11245073417
165.77727146,38.12136599,0,713,3,1,8,1,zg,2019-04-24 06:11:22.623+00,2458597.7578935,30.0,20190424257836,2.06447,1.054,21.1361,165.7772384861,38.12132968726
165.78538283,38.10953447,0,713,3,1,8,1,zg,2019-04-27 04:49:02.286+00,2458600.7007176,30.0,20190427200718,2.03293,1.009,21.2092,165.7853318381,38.10949457466
165.77958795,38.08035443,0,713,3,1,8,1,zg,2019-05-02 05:40:44.885+00,2458605.7366204,30.0,20190502236609,2.32206,1.055,21.096,165.7795557594,38.08032231194
165.77935614,38.08033013,0,713,3,1,8,1,zg,2019-05-02 05:42:05.26+00,2458605.7375579,30.0,20190502237546,3.7168,1.056,20.5745,165.7793224847,38.08030425051
165.78534981,38.09081053,0,713,3,1,8,1,zg,2019-05-05 04:39:26.238+00,2458608.6940509,30.0,20190505194028,2.00271,1.016,21.1911,165.7853047652,38.09077525737
165.78507248,38.09015472,0,713,3,1,8,1,zg,2019-05-05 04:42:57.893+00,2458608.6964931,30.0,20190505196470,1.92618,1.018,21.2586,165.7850371878,38.09011832828
165.78320541,38.09243554,0,713,3,1,8,1,zg,2019-05-06 04:38:02.935+00,2458609.6930787,30.0,20190506193021,2.68298,1.017,21.0465,165.7831660932,38.09239972148
165.78570552,38.09186141,0,713,3,1,8,1,zg,2019-05-09 04:27:27.634+00,2458612.6857292,30.0,20190509185694,1.76869,1.018,21.2935,165.7856703299,38.0918306161
165.78565837,38.09188156,0,713,3,1,8,1,zg,2019-05-09 04:28:48.575+00,2458612.6866667,30.0,20190509186644,2.10914,1.018,21.1287,165.7856135372,38.09184496238
165.78461884,38.08873245,0,713,3,1,8,1,zg,2019-05-14 04:28:18.743+00,2458617.6863194,30.0,20190514186308,1.85436,1.031,20.1792,165.7845771957,38.08870441918
165.77978845,38.08724481,0,713,3,1,8,1,zg,2019-05-16 05:27:46.447+00,2458619.7276157,30.0,20190516227616,2.22125,1.117,19.358,165.7797471966,38.08722300617
165.78114192,38.08660899,0,713,3,1,8,1,zg,2019-05-16 05:29:11.938+00,2458619.7285995,30.0,20190516228553,2.37287,1.12,19.3436,165.7810929782,38.08658802751
165.78524777,38.09670596,0,713,3,1,8,1,zg,2019-05-19 03:51:15.966+00,2458622.6605903,30.0,20190519160579,1.99732,1.019,19.3856,165.7852126699,38.09667918675
165.78455198,38.09682008,67108864,713,3,1,8,1,zg,2019-05-19 03:52:36.883+00,2458622.6615278,30.0,20190519161516,2.15315,1.02,18.7119,165.7845167633,38.09677785956
165.78799248,38.09295997,0,713,3,1,8,1,zg,2019-05-29 04:39:34.442+00,2458632.6941435,30.0,20190529194132,1.95479,1.122,21.0513,165.7879498838,38.09291782708
165.78144163,38.08789395,0,713,3,1,8,1,zg,2019-05-31 05:15:26.564+00,2458634.7190509,30.0,20190531219016,2.29135,1.226,20.8912,165.7813918606,38.08786163467
165.79198154,38.08523767,0,713,3,1,8,1,zg,2019-06-01 04:47:06.286+00,2458635.699375,30.0,20190601199375,2.01221,1.163,21.2049,165.7919435787,38.08521222304
165.77881073,38.08205651,0,713,3,1,8,1,zg,2019-06-02 06:14:03.206+00,2458636.7597569,30.0,20190602259722,2.78963,1.491,20.7177,165.7787735115,38.08203140079
165.79131661,38.0721474,0,713,3,1,8,1,zg,2019-06-05 05:19:47.658+00,2458639.7220718,30.0,20190605222072,1.94882,1.303,21.0118,165.7912597467,38.07212119929
165.79775878,38.07806565,0,713,3,1,8,1,zg,2019-06-08 04:52:22.908+00,2458642.7030324,30.0,20190608203032,2.48204,1.251,20.5906,165.7977195352,38.07803851798
165.79500708,38.08899209,0,713,3,1,8,1,zg,2019-06-14 04:21:54.282+00,2458648.681875,30.0,20190614181875,2.18643,1.23,19.8873,165.7949597333,38.0889778677
165.78680843,38.04296017,0,713,3,1,8,1,zg,2019-06-28 04:53:27.678+00,2458662.7037847,30.0,20190628203785,2.45679,1.62,20.5292,165.7867687327,38.04294249408
165.78620235,38.08188461,0,713,3,1,8,1,zg,2019-07-06 04:49:10.615+00,2458670.7008102,30.0,20190706200810,3.16222,1.827,19.9182,165.7861859599,38.08187304567
165.79938717,38.07747464,0,713,3,1,8,1,zg,2019-10-23 12:14:02.981+00,2458780.0097454,30.0,20191023509745,2.37997,1.687,20.1916,165.7993566716,38.07746312939
165.79361015,38.09146232,0,713,3,1,8,1,zg,2019-11-05 12:50:30.223+00,2458793.0350694,30.0,20191105535069,2.13974,1.257,20.8455,165.7935693155,38.09143024685
165.79302596,38.09729243,0,713,3,1,8,1,zg,2019-11-15 13:16:20.42+00,2458803.0530093,30.0,20191115552998,2.03179,1.102,20.0158,165.792978609,38.09725382078
165.79829925,38.09368147,0,713,3,1,8,1,zg,2019-11-18 12:38:48.714+00,2458806.0269444,30.0,20191118526933,2.12157,1.152,20.1049,165.7982528999,38.09363877502
165.7880152,38.10461377,67108864,713,3,1,8,1,zg,2019-12-06 12:17:59.756+00,2458824.0124884,30.0,20191206512477,2.24142,1.067,18.775,165.787983346,38.104576516
165.79217075,38.10364423,0,713,3,1,8,1,zg,2019-12-11 13:26:26.235+00,2458829.0600231,30.0,20191211560000,2.23986,1.008,20.2021,165.792119309,38.10359797506
165.7966424,38.10321404,0,713,3,1,8,1,zg,2019-12-20 12:14:22.355+00,2458838.0099769,30.0,20191220509965,3.23604,1.02,20.4097,165.7966145707,38.1031785891
165.78871716,38.10882996,0,713,3,1,8,1,zg,2019-12-29 12:24:42.785+00,2458847.0171528,30.0,20191229517153,2.59706,1.008,20.9938,165.7886847489,38.10879672903
165.78909579,38.10879721,67108864,713,3,1,8,1,zg,2019-12-29 12:26:00.638+00,2458847.0180556,30.0,20191229518056,2.54514,1.008,21.0543,165.7890494317,38.10876038105
165.79608893,38.10540762,0,713,3,1,8,1,zg,2020-01-01 12:17:53.248+00,2458850.012419,30.0,20200101512419,2.07186,1.008,21.2154,165.7960518366,38.10536946029
165.79620389,38.10537809,0,713,3,1,8,1,zg,2020-01-01 12:19:11.267+00,2458850.0133218,30.0,20200101513322,2.28431,1.008,21.1044,165.7961620181,38.10534118903
165.79641335,38.10597947,0,713,3,1,8,1,zg,2020-01-02 12:39:21.428+00,2458851.0273264,30.0,20200102527315,3.25984,1.014,20.7542,165.7963864701,38.10594960521
165.79585969,38.10539438,0,713,3,1,8,1,zg,2020-01-03 12:08:38.317+00,2458852.0059954,30.0,20200103505972,2.40163,1.008,20.9415,165.795819401,38.10535651345
165.79362554,38.10203263,0,713,3,1,8,1,zg,2020-01-04 12:16:45.92+00,2458853.0116319,30.0,20200104511597,2.20965,1.01,21.2003,165.7935746133,38.10199549262
165.79412668,38.10203247,0,713,3,1,8,1,zg,2020-01-04 12:18:06.28+00,2458853.0125694,30.0,20200104512546,2.64105,1.01,20.9778,165.7940891503,38.10198842794
165.79703456,38.10099453,0,713,3,1,8,1,zg,2020-01-05 12:19:38.555+00,2458854.0136343,30.0,20200105513600,2.36626,1.011,21.0709,165.7969951522,38.10095807182
165.79646346,38.10076708,0,713,3,1,8,1,zg,2020-01-05 12:27:32.211+00,2458854.0191204,30.0,20200105519086,2.19613,1.014,21.1714,165.7964172283,38.10073518796
165.79821663,38.10402397,0,713,3,1,8,1,zg,2020-01-06 12:05:36.918+00,2458855.0038889,30.0,20200106503877,4.94009,1.009,20.2085,165.79819329,38.10398318699
165.79732838,38.10230832,0,713,3,1,8,1,zg,2020-01-06 12:52:43.445+00,2458855.0366088,30.0,20200106536609,4.71645,1.031,20.2139,165.797315952,38.10227699426
165.79920924,38.10108825,0,713,3,1,8,1,zg,2020-01-07 12:23:06.729+00,2458856.0160417,30.0,20200107516007,2.57281,1.015,20.9347,165.7991758672,38.10105128764
165.79937273,38.10120727,0,713,3,1,8,1,zg,2020-01-07 12:24:27.081+00,2458856.0169792,30.0,20200107516956,2.57977,1.016,20.9506,165.7993271621,38.10117205066
165.79130986,38.10674554,0,713,3,1,8,1,zg,2020-01-11 12:19:57.744+00,2458860.0138542,30.0,20200111513843,2.16866,1.022,19.6808,165.7912679954,38.10670783859
165.79668173,38.10758424,0,713,3,1,8,1,zg,2020-01-13 10:40:42.901+00,2458861.9449306,30.0,20200113444919,3.37694,1.02,19.2418,165.7966404374,38.10754503445
165.79732376,38.09759758,0,713,3,1,8,1,zg,2020-01-14 10:47:35.316+00,2458862.9497106,30.0,20200114449664,2.68987,1.014,19.7842,165.7972872702,38.09756742756
165.79773556,38.10141506,0,713,3,1,8,1,zg,2020-01-16 10:12:53.359+00,2458864.9256134,30.0,20200116425590,2.15521,1.03,20.5606,165.7976917351,38.10138141866
165.79864728,38.10136248,0,713,3,1,8,1,zg,2020-01-16 10:14:13.693+00,2458864.9265394,30.0,20200116426528,1.9502,1.029,20.6488,165.7985940238,38.10132286777
165.79381426,38.10351317,67108864,713,3,1,8,1,zg,2020-01-18 09:27:13.893+00,2458866.8939005,30.0,20200118393900,3.874,1.069,20.314,165.7937809838,38.1034837529
165.799834,38.10230918,0,713,3,1,8,1,zg,2020-01-19 10:14:57.101+00,2458867.9270486,30.0,20200119426979,2.20967,1.021,21.0603,165.7998036542,38.10228131917
165.79984408,38.10224725,0,713,3,1,8,1,zg,2020-01-19 10:16:17.44+00,2458867.9279745,30.0,20200119427963,2.18762,1.02,21.0671,165.7998078425,38.10221342976
165.79744093,38.09875471,0,713,3,1,8,1,zg,2020-01-23 10:13:39.789+00,2458871.9261458,30.0,20200123426100,2.83013,1.014,20.8868,165.7974155393,38.09871825894
165.79782923,38.09866706,0,713,3,1,8,1,zg,2020-01-23 10:15:01.256+00,2458871.9270949,30.0,20200123427072,2.53039,1.013,20.9768,165.7977976848,38.09863969354
165.79758177,38.09872897,0,713,3,1,8,1,zg,2020-01-23 10:19:36.078+00,2458871.9302778,30.0,20200123430266,2.36113,1.012,21.0531,165.7975469393,38.09869328789
165.79970562,38.09864048,0,713,3,1,8,1,zg,2020-01-25 08:59:11.317+00,2458873.8744329,30.0,20200125374433,2.24606,1.069,21.0642,165.7996581224,38.09860969727
165.79986181,38.09866107,0,713,3,1,8,1,zg,2020-01-25 09:00:29.163+00,2458873.8753356,30.0,20200125375336,2.1605,1.068,21.0179,165.7998277082,38.09863067191
165.79904234,38.09012406,67108864,713,3,1,8,1,zg,2020-01-26 08:57:06.883+00,2458874.8729861,30.0,20200126372766,1.98675,1.067,21.309,165.7990044924,38.09008900828
165.79967835,38.08991241,0,713,3,1,8,1,zg,2020-01-26 09:00:31.856+00,2458874.8753588,30.0,20200126375301,2.0739,1.063,21.3435,165.7996469866,38.08988176854
165.79539105,38.09644665,0,713,3,1,8,1,zg,2020-01-27 10:20:51.175+00,2458875.9311458,30.0,20200127431111,3.04012,1.008,20.9585,165.7953462387,38.0964098194
165.79526357,38.09641701,0,713,3,1,8,1,zg,2020-01-27 10:22:08.759+00,2458875.932037,30.0,20200127432037,4.15885,1.008,20.5798,165.7952411129,38.09638766647
165.80190868,38.09947232,0,713,3,1,8,1,zg,2020-01-28 08:41:25.913+00,2458876.8620949,30.0,20200128362083,2.45335,1.078,21.0094,165.8018666014,38.0994333767
165.80131862,38.09971379,0,713,3,1,8,1,zg,2020-01-28 08:42:46.263+00,2458876.8630324,30.0,20200128363009,2.52542,1.076,20.9824,165.8012798937,38.09967899028
165.80111383,38.1020095,0,713,3,1,8,1,zg,2020-01-29 09:06:31.806+00,2458877.8795255,30.0,20200129379479,2.83862,1.043,20.8478,165.8010794656,38.10197404369
165.7985372,38.10199278,0,713,3,1,8,1,zg,2020-01-29 09:21:51.562+00,2458877.8901736,30.0,20200129390174,2.91167,1.03,20.8223,165.7984996814,38.1019560272
165.79910132,38.1019423,0,713,3,1,8,1,zg,2020-01-29 09:23:11.901+00,2458877.8910995,30.0,20200129391088,2.62687,1.029,20.9296,165.7990734513,38.10191064906
165.79760749,38.10511595,0,713,3,1,8,1,zg,2020-01-30 09:16:47.508+00,2458878.8866551,30.0,20200130386644,3.44619,1.031,20.5819,165.7975877409,38.10508305638
165.79720834,38.10551161,0,713,3,1,8,1,zg,2020-01-30 09:18:08.978+00,2458878.8875926,30.0,20200130387581,3.51792,1.03,20.5654,165.7971672403,38.10547627693
165.7992612,38.10322281,0,713,3,1,8,1,zg,2020-01-31 11:18:04.643+00,2458879.9708796,30.0,20200131470856,3.66893,1.034,20.4634,165.7992276946,38.10318967615
165.79762942,38.10334509,0,713,3,1,8,1,zg,2020-01-31 11:20:07.054+00,2458879.9722917,30.0,20200131472234,4.48672,1.036,20.2478,165.7976047773,38.10331283387
165.8021577,38.10126497,0,713,3,1,8,1,zg,2020-02-01 10:41:32.49+00,2458880.9455093,30.0,20200201445417,2.26586,1.014,21.0524,165.8021190563,38.10123454408
165.80098133,38.10166905,0,713,3,1,8,1,zg,2020-02-01 10:42:50.406+00,2458880.946412,30.0,20200201446412,2.47175,1.015,20.9565,165.8009479968,38.10163447309
165.8009561,38.10173031,0,713,3,1,8,1,zg,2020-02-01 10:44:07.991+00,2458880.9473032,30.0,20200201447303,2.29744,1.015,21.0322,165.8009122895,38.10169511857
165.79917062,38.10029547,0,713,3,1,8,1,zg,2020-02-02 10:44:39.982+00,2458881.9476736,30.0,20200202447662,2.33824,1.017,21.0854,165.7991223238,38.10026263565
165.79717257,38.09865429,0,713,3,1,8,1,zg,2020-02-02 10:59:09.281+00,2458881.9577431,30.0,20200202457743,1.91477,1.026,21.2465,165.7971329066,38.09862512528
165.78986154,38.11770888,0,713,3,1,8,1,zg,2020-02-04 10:40:27.067+00,2458883.9447569,30.0,20200204444734,3.52165,1.019,20.5165,165.7898297769,38.11767481703
165.78945192,38.1178942,0,713,3,1,8,1,zg,2020-02-04 10:41:47.955+00,2458883.9456829,30.0,20200204445671,3.32642,1.02,20.5826,165.7894161686,38.11785624739
165.78860064,38.11748767,0,713,3,1,8,1,zg,2020-02-04 10:53:48.328+00,2458883.9540278,30.0,20200204454005,4.20638,1.027,20.3192,165.7885823829,38.11745869438
165.78885797,38.10619647,0,713,3,1,8,1,zg,2020-02-05 10:58:59.622+00,2458884.9576273,30.0,20200205457627,3.61451,1.034,20.0865,165.7888107301,38.10616125533
165.78904862,38.10620731,0,713,3,1,8,1,zg,2020-02-05 11:00:17.847+00,2458884.9585301,30.0,20200205458530,3.41946,1.036,20.1442,165.7889944758,38.10616657701
165.79919374,38.0974174,0,713,3,1,8,1,zg,2020-02-07 10:16:06.502+00,2458886.9278472,30.0,20200207427836,2.29081,1.013,19.9253,165.799149368,38.09738632216
165.79880652,38.09749943,0,713,3,1,8,1,zg,2020-02-07 10:17:26.834+00,2458886.9287731,30.0,20200207428762,2.14553,1.014,19.9858,165.7987559085,38.09746450426
165.79843182,38.09748785,0,713,3,1,8,1,zg,2020-02-07 10:18:47.228+00,2458886.9297106,30.0,20200207429688,2.00367,1.014,20.0402,165.7983956638,38.09745545912
165.8006264,38.0956536,0,713,3,1,8,1,zg,2020-02-08 06:25:43.607+00,2458887.7678588,30.0,20200208267847,1.92625,1.294,19.5664,165.8005852902,38.09561817102
165.80071213,38.09566078,0,713,3,1,8,1,zg,2020-02-08 06:27:04.223+00,2458887.7687963,30.0,20200208268773,2.2813,1.29,19.4387,165.8006680786,38.09562087878
165.7983773,38.09708142,0,713,3,1,8,1,zg,2020-02-09 06:55:39.889+00,2458888.7886458,30.0,20200209288646,2.83897,1.192,18.8956,165.7983449354,38.09705014055
165.79857467,38.09714933,0,713,3,1,8,1,zg,2020-02-09 06:56:57.594+00,2458888.7895486,30.0,20200209289549,2.86207,1.189,18.91,165.7985373925,38.09711859069
165.79271979,38.10076686,0,713,3,1,8,1,zg,2020-02-11 06:40:49.155+00,2458890.7783449,30.0,20200211278333,2.67968,1.211,19.3519,165.7926802831,38.10071669874
165.7927167,38.1008343,0,713,3,1,8,1,zg,2020-02-11 06:42:06.999+00,2458890.7792361,30.0,20200211279236,2.70625,1.207,19.3453,165.792681238,38.10079135054
165.79441647,38.09858964,0,713,3,1,8,1,zg,2020-02-12 05:39:22.879+00,2458891.7356713,30.0,20200212235660,2.84166,1.419,19.5948,165.794361007,38.09854687813
165.79437169,38.09868067,0,713,3,1,8,1,zg,2020-02-12 05:40:43.235+00,2458891.7366088,30.0,20200212236586,2.52616,1.412,19.7307,165.7943365387,38.09864617144
165.79385112,38.09833772,0,713,3,1,8,1,zg,2020-02-12 05:43:36.562+00,2458891.7386111,30.0,20200212238588,2.41143,1.399,19.7768,165.7937973464,38.09830628215
165.79922062,38.10550889,0,713,3,1,8,1,zg,2020-02-13 08:29:21.42+00,2458892.8537153,30.0,20200213353715,2.20865,1.025,20.2656,165.7991730863,38.10547531898
165.79537811,38.09639077,0,713,3,1,8,1,zg,2020-02-14 05:46:18.096+00,2458893.7404861,30.0,20200214240463,2.13133,1.354,20.9798,165.7953230265,38.09635894106
165.79580536,38.09714361,0,713,3,1,8,1,zg,2020-02-14 05:54:56.895+00,2458893.7464815,30.0,20200214246470,2.23658,1.32,20.9644,165.7957547423,38.09710530753
165.79803458,38.11150029,0,713,3,1,8,1,zg,2020-02-15 07:41:48.79+00,2458894.8206944,30.0,20200215320694,2.15601,1.063,21.1041,165.7979825957,38.11145754503
165.79780145,38.11156258,0,713,3,1,8,1,zg,2020-02-15 07:43:09.124+00,2458894.8216319,30.0,20200215321609,2.3207,1.061,21.042,165.7977578016,38.11153278676
165.79669658,38.11130161,0,713,3,1,8,1,zg,2020-02-15 07:57:54.568+00,2458894.831875,30.0,20200215331863,2.39334,1.045,20.9543,165.7966420775,38.11126354622
165.79648665,38.09107014,0,713,3,1,8,1,zg,2020-02-16 05:52:38.517+00,2458895.7448843,30.0,20200216244884,2.23946,1.3,20.9397,165.7964399003,38.09102781859
165.79696178,38.09134282,0,713,3,1,8,1,zg,2020-02-16 05:53:56.278+00,2458895.745787,30.0,20200216245787,2.04914,1.295,21.057,165.796921126,38.09131291473
165.8008918,38.089061,0,713,3,1,8,1,zg,2020-02-19 06:40:20.137+00,2458898.7780093,30.0,20200219277998,2.36658,1.137,21.1241,165.8008537072,38.08903779512
165.80117125,38.08915623,0,713,3,1,8,1,zg,2020-02-19 06:53:15.089+00,2458898.7869792,30.0,20200219286956,2.60808,1.112,21.0868,165.801134318,38.08913579203
165.79648385,38.10171203,0,713,3,1,8,1,zg,2020-02-20 08:49:15.327+00,2458899.8675347,30.0,20200220367535,2.04451,1.008,21.2195,165.7964375638,38.1016756845
165.79647339,38.10173262,0,713,3,1,8,1,zg,2020-02-20 08:50:33.029+00,2458899.8684375,30.0,20200220368426,2.08418,1.008,21.2072,165.7964239739,38.10169176889
165.8041954,38.09341905,0,713,3,1,8,1,zg,2020-02-21 07:36:23.284+00,2458900.8169329,30.0,20200221316910,2.43944,1.043,20.9847,165.804161904,38.09338727433
165.80166655,38.09275583,0,713,3,1,8,1,zg,2020-02-21 07:49:58.701+00,2458900.8263657,30.0,20200221326343,2.6005,1.031,20.9619,165.801623152,38.0927214479
165.79810414,38.1025347,0,713,3,1,8,1,zg,2020-02-24 07:34:07.469+00,2458903.8153588,30.0,20200224315336,2.09244,1.034,21.2316,165.7980666323,38.10250471706
165.79709563,38.10194089,0,713,3,1,8,1,zg,2020-02-24 07:37:41.345+00,2458903.8178356,30.0,20200224317755,2.13907,1.031,21.2325,165.7970517463,38.10191251724
165.79817993,38.1030282,0,713,3,1,8,1,zg,2020-02-24 07:48:16.283+00,2458903.8251852,30.0,20200224325185,2.24391,1.024,21.1486,165.7981379417,38.10299500216
165.79940619,38.09898002,0,713,3,1,8,1,zg,2020-02-25 06:39:41.434+00,2458904.7775579,30.0,20200225277558,2.07321,1.095,21.0963,165.79936153,38.09894657741
165.7997953,38.09906982,0,713,3,1,8,1,zg,2020-02-25 06:41:01.778+00,2458904.7784838,30.0,20200225278472,2.08165,1.093,21.0992,165.7997516363,38.09903144581
165.80208538,38.10086938,0,713,3,1,8,1,zg,2020-02-26 06:52:16.216+00,2458905.7862963,30.0,20200226286273,3.10062,1.071,20.6333,165.8020526312,38.10083217457
165.80197561,38.10050375,0,713,3,1,8,1,zg,2020-02-26 06:54:54.689+00,2458905.788125,30.0,20200226288125,3.06496,1.067,20.6377,165.8019390924,38.100464077
165.80108806,38.10041569,0,713,3,1,8,1,zg,2020-02-27 07:04:58.8+00,2458906.7951157,30.0,20200227295104,2.46994,1.051,20.9003,165.8010461982,38.10038700523
165.80274311,38.10016994,0,713,3,1,8,1,zg,2020-02-27 07:22:43.467+00,2458906.8074421,30.0,20200227307419,2.51198,1.034,20.9164,165.8026952772,38.10013049435
165.8096986,38.10310379,0,713,3,1,8,1,zg,2020-02-29 07:27:33.81+00,2458908.8107986,30.0,20200229310787,2.52254,1.025,20.8255,165.8096619475,38.10307083773
165.80371557,38.09565903,8,713,3,1,8,1,zg,2020-03-01 06:54:08.816+00,2458909.7875926,30.0,20200301287581,6.46433,1.05,19.9382,165.8036910288,38.09562537538
165.80334773,38.09586036,8,713,3,1,8,1,zg,2020-03-01 06:55:29.168+00,2458909.7885301,30.0,20200301288507,6.42062,1.048,19.9611,165.8033135926,38.09579900617
165.79858102,38.10729598,0,713,3,1,8,1,zg,2020-03-03 09:15:57.044+00,2458911.8860764,30.0,20200303386053,3.58641,1.037,20.402,165.7985396346,38.10726484986
165.79760271,38.10744859,0,713,3,1,8,1,zg,2020-03-03 09:17:17.937+00,2458911.8870023,30.0,20200303386991,3.11622,1.038,20.566,165.79755904,38.10741447607
165.80145181,38.11409898,0,713,3,1,8,1,zg,2020-03-04 06:10:18.807+00,2458912.7571528,30.0,20200304257141,2.20714,1.092,20.4247,165.8014123424,38.11406223193
165.80167425,38.11410495,0,713,3,1,8,1,zg,2020-03-04 06:11:39.147+00,2458912.7580903,30.0,20200304258067,2.51806,1.09,20.2767,165.801621202,38.11406866083
165.80372722,38.09348379,0,713,3,1,8,1,zg,2020-03-05 07:22:16.374+00,2458913.8071296,30.0,20200305307106,1.61799,1.016,20.5316,165.8036718731,38.09343557928
165.80366072,38.09353061,0,713,3,1,8,1,zg,2020-03-05 07:23:37.855+00,2458913.8080671,30.0,20200305308056,1.63932,1.016,20.5582,165.8036129739,38.09348654465
165.8034238,38.09676867,67108864,713,3,1,8,1,zg,2020-03-06 05:41:20.857+00,2458914.737037,30.0,20200306237025,2.11366,1.129,18.4177,165.8033772158,38.0967328843
165.80299798,38.09751223,0,713,3,1,8,1,zg,2020-03-06 05:52:17.104+00,2458914.7446412,30.0,20200306244618,1.96567,1.109,19.372,165.8029451555,38.09747562037
165.80432716,38.09770916,0,713,3,1,8,1,zg,2020-03-07 05:42:39.756+00,2458915.7379514,30.0,20200307237940,2.2827,1.119,19.6295,165.80428124,38.09767151921
165.80456861,38.0974901,0,713,3,1,8,1,zg,2020-03-07 05:44:00.112+00,2458915.7388889,30.0,20200307238866,2.30437,1.117,19.6113,165.8045274087,38.09745435956
165.79212847,38.11067992,0,713,3,1,8,1,zg,2020-03-28 06:21:03.363+00,2458936.7646181,30.0,20200328264618,2.14325,1.008,21.1332,165.7920907209,38.1106507472
165.79215095,38.11062835,0,713,3,1,8,1,zg,2020-03-28 06:23:03.249+00,2458936.7660069,30.0,20200328265972,2.18556,1.008,21.0915,165.7921074511,38.11059300756
165.79734102,38.10456149,0,713,3,1,8,1,zg,2020-03-31 07:41:57.604+00,2458939.8207986,30.0,20200331320787,2.21069,1.053,20.1939,165.7973025983,38.10453147965
165.79632029,38.10448816,0,713,3,1,8,1,zg,2020-03-31 07:46:38.708+00,2458939.8240509,30.0,20200331324039,1.87568,1.058,20.5327,165.7962828005,38.10444826469
165.79524176,38.09914555,67108864,713,3,1,8,1,zg,2020-04-01 08:23:49.782+00,2458940.8498727,30.0,20200401349861,1.95209,1.121,18.564,165.7952052507,38.09910648635
165.79573597,38.09290512,0,713,3,1,8,1,zg,2020-04-02 06:16:05.896+00,2458941.761169,30.0,20200402261169,2.68403,1.008,20.2479,165.7956924498,38.09287503861
165.79841979,38.10475415,0,713,3,1,8,1,zg,2020-04-15 06:45:14.321+00,2458954.781412,30.0,20200415281389,2.15769,1.056,21.0424,165.7983790812,38.10473089937
165.79716921,38.10467466,0,713,3,1,8,1,zg,2020-04-15 06:47:54.714+00,2458954.7832639,30.0,20200415283252,2.20854,1.059,21.002,165.7971325221,38.10464284952
165.7995973,38.10249381,0,713,3,1,8,1,zg,2020-04-17 05:21:09.527+00,2458956.7230208,30.0,20200417222894,2.17454,1.008,21.0997,165.799562196,38.10246687086
165.79638113,38.09845529,0,713,3,1,8,1,zg,2020-04-23 05:24:38.253+00,2458962.7254398,30.0,20200423225417,1.83004,1.016,21.2525,165.7963403941,38.09842870376
165.79657904,38.09836802,0,713,3,1,8,1,zg,2020-04-23 05:25:59.18+00,2458962.7263773,30.0,20200423226354,2.13525,1.017,21.1247,165.7965333342,38.09833167495
165.80014227,38.09294108,0,713,3,1,8,1,zg,2020-04-24 05:13:17.329+00,2458963.7175579,30.0,20200424217558,1.87126,1.013,21.3135,165.8000871631,38.09290856264
165.8025752,38.09235263,0,713,3,1,8,1,zg,2020-04-24 06:06:37.162+00,2458963.7545949,30.0,20200424254583,1.666,1.052,21.3687,165.8025240437,38.0923247977
165.80163844,38.09574028,0,713,3,1,8,1,zg,2020-04-25 04:19:26.654+00,2458964.680162,30.0,20200425180162,1.55218,1.01,21.4247,165.8015858443,38.09570411302
165.81195014,38.08666064,0,713,3,1,8,1,zg,2020-04-26 05:44:52.674+00,2458965.7394907,30.0,20200426239433,1.88644,1.038,21.2843,165.8119070066,38.08663694989
165.8113169,38.08664385,0,713,3,1,8,1,zg,2020-04-26 05:46:13.081+00,2458965.7404282,30.0,20200426240405,1.8443,1.039,21.3414,165.8112665857,38.08662170611
165.80645681,38.09294479,67108864,713,3,1,8,1,zg,2020-04-27 06:07:20.751+00,2458966.7550926,30.0,20200427255093,1.84105,1.067,20.0997,165.8064134073,38.09291512027
165.80783392,38.09427948,0,713,3,1,8,1,zg,2020-04-28 06:05:06.194+00,2458967.7535417,30.0,20200428253530,2.51107,1.069,20.8156,165.807786463,38.09425153204
165.80339917,38.09293566,0,713,3,1,8,1,zg,2020-04-29 05:40:11.733+00,2458968.7362384,30.0,20200429236238,1.88385,1.045,20.989,165.8033527945,38.09290532375
165.80315709,38.09294671,0,713,3,1,8,1,zg,2020-04-29 05:41:32.695+00,2458968.7371759,30.0,20200429237176,1.84311,1.046,20.9944,165.8031099904,38.09291069648
165.80277936,38.08992198,0,713,3,1,8,1,zg,2020-04-29 06:23:13.667+00,2458968.7661227,30.0,20200429266123,1.77183,1.102,21.0045,165.802730266,38.08989289211
165.80806024,38.08655151,0,713,3,1,8,1,zg,2020-05-02 06:06:24.95+00,2458971.7544444,30.0,20200502254421,2.40182,1.094,20.023,165.8080109892,38.08652013355
165.80485491,38.08455841,0,713,3,1,8,1,zg,2020-05-02 06:16:54.926+00,2458971.7617361,30.0,20200502261701,2.43869,1.112,19.9868,165.8048070993,38.08453702167
165.80259173,38.08981397,0,713,3,1,8,1,zg,2020-05-03 05:25:43.075+00,2458972.7261921,30.0,20200503226181,1.98945,1.046,20.0925,165.80253637,38.08978472442
165.80524431,38.09386261,0,713,3,1,8,1,zg,2020-05-05 04:11:59.161+00,2458974.6749884,30.0,20200505174977,1.63242,1.009,20.1399,165.8051851125,38.09382485652
165.80544073,38.09402706,0,713,3,1,8,1,zg,2020-05-05 04:13:20.144+00,2458974.6759259,30.0,20200505175914,1.75263,1.009,20.0848,165.8053951873,38.09399385072
165.80437918,38.08821638,0,713,3,1,8,1,zg,2020-05-06 05:27:28.226+00,2458975.7274074,30.0,20200506227407,1.84,1.061,19.98,165.8043272372,38.08818887195
165.80146324,38.09438124,0,713,3,1,8,1,zg,2020-05-08 03:57:57.951+00,2458977.6652431,30.0,20200508165231,1.88411,1.008,19.6333,165.801407708,38.0943469278
165.80364451,38.09377519,0,713,3,1,8,1,zg,2020-05-08 03:59:24.434+00,2458977.66625,30.0,20200508166215,1.98719,1.009,19.503,165.8035972391,38.09374297754
165.81229202,38.09420052,0,713,3,1,8,1,zg,2020-05-09 04:12:55.667+00,2458978.6756366,30.0,20200509175637,1.87745,1.013,21.2298,165.8122381079,38.09416359295
165.80928876,38.09056312,0,713,3,1,8,1,zg,2020-05-10 05:26:36.325+00,2458979.7268056,30.0,20200510226806,1.91482,1.081,21.0325,165.8092485696,38.09052353999
165.81100638,38.09380112,0,713,3,1,8,1,zg,2020-05-11 04:40:31.049+00,2458980.6947917,30.0,20200511194757,2.39216,1.034,21.1732,165.8109685908,38.09377649226
165.81056013,38.09382866,0,713,3,1,8,1,zg,2020-05-11 04:41:51.675+00,2458980.6957292,30.0,20200511195729,2.33344,1.035,21.2181,165.8105241756,38.09379887846
165.80608071,38.09765054,0,713,3,1,8,1,zg,2020-05-12 04:13:15.474+00,2458981.6758681,30.0,20200512175868,2.06205,1.018,21.2153,165.8060430034,38.09762219809
165.80396545,38.10225102,0,713,3,1,8,1,zg,2020-05-16 04:11:32.263+00,2458985.6746759,30.0,20200516174676,1.89986,1.027,21.2788,165.8039175274,38.10221640506
165.80398665,38.10231257,0,713,3,1,8,1,zg,2020-05-16 04:12:53.439+00,2458985.6756134,30.0,20200516175602,1.75655,1.028,21.3063,165.803941126,38.10228577038
165.80210234,38.0866082,0,713,3,1,8,1,zg,2020-05-17 04:52:57.47+00,2458986.7034375,30.0,20200517203368,1.96963,1.073,21.1771,165.8020478871,38.08658203021
165.80695903,38.10135342,0,713,3,1,8,1,zg,2020-05-18 05:11:03.55+00,2458987.7160069,30.0,20200518216007,2.3265,1.106,21.0498,165.8069119665,38.10132348079
165.80469423,38.09456998,0,713,3,1,8,1,zg,2020-05-22 04:15:09.104+00,2458991.6771875,30.0,20200522177176,1.52717,1.051,21.3113,165.8046479763,38.09453194546
165.80292606,38.09473175,0,713,3,1,8,1,zg,2020-05-22 04:17:14.895+00,2458991.6786343,30.0,20200522178634,1.83471,1.053,21.2314,165.8028786092,38.09469253708
165.80488446,38.09955195,0,713,3,1,8,1,zg,2020-05-23 04:43:01.402+00,2458992.6965394,30.0,20200523196539,2.19481,1.093,21.0574,165.8048436007,38.09952776952
165.80040119,38.08861841,0,713,3,1,8,1,zg,2020-05-24 05:56:25.065+00,2458993.7475116,30.0,20200524247500,2.23979,1.277,20.7879,165.8003548271,38.0885908765
165.80468435,38.08585814,0,713,3,1,8,1,zg,2020-05-25 05:38:16.089+00,2458994.7349074,30.0,20200525234873,1.83713,1.232,21.0733,165.8046335485,38.08582743754
165.81447943,38.09370494,0,713,3,1,8,1,zg,2020-05-26 04:53:33.562+00,2458995.7038542,30.0,20200526203831,2.23326,1.132,20.8855,165.8144355132,38.09367239526
165.80724558,38.08951386,0,713,3,1,8,1,zg,2020-05-27 04:58:58.664+00,2458996.7076157,30.0,20200527207569,1.8725,1.152,20.9597,165.8071962993,38.08947314876
165.80912657,38.08427234,0,713,3,1,8,1,zg,2020-05-28 04:23:35.069+00,2458997.683044,30.0,20200528183032,1.78013,1.093,20.885,165.8090750488,38.08424459602
165.8106632,38.09209901,0,713,3,1,8,1,zg,2020-05-29 04:26:39.181+00,2458998.6851736,30.0,20200529185162,1.65652,1.104,20.7879,165.8106096343,38.09206643643
165.80159596,38.08240247,0,713,3,1,8,1,zg,2020-05-30 05:22:02.817+00,2458999.7236343,30.0,20200530223634,2.33802,1.242,20.2525,165.8015430767,38.0823833863
165.81251822,38.09384512,0,713,3,1,8,1,zg,2020-06-01 04:06:38.233+00,2459001.6712731,30.0,20200601171273,1.9357,1.091,20.0381,165.8124637979,38.09381903838
165.80464855,38.09124651,0,713,3,1,8,1,zg,2020-06-01 04:29:03.409+00,2459001.6868403,30.0,20200601186840,2.03907,1.131,19.9268,165.8046102284,38.09121042705
165.80567582,38.0863891,0,713,3,1,8,1,zg,2020-06-09 05:40:05.089+00,2459009.7361574,30.0,20200609236157,3.2792,1.472,20.1952,165.8056665628,38.08636672393
165.80317415,38.07989313,0,713,3,1,8,1,zg,2020-06-13 05:28:33.038+00,2459013.7281597,30.0,20200613228148,2.53274,1.494,20.4744,165.8031339721,38.07987952743
165.80990988,38.08036302,0,713,3,1,8,1,zg,2020-06-17 05:17:07.315+00,2459017.7202199,30.0,20200617220220,2.78777,1.518,20.5787,165.8098671227,38.08034484102
165.80790744,38.08893505,0,713,3,1,8,1,zg,2020-06-20 04:52:56.119+00,2459020.7034259,30.0,20200620203414,1.9418,1.452,20.9079,165.8078531317,38.08891170212
165.8052409,38.08370191,0,713,3,1,8,1,zg,2020-06-23 05:16:11.381+00,2459023.7195718,30.0,20200623219572,2.22445,1.66,20.6174,165.8051886122,38.08367955094
165.80520096,38.08533294,0,713,3,1,8,1,zg,2020-06-27 04:44:03.155+00,2459027.6972569,30.0,20200627197188,2.23163,1.554,19.9895,165.8051710565,38.08531583977
165.80061032,38.08527098,0,713,3,1,8,1,zg,2020-07-03 04:48:24.39+00,2459033.7002778,30.0,20200703200278,2.90848,1.747,19.3569,165.8005662915,38.08526061436
165.80333339,38.07997996,33554440,713,3,1,8,1,zg,2020-07-07 05:08:49.864+00,2459037.714456,30.0,20200707214456,5.45738,2.101,18.7034,165.8033047155,38.07993862322
165.80847853,38.05918214,0,713,3,1,8,1,zg,2020-10-18 12:12:52.523+00,2459141.0089352,30.0,20201018508935,3.03783,1.832,20.3462,165.8084383048,38.05915893591
165.81183589,38.06918292,0,713,3,1,8,1,zg,2020-10-20 11:54:38.629+00,2459142.9962731,30.0,20201020496273,2.09635,1.929,20.9208,165.8118060835,38.069156635
165.81282717,38.10022312,0,713,3,1,8,1,zg,2020-10-22 12:12:59.941+00,2459145.0090162,30.0,20201022509016,2.42422,1.701,20.952,165.812793033,38.10020251295
165.7919654,38.09708288,0,713,3,1,8,1,zg,2020-10-28 10:37:55.374+00,2459150.9429977,30.0,20201028442986,3.3392,2.525,19.1441,165.7919570792,38.09707977533
165.80833062,38.10914123,0,713,3,1,8,1,zg,2020-10-30 12:13:50.062+00,2459153.0096065,30.0,20201030509595,2.66612,1.496,19.6345,165.8082836356,38.10911551771
165.81952535,38.10750458,0,713,3,1,8,1,zg,2020-11-02 12:35:31.776+00,2459156.0246644,30.0,20201102524664,2.12073,1.341,20.0177,165.8194669306,38.10746665168
165.82200546,38.103601,0,713,3,1,8,1,zg,2020-11-05 11:50:25.316+00,2459158.9933449,30.0,20201105493310,3.25674,1.495,19.5662,165.821960863,38.10357760065
165.80720974,38.11293686,0,713,3,1,8,1,zg,2020-11-12 12:22:22.696+00,2459166.0155324,30.0,20201112515532,1.95896,1.249,21.1331,165.8071621928,38.11289482685
165.81502284,38.11525292,0,713,3,1,8,1,zg,2020-11-15 12:14:34.821+00,2459169.0101157,30.0,20201115510116,2.34929,1.237,20.9045,165.8149774697,38.11521341352
165.82029673,38.10480062,0,713,3,1,8,1,zg,2020-11-17 11:42:07.137+00,2459170.987581,30.0,20201117487569,2.19737,1.32,20.9667,165.8202435326,38.10477373064
165.81040109,38.10755532,0,713,3,1,8,1,zg,2020-11-20 11:41:13.045+00,2459173.9869444,30.0,20201120486944,2.44421,1.281,20.7577,165.8103564697,38.10752581921
165.81208896,38.10927827,0,713,3,1,8,1,zg,2020-11-23 11:59:47.571+00,2459176.9998495,30.0,20201123499815,2.67961,1.191,20.8708,165.812043643,38.10924022473
165.80424815,38.11133186,0,713,3,1,8,1,zg,2020-11-26 11:41:24.173+00,2459179.9870833,30.0,20201126487072,2.76361,1.208,20.9433,165.8041924483,38.11129401268
165.80696272,38.12145235,0,713,3,1,8,1,zg,2020-11-28 12:44:29.416+00,2459182.0308912,30.0,20201128530845,2.74276,1.069,20.4462,165.8069117802,38.12141603944
165.80779051,38.11488831,0,713,3,1,8,1,zg,2020-12-01 10:41:47.683+00,2459184.9456829,30.0,20201201445683,2.16035,1.34,19.7536,165.8077510554,38.11486149773
165.80433392,38.12845798,8,713,3,1,8,1,zg,2020-12-03 12:54:31.865+00,2459187.0378588,30.0,20201203537627,5.06794,1.037,19.1339,165.8042894453,38.12843457066
165.81285475,38.114788,67108864,713,3,1,8,1,zg,2020-12-05 11:24:27.805+00,2459188.9753125,30.0,20201205475312,3.23965,1.162,19.7143,165.8128095394,38.11474805452
165.80832618,38.1165268,0,713,3,1,8,1,zg,2020-12-10 10:40:20.222+00,2459193.9446759,30.0,20201210444664,2.67732,1.225,20.7136,165.8082777096,38.11649147218
165.80506777,38.11802705,0,713,3,1,8,1,zg,2020-12-15 12:18:50.885+00,2459199.0130787,30.0,20201215513079,2.76325,1.028,20.8299,165.805012937,38.11798263477
165.81432312,38.1206287,67108864,713,3,1,8,1,zg,2020-12-17 11:18:10.16+00,2459200.9709491,30.0,20201217470938,2.20438,1.086,20.2032,165.8142773957,38.12059370312
165.81360579,38.11274836,0,713,3,1,8,1,zg,2020-12-20 09:18:12.164+00,2459203.8876389,30.0,20201220387627,2.88117,1.376,20.5903,165.813537374,38.11270510997
165.81383224,38.11296335,0,713,3,1,8,1,zg,2020-12-22 10:16:22.223+00,2459205.9280324,30.0,20201222428032,2.37476,1.165,20.7562,165.8137716638,38.11293032285
165.80839737,38.12568216,0,713,3,1,8,1,zg,2021-01-01 10:09:44.398+00,2459215.9234259,30.0,20210101423426,3.64369,1.101,18.9253,165.8083882543,38.12564496512
165.81092774,38.12536879,0,713,3,1,8,1,zg,2021-01-03 10:41:02.666+00,2459217.945162,30.0,20210103445162,2.21698,1.048,20.0496,165.8108839253,38.12533137821
165.81350056,38.1220507,0,713,3,1,8,1,zg,2021-01-05 10:17:06.245+00,2459219.9285417,30.0,20210105428542,2.43557,1.067,20.3621,165.8134384809,38.12200641152
165.81785484,38.12142024,0,713,3,1,8,1,zg,2021-01-07 11:29:35.637+00,2459221.9788773,30.0,20210107478773,2.41367,1.009,20.7009,165.8178045806,38.12138882781
165.81369093,38.11933248,0,713,3,1,8,1,zg,2021-01-09 09:52:37.801+00,2459223.9115394,30.0,20210109411505,3.07916,1.079,20.7033,165.8136459175,38.11930180499
165.81154732,38.11632491,0,713,3,1,8,1,zg,2021-01-11 10:42:15.8+00,2459225.9460069,30.0,20210111446007,4.17445,1.022,20.3479,165.8115024532,38.11629435831
165.81107403,38.1181671,0,713,3,1,8,1,zg,2021-01-15 10:43:36.643+00,2459229.9469444,30.0,20210115446944,3.55751,1.014,20.5458,165.8110301224,38.11813195842
165.8252276,38.11702674,0,713,3,1,8,1,zg,2021-01-17 10:22:40.967+00,2459231.9324074,30.0,20210117432407,2.22488,1.019,21.0979,165.8251779069,38.11698871838
165.80820979,38.1217368,0,713,3,1,8,1,zg,2021-02-03 09:53:10.584+00,2459248.9119213,30.0,20210203411921,2.04887,1.008,20.6173,165.8081668802,38.12170552697
165.81416553,38.12254217,0,713,3,1,8,1,zg,2021-02-05 08:46:43.612+00,2459250.8657755,30.0,20210205365775,3.20631,1.034,20.6873,165.8141270214,38.12249959605
165.81186778,38.12307485,100663296,713,3,1,8,1,zg,2021-02-09 10:44:44.655+00,2459254.9477315,30.0,20210209447685,2.0873,1.038,20.2312,165.8118298835,38.12304006713
165.81254607,38.12111732,0,713,3,1,8,1,zg,2021-02-11 08:13:07.815+00,2459256.8424421,30.0,20210211342442,2.3688,1.043,21.0705,165.8124918244,38.12108047413
165.80922136,38.11737812,0,713,3,1,8,1,zg,2021-02-13 08:42:54.528+00,2459258.863125,30.0,20210213363125,2.32001,1.016,20.7573,165.8091742249,38.11734750024
165.81035272,38.12506125,0,713,3,1,8,1,zg,2021-02-17 07:49:28.473+00,2459262.8260185,30.0,20210217326018,3.08618,1.043,20.7429,165.810292786,38.12502941209
165.80841588,38.13120333,4194304,713,3,1,8,1,zg,2021-02-19 08:22:07.23+00,2459264.8486921,30.0,20210219348692,1.82905,1.015,21.284,165.8083542087,38.13117259131
165.76006194,38.10873373,0,713,3,1,8,1,zg,2021-02-21 09:52:19.834+00,2459266.911331,30.0,20210221411331,3.52093,1.034,20.3441,165.7600091456,38.10869407528
165.75573306,38.10450792,0,713,3,1,8,1,zg,2021-02-22 05:30:40.769+00,2459267.7296296,30.0,20210222229502,3.03988,1.284,19.8995,165.7556961897,38.10446849844
165.76050989,38.10617441,0,713,3,1,8,1,zg,2021-02-22 08:44:13.579+00,2459267.8640394,30.0,20210222364039,2.58708,1.008,20.3023,165.7604520672,38.1061458416
165.75799699,38.09169884,0,713,3,1,8,1,zg,2021-02-23 04:07:26.923+00,2459268.6718287,30.0,20210223171829,2.28511,1.685,19.8752,165.7579522348,38.09166294569
165.76557148,38.09358795,0,713,3,1,8,1,zg,2021-02-23 05:09:06.865+00,2459268.7146528,30.0,20210223214653,2.22583,1.349,20.0733,165.7655185578,38.09354649201
165.76258162,38.09877651,0,713,3,1,8,1,zg,2021-02-24 05:25:54.788+00,2459269.7263194,30.0,20210224226319,1.72762,1.273,20.1275,165.762539505,38.09874344509
165.76605249,38.10634556,0,713,3,1,8,1,zg,2021-02-24 10:41:23.764+00,2459269.9454051,30.0,20210224445405,2.13452,1.112,20.0904,165.7659887557,38.10630475887
165.76944006,38.10046868,0,713,3,1,8,1,zg,2021-02-25 05:06:30.166+00,2459270.7128472,30.0,20210225212847,2.30452,1.328,19.4898,165.7693870115,38.10044222805
165.76434704,38.10672137,0,713,3,1,8,1,zg,2021-02-25 09:08:00.698+00,2459270.8805556,30.0,20210225380486,2.21713,1.016,19.7217,165.7643037695,38.10669112885
165.76837097,38.10565308,0,713,3,1,8,1,zg,2021-02-26 08:53:16.979+00,2459271.8703241,30.0,20210226370255,2.65064,1.012,19.3089,165.7683202254,38.10561006354
165.76138123,38.09480256,1,713,3,1,8,1,zg,2021-02-27 03:55:03.862+00,2459272.6632292,30.0,20210227163229,2.36797,1.662,18.9179,165.7613338034,38.0947693382
165.76441006,38.10831628,0,713,3,1,8,1,zg,2021-02-27 09:10:03.364+00,2459272.8819792,30.0,20210227381979,2.43889,1.021,19.1636,165.7643636216,38.10827977148
165.76545428,38.1098159,0,713,3,1,8,1,zg,2021-02-28 06:55:00.104+00,2459273.7881944,30.0,20210228288183,3.63224,1.054,18.8169,165.7653973001,38.1097772654
165.76071349,38.09615654,8,713,3,1,8,1,zg,2021-03-01 04:51:57.67+00,2459274.7027431,30.0,20210301202743,4.96628,1.324,18.8236,165.760687047,38.09612796018
165.76144609,38.0982362,33554440,713,3,1,8,1,zg,2021-03-01 05:08:02.258+00,2459274.713912,30.0,20210301213912,5.10572,1.267,18.7976,165.7614077105,38.09819804899
165.75868062,38.11619008,0,713,3,1,8,1,zg,2021-03-01 11:28:24.942+00,2459274.9780556,30.0,20210301478056,3.81972,1.279,19.0636,165.758639925,38.11613697987
165.75651345,38.09979682,0,713,3,1,8,1,zg,2021-03-02 03:57:46.477+00,2459275.6651157,30.0,20210302165069,2.84028,1.566,20.4124,165.7564786355,38.09976837614
165.81000952,38.11995634,0,713,3,1,8,1,zg,2021-03-03 05:21:31.885+00,2459276.7232755,30.0,20210303223275,2.24775,1.204,20.9167,165.8099488993,38.11990727676
165.81311131,38.13000083,0,713,3,1,8,1,zg,2021-03-05 06:24:25.402+00,2459278.766956,30.0,20210305266933,2.85173,1.068,20.7359,165.8130661979,38.12996775164
165.81262639,38.13329191,0,713,3,1,8,1,zg,2021-03-05 07:14:55.294+00,2459278.8020255,30.0,20210305302014,2.34029,1.021,21.0218,165.8125840492,38.13326494124
165.81368857,38.11256947,0,713,3,1,8,1,zg,2021-03-07 05:55:06.949+00,2459280.7465972,30.0,20210307246597,2.05708,1.099,21.3133,165.8136343047,38.11253559206
165.81394173,38.1128344,0,713,3,1,8,1,zg,2021-03-07 05:56:28.199+00,2459280.7475463,30.0,20210307247546,2.10107,1.097,21.2687,165.813889947,38.1127968484
165.81568821,38.11598021,0,713,3,1,8,1,zg,2021-03-07 09:08:30.452+00,2459280.8809028,30.0,20210307380903,3.16502,1.044,20.3732,165.815639114,38.11594811416
165.8079386,38.12346418,0,713,3,1,8,1,zg,2021-03-08 07:59:09.248+00,2459281.8327431,30.0,20210308332720,3.15405,1.009,20.9236,165.8079041886,38.12342331429
165.80378465,38.12604271,0,713,3,1,8,1,zg,2021-03-17 05:29:49.937+00,2459290.7290394,30.0,20210317229039,2.39308,1.078,20.9118,165.8037360392,38.1260076467
165.80549154,38.12900205,0,713,3,1,8,1,zg,2021-03-17 07:25:42.293+00,2459290.8095139,30.0,20210317309514,2.34463,1.009,21.0656,165.8054366755,38.12896636003
165.81157894,38.12945956,0,713,3,1,8,1,zg,2021-03-17 07:38:02.747+00,2459290.8180787,30.0,20210317318009,2.43417,1.012,20.9416,165.8115254018,38.1294224357
165.80967752,38.12745342,0,713,3,1,8,1,zg,2021-03-18 06:40:48.893+00,2459291.7783333,30.0,20210318278333,2.56693,1.013,20.8921,165.8096195217,38.12741313419
165.80918154,38.12514144,0,713,3,1,8,1,zg,2021-03-19 06:51:45.235+00,2459292.7859375,30.0,20210319285938,2.00979,1.009,21.1213,165.8091249608,38.12510776094
165.81324137,38.12490228,0,713,3,1,8,1,zg,2021-03-19 07:24:11.759+00,2459292.8084606,30.0,20210319308449,1.94104,1.01,21.1563,165.8131831861,38.12486299951
165.81633523,38.1251182,0,713,3,1,8,1,zg,2021-03-19 07:36:26.104+00,2459292.8169676,30.0,20210319316898,2.1072,1.014,21.0927,165.8162793204,38.12508476495
165.81011445,38.12382567,0,713,3,1,8,1,zg,2021-03-20 06:52:27.272+00,2459293.7864236,30.0,20210320286412,2.05947,1.009,21.0584,165.8100585213,38.1237989237
165.8140745,38.11951246,0,713,3,1,8,1,zg,2021-03-21 04:16:29.87+00,2459294.6781134,30.0,20210321178113,2.7945,1.19,20.2583,165.8140256511,38.1194773021
165.80981411,38.12216483,0,713,3,1,8,1,zg,2021-03-21 05:50:53.902+00,2459294.743669,30.0,20210321243669,2.286,1.036,20.5683,165.809761673,38.12213062719
165.80899582,38.12641103,0,713,3,1,8,1,zg,2021-03-22 07:00:11.564+00,2459295.791794,30.0,20210322291794,3.01878,1.008,20.0953,165.8089338228,38.12636698402
165.81093002,38.1277701,0,713,3,1,8,1,zg,2021-03-24 05:49:45.557+00,2459297.7428819,30.0,20210324242882,2.75805,1.028,19.6673,165.8108763655,38.12773328274
165.80955022,38.1238012,0,713,3,1,8,1,zg,2021-03-27 07:49:16.091+00,2459300.8258796,30.0,20210327325868,2.89335,1.043,19.084,165.809504777,38.12377493739
165.80803968,38.11342659,0,713,3,1,8,1,zg,2021-03-29 07:47:51.73+00,2459302.8248958,30.0,20210329324896,1.90726,1.05,19.7412,165.8079904334,38.11339257975
165.81570536,38.11870618,0,713,3,1,8,1,zg,2021-03-31 05:13:32.111+00,2459304.7177315,30.0,20210331217720,2.23116,1.035,20.3478,165.8156499771,38.11867402877
165.81171161,38.1190188,0,713,3,1,8,1,zg,2021-04-02 07:14:37.909+00,2459306.8018171,30.0,20210402301817,1.87672,1.034,21.0166,165.8116547664,38.11898474109
165.81155792,38.11896261,0,713,3,1,8,1,zg,2021-04-02 07:15:58.926+00,2459306.8027546,30.0,20210402302755,2.03876,1.035,20.9462,165.8115165135,38.11893720713
165.81600262,38.11948038,4194304,713,3,1,8,1,zg,2021-04-03 06:46:05.389+00,2459307.7820023,30.0,20210403282002,2.17051,1.018,21.1323,165.8159620617,38.11944846484
165.816815,38.1165814,67108864,713,3,1,8,1,zg,2021-04-04 08:10:54.819+00,2459308.8409028,30.0,20210404340903,2.12535,1.117,20.3026,165.816764855,38.11655417938
165.81372734,38.11712821,0,713,3,1,8,1,zg,2021-04-04 08:12:16.158+00,2459308.8418519,30.0,20210404341840,2.15514,1.119,20.508,165.8136766491,38.11709279871
165.82012307,38.11502243,0,713,3,1,8,1,zg,2021-04-05 04:11:06.512+00,2459309.674375,30.0,20210405174375,1.98206,1.084,21.036,165.8200728567,38.11498710566
165.81882584,38.11573137,0,713,3,1,8,1,zg,2021-04-06 06:18:35.298+00,2459310.7629051,30.0,20210406262859,2.12707,1.011,21.1979,165.818771029,38.11569670131
165.81877551,38.11570669,0,713,3,1,8,1,zg,2021-04-06 06:19:56.811+00,2459310.7638426,30.0,20210406263843,2.25471,1.012,21.1523,165.8187265369,38.11567487468
165.81816031,38.11881936,0,713,3,1,8,1,zg,2021-04-07 05:23:07.118+00,2459311.7243866,30.0,20210407224375,2.25369,1.013,20.9588,165.8181072149,38.11878935871
165.81470199,38.11907443,0,713,3,1,8,1,zg,2021-04-08 05:51:05.234+00,2459312.7438079,30.0,20210408243785,2.4578,1.008,20.9366,165.8146589124,38.11903911822
165.81512465,38.1190206,0,713,3,1,8,1,zg,2021-04-08 05:52:26.234+00,2459312.7447454,30.0,20210408244745,2.6446,1.008,20.8431,165.8150852981,38.11899120021
165.81675419,38.11913888,4194304,713,3,1,8,1,zg,2021-04-09 05:40:28.062+00,2459313.7364236,30.0,20210409236424,2.00618,1.008,21.1271,165.8167037551,38.11910967513
165.81280946,38.11820773,4194304,713,3,1,8,1,zg,2021-04-10 05:51:14.482+00,2459314.743912,30.0,20210410243900,1.88816,1.009,21.3007,165.8127530192,38.11817031443
165.81324885,38.11818479,4194304,713,3,1,8,1,zg,2021-04-10 05:52:35.626+00,2459314.7448495,30.0,20210410244850,1.96392,1.009,21.2432,165.8131971422,38.11814824908
165.80908903,38.11587994,0,713,3,1,8,1,zg,2021-04-12 07:54:19.771+00,2459316.8293866,30.0,20210412329387,2.38145,1.146,21.1818,165.8090412925,38.11584346813
165.80844397,38.12503562,0,713,3,1,8,1,zg,2021-04-15 06:28:42.553+00,2459319.7699306,30.0,20210415269931,4.68563,1.038,20.2935,165.8084095496,38.12499715501
165.81522151,38.12115713,0,713,3,1,8,1,zg,2021-04-18 04:43:49.518+00,2459322.6970949,30.0,20210418197095,2.23106,1.012,20.6518,165.8151616241,38.12111447709
165.81747333,38.11795868,0,713,3,1,8,1,zg,2021-04-20 04:28:47.805+00,2459324.6866551,30.0,20210420186655,1.85632,1.014,20.6287,165.8174148547,38.1179238356
165.81454219,38.12360659,0,713,3,1,8,1,zg,2021-04-24 05:14:17.064+00,2459328.7182407,30.0,20210424218241,2.08766,1.014,19.76,165.8144867792,38.12357107324
165.81087535,38.11635082,0,713,3,1,8,1,zg,2021-04-25 07:43:30.778+00,2459329.821875,30.0,20210425321840,2.58108,1.251,19.3925,165.8108299844,38.11631986582
165.8185713,38.11186392,4194304,713,3,1,8,1,zg,2021-04-30 04:53:00.793+00,2459334.7034722,30.0,20210430203472,1.85916,1.015,21.1708,165.8185190547,38.11182899866
165.80877588,38.11634404,0,713,3,1,8,1,zg,2021-05-01 05:54:43.984+00,2459335.746331,30.0,20210501246331,2.43566,1.07,20.4554,165.8087368532,38.11631663289
165.80982171,38.11584591,0,713,3,1,8,1,zg,2021-05-02 05:49:27.8+00,2459336.7426736,30.0,20210502242674,2.38693,1.068,21.076,165.8097812023,38.11581881565
165.8098316,38.11596755,0,713,3,1,8,1,zg,2021-05-02 05:50:48.517+00,2459336.7436111,30.0,20210502243611,2.33121,1.07,21.1012,165.8097882412,38.11592281476
165.81519564,38.1197019,0,713,3,1,8,1,zg,2021-05-04 04:45:41.424+00,2459338.6983912,30.0,20210504198391,1.93625,1.018,21.1193,165.8151434439,38.11966988898
165.81530297,38.119632,4194304,713,3,1,8,1,zg,2021-05-04 04:47:02.044+00,2459338.6993171,30.0,20210504199317,1.96611,1.019,21.1187,165.8152425011,38.11959002007
165.82053971,38.11740258,0,713,3,1,8,1,zg,2021-05-05 05:12:36.133+00,2459339.7170833,30.0,20210505217072,1.84258,1.04,21.1917,165.8204905617,38.11736168384
165.81621733,38.11707617,0,713,3,1,8,1,zg,2021-05-06 04:46:16.657+00,2459340.6987963,30.0,20210506198796,1.88175,1.023,21.1746,165.8161651612,38.11703960044
165.81669597,38.11739182,0,713,3,1,8,1,zg,2021-05-06 04:47:37.645+00,2459340.6997338,30.0,20210506199734,1.87646,1.024,21.1915,165.8166481738,38.11736517413
165.81626048,38.12234242,0,713,3,1,8,1,zg,2021-05-07 04:11:48.991+00,2459341.6748611,30.0,20210507174861,2.2529,1.01,21.0698,165.8162127896,38.12230635932
165.81637511,38.11492737,0,713,3,1,8,1,zg,2021-05-08 05:45:59.947+00,2459342.7402662,30.0,20210508240266,2.34854,1.097,21.0609,165.8163154262,38.11488564752
165.81059777,38.11712785,0,713,3,1,8,1,zg,2021-05-09 05:50:09.655+00,2459343.7431597,30.0,20210509243160,2.08947,1.111,21.0098,165.8105506029,38.11709087815
165.81647215,38.11524774,0,713,3,1,8,1,zg,2021-05-10 06:13:09.774+00,2459344.7591319,30.0,20210510259132,2.26581,1.166,21.0895,165.8164173626,38.11520550963
165.79561441,38.10427939,0,713,3,1,8,1,zg,2021-05-12 08:28:47.079+00,2459346.8533218,30.0,20210512353310,2.13699,1.873,20.5272,165.795579153,38.10425356899
165.79622371,38.10076401,0,713,3,1,8,1,zg,2021-05-12 08:52:36.256+00,2459346.8698611,30.0,20210512369850,2.1551,2.128,20.3399,165.7962015914,38.10075635084
165.80608868,38.11905694,0,713,3,1,8,1,zg,2021-05-14 05:24:32.62+00,2459348.7253704,30.0,20210514225370,1.84455,1.101,21.1977,165.8060465794,38.11901702309
165.81519965,38.12143166,0,713,3,1,8,1,zg,2021-05-16 04:40:48.635+00,2459350.695,30.0,20210516195000,3.79099,1.052,20.3802,165.8151526085,38.12140419469
165.81113477,38.12121188,0,713,3,1,8,1,zg,2021-05-16 04:51:39.953+00,2459350.7025347,30.0,20210516202535,3.38666,1.065,20.5696,165.8110944982,38.12117810335
165.80951381,38.11992398,0,713,3,1,8,1,zg,2021-05-19 05:14:43.595+00,2459353.7185532,30.0,20210519218553,1.96983,1.118,20.4962,165.8094607542,38.11988640077
165.81005927,38.1195816,0,713,3,1,8,1,zg,2021-05-19 05:16:04.277+00,2459353.7194907,30.0,20210519219491,2.36807,1.121,20.2796,165.8100168092,38.11954614276
165.81968037,38.12149692,0,713,3,1,8,1,zg,2021-05-20 04:24:00.28+00,2459354.6833333,30.0,20210520183299,2.30145,1.051,20.2754,165.8196189217,38.12145761725
165.80693937,38.1163944,0,713,3,1,8,1,zg,2021-05-21 06:24:01.984+00,2459355.7666782,30.0,20210521266482,2.90765,1.329,19.6683,165.8068860803,38.11635897629
165.80631001,38.1163149,4194304,713,3,1,8,1,zg,2021-05-21 06:25:22.858+00,2459355.7676157,30.0,20210521267616,3.03834,1.335,19.4717,165.8062645335,38.11628950971
165.81018295,38.12757638,0,713,3,1,8,1,zg,2021-05-22 04:51:21.446+00,2459356.7023264,30.0,20210522202326,3.13237,1.098,19.6084,165.8101338741,38.12753870085
165.8074636,38.12525728,0,713,3,1,8,1,zg,2021-05-24 05:51:20.378+00,2459358.7439815,30.0,20210524243947,2.88193,1.257,19.439,165.8074175531,38.12523522943
165.80431616,38.12652385,0,713,3,1,8,1,zg,2021-05-24 05:52:41.692+00,2459358.744919,30.0,20210524244919,2.35046,1.261,19.6963,165.8042558239,38.12649027217
165.80184286,38.11491952,0,713,3,1,8,1,zg,2021-05-27 06:11:40.093+00,2459361.7581019,30.0,20210527258009,2.20613,1.375,19.6986,165.8017996395,38.11489330378
165.80290007,38.11435755,0,713,3,1,8,1,zg,2021-05-27 06:13:00.841+00,2459361.7590278,30.0,20210527259028,2.175,1.38,19.6969,165.8028533481,38.11431417934
165.81166417,38.11644502,0,713,3,1,8,1,zg,2021-05-29 05:12:55.36+00,2459363.7173032,30.0,20210529217269,2.379,1.202,20.7976,165.8116083494,38.11640856157
165.80526327,38.11760669,0,713,3,1,8,1,zg,2021-05-29 05:21:04.065+00,2459363.7229514,30.0,20210529222951,2.12557,1.225,20.9101,165.805207825,38.1175724149
165.82066709,38.11752391,0,713,3,1,8,1,zg,2021-05-31 04:43:06.624+00,2459365.6965972,30.0,20210531196563,2.07802,1.149,21.0019,165.8206158477,38.11748381706
165.80632985,38.11022812,0,713,3,1,8,1,zg,2021-06-01 05:54:57.069+00,2459366.7464931,30.0,20210601246481,2.09547,1.387,20.7775,165.806304403,38.11020401534
165.80470353,38.11026124,0,713,3,1,8,1,zg,2021-06-02 05:47:36.069+00,2459367.7413889,30.0,20210602241377,1.98272,1.373,20.8488,165.8046746311,38.11023188753
165.81240682,38.10795746,0,713,3,1,8,1,zg,2021-06-04 05:19:52.504+00,2459369.7221296,30.0,20210604222130,1.88136,1.296,21.0248,165.8123652602,38.1079332092
165.80422768,38.10943964,0,713,3,1,8,1,zg,2021-06-08 06:22:32.562+00,2459373.7656481,30.0,20210608265625,3.01903,1.705,20.4598,165.8041803213,38.10940573246
165.81763334,38.10319548,0,713,3,1,8,1,zg,2021-06-20 04:47:53.564+00,2459385.699919,30.0,20210620199919,2.84207,1.422,19.5791,165.8175701476,38.10316156703
165.81875434,38.10576925,0,713,3,1,8,1,zg,2021-10-22 12:15:42.709+00,2459510.0109028,30.0,20211022510903,2.1989,1.688,19.7402,165.8187045763,38.10573551418
165.81414085,38.11377933,0,713,3,1,8,1,zg,2021-10-25 11:51:55.854+00,2459512.9943866,30.0,20211025494387,2.72155,1.782,19.799,165.8140868538,38.11374197329
165.821375,38.11381781,0,713,3,1,8,1,zg,2021-11-04 12:23:21+00,2459523.0162037,30.0,20211104516204,2.23871,1.362,21.0024,165.8213264361,38.11377989223
165.82283607,38.11323743,0,713,3,1,8,1,zg,2021-11-06 12:54:37.872+00,2459525.0379282,30.0,20211106537928,2.2318,1.226,21.0124,165.8227852713,38.1132056447
165.81734023,38.11191217,0,713,3,1,8,1,zg,2021-11-08 11:22:51.216+00,2459526.9742014,30.0,20211108474190,3.00812,1.593,20.6415,165.8172964069,38.11187447949
165.81796324,38.11189951,0,713,3,1,8,1,zg,2021-11-10 12:35:51.935+00,2459529.0248958,30.0,20211110524896,3.12201,1.235,20.7288,165.8179233419,38.11185870047
165.81758777,38.09820714,100663304,713,3,1,8,1,zg,2021-11-12 10:21:50.486+00,2459530.9318287,30.0,20211112431806,6.4597,1.961,19.4474,165.8175286935,38.09821499851
165.8248952,38.1135544,0,713,3,1,8,1,zg,2021-11-14 12:25:48.03+00,2459533.0179051,30.0,20211114517905,2.39976,1.219,20.8466,165.8248396084,38.11351614341
165.81626763,38.10254575,67108864,713,3,1,8,1,zg,2021-11-18 10:11:56.556+00,2459536.9249537,30.0,20211118424954,2.76947,1.83,18.5442,165.8162289139,38.10252109198
165.81804334,38.11421388,0,713,3,1,8,1,zg,2021-11-19 11:14:56.993+00,2459537.9687037,30.0,20211119468669,2.51835,1.403,18.6939,165.8180019484,38.11418696887
165.81393083,38.10865184,0,713,3,1,8,1,zg,2021-11-20 09:54:12.58+00,2459538.9126389,30.0,20211120412627,2.76167,1.922,19.2728,165.8138950889,38.10863654895
165.81421426,38.11279846,0,713,3,1,8,1,zg,2021-11-22 10:26:20.31+00,2459540.9349537,30.0,20211122434942,2.83034,1.602,19.5305,165.8141528704,38.11275316805
165.82324832,38.11617429,33554432,713,3,1,8,1,zg,2021-12-02 11:17:01.98+00,2459550.9701505,30.0,20211202470150,2.13448,1.213,20.7577,165.8231953857,38.11614384111
165.82294187,38.12936907,0,713,3,1,8,1,zg,2022-01-21 10:56:31.825+00,2459600.9559144,30.0,20220121455752,1.78755,1.008,20.2273,165.8229028815,38.12932787458
165.81922688,38.11671131,0,713,3,1,8,1,zg,2022-02-11 11:21:47.855+00,2459621.9734606,30.0,20220211473449,2.5714,1.092,20.766,165.8191879149,38.11668410162
165.82160587,38.11638331,0,713,3,1,8,1,zg,2022-02-12 05:29:25.163+00,2459622.7287616,30.0,20220212228750,4.0567,1.457,19.2929,165.8215580694,38.11635392117
165.82391954,38.12202956,0,713,3,1,8,1,zg,2022-02-12 08:21:34.349+00,2459622.8483102,30.0,20220212348299,2.63151,1.033,20.0783,165.8238920595,38.12197800119
165.81706122,38.11429756,0,713,3,1,8,1,zg,2022-02-13 05:29:26.478+00,2459623.7287731,30.0,20220213228762,2.14913,1.438,19.8992,165.8170284704,38.11427295508
165.82404973,38.12076728,0,713,3,1,8,1,zg,2022-02-13 07:14:24.107+00,2459623.8016667,30.0,20220213301655,1.98891,1.113,20.1922,165.8239999429,38.12072697253
165.81811017,38.12663671,0,713,3,1,8,1,zg,2022-02-13 10:13:08.033+00,2459623.9257755,30.0,20220213425729,1.96379,1.025,20.3086,165.8180607083,38.1265869153
165.82312528,38.11559348,0,713,3,1,8,1,zg,2022-02-14 05:46:19.943+00,2459624.7404977,30.0,20220214240498,2.02862,1.346,19.8649,165.8230853615,38.11556117489
165.82900245,38.11991539,0,713,3,1,8,1,zg,2022-02-14 07:11:11.522+00,2459624.7994329,30.0,20220214299421,2.20889,1.112,19.9021,165.8289616996,38.11988255103
165.81855531,38.11313031,0,713,3,1,8,1,zg,2022-02-15 04:46:07.878+00,2459625.6986921,30.0,20220215198681,2.62371,1.643,19.2054,165.8185167423,38.11311291028
165.82453244,38.11893028,0,713,3,1,8,1,zg,2022-02-15 05:51:09.268+00,2459625.7438542,30.0,20220215243843,2.47606,1.313,19.4138,165.8244987438,38.11890817268
165.81463191,38.12411739,0,713,3,1,8,1,zg,2022-02-17 10:58:12.97+00,2459627.9570833,30.0,20220217457083,3.43288,1.092,18.91,165.8145890353,38.12406983428
165.81567955,38.12193682,0,713,3,1,8,1,zg,2022-02-17 11:58:45.41+00,2459627.9991319,30.0,20220217499120,3.20403,1.223,18.9774,165.815642918,38.12190538015
165.8119372,38.11184812,0,713,3,1,8,1,zg,2022-02-18 04:10:04.097+00,2459628.6736574,30.0,20220218173646,2.42001,1.832,19.3122,165.811907801,38.11182435425
165.81143226,38.11387276,0,713,3,1,8,1,zg,2022-02-18 04:52:18.185+00,2459628.7029861,30.0,20220218202975,2.20763,1.53,19.5369,165.8113978768,38.11384626443
165.82202141,38.12395969,0,713,3,1,8,1,zg,2022-02-18 09:29:47.384+00,2459628.8956829,30.0,20220218395532,2.4527,1.013,19.6498,165.8219879257,38.1239124888
165.8180406,38.13059481,0,713,3,1,8,1,zg,2022-02-19 09:27:41.45+00,2459629.8942245,30.0,20220219394178,2.74733,1.014,19.7651,165.8180032477,38.13055643999
165.81122259,38.11789315,0,713,3,1,8,1,zg,2022-02-26 05:08:36.789+00,2459636.7143056,30.0,20220226214294,2.11214,1.31,20.8662,165.8111947793,38.11786357372
165.81789074,38.12500278,0,713,3,1,8,1,zg,2022-02-26 10:38:32.715+00,2459636.9434259,30.0,20220226443414,2.35714,1.119,20.8825,165.8178408679,38.12496816866
165.81329081,38.1243914,0,713,3,1,8,1,zg,2022-02-26 10:48:56.212+00,2459636.9506481,30.0,20220226450637,2.71662,1.139,20.7047,165.8132533313,38.1243712777
165.81211743,38.12557441,0,713,3,1,8,1,zg,2022-02-27 05:19:07.314+00,2459637.7216088,30.0,20220227221597,2.51358,1.261,20.6836,165.8120766277,38.12555371665
165.81716557,38.13114316,67108864,713,3,1,8,1,zg,2022-02-28 08:54:20.133+00,2459638.8710648,30.0,20220228371053,2.81665,1.015,19.6991,165.8171381925,38.13110518358
165.82060789,38.12949906,0,713,3,1,8,1,zg,2022-02-28 10:03:23.424+00,2459638.9190162,30.0,20220228418970,2.32909,1.075,20.7025,165.8205566572,38.12946135935
165.82458302,38.12435699,0,713,3,1,8,1,zg,2022-03-01 06:50:31.893+00,2459639.785081,30.0,20220301285069,2.54595,1.056,20.8218,165.8245327873,38.1243038063
165.82469089,38.12439235,0,713,3,1,8,1,zg,2022-03-01 06:51:54.655+00,2459639.7860417,30.0,20220301286030,2.42231,1.055,20.8707,165.8246574493,38.12434689469
165.82142307,38.12519474,0,713,3,1,8,1,zg,2022-03-01 07:39:38.313+00,2459639.8191898,30.0,20220301319167,3.03923,1.017,20.6296,165.8213570251,38.12514054211
165.80375476,38.11232318,0,713,3,1,8,1,zg,2022-04-02 10:07:37.451+00,2459671.921956,30.0,20220402421944,2.16382,1.462,20.9343,165.8037061719,38.11230366074
165.80877966,38.12000637,0,713,3,1,8,1,zg,2022-04-05 08:54:44.437+00,2459674.8713426,30.0,20220405371331,2.53401,1.226,20.6741,165.8087281753,38.1199809589
165.81228292,38.11816142,0,713,3,1,8,1,zg,2022-04-07 07:49:47.172+00,2459676.8262384,30.0,20220407326227,3.00651,1.099,20.5205,165.8122342132,38.11812337112
165.81683652,38.11747456,0,713,3,1,8,1,zg,2022-04-09 07:45:42.509+00,2459678.8234028,30.0,20220409323391,2.14061,1.105,20.6194,165.8167949399,38.11743901068
165.80444134,38.12755899,0,713,3,1,8,1,zg,2022-04-14 07:05:20.504+00,2459683.7953704,30.0,20220414295370,2.78524,1.073,19.5085,165.804405229,38.1275241187
165.81090357,38.11938246,0,713,3,1,8,1,zg,2022-04-16 09:09:35.971+00,2459685.8816551,30.0,20220416381632,3.71449,1.447,18.8114,165.8108723062,38.11935391652
165.81136256,38.12269932,0,713,3,1,8,1,zg,2022-04-19 06:18:15.085+00,2459688.7626736,30.0,20220419262627,2.12124,1.042,20.3778,165.8113115868,38.12266447781
165.81315806,38.12447061,0,713,3,1,8,1,zg,2022-04-21 06:40:14.836+00,2459690.7779398,30.0,20220421277917,2.33376,1.077,20.8603,165.8131166604,38.12443495111
165.80905349,38.11692542,0,713,3,1,8,1,zg,2022-04-25 08:38:54.657+00,2459694.8603472,30.0,20220425360347,2.72392,1.47,20.1946,165.809012631,38.11689550149
165.82278813,38.12200639,67108864,713,3,1,8,1,zg,2022-04-27 04:52:22.76+00,2459696.7030324,30.0,20220427203032,2.4039,1.01,20.93,165.8227536924,38.12197069593
165.81808258,38.12476135,0,713,3,1,8,1,zg,2022-04-30 05:15:22.624+00,2459699.7190046,30.0,20220430218993,1.85155,1.026,21.0942,165.8180398533,38.12473344255
165.81304498,38.12189838,0,713,3,1,8,1,zg,2022-05-02 06:27:55.196+00,2459701.7693866,30.0,20220502269375,3.54778,1.128,20.493,165.8130011198,38.12187274682
165.81726155,38.11425849,0,713,3,1,8,1,zg,2022-05-04 06:18:11.062+00,2459703.7626273,30.0,20220504262616,2.47343,1.125,20.7551,165.8172099881,38.11422167675
165.80903704,38.12623306,0,713,3,1,8,1,zg,2022-05-11 04:58:05.752+00,2459710.7070023,30.0,20220511207002,2.42996,1.048,19.9594,165.8090076032,38.12619452806
165.81779187,38.12166902,67108864,713,3,1,8,1,zg,2022-05-13 06:12:29.078+00,2459712.758669,30.0,20220513258657,2.96098,1.191,19.5226,165.8177392571,38.12163190231
165.82104546,38.11758493,0,713,3,1,8,1,zg,2022-05-15 06:10:07.263+00,2459714.7570255,30.0,20220515257014,2.44835,1.205,19.5833,165.8209848034,38.11756121831
165.8198676,38.11716619,0,713,3,1,8,1,zg,2022-05-18 04:28:02.048+00,2459717.6861227,30.0,20220518186123,2.72528,1.046,20.7062,165.8198301939,38.11712201754
165.81954241,38.12213406,0,713,3,1,8,1,zg,2022-05-23 04:59:43.632+00,2459722.7081366,30.0,20220523208137,2.39269,1.118,20.7959,165.8194987135,38.12210135925
165.81853564,38.11411543,0,713,3,1,8,1,zg,2022-05-23 06:20:22.72+00,2459722.7641435,30.0,20220523264144,2.74747,1.342,20.4843,165.8185014778,38.11409204551
165.81897493,38.12124041,0,713,3,1,8,1,zg,2022-05-25 04:55:20.812+00,2459724.7050926,30.0,20220525205093,2.70233,1.124,20.6157,165.8189304019,38.12121422964
165.8168091,38.11949947,0,713,3,1,8,1,zg,2022-05-27 05:19:05.769+00,2459726.7215856,30.0,20220527221586,2.11633,1.195,21.0388,165.8167582832,38.11946382693
165.82382491,38.12132513,0,713,3,1,8,1,zg,2022-06-01 05:14:32.152+00,2459731.7184259,30.0,20220601218414,3.09323,1.237,20.352,165.8237888262,38.1212891555
165.81769737,38.11639235,0,713,3,1,8,1,zg,2022-06-06 05:43:56.058+00,2459736.738831,30.0,20220606238831,3.0855,1.422,20.0446,165.8176637957,38.11636092204
165.82695575,38.1153836,0,713,3,1,8,1,zg,2022-06-08 04:49:07.908+00,2459738.7007755,30.0,20220608200775,3.55257,1.243,19.6825,165.8268918224,38.11534158964
165.81995036,38.10621166,0,713,3,1,8,1,zg,2022-06-10 05:53:50.705+00,2459740.7457176,30.0,20220610245718,2.224,1.558,19.8074,165.8198724779,38.10618829896
165.8257147,38.11882037,100665376,713,3,1,8,1,zg,2022-11-01 12:20:57.687+00,2459885.0145486,30.0,20221101514549,2.73396,1.43,17.3922,165.8256896763,38.11877833696
165.80728168,38.10948932,100663296,713,3,1,8,1,zg,2022-11-05 10:23:24.573+00,2459888.9329167,30.0,20221105432917,2.8978,2.289,17.7525,165.8072870291,38.10948247487
165.80313549,38.11182912,0,713,3,1,8,1,zg,2022-11-10 10:16:40.74+00,2459893.9282407,30.0,20221110428241,3.65663,2.119,18.8852,165.8031758412,38.11180795871
165.80949259,38.12730608,0,713,3,1,8,1,zg,2022-11-15 10:47:19.098+00,2459898.9495255,30.0,20221115449468,2.95599,1.653,19.7849,165.8094401027,38.12728526205
165.81471336,38.11852194,0,713,3,1,8,1,zg,2022-11-17 11:45:13.097+00,2459900.9897338,30.0,20221117489630,3.38887,1.316,20.0042,165.8146683851,38.11848160674
165.81303794,38.12173124,0,713,3,1,8,1,zg,2022-11-19 11:21:47.979+00,2459902.9734606,30.0,20221119473461,4.16394,1.378,19.9713,165.8129979589,38.12170440719
165.81105004,38.11275309,67108864,713,3,1,8,1,zg,2022-11-21 10:20:30.672+00,2459904.9309028,30.0,20221121430903,2.8109,1.676,20.1249,165.8109957175,38.11270234283
165.81039064,38.11477167,0,713,3,1,8,1,zg,2022-11-23 10:18:15.225+00,2459906.9293403,30.0,20221123429329,2.62454,1.637,20.559,165.8103552359,38.1147419184
165.80845581,38.11338344,0,713,3,1,8,1,zg,2022-11-25 09:06:28.156+00,2459908.8794907,30.0,20221125379444,4.85443,2.265,19.5538,165.8084339231,38.11336786355
165.8148244,38.11607644,0,713,3,1,8,1,zg,2022-11-25 11:14:18.906+00,2459908.9682639,30.0,20221125468264,4.61839,1.314,19.9688,165.8148108747,38.11602681952
165.81895817,38.12092678,0,713,3,1,8,1,zg,2022-11-26 11:16:58.788+00,2459909.9701157,30.0,20221126470116,3.12831,1.29,20.4005,165.8189079594,38.12088896625
165.8189389,38.12440219,0,713,3,1,8,1,zg,2022-11-26 11:42:48.82+00,2459909.9880556,30.0,20221126488056,2.35994,1.21,20.8145,165.818894009,38.12437086392
165.8189189,38.12398377,100663296,713,3,1,8,1,zg,2022-11-26 12:21:54.258+00,2459910.0152083,30.0,20221126515197,4.03606,1.121,20.2622,165.8188715078,38.12394289933
165.79935289,38.11250857,0,713,3,1,8,1,zg,2022-12-09 08:06:39.887+00,2459922.8379514,30.0,20221209337951,3.10074,2.335,18.9584,165.7993242853,38.11250411091
165.80800935,38.12293513,0,713,3,1,8,1,zg,2022-12-09 10:25:31.186+00,2459922.9343866,30.0,20221209434375,3.8521,1.291,19.1219,165.8079760718,38.12290830586
165.81290992,38.12006676,0,713,3,1,8,1,zg,2022-12-10 10:11:36.874+00,2459923.9247222,30.0,20221210424722,2.78562,1.328,19.5718,165.8128545754,38.12002971473
165.811622,38.12376099,0,713,3,1,8,1,zg,2022-12-10 11:28:55.711+00,2459923.9784144,30.0,20221210478414,2.92225,1.117,19.636,165.8115732162,38.12372249778
165.80203958,38.12946552,100663328,713,3,1,8,1,zg,2022-12-15 08:49:12.931+00,2459928.8675,30.0,20221215367500,3.01583,1.654,17.0616,165.8020415403,38.12944773549
165.81072289,38.14284622,0,713,3,1,8,1,zg,2022-12-15 12:46:53.456+00,2459929.0325579,30.0,20221215532523,2.8342,1.014,19.7903,165.8106666121,38.14279842702
165.81129796,38.14276799,0,713,3,1,8,1,zg,2022-12-15 12:48:15.106+00,2459929.0335069,30.0,20221215533495,2.76991,1.013,19.8412,165.8112531511,38.142732774
165.80699624,38.12538273,67108864,713,3,1,8,1,zg,2022-12-16 08:56:42.438+00,2459929.8727083,30.0,20221216372674,3.8478,1.579,19.3746,165.8069496333,38.12535268934
165.80891871,38.13839426,0,713,3,1,8,1,zg,2022-12-17 09:32:55.764+00,2459930.8978588,30.0,20221217397454,3.24415,1.373,19.9297,165.8088661256,38.13837132494
165.81497257,38.12585783,0,713,3,1,8,1,zg,2022-12-17 11:46:39.262+00,2459930.9907292,30.0,20221217490718,2.82249,1.052,20.3911,165.8149171659,38.12582178899
165.81335738,38.13484788,0,713,3,1,8,1,zg,2022-12-18 12:41:06.512+00,2459932.0285417,30.0,20221218528542,2.50961,1.012,20.5167,165.8133074896,38.13480529484
165.81472383,38.13100373,0,713,3,1,8,1,zg,2022-12-19 11:46:33.88+00,2459932.9906597,30.0,20221219490648,2.5412,1.044,20.8363,165.8146688954,38.13095864281
165.81582893,38.12871496,67108864,713,3,1,8,1,zg,2022-12-20 10:40:16.301+00,2459933.9446296,30.0,20221220444618,2.62223,1.135,20.1811,165.8157720891,38.1286782165
165.80963056,38.11485759,0,713,3,1,8,1,zg,2022-12-21 07:55:36.259+00,2459934.8302778,30.0,20221221330266,3.20652,1.901,20.1776,165.8095954123,38.11482487579
165.81151304,38.1131982,0,713,3,1,8,1,zg,2022-12-22 08:10:48.259+00,2459935.8408333,30.0,20221222340822,2.37854,1.735,20.3014,165.8114565771,38.11317148164
165.81671146,38.11761155,0,713,3,1,8,1,zg,2022-12-22 09:15:01.397+00,2459935.8854282,30.0,20221222385417,3.3068,1.365,20.354,165.8166608428,38.11757075027
165.81524602,38.12658213,100663296,713,3,1,8,1,zg,2022-12-22 10:58:36.217+00,2459935.9573611,30.0,20221222457350,2.35058,1.089,20.9618,165.8151903094,38.1265412608
165.81404834,38.11571509,0,713,3,1,8,1,zg,2022-12-23 08:59:44.511+00,2459936.8748148,30.0,20221223374815,2.74837,1.415,20.5939,165.8140086043,38.11567854824
165.81990962,38.12428682,0,713,3,1,8,1,zg,2022-12-23 12:20:30.405+00,2459937.0142361,30.0,20221223514225,2.18157,1.012,21.0636,165.8198568799,38.12425038274
165.81868871,38.1176125,8,713,3,1,8,1,zg,2022-12-24 09:47:09.232+00,2459937.9077431,30.0,20221224407732,5.01967,1.226,20.0253,165.8186526793,38.11756670885
165.8201983,38.12064416,67108864,713,3,1,8,1,zg,2022-12-24 10:54:29.073+00,2459937.9544907,30.0,20221224454491,2.97496,1.083,20.6802,165.8201518066,38.12060398146
165.81066201,38.12734783,0,713,3,1,8,1,zg,2023-01-07 08:19:11.563+00,2459951.8466551,30.0,20230107346655,3.67355,1.337,18.9074,165.8106361092,38.1273029557
165.81115921,38.12287651,100663296,713,3,1,8,1,zg,2023-01-09 07:45:31.666+00,2459953.8232755,30.0,20230109323275,3.09897,1.45,18.2405,165.8111213047,38.12283526179
165.81314573,38.1275673,67108864,713,3,1,8,1,zg,2023-01-13 08:37:27.492+00,2459957.8593403,30.0,20230113359282,2.71065,1.201,19.777,165.813098354,38.12752893768
165.81961758,38.13050078,67108864,713,3,1,8,1,zg,2023-01-13 09:46:11.123+00,2459957.9070718,30.0,20230113407060,2.5612,1.069,19.809,165.8195577086,38.13046413998
165.81648819,38.12676614,0,713,3,1,8,1,zg,2023-01-13 12:38:36.095+00,2459958.0268056,30.0,20230113526794,2.34153,1.044,19.6173,165.8164302851,38.12673940392
165.79856965,38.11441088,0,713,3,1,8,1,zg,2023-01-21 05:25:56.671+00,2459965.7263426,30.0,20230121226296,4.85706,2.217,19.4879,165.7985585926,38.11439342527
165.80085539,38.12460864,8,713,3,1,8,1,zg,2023-01-21 07:46:26.741+00,2459965.823912,30.0,20230121323877,5.40898,1.258,19.8558,165.8008269716,38.12455370527
165.80862943,38.12960214,0,713,3,1,8,1,zg,2023-01-22 09:44:27.595+00,2459966.9058681,30.0,20230122405868,3.19527,1.033,20.5674,165.8085915824,38.12957130776
165.80882156,38.13005836,0,713,3,1,8,1,zg,2023-01-22 09:45:56.032+00,2459966.9068981,30.0,20230122406840,3.15717,1.032,20.5765,165.8087813144,38.13001795239
165.8076393,38.12690345,8,713,3,1,8,1,zg,2023-01-23 08:11:53.072+00,2459967.8415741,30.0,20230123341574,5.45338,1.167,19.8988,165.8076120143,38.12686599333
165.80090337,38.12649742,0,713,3,1,8,1,zg,2023-01-24 06:12:19.688+00,2459968.7585532,30.0,20230124258356,4.0255,1.652,19.975,165.8008665586,38.12646624766
165.80809847,38.13586685,0,713,3,1,8,1,zg,2023-01-24 09:47:58.064+00,2459968.9083102,30.0,20230124408229,3.17271,1.025,20.5815,165.8080513817,38.13582101612
165.80812853,38.13588329,0,713,3,1,8,1,zg,2023-01-24 09:49:19.658+00,2459968.9092477,30.0,20230124409236,3.17928,1.024,20.5827,165.8080713361,38.13583652278
165.81154756,38.14729058,67108864,713,3,1,8,1,zg,2023-01-25 08:42:16.718+00,2459969.8626852,30.0,20230125362685,3.03924,1.093,20.585,165.8114895848,38.14724987357
165.81312053,38.14876139,0,713,3,1,8,1,zg,2023-01-25 09:27:09.048+00,2459969.8938426,30.0,20230125393831,3.0058,1.038,20.6411,165.8130628911,38.14872538633
165.8093672,38.12537553,8,713,3,1,8,1,zg,2023-01-26 07:12:56.441+00,2459970.8006481,30.0,20230126300637,5.71564,1.305,19.7924,165.8093000327,38.12534913625
165.81391729,38.12559986,0,713,3,1,8,1,zg,2023-01-27 09:08:25.267+00,2459971.8808449,30.0,20230127380833,3.44135,1.048,20.4727,165.8138598353,38.12556804801
165.80740555,38.13052897,0,713,3,1,8,1,zg,2023-01-28 05:57:36.406+00,2459972.7483333,30.0,20230128248322,3.18721,1.645,19.9775,165.8073575225,38.13049896788
165.81113754,38.14192957,67108864,713,3,1,8,1,zg,2023-01-28 10:27:20.75+00,2459972.9356481,30.0,20230128435602,3.47883,1.008,19.9559,165.8110905485,38.1418918455
165.81117307,38.14182334,67108864,713,3,1,8,1,zg,2023-01-28 10:28:42.435+00,2459972.9365972,30.0,20230128436586,3.17993,1.008,20.0257,165.8111218038,38.1417976633
165.80838891,38.13136355,0,713,3,1,8,1,zg,2023-02-02 10:49:13.543+00,2459977.9508449,30.0,20230202450845,3.3044,1.02,19.7387,165.8083433421,38.13132939319
165.80949237,38.12858223,0,713,3,1,8,1,zg,2023-02-02 12:40:16.736+00,2459978.027963,30.0,20230202527963,3.01513,1.175,20.0305,165.8094464448,38.128542773
165.81205163,38.123855,0,713,3,1,8,1,zg,2023-02-04 06:13:47.31+00,2459979.7595718,30.0,20230204259560,3.23055,1.401,18.9931,165.8120238833,38.12382918744
165.81836903,38.1275645,0,713,3,1,8,1,zg,2023-02-04 07:38:24.534+00,2459979.8183333,30.0,20230204318333,3.0917,1.137,19.2151,165.8183322144,38.12752818334
165.81795291,38.12908099,0,713,3,1,8,1,zg,2023-02-04 08:08:56.521+00,2459979.839537,30.0,20230204339537,2.97769,1.084,19.2848,165.8178927596,38.12903561385
165.80902984,38.11730568,33554432,713,3,1,8,1,zg,2023-02-05 04:56:53.581+00,2459980.706169,30.0,20230205206169,2.80096,1.88,18.9372,165.8089913227,38.11728777029
165.80364185,38.12331614,33554440,713,3,1,8,1,zg,2023-02-07 05:12:05.907+00,2459982.7167245,30.0,20230207216725,5.00594,1.689,18.3931,165.8036043566,38.12328697746
165.81149583,38.12897568,100663296,713,3,1,8,1,zg,2023-02-08 06:39:30.621+00,2459983.7774306,30.0,20230208277419,4.47723,1.246,17.5594,165.8114720898,38.12893818743
165.80966583,38.13380979,0,713,3,1,8,1,zg,2023-02-08 09:46:04.161+00,2459983.9069907,30.0,20230208406979,3.09968,1.008,19.251,165.8096331989,38.13378942401
165.81119565,38.12438339,0,713,3,1,8,1,zg,2023-02-09 05:41:47.787+00,2459984.7373495,30.0,20230209237350,3.34471,1.46,19.3946,165.8111469823,38.12435780191
165.81313763,38.13223136,0,713,3,1,8,1,zg,2023-02-09 11:41:29.438+00,2459984.9871412,30.0,20230209487014,3.51947,1.11,19.4947,165.8131051235,38.13217991203
165.81307082,38.13050282,0,713,3,1,8,1,zg,2023-02-10 06:16:09.877+00,2459985.7612153,30.0,20230210261215,3.60941,1.297,19.6645,165.8130151481,38.13046688317
165.80744045,38.14003714,0,713,3,1,8,1,zg,2023-02-10 10:13:00.088+00,2459985.9256944,30.0,20230210425637,3.1887,1.018,19.856,165.8073830965,38.13998093145
165.81506668,38.13900057,0,713,3,1,8,1,zg,2023-02-10 10:37:40.066+00,2459985.9428125,30.0,20230210442812,2.85609,1.034,19.9803,165.8150152477,38.13896570834
165.80263861,38.13350621,100663296,713,3,1,8,1,zg,2023-02-17 06:54:27.867+00,2459992.7878125,30.0,20230217287812,4.03307,1.123,18.8938,165.8025944424,38.13346296257
165.80743096,38.13795692,100663296,713,3,1,8,1,zg,2023-02-17 08:15:24.303+00,2459992.8440278,30.0,20230217344016,3.98718,1.024,18.881,165.8073915775,38.13791902346
165.80193162,38.123151,67108864,713,3,1,8,1,zg,2023-02-18 05:46:28.699+00,2459993.7406019,30.0,20230218240602,3.81833,1.291,19.4569,165.8018906348,38.12311499602
165.80530925,38.12690257,0,713,3,1,8,1,zg,2023-02-18 07:21:08.133+00,2459993.8063426,30.0,20230218306331,3.52126,1.073,19.9934,165.8052625061,38.12685723437
165.80551127,38.1344778,0,713,3,1,8,1,zg,2023-02-19 06:17:35.278+00,2459994.7622106,30.0,20230219262199,3.59363,1.187,20.2749,165.8054618472,38.13444885017
165.80751688,38.12658947,100663296,713,3,1,8,1,zg,2023-02-21 09:12:39.888+00,2459996.8837847,30.0,20230221383738,3.00771,1.011,18.2669,165.8074937439,38.12655613295
165.80800144,38.12650031,100663296,713,3,1,8,1,zg,2023-02-21 09:14:08.069+00,2459996.8848148,30.0,20230221384769,2.86627,1.012,19.152,165.8079684242,38.1264631376
165.81286702,38.12594396,0,713,3,1,8,1,zg,2023-02-21 10:16:57.766+00,2459996.9284375,30.0,20230221428438,2.50952,1.056,20.778,165.8128239459,38.12591532048
165.81126507,38.12398136,0,713,3,1,8,1,zg,2023-03-10 06:59:14.747+00,2460013.7911343,30.0,20230310291134,2.54275,1.02,19.7857,165.8112054241,38.12393176555
165.81669065,38.12734203,67108864,713,3,1,8,1,zg,2023-03-14 05:15:38.349+00,2460017.7191898,30.0,20230314219178,3.08114,1.124,20.6529,165.8166346958,38.12730612004
165.81594229,38.1275796,67108864,713,3,1,8,1,zg,2023-03-14 05:21:10.592+00,2460017.7230324,30.0,20230314223021,3.17649,1.114,20.621,165.8158952083,38.12754104827
165.81190778,38.12926921,0,713,3,1,8,1,zg,2023-03-17 05:15:21.834+00,2460020.7189931,30.0,20230317218993,2.51161,1.103,20.8658,165.8118647054,38.12923517133
165.8011072,38.12164548,67108864,713,3,1,8,1,zg,2023-03-17 11:56:25.45+00,2460020.9975116,30.0,20230317497500,3.1858,1.748,19.8834,165.8010718961,38.12161826044
165.81094571,38.13219409,100663296,713,3,1,8,1,zg,2023-03-18 06:09:34.064+00,2460021.7566319,30.0,20230318256632,2.48719,1.032,19.7392,165.8109050771,38.13215467823
165.81641717,38.13332551,67108864,713,3,1,8,1,zg,2023-03-18 08:06:19.253+00,2460021.8377199,30.0,20230318337708,2.60275,1.027,20.2486,165.8163627684,38.13328795328
165.80880777,38.12810307,0,713,3,1,8,1,zg,2023-03-27 10:45:32.883+00,2460030.948287,30.0,20230327448287,2.9586,1.534,20.2109,165.8087728406,38.12806524274
165.8066507,38.13265893,0,713,3,1,8,1,zg,2023-03-28 04:54:49.59+00,2460031.7047338,30.0,20230328204734,2.18327,1.069,20.7082,165.8065987159,38.13261557718
165.81476224,38.13641583,0,713,3,1,8,1,zg,2023-03-28 06:39:32.108+00,2460031.7774537,30.0,20230328277303,2.36351,1.008,20.3931,165.8146992856,38.13637239419
165.81630387,38.13254476,0,713,3,1,8,1,zg,2023-04-02 07:44:52.499+00,2460036.8228241,30.0,20230402322824,2.84529,1.062,19.565,165.8162607501,38.13251761958
165.81362871,38.13008761,0,713,3,1,8,1,zg,2023-04-09 07:39:31.924+00,2460043.8191088,30.0,20230409319109,2.29607,1.093,19.8745,165.8135690922,38.1300482692
165.82048475,38.12222745,0,713,3,1,8,1,zg,2023-04-11 07:53:14.97+00,2460045.8286343,30.0,20230411328634,2.26894,1.132,20.6669,165.8204414713,38.12219175382
165.81657139,38.13124181,0,713,3,1,8,1,zg,2023-04-19 06:21:01.896+00,2460053.7645949,30.0,20230419264028,3.19687,1.044,20.1277,165.8165170462,38.1311977565
165.81520976,38.13004407,0,713,3,1,8,1,zg,2023-04-21 06:37:49.094+00,2460055.77625,30.0,20230421276227,2.61238,1.072,20.7121,165.8151404116,38.13000808939
165.82404804,38.12257839,0,713,3,1,8,1,zg,2023-04-25 07:43:18.036+00,2460059.8217361,30.0,20230425321701,2.73898,1.244,20.6892,165.8240031996,38.12254493385
165.83213787,38.12714828,0,713,3,1,8,1,zg,2023-04-27 04:06:03.931+00,2460061.6708681,30.0,20230427170671,2.24046,1.013,20.4871,165.8320829851,38.12710501858
165.8233428,38.12296986,0,713,3,1,8,1,zg,2023-04-29 05:13:07.938+00,2460063.7174421,30.0,20230429217396,2.1987,1.021,20.2502,165.8232810457,38.12292850284
165.81691371,38.11849425,0,713,3,1,8,1,zg,2023-05-01 07:45:16.766+00,2460065.8231019,30.0,20230501323102,3.03067,1.332,19.4482,165.8168634387,38.11846499247
165.81261607,38.12428348,0,713,3,1,8,1,zg,2023-05-09 08:06:41.623+00,2460073.8379745,30.0,20230509337928,2.65722,1.596,19.609,165.8125671957,38.12426162974
165.81779693,38.12538443,0,713,3,1,8,1,zg,2023-05-13 06:14:34.949+00,2460077.7601157,30.0,20230513260116,2.6855,1.193,20.6469,165.8177394889,38.12535866447
165.82115583,38.12199272,0,713,3,1,8,1,zg,2023-05-15 06:29:41.619+00,2460079.7706134,30.0,20230515270613,2.53252,1.26,20.7037,165.8211047359,38.12195532052
165.82095917,38.12389249,0,713,3,1,8,1,zg,2023-05-17 05:28:51.33+00,2460081.7283681,30.0,20230517228356,2.97961,1.126,20.5042,165.820914531,38.12385801394
165.82232696,38.12184205,0,713,3,1,8,1,zg,2023-05-21 05:21:30.353+00,2460085.7232639,30.0,20230521223252,2.43878,1.143,20.7333,165.8222709165,38.12181241809
165.82655852,38.12107641,0,713,3,1,8,1,zg,2023-05-22 05:13:00.731+00,2460086.7173611,30.0,20230522217222,2.51763,1.134,20.8309,165.8265056092,38.1210520774
165.81938013,38.10489789,0,713,3,1,8,1,zg,2023-05-23 07:25:28.543+00,2460087.8093519,30.0,20230523309352,2.6796,1.69,20.538,165.8193315214,38.10486930025
165.81849327,38.11954073,0,713,3,1,8,1,zg,2023-05-25 06:16:05.263+00,2460089.761169,30.0,20230525261157,2.4364,1.352,20.5171,165.8184524652,38.11951294369
165.82083082,38.12530797,0,713,3,1,8,1,zg,2023-06-04 04:26:19.076+00,2460099.6849306,30.0,20230604184931,3.20463,1.143,19.27,165.8207907137,38.12528109632
165.81025311,38.11376591,33554440,713,3,1,8,1,zg,2023-06-07 06:52:00.372+00,2460102.7861111,30.0,20230607286100,5.66002,1.906,18.6821,165.8102539193,38.11376109777
165.81226013,38.11183717,100665376,713,3,1,8,1,zg,2023-06-10 07:08:22.756+00,2460105.7974769,30.0,20230610297477,2.78346,2.229,17.3717,165.8122455461,38.11182842238
165.81213635,38.11132239,0,713,3,1,8,1,zg,2023-06-16 05:48:14.902+00,2460111.7418287,30.0,20230616241806,3.15731,1.67,20.162,165.8120762084,38.11129423698
165.80906878,38.11058239,0,713,3,1,8,1,zg,2023-06-18 06:19:10.064+00,2460113.7633102,30.0,20230618263299,2.43841,2.013,20.1826,165.8090339487,38.11057428205
165.8154905,38.11559473,0,713,3,1,8,1,zg,2023-06-20 05:39:19.927+00,2460115.7356366,30.0,20230620235637,2.90427,1.72,20.1453,165.8154439305,38.11556394309
165.80615093,38.10982584,0,713,3,1,8,1,zg,2023-06-22 06:23:01.617+00,2460117.7659838,30.0,20230622265984,2.96304,2.254,19.6968,165.8061477343,38.10982677918
165.81661323,38.11286092,0,713,3,1,8,1,zg,2023-11-02 11:19:37.049+00,2460250.971956,30.0,20231102471944,3.26558,1.806,19.5118,165.8165739257,38.11282862523
165.81846171,38.11623004,0,713,3,1,8,1,zg,2023-11-04 11:45:29.321+00,2460252.989919,30.0,20231104489907,2.36466,1.563,20.1439,165.8184200235,38.11619247187
165.81800774,38.11319324,0,713,3,1,8,1,zg,2023-11-06 11:08:22.263+00,2460254.9641435,30.0,20231106464132,2.1654,1.769,20.4375,165.8179561164,38.11316893091
165.81607088,38.12165073,0,713,3,1,8,1,zg,2023-11-12 11:47:10.928+00,2460260.991088,30.0,20231112491065,2.86121,1.391,20.4955,165.8160076762,38.12161200773
165.81957515,38.11986663,67108864,713,3,1,8,1,zg,2023-11-15 11:15:30.201+00,2460263.9690972,30.0,20231115469051,3.79978,1.487,19.1434,165.8195360071,38.11982006175
165.78837007,38.12056822,0,713,3,1,8,1,zg,2023-12-09 09:15:01.66+00,2460287.8854282,30.0,20231209385428,4.45861,1.646,19.895,165.7883367216,38.12054807392
165.79793661,38.12274603,0,713,3,1,8,1,zg,2023-12-11 10:40:17.104+00,2460289.9446412,30.0,20231211444630,1.98325,1.223,20.3209,165.7978904988,38.1227110975
165.79793047,38.1254031,0,713,3,1,8,1,zg,2023-12-12 11:10:55.423+00,2460290.9659144,30.0,20231212465903,3.30006,1.139,20.4946,165.7978711142,38.12536657921
165.79138512,38.12189145,0,713,3,1,8,1,zg,2023-12-13 09:55:24.118+00,2460291.9134722,30.0,20231213413461,3.70611,1.349,20.4164,165.7913451978,38.12185876785
165.79478456,38.1259724,0,713,3,1,8,1,zg,2023-12-13 11:18:45.42+00,2460291.9713542,30.0,20231213471343,2.99329,1.116,20.7926,165.7947165568,38.12594660397
165.79336892,38.12338736,0,713,3,1,8,1,zg,2023-12-17 10:37:37.877+00,2460295.9427894,30.0,20231217442789,2.56166,1.169,19.9829,165.793322261,38.12334418887
165.79504114,38.12548306,167772160,713,3,1,8,1,zg,2023-12-17 11:24:35.071+00,2460295.9753935,30.0,20231217475394,3.11089,1.081,19.369,165.7949956099,38.12542202626
165.79258115,38.11656557,167772160,713,3,1,8,1,zg,2023-12-18 08:08:46.157+00,2460296.8394213,30.0,20231218339410,2.92437,1.897,19.9661,165.7925324038,38.11654770605
165.78942407,38.13043627,167772160,713,3,1,8,1,zg,2023-12-29 13:13:28.128+00,2460308.0510185,30.0,20231229551007,2.53939,1.024,17.9227,165.7893969033,38.1304050582
165.78717371,38.13338364,0,713,3,1,8,1,zg,2024-01-05 09:23:23.436+00,2460314.8912384,30.0,20240105391227,3.10496,1.168,20.4277,165.7871263689,38.13334355614
165.78456739,38.13640674,0,713,3,1,8,1,zg,2024-01-12 10:20:09.681+00,2460321.9306597,30.0,20240112430660,3.08325,1.037,20.6223,165.7845050399,38.13636876887
165.78414951,38.13819164,0,713,3,1,8,1,zg,2024-01-12 11:24:04.12+00,2460321.9750463,30.0,20240112475035,2.51546,1.008,20.7696,165.7840890152,38.13815438586
165.78687986,38.13671626,0,713,3,1,8,1,zg,2024-01-13 11:19:51.981+00,2460322.9721181,30.0,20240113471979,3.90369,1.008,20.3634,165.7868398542,38.13668186197
165.78855869,38.13532708,0,713,3,1,8,1,zg,2024-01-13 11:23:30.475+00,2460322.9746528,30.0,20240113474560,3.51348,1.008,20.4906,165.7884981665,38.13528679266
165.79351436,38.13550863,0,713,3,1,8,1,zg,2024-01-13 11:48:43.746+00,2460322.9921644,30.0,20240113492164,4.05427,1.012,20.3146,165.7934556207,38.13545385181
165.78807053,38.13051981,0,713,3,1,8,1,zg,2024-01-14 09:44:42.765+00,2460323.9060417,30.0,20240114405995,3.43413,1.067,20.4771,165.7880139893,38.13047142837
165.79623742,38.13239107,0,713,3,1,8,1,zg,2024-01-14 10:46:14.289+00,2460323.9487731,30.0,20240114448738,3.10771,1.015,20.6506,165.7961863364,38.132351944
165.79704523,38.13201519,67108864,713,3,1,8,1,zg,2024-01-16 12:13:44.94+00,2460326.009537,30.0,20240116509537,3.3744,1.031,20.5479,165.7969873039,38.13198068864
165.79893577,38.13139351,167772160,713,3,1,8,1,zg,2024-01-17 11:18:53.993+00,2460326.9714468,30.0,20240117471319,2.65215,1.009,19.2859,165.7988915826,38.13135520385
165.79084681,38.13101658,134217728,713,3,1,8,1,zg,2024-01-17 11:38:29.914+00,2460326.9850579,30.0,20240117484977,3.02655,1.013,20.2184,165.7908081527,38.13097853469
165.78966104,38.11498998,33554432,713,3,1,8,1,zg,2024-01-27 06:11:29.2+00,2460336.7579745,30.0,20240127257940,3.93437,1.586,18.7286,165.7896396044,38.11495588548
165.79278846,38.12410641,0,713,3,1,8,1,zg,2024-02-01 06:16:46.16+00,2460341.7616435,30.0,20240201261632,2.9001,1.447,20.3913,165.7927406625,38.12407753179
165.79396004,38.12644432,0,713,3,1,8,1,zg,2024-02-01 06:36:17.877+00,2460341.7751968,30.0,20240201275197,3.8042,1.359,20.1187,165.793906176,38.12641313722
165.79308319,38.12928567,0,713,3,1,8,1,zg,2024-02-29 06:45:51.117+00,2460369.7818403,30.0,20240229281829,2.14916,1.064,20.5498,165.7930393326,38.12924955408
165.79156701,38.13370969,67108864,713,3,1,8,1,zg,2024-03-05 07:52:15.496+00,2460374.8279514,30.0,20240305327951,2.67944,1.008,20.1547,165.7915267642,38.13366780055
165.79273933,38.12617061,67108864,713,3,1,8,1,zg,2024-03-10 08:13:31.021+00,2460379.8427083,30.0,20240310342708,2.97554,1.015,20.4593,165.7926835626,38.12613086694
165.79838452,38.13243667,100663296,713,3,1,8,1,zg,2024-03-11 07:15:53.289+00,2460380.8026968,30.0,20240311302662,2.54482,1.011,17.7629,165.7983568478,38.13239868518
165.7979601,38.1329874,0,713,3,1,8,1,zg,2024-03-14 09:09:32.564+00,2460383.8816204,30.0,20240314381551,3.64567,1.079,20.3554,165.7979157831,38.13294465845
165.79009584,38.13369683,0,713,3,1,8,1,zg,2024-03-19 06:47:45.84+00,2460388.7831597,30.0,20240319283148,2.19524,1.01,20.3123,165.7900348813,38.13366243068
165.79740241,38.13164914,0,713,3,1,8,1,zg,2024-03-21 08:16:08.885+00,2460390.844537,30.0,20240321344537,2.7389,1.048,19.5793,165.7973463769,38.13161899832
165.79682322,38.12663871,0,713,3,1,8,1,zg,2024-03-23 09:49:09.612+00,2460392.9091319,30.0,20240323409120,3.60566,1.241,18.8301,165.7967865703,38.1266012787
165.79114704,38.13160907,0,713,3,1,8,1,zg,2024-03-27 08:50:57.254+00,2460396.8687153,30.0,20240327368704,3.65628,1.135,19.3565,165.7911001536,38.13157379913
165.8002427,38.12492808,0,713,3,1,8,1,zg,2024-04-22 04:52:22.805+00,2460422.7030324,30.0,20240422203032,1.69443,1.008,20.1118,165.8001945817,38.12489356427
165.79699765,38.12654264,0,713,3,1,8,1,zg,2024-04-24 06:53:28.176+00,2460424.7871296,30.0,20240424287118,3.09584,1.121,19.1946,165.7969655991,38.1265126142
165.80040779,38.12274479,0,713,3,1,8,1,zg,2024-05-11 07:11:24.693+00,2460441.7995833,30.0,20240511299560,3.17849,1.365,19.5794,165.8003662997,38.12270764718
165.80357593,38.12300388,0,713,3,1,8,1,zg,2024-05-19 05:21:15.396+00,2460449.7230903,30.0,20240519223079,3.27254,1.132,19.6021,165.803526278,38.12296642007
165.79709758,38.1172485,67108864,713,3,1,8,1,zg,2024-06-03 05:50:50.435+00,2460464.7436343,30.0,20240603243623,2.90563,1.408,19.9628,165.797050641,38.11721217782
165.80410312,38.10223916,33554432,713,3,1,8,1,zg,2024-10-17 12:23:51.522+00,2460601.0165625,30.0,20241017516563,4.09957,1.771,18.4592,165.8040673255,38.10219791545
165.80860354,38.10532488,0,713,3,1,8,1,zg,2024-10-26 12:20:58.103+00,2460610.0145602,30.0,20241026514549,3.22652,1.545,20.0662,165.8085431947,38.10527952197
165.78561842,38.11667859,8,713,3,1,8,1,zg,2024-11-07 11:23:50.092+00,2460621.9748843,30.0,20241107474873,5.62181,1.607,19.6129,165.7855939599,38.11662686751
165.80010204,38.11627139,100663296,713,3,1,8,1,zg,2024-12-02 12:14:55.951+00,2460647.0103588,30.0,20241202510359,2.95521,1.089,19.7999,165.8000533352,38.11623707451
165.79995426,38.12308118,106954752,713,3,1,8,1,zg,2024-12-04 12:11:34.503+00,2460649.0080324,30.0,20241204507986,2.7788,1.083,18.6358,165.7999353675,38.12303775942
165.79836729,38.11910085,0,713,3,1,8,1,zg,2024-12-06 12:23:19.769+00,2460651.0161921,30.0,20241206516192,3.01243,1.057,20.5772,165.7983144414,38.11906696778
165.79955884,38.12773851,100663296,713,3,1,8,1,zg,2024-12-28 09:43:33.665+00,2460672.9052431,30.0,20241228405243,3.46466,1.188,18.3312,165.799530629,38.12770586392
165.79910848,38.12132458,0,713,3,1,8,1,zg,2025-01-04 10:06:40.791+00,2460679.9212963,30.0,20250104421296,3.5818,1.087,20.3377,165.7990641504,38.12129434784
165.78877075,38.12996966,0,713,3,1,8,1,zg,2025-01-15 10:28:32.703+00,2460690.9364815,30.0,20250115436481,4.39202,1.021,18.9019,165.7887370101,38.12994652751
165.79944176,38.12022167,100663296,713,3,1,8,1,zg,2025-02-09 12:52:21.24+00,2460716.0363542,30.0,20250209536343,2.69152,1.297,18.109,165.7994071297,38.12020017053
165.79427721,38.12430375,0,713,3,1,8,1,zg,2025-05-19 06:54:09.489+00,2460814.7876042,30.0,20250519287604,4.37557,1.424,19.7307,165.7942280527,38.12428580718
165.79340089,38.10655004,0,713,3,1,8,1,zg,2025-05-22 07:29:30.593+00,2460817.8121528,30.0,20250522312118,2.58582,1.705,20.2596,165.7933666758,38.10652416743
165.80144415,38.11723031,0,713,3,1,8,1,zg,2025-05-24 04:41:49.09+00,2460819.695706,30.0,20250524195671,2.57431,1.095,20.7272,165.801389512,38.11719293732
165.79712061,38.11556171,0,713,3,1,8,1,zg,2025-05-26 04:52:50.204+00,2460821.7033565,30.0,20250526203148,2.5604,1.129,20.6065,165.7970812467,38.11553915419
165.79796231,38.12656734,0,713,3,1,8,1,zg,2025-05-28 04:29:14.07+00,2460823.686956,30.0,20250528186921,2.01447,1.1,20.8798,165.7979026175,38.12652516981
165.80329313,38.11354749,67108864,713,3,1,8,1,zg,2025-10-22 12:33:24.974+00,2460971.0231944,30.0,20251022523194,2.61028,1.571,19.2621,165.8032559388,38.1135123923
165.80774982,38.11111725,4194304,713,3,1,8,1,zg,2025-11-01 11:45:31.517+00,2460980.9899421,30.0,20251101489942,2.96754,1.626,20.3621,165.8076884664,38.11109136675
165.80431653,38.1141369,0,713,3,1,8,1,zg,2025-12-08 10:08:38.09+00,2461017.922662,30.0,20251208422650,2.41717,1.367,19.807,165.8042694598,38.11409822365
165.8092621,38.11814013,0,713,3,1,8,1,zg,2025-12-12 12:48:27.113+00,2461022.0336458,30.0,20251212533634,1.9525,1.018,20.8242,165.8091907156,38.11809980437
165.80928181,38.1120892,0,713,3,1,8,1,zg,2025-12-17 12:44:55.775+00,2461027.0311921,30.0,20251217531169,2.41556,1.011,20.3748,165.8092206554,38.11205981474
165.81100039,38.118136,0,713,3,1,8,1,zg,2025-12-19 12:44:27.76+00,2461029.0308681,30.0,20251219530764,2.00843,1.01,21.0879,165.8109374732,38.11809586812
165.81151184,38.1157425,4194304,713,3,1,8,1,zg,2025-12-21 10:53:45.084+00,2461030.9539931,30.0,20251221453982,2.34618,1.101,21.0248,165.8114412438,38.11569385307
165.79287625,38.1185057,0,713,3,1,8,1,zg,2025-12-28 09:51:44.44+00,2461037.9109259,30.0,20251228410914,4.45874,1.17,20.0425,165.7928082636,38.11845636894
165.79223626,38.12880184,0,713,3,1,8,1,zg,2026-01-09 09:39:27.953+00,2461049.9023958,30.0,20260109402396,3.51572,1.101,19.8823,165.7921754564,38.12875929435
165.80164092,38.11403901,0,713,3,1,8,1,zg,2026-01-13 09:45:33.01+00,2461053.9066204,30.0,20260113406620,3.40663,1.068,20.4298,165.8015753177,38.1140161324
165.8036971,38.12204536,0,713,3,1,8,1,zg,2026-01-15 12:47:02.998+00,2461056.032662,30.0,20260115532662,3.16516,1.063,20.4466,165.8036321913,38.12199779982
165.80152378,38.12178336,0,713,3,1,8,1,zg,2026-01-17 12:49:18.162+00,2461058.0342361,30.0,20260117534225,3.29272,1.076,20.2318,165.8014745941,38.12174624231
165.80670434,38.119317,0,713,3,1,8,1,zg,2026-01-19 09:47:47.829+00,2461059.9081829,30.0,20260119408183,2.21556,1.04,20.9516,165.8066574506,38.1192805303
165.80187685,38.12291242,4194304,713,3,1,8,1,zg,2026-01-21 10:47:39.399+00,2461061.9497569,30.0,20260121449745,2.26472,1.008,20.9871,165.8018229502,38.12287082807
165.80660191,38.12221303,0,713,3,1,8,1,zg,2026-01-31 10:07:26.199+00,2461071.9218287,30.0,20260131421794,2.91921,1.008,19.3577,165.8065533718,38.12218532062
165.80698922,38.11955044,0,713,3,1,8,1,zg,2026-02-02 09:11:49.698+00,2461073.883206,30.0,20260202383183,1.92292,1.025,19.4379,165.8069334919,38.11950823521
165.79947702,38.11464305,0,713,3,1,8,1,zg,2026-02-04 10:17:18.93+00,2461075.9286806,30.0,20260204428681,2.71524,1.011,19.6295,165.7994130358,38.11459341881
165.80119078,38.11595494,0,713,3,1,8,1,zg,2026-02-06 10:53:55.145+00,2461077.9541088,30.0,20260206454097,2.47147,1.035,20.1356,165.8011350486,38.11592368774
